latitude,longitude,brightness,scan,track,acq_date,acq_time,satellite,instrument,confidence,version,bright_t31,frp,daynight
11.15094,78.02576,330.71,0.4,0.44,2026-08-01,0750,N20,VIIRS,n,2.0NRT,295.03,1.56,D
10.38009,78.3605,331.79,0.4,0.44,2026-08-01,0750,N20,VIIRS,n,2.0NRT,291.96,2.77,D
8.75747,78.18472,341.86,0.43,0.46,2026-08-01,0750,N20,VIIRS,n,2.0NRT,286.08,8.63,D
10.26295,79.14907,331.65,0.53,0.42,2026-08-01,0750,N20,VIIRS,n,2.0NRT,296.49,2.67,D
9.68989,78.37985,335.15,0.4,0.44,2026-08-01,0750,N20,VIIRS,n,2.0NRT,296.46,4.34,D
9.39618,78.85063,345.85,0.57,0.43,2026-08-01,0750,N20,VIIRS,n,2.0NRT,294.85,10.2,D
8.7568,78.18086,337.41,0.43,0.46,2026-08-01,0750,N20,VIIRS,n,2.0NRT,286.39,7.43,D
11.27329,78.15312,337.74,0.39,0.44,2026-08-01,0750,N20,VIIRS,n,2.0NRT,296.45,3.22,D
11.87308,79.73968,332.62,0.47,0.4,2026-08-01,0750,N20,VIIRS,n,2.0NRT,298.08,2.46,D
11.72811,78.7383,333.55,0.54,0.42,2026-08-01,0750,N20,VIIRS,n,2.0NRT,294.79,4.81,D
11.87655,79.37332,337.57,0.49,0.41,2026-08-01,0750,N20,VIIRS,n,2.0NRT,296.77,9.09,D
11.93526,79.55087,335.31,0.48,0.4,2026-08-01,0750,N20,VIIRS,n,2.0NRT,299.19,2.33,D
12.41949,80.10271,335.44,0.45,0.39,2026-08-01,0750,N20,VIIRS,n,2.0NRT,296.9,7.3,D
12.57915,79.24837,332.54,0.49,0.4,2026-08-01,0750,N20,VIIRS,n,2.0NRT,292.43,3.02,D
11.155,77.7301,330.49,0.42,0.45,2026-08-01,0750,N20,VIIRS,n,2.0NRT,292.6,2.37,D
8.75609,78.18428,333.7,0.43,0.46,2026-08-01,0750,N20,VIIRS,n,2.0NRT,284.88,4.18,D
11.29113,79.78253,335.48,0.48,0.4,2026-08-01,0750,N20,VIIRS,n,2.0NRT,297.07,5.38,D
11.02383,78.76881,332.56,0.55,0.43,2026-08-01,0750,N20,VIIRS,n,2.0NRT,297.63,1.68,D
11.05059,79.3532,341.89,0.51,0.41,2026-08-01,0750,N20,VIIRS,n,2.0NRT,298.98,10.81,D
10.96096,79.73511,331.46,0.49,0.4,2026-08-01,0750,N20,VIIRS,n,2.0NRT,297.29,2.48,D
21.75245,83.84271,333.3,0.45,0.39,2026-08-01,0752,N20,VIIRS,n,2.0NRT,296.25,3.13,D
21.75659,83.8465,334.92,0.45,0.39,2026-08-01,0752,N20,VIIRS,n,2.0NRT,293.73,3.13,D
21.756,83.84217,334.59,0.45,0.39,2026-08-01,0752,N20,VIIRS,n,2.0NRT,294.97,3.13,D
21.91989,83.35123,343.28,0.43,0.38,2026-08-01,0752,N20,VIIRS,n,2.0NRT,290.57,3.41,D
22.78513,86.20668,330.33,0.41,0.45,2026-08-01,0752,N20,VIIRS,n,2.0NRT,296.08,5.76,D
22.78832,86.19825,333.15,0.41,0.45,2026-08-01,0752,N20,VIIRS,n,2.0NRT,295.38,4.18,D
24.20259,82.70964,331.81,0.43,0.38,2026-08-01,0752,N20,VIIRS,n,2.0NRT,298.53,5.41,D
22.3573,82.3028,345.09,0.4,0.37,2026-08-01,0752,N20,VIIRS,n,2.0NRT,297.43,8.32,D
23.78719,85.55325,332.66,0.38,0.43,2026-08-01,0752,N20,VIIRS,n,2.0NRT,290.56,2.53,D
24.14243,82.71046,330.26,0.43,0.38,2026-08-01,0752,N20,VIIRS,n,2.0NRT,297.37,4.02,D
20.96636,86.01635,335.7,0.57,0.43,2026-08-01,0752,N20,VIIRS,n,2.0NRT,294.43,8.5,D
21.29788,81.60934,330.83,0.39,0.36,2026-08-01,0752,N20,VIIRS,n,2.0NRT,297.84,3.09,D
21.74177,83.84429,338.72,0.45,0.39,2026-08-01,0752,N20,VIIRS,n,2.0NRT,295.37,5.46,D
21.74533,83.84377,348.35,0.45,0.39,2026-08-01,0752,N20,VIIRS,n,2.0NRT,296.8,11.96,D
24.16346,82.63028,330.04,0.42,0.38,2026-08-01,0752,N20,VIIRS,n,2.0NRT,296.39,4.87,D
21.74889,83.84324,341.48,0.45,0.39,2026-08-01,0752,N20,VIIRS,n,2.0NRT,295.53,11.96,D
23.16558,82.33907,309.5,0.4,0.37,2026-08-01,2019,N20,VIIRS,n,2.0NRT,259.27,0.58,N
23.16494,82.3429,295.32,0.4,0.37,2026-08-01,2019,N20,VIIRS,n,2.0NRT,259.84,0.96,N
23.16289,82.33456,295.63,0.4,0.37,2026-08-01,2019,N20,VIIRS,n,2.0NRT,263.34,0.58,N
26.64381,79.47885,311.21,0.42,0.38,2026-08-01,2019,N20,VIIRS,n,2.0NRT,281.95,1.55,N
26.64038,79.47826,308.02,0.42,0.38,2026-08-01,2019,N20,VIIRS,n,2.0NRT,280.77,1.01,N
25.03351,87.3898,301.06,0.42,0.45,2026-08-01,2019,N20,VIIRS,n,2.0NRT,280.54,1.33,N
24.12186,86.86384,309.91,0.4,0.44,2026-08-01,2019,N20,VIIRS,n,2.0NRT,285.94,1.42,N
24.12118,86.86406,309.77,0.4,0.44,2026-08-01,2019,N20,VIIRS,n,2.0NRT,285.84,1.42,N
24.11791,86.85925,308.61,0.4,0.44,2026-08-01,2019,N20,VIIRS,n,2.0NRT,286.17,2.23,N
23.80529,86.32943,312.24,0.57,0.43,2026-08-01,2019,N20,VIIRS,n,2.0NRT,274.18,2.18,N
23.79707,86.35059,300.13,0.57,0.43,2026-08-01,2019,N20,VIIRS,n,2.0NRT,268.02,1.57,N
23.78638,86.34246,297.56,0.57,0.43,2026-08-01,2019,N20,VIIRS,n,2.0NRT,272.54,1.52,N
23.77422,86.36267,295.99,0.57,0.43,2026-08-01,2019,N20,VIIRS,n,2.0NRT,266.9,1.21,N
23.77842,86.38842,295.34,0.38,0.43,2026-08-01,2019,N20,VIIRS,n,2.0NRT,266.47,0.69,N
23.78337,86.34074,298.07,0.57,0.43,2026-08-01,2019,N20,VIIRS,n,2.0NRT,272.5,1.73,N
23.79527,86.23495,297.43,0.56,0.43,2026-08-01,2019,N20,VIIRS,n,2.0NRT,275.45,1.41,N
23.7631,86.40427,300.18,0.38,0.44,2026-08-01,2019,N20,VIIRS,n,2.0NRT,264.51,1.7,N
23.75916,86.4034,300.03,0.38,0.44,2026-08-01,2019,N20,VIIRS,n,2.0NRT,264.01,0.76,N
23.73701,86.43325,306.48,0.39,0.44,2026-08-01,2019,N20,VIIRS,n,2.0NRT,264.37,1.05,N
23.68758,86.39125,302.55,0.38,0.44,2026-08-01,2019,N20,VIIRS,n,2.0NRT,268.05,0.92,N
23.68686,86.39489,298.84,0.38,0.44,2026-08-01,2019,N20,VIIRS,n,2.0NRT,270.96,0.92,N
23.68292,86.39404,308.4,0.38,0.44,2026-08-01,2019,N20,VIIRS,n,2.0NRT,269.5,0.92,N
23.67898,86.39319,298.2,0.38,0.44,2026-08-01,2019,N20,VIIRS,n,2.0NRT,267.75,0.53,N
23.67825,86.39687,303.28,0.38,0.44,2026-08-01,2019,N20,VIIRS,n,2.0NRT,268.75,0.96,N
23.67752,86.4006,300.56,0.39,0.44,2026-08-01,2019,N20,VIIRS,n,2.0NRT,270.23,0.96,N
23.82386,85.49789,308.15,0.51,0.41,2026-08-01,2019,N20,VIIRS,n,2.0NRT,288.68,2.56,N
23.78652,85.55202,309.45,0.52,0.41,2026-08-01,2019,N20,VIIRS,n,2.0NRT,285.38,2.64,N
23.78371,85.56706,300.4,0.52,0.41,2026-08-01,2019,N20,VIIRS,n,2.0NRT,279.23,1.05,N
23.78277,85.5721,300.92,0.52,0.41,2026-08-01,2019,N20,VIIRS,n,2.0NRT,278.97,1.05,N
23.78183,85.57716,301.41,0.52,0.42,2026-08-01,2019,N20,VIIRS,n,2.0NRT,280.03,1.37,N
23.68404,86.0956,306.81,0.56,0.43,2026-08-01,2019,N20,VIIRS,n,2.0NRT,282.96,3.14,N
23.68017,86.09469,325.52,0.56,0.43,2026-08-01,2019,N20,VIIRS,n,2.0NRT,281.97,3.14,N
23.69513,85.28842,306.7,0.5,0.41,2026-08-01,2019,N20,VIIRS,n,2.0NRT,288.39,1.74,N
23.64797,85.43639,307.59,0.51,0.41,2026-08-01,2019,N20,VIIRS,n,2.0NRT,283.36,2.23,N
23.64702,85.44136,312.65,0.51,0.41,2026-08-01,2019,N20,VIIRS,n,2.0NRT,286.19,2.23,N
24.76533,74.60587,305.62,0.47,0.47,2026-08-01,2019,N20,VIIRS,n,2.0NRT,285.42,1.08,N
22.37671,87.27874,311.91,0.46,0.47,2026-08-01,2019,N20,VIIRS,n,2.0NRT,265.95,1.95,N
23.16828,82.34354,295.31,0.4,0.37,2026-08-01,2019,N20,VIIRS,n,2.0NRT,254.62,0.59,N
21.00937,80.87962,303.97,0.39,0.36,2026-08-01,2021,N20,VIIRS,n,2.0NRT,289.74,1.13,N
22.33272,82.60599,299.53,0.41,0.37,2026-08-01,2021,N20,VIIRS,n,2.0NRT,266.67,0.4,N
22.32516,82.54797,298.63,0.41,0.37,2026-08-01,2021,N20,VIIRS,n,2.0NRT,263.97,0.87,N
22.32251,82.56358,295.39,0.41,0.37,2026-08-01,2021,N20,VIIRS,n,2.0NRT,264.03,0.57,N
22.32185,82.56748,295.04,0.41,0.37,2026-08-01,2021,N20,VIIRS,n,2.0NRT,264.36,0.47,N
22.31914,82.56291,301.39,0.41,0.37,2026-08-01,2021,N20,VIIRS,n,2.0NRT,264.62,0.57,N
22.31848,82.56682,298.12,0.41,0.37,2026-08-01,2021,N20,VIIRS,n,2.0NRT,265.7,0.47,N
22.3597,82.30285,323.6,0.4,0.37,2026-08-01,2021,N20,VIIRS,n,2.0NRT,271.24,1.97,N
22.35636,82.30221,309.28,0.4,0.37,2026-08-01,2021,N20,VIIRS,n,2.0NRT,269.98,1.97,N
22.31705,82.53432,296.12,0.41,0.37,2026-08-01,2021,N20,VIIRS,n,2.0NRT,263.96,0.25,N
22.00468,82.67042,314.24,0.41,0.37,2026-08-01,2021,N20,VIIRS,n,2.0NRT,284.48,1.63,N
21.73024,82.21424,309.17,0.4,0.37,2026-08-01,2021,N20,VIIRS,n,2.0NRT,287.7,1.78,N
21.67444,82.08134,304.84,0.4,0.37,2026-08-01,2021,N20,VIIRS,n,2.0NRT,285.07,0.76,N
21.63124,82.11251,304.85,0.4,0.37,2026-08-01,2021,N20,VIIRS,n,2.0NRT,285.92,0.62,N
21.62338,81.79445,308.07,0.39,0.37,2026-08-01,2021,N20,VIIRS,n,2.0NRT,288.51,1.77,N
21.56129,81.75552,308.68,0.39,0.36,2026-08-01,2021,N20,VIIRS,n,2.0NRT,288.46,2,N
21.18878,81.39098,312.27,0.39,0.36,2026-08-01,2021,N20,VIIRS,n,2.0NRT,290.96,1.15,N
21.18547,81.39037,309.62,0.39,0.36,2026-08-01,2021,N20,VIIRS,n,2.0NRT,291.01,1.15,N
21.18277,81.38604,323.77,0.39,0.36,2026-08-01,2021,N20,VIIRS,n,2.0NRT,292.06,1.7,N
21.17946,81.38543,306.98,0.39,0.36,2026-08-01,2021,N20,VIIRS,n,2.0NRT,290.86,1.7,N
21.18909,81.20028,309.08,0.39,0.36,2026-08-01,2021,N20,VIIRS,n,2.0NRT,290.5,0.81,N
21.33872,78.97022,310.54,0.4,0.37,2026-08-01,2021,N20,VIIRS,n,2.0NRT,289.55,1.04,N
21.33537,78.96964,309.48,0.4,0.37,2026-08-01,2021,N20,VIIRS,n,2.0NRT,290.17,1.16,N
21.24936,79.20856,303.01,0.39,0.37,2026-08-01,2021,N20,VIIRS,n,2.0NRT,286.26,0.67,N
20.69718,78.63522,307.55,0.4,0.37,2026-08-01,2021,N20,VIIRS,n,2.0NRT,288.39,0.71,N
17.61027,83.2024,300.35,0.48,0.4,2026-08-01,2021,N20,VIIRS,n,2.0NRT,275.29,0.69,N
17.14112,77.18571,307.49,0.42,0.38,2026-08-01,2021,N20,VIIRS,n,2.0NRT,290.19,1.18,N
17.13884,77.17729,305.53,0.42,0.38,2026-08-01,2021,N20,VIIRS,n,2.0NRT,289.61,0.77,N
11.81586,77.9163,305.33,0.38,0.36,2026-08-01,2023,N20,VIIRS,n,2.0NRT,288.14,0.63,N
11.28767,79.75057,330.43,0.41,0.37,2026-08-01,2023,N20,VIIRS,n,2.0NRT,291.41,2.43,N
11.36164,79.23067,307.7,0.39,0.36,2026-08-01,2023,N20,VIIRS,n,2.0NRT,291.34,1.81,N
11.42618,77.49764,314.74,0.39,0.36,2026-08-01,2023,N20,VIIRS,n,2.0NRT,288.05,1.15,N
10.81198,79.84731,314.36,0.41,0.37,2026-08-01,2023,N20,VIIRS,n,2.0NRT,292.06,1.81,N
10.63879,77.44735,301.63,0.39,0.36,2026-08-01,2023,N20,VIIRS,n,2.0NRT,283.49,0.32,N
8.82747,78.08612,331.31,0.39,0.36,2026-08-01,2025,N20,VIIRS,n,2.0NRT,288.51,8.97,N
8.82692,78.08961,324.72,0.39,0.36,2026-08-01,2025,N20,VIIRS,n,2.0NRT,290.58,8.97,N
8.82417,78.08559,306.46,0.39,0.36,2026-08-01,2025,N20,VIIRS,n,2.0NRT,285.45,1.24,N
8.82361,78.08907,306.98,0.39,0.36,2026-08-01,2025,N20,VIIRS,n,2.0NRT,283.16,1.24,N
8.66925,77.99277,304.57,0.39,0.36,2026-08-01,2025,N20,VIIRS,n,2.0NRT,285.98,0.82,N
10.61565,79.65601,338.06,0.33,0.55,2026-08-02,0729,N20,VIIRS,n,2.0NRT,292.15,2.93,D
10.88474,79.83207,339.26,0.32,0.55,2026-08-02,0729,N20,VIIRS,n,2.0NRT,289.72,1.48,D
10.94911,79.78835,339.3,0.32,0.55,2026-08-02,0729,N20,VIIRS,n,2.0NRT,289.3,4.2,D
11.18027,79.53069,336.33,0.33,0.55,2026-08-02,0729,N20,VIIRS,n,2.0NRT,289.83,1.63,D
11.49028,79.55821,339.59,0.32,0.55,2026-08-02,0731,N20,VIIRS,n,2.0NRT,290.41,3.37,D
12.04076,79.63448,340.49,0.63,0.54,2026-08-02,0731,N20,VIIRS,n,2.0NRT,275.31,6.1,D
12.06237,78.75201,367,0.36,0.57,2026-08-02,0731,N20,VIIRS,h,2.0NRT,292.46,6.24,D
13.6854,78.08358,340.21,0.37,0.58,2026-08-02,0731,N20,VIIRS,n,2.0NRT,291.43,4.31,D
14.67235,79.53287,331.94,0.57,0.52,2026-08-02,0731,N20,VIIRS,n,2.0NRT,294.41,3.82,D
15.1253,76.765,335.8,0.43,0.62,2026-08-02,0731,N20,VIIRS,n,2.0NRT,288.64,3.26,D
17.60891,83.20403,338.42,0.47,0.39,2026-08-02,0731,N20,VIIRS,n,2.0NRT,296.35,8.52,D
17.34344,80.85319,345.23,0.42,0.45,2026-08-02,0731,N20,VIIRS,n,2.0NRT,293.43,11.86,D
19.10179,82.16485,330.28,0.5,0.41,2026-08-02,0731,N20,VIIRS,n,2.0NRT,295.46,4.25,D
20.96793,86.00375,337.35,0.38,0.36,2026-08-02,0733,N20,VIIRS,n,2.0NRT,293.27,6.18,D
21.07794,85.03757,332.32,0.39,0.36,2026-08-02,0733,N20,VIIRS,l,2.0NRT,299.67,10.2,D
21.67383,84.04063,330.91,0.4,0.37,2026-08-02,0733,N20,VIIRS,l,2.0NRT,294.46,3.05,D
21.67717,84.04002,337.96,0.4,0.37,2026-08-02,0733,N20,VIIRS,l,2.0NRT,296.78,6.52,D
21.76636,84.02389,338.6,0.4,0.37,2026-08-02,0733,N20,VIIRS,l,2.0NRT,292.85,6.79,D
21.74012,83.84264,331.9,0.4,0.37,2026-08-02,0733,N20,VIIRS,l,2.0NRT,298.35,5.04,D
21.74349,83.842,345.51,0.4,0.37,2026-08-02,0733,N20,VIIRS,l,2.0NRT,297.9,5.04,D
21.74748,83.84521,337.28,0.4,0.37,2026-08-02,0733,N20,VIIRS,l,2.0NRT,297.99,17.84,D
21.7542,83.84396,346.78,0.4,0.37,2026-08-02,0733,N20,VIIRS,l,2.0NRT,297.01,9.87,D
21.76219,83.85041,336,0.4,0.37,2026-08-02,0733,N20,VIIRS,l,2.0NRT,296,7.29,D
22.35817,87.29308,330.47,0.41,0.37,2026-08-02,0733,N20,VIIRS,n,2.0NRT,295.78,2.61,D
22.37799,87.28196,338.58,0.41,0.37,2026-08-02,0733,N20,VIIRS,n,2.0NRT,296.89,5.9,D
22.37743,87.27801,347.93,0.41,0.37,2026-08-02,0733,N20,VIIRS,n,2.0NRT,298.4,5.9,D
22.36522,87.01934,330.83,0.4,0.37,2026-08-02,0733,N20,VIIRS,n,2.0NRT,296.82,6.81,D
22.57195,85.89941,331.09,0.39,0.36,2026-08-02,0733,N20,VIIRS,n,2.0NRT,294.5,2.55,D
22.35583,82.3048,331.86,0.45,0.39,2026-08-02,0733,N20,VIIRS,l,2.0NRT,297.73,4.59,D
22.35936,82.30412,339.68,0.45,0.39,2026-08-02,0733,N20,VIIRS,n,2.0NRT,297.18,5.03,D
23.16589,82.34008,331.55,0.44,0.38,2026-08-02,0733,N20,VIIRS,l,2.0NRT,293.67,4.03,D
26.00009,93.45987,333.39,0.32,0.54,2026-08-02,0733,N20,VIIRS,n,2.0NRT,288.9,1.85,D
28.18286,76.60889,337.22,0.48,0.48,2026-08-02,0735,N20,VIIRS,n,2.0NRT,291.61,3.39,D
29.63628,77.26997,334.98,0.41,0.45,2026-08-02,0735,N20,VIIRS,n,2.0NRT,290.38,4.27,D
29.59424,76.10698,333.3,0.48,0.48,2026-08-02,0735,N20,VIIRS,n,2.0NRT,292.87,3.14,D
29.59857,76.10577,343.58,0.48,0.48,2026-08-02,0735,N20,VIIRS,n,2.0NRT,293.19,4.28,D
29.59477,76.10917,331.84,0.48,0.48,2026-08-02,0735,N20,VIIRS,n,2.0NRT,293.61,5.64,D
29.59909,76.10796,338.67,0.48,0.48,2026-08-02,0735,N20,VIIRS,n,2.0NRT,292.8,5.9,D
29.99296,73.6627,344.36,0.33,0.55,2026-08-02,0735,N20,VIIRS,n,2.0NRT,292.8,2.99,D
30.31361,73.75098,330.67,0.32,0.54,2026-08-02,0735,N20,VIIRS,n,2.0NRT,291.22,2.25,D
28.7467,76.92795,303.75,0.37,0.58,2026-08-02,2000,N20,VIIRS,n,2.0NRT,278.53,0.6,N
20.96531,86.05065,317.47,0.39,0.36,2026-08-02,2002,N20,VIIRS,n,2.0NRT,287.13,1.73,N
25.03508,87.38956,306.3,0.39,0.36,2026-08-02,2002,N20,VIIRS,n,2.0NRT,277.05,0.83,N
23.6966,87.09495,308.06,0.39,0.37,2026-08-02,2002,N20,VIIRS,n,2.0NRT,280.13,0.96,N
23.69469,87.10643,306.28,0.39,0.37,2026-08-02,2002,N20,VIIRS,n,2.0NRT,279.8,0.86,N
23.69405,87.11027,306.13,0.39,0.37,2026-08-02,2002,N20,VIIRS,n,2.0NRT,279.89,0.86,N
23.69342,87.11409,303.44,0.4,0.37,2026-08-02,2002,N20,VIIRS,n,2.0NRT,279.94,1.37,N
23.69214,87.12176,308.54,0.4,0.37,2026-08-02,2002,N20,VIIRS,n,2.0NRT,279.18,1.63,N
23.68881,87.12111,310.82,0.4,0.37,2026-08-02,2002,N20,VIIRS,n,2.0NRT,277.91,1.12,N
23.68932,87.09747,303.29,0.39,0.37,2026-08-02,2002,N20,VIIRS,n,2.0NRT,279.28,1.05,N
23.68549,87.12046,303.45,0.4,0.37,2026-08-02,2002,N20,VIIRS,n,2.0NRT,278.41,1.12,N
23.80519,86.32856,322.4,0.39,0.36,2026-08-02,2002,N20,VIIRS,n,2.0NRT,286.51,2.15,N
23.80458,86.3323,319.84,0.39,0.36,2026-08-02,2002,N20,VIIRS,n,2.0NRT,286.44,1.84,N
23.8019,86.32793,311.61,0.39,0.36,2026-08-02,2002,N20,VIIRS,n,2.0NRT,285.82,2.15,N
23.80129,86.33167,312.44,0.39,0.36,2026-08-02,2002,N20,VIIRS,n,2.0NRT,285.77,1.84,N
23.79827,86.35041,317.48,0.39,0.36,2026-08-02,2002,N20,VIIRS,n,2.0NRT,285.46,1.92,N
23.79437,86.35352,319.83,0.39,0.36,2026-08-02,2002,N20,VIIRS,n,2.0NRT,284.98,2.4,N
23.66245,87.15553,310.79,0.4,0.37,2026-08-02,2002,N20,VIIRS,n,2.0NRT,278.03,1.25,N
23.78087,86.37411,314.56,0.39,0.36,2026-08-02,2002,N20,VIIRS,n,2.0NRT,287.79,2.23,N
23.77845,86.38909,316.45,0.39,0.36,2026-08-02,2002,N20,VIIRS,n,2.0NRT,287.92,3.12,N
23.78182,86.34728,308.85,0.39,0.36,2026-08-02,2002,N20,VIIRS,n,2.0NRT,286.83,2.11,N
23.77576,86.38472,307.38,0.39,0.36,2026-08-02,2002,N20,VIIRS,n,2.0NRT,287.31,2.26,N
23.7755,86.36537,324.08,0.39,0.36,2026-08-02,2002,N20,VIIRS,n,2.0NRT,287.81,3.27,N
23.76944,86.40283,320.5,0.39,0.36,2026-08-02,2002,N20,VIIRS,n,2.0NRT,286.66,2.34,N
23.77611,86.36163,312.06,0.39,0.36,2026-08-02,2002,N20,VIIRS,n,2.0NRT,287.29,2.03,N
23.76554,86.40596,324.58,0.39,0.36,2026-08-02,2002,N20,VIIRS,n,2.0NRT,287.08,1.77,N
23.76614,86.40221,309.8,0.39,0.36,2026-08-02,2002,N20,VIIRS,n,2.0NRT,286.58,1.77,N
23.76407,86.3941,310.71,0.39,0.36,2026-08-02,2002,N20,VIIRS,n,2.0NRT,287.52,3.93,N
23.76285,86.40158,319.53,0.39,0.36,2026-08-02,2002,N20,VIIRS,n,2.0NRT,286.37,1.77,N
23.76225,86.40533,317.36,0.39,0.36,2026-08-02,2002,N20,VIIRS,n,2.0NRT,286.18,1.77,N
23.75841,86.40484,320.27,0.39,0.36,2026-08-02,2002,N20,VIIRS,n,2.0NRT,285.71,2.26,N
23.75902,86.40109,311.52,0.39,0.36,2026-08-02,2002,N20,VIIRS,n,2.0NRT,285.95,2.26,N
23.75633,86.39672,310.55,0.39,0.36,2026-08-02,2002,N20,VIIRS,n,2.0NRT,285.25,3.11,N
23.78311,86.20896,311.99,0.38,0.36,2026-08-02,2002,N20,VIIRS,n,2.0NRT,287.68,1.94,N
23.77982,86.20834,323.76,0.38,0.36,2026-08-02,2002,N20,VIIRS,n,2.0NRT,287.81,1.94,N
23.77922,86.21207,320.28,0.38,0.36,2026-08-02,2002,N20,VIIRS,n,2.0NRT,287.32,2.85,N
23.77593,86.21146,307.34,0.38,0.36,2026-08-02,2002,N20,VIIRS,n,2.0NRT,287.46,1.29,N
23.77175,86.19526,310.26,0.38,0.36,2026-08-02,2002,N20,VIIRS,n,2.0NRT,285.9,1.65,N
23.71371,86.45043,311.71,0.39,0.36,2026-08-02,2002,N20,VIIRS,n,2.0NRT,268.86,1.3,N
23.686,86.39107,306.38,0.39,0.36,2026-08-02,2002,N20,VIIRS,n,2.0NRT,276.05,0.98,N
23.68539,86.39481,303.29,0.39,0.36,2026-08-02,2002,N20,VIIRS,n,2.0NRT,272.36,0.79,N
23.6821,86.39417,308.72,0.39,0.36,2026-08-02,2002,N20,VIIRS,n,2.0NRT,277.3,0.79,N
23.6782,86.39729,306.92,0.39,0.36,2026-08-02,2002,N20,VIIRS,n,2.0NRT,278.78,2.03,N
23.67759,86.40105,304.26,0.39,0.36,2026-08-02,2002,N20,VIIRS,n,2.0NRT,278.58,0.81,N
23.61422,86.78865,303.56,0.39,0.36,2026-08-02,2002,N20,VIIRS,n,2.0NRT,279.18,0.92,N
23.67369,86.40417,296.87,0.39,0.36,2026-08-02,2002,N20,VIIRS,n,2.0NRT,273.68,0.81,N
23.56163,87.08474,308.41,0.4,0.37,2026-08-02,2002,N20,VIIRS,n,2.0NRT,278.16,1.23,N
23.7583,85.85448,318.56,0.38,0.36,2026-08-02,2002,N20,VIIRS,n,2.0NRT,287.19,2.23,N
23.75561,85.85014,307.81,0.38,0.36,2026-08-02,2002,N20,VIIRS,n,2.0NRT,285.76,1.32,N
23.75502,85.85387,316.42,0.38,0.36,2026-08-02,2002,N20,VIIRS,n,2.0NRT,287.78,2.23,N
23.26589,88.54272,306.54,0.44,0.38,2026-08-02,2002,N20,VIIRS,n,2.0NRT,281.5,0.51,N
23.66928,86.09188,303.72,0.38,0.36,2026-08-02,2002,N20,VIIRS,n,2.0NRT,281.49,1.46,N
24.76735,74.60503,297.2,0.46,0.64,2026-08-02,2002,N20,VIIRS,n,2.0NRT,277.53,0.48,N
22.37754,87.27596,302.82,0.41,0.37,2026-08-02,2002,N20,VIIRS,n,2.0NRT,262.36,0.45,N
22.37688,87.27986,313.67,0.41,0.37,2026-08-02,2002,N20,VIIRS,n,2.0NRT,264.84,1.52,N
22.3662,87.30193,305.38,0.41,0.37,2026-08-02,2002,N20,VIIRS,n,2.0NRT,265.65,0.58,N
22.36283,87.30126,296,0.41,0.37,2026-08-02,2002,N20,VIIRS,n,2.0NRT,265.25,0.48,N
22.35808,87.28825,302.52,0.41,0.37,2026-08-02,2002,N20,VIIRS,n,2.0NRT,272.2,0.8,N
22.57402,85.89589,304.82,0.38,0.36,2026-08-02,2002,N20,VIIRS,n,2.0NRT,273.15,1.13,N
22.24586,87.38796,303.59,0.41,0.37,2026-08-02,2002,N20,VIIRS,n,2.0NRT,271.71,0.63,N
21.80234,82.0415,295.24,0.46,0.39,2026-08-02,2002,N20,VIIRS,n,2.0NRT,266.51,0.49,N
21.80086,82.03843,295.04,0.46,0.39,2026-08-02,2002,N20,VIIRS,n,2.0NRT,267.21,0.33,N
21.00332,86.02699,309.42,0.39,0.36,2026-08-02,2002,N20,VIIRS,n,2.0NRT,288.33,1.2,N
21.00001,86.02637,313.99,0.39,0.36,2026-08-02,2002,N20,VIIRS,n,2.0NRT,289.05,1.9,N
20.97585,86.00678,310.78,0.39,0.36,2026-08-02,2002,N20,VIIRS,n,2.0NRT,288.55,1.91,N
20.97013,86.021,310.48,0.39,0.36,2026-08-02,2002,N20,VIIRS,n,2.0NRT,288.3,1.52,N
20.96803,86.01297,310.14,0.39,0.36,2026-08-02,2002,N20,VIIRS,n,2.0NRT,289.4,2.46,N
20.96203,86.00803,319.44,0.39,0.36,2026-08-02,2002,N20,VIIRS,n,2.0NRT,288.74,2.34,N
20.95207,86.04819,331.88,0.39,0.36,2026-08-02,2002,N20,VIIRS,n,2.0NRT,288.47,4.21,N
20.95268,86.04448,315.01,0.39,0.36,2026-08-02,2002,N20,VIIRS,n,2.0NRT,287.57,1.85,N
20.9223,86.04272,304.65,0.39,0.36,2026-08-02,2002,N20,VIIRS,n,2.0NRT,287.37,1.75,N
20.80777,85.25494,304.39,0.38,0.36,2026-08-02,2002,N20,VIIRS,n,2.0NRT,269.05,0.67,N
20.80719,85.2586,299.77,0.38,0.36,2026-08-02,2002,N20,VIIRS,n,2.0NRT,270.48,0.57,N
20.8039,85.25801,297.5,0.38,0.36,2026-08-02,2002,N20,VIIRS,n,2.0NRT,270.13,0.41,N
20.80061,85.25742,299.21,0.38,0.36,2026-08-02,2002,N20,VIIRS,n,2.0NRT,269.3,0.41,N
20.79733,85.25683,295.4,0.38,0.36,2026-08-02,2002,N20,VIIRS,n,2.0NRT,268.82,0.75,N
20.79675,85.26048,299.25,0.38,0.36,2026-08-02,2002,N20,VIIRS,n,2.0NRT,271.37,0.75,N
20.79462,85.25258,331.28,0.38,0.36,2026-08-02,2002,N20,VIIRS,n,2.0NRT,272.45,3.83,N
20.79404,85.25623,302.29,0.38,0.36,2026-08-02,2002,N20,VIIRS,n,2.0NRT,270.89,0.75,N
20.79133,85.25199,305.31,0.38,0.36,2026-08-02,2002,N20,VIIRS,n,2.0NRT,272.63,0.86,N
20.79017,85.2593,298.71,0.38,0.36,2026-08-02,2002,N20,VIIRS,n,2.0NRT,272.02,1.08,N
20.7863,85.26237,303.61,0.38,0.36,2026-08-02,2002,N20,VIIRS,n,2.0NRT,272.23,0.66,N
20.78572,85.26602,299.85,0.38,0.36,2026-08-02,2002,N20,VIIRS,n,2.0NRT,271.23,0.66,N
20.76073,85.29199,304.7,0.38,0.36,2026-08-02,2002,N20,VIIRS,n,2.0NRT,275.51,0.8,N
20.76015,85.29565,304.05,0.38,0.36,2026-08-02,2002,N20,VIIRS,n,2.0NRT,275.33,1.05,N
20.75957,85.2993,309.29,0.38,0.36,2026-08-02,2002,N20,VIIRS,n,2.0NRT,275.94,1.05,N
20.51417,85.72617,305.99,0.39,0.36,2026-08-02,2002,N20,VIIRS,n,2.0NRT,285.31,0.54,N
19.10312,82.17064,305.19,0.43,0.38,2026-08-02,2004,N20,VIIRS,n,2.0NRT,290.38,1.3,N
19.10371,82.16659,333.8,0.43,0.38,2026-08-02,2004,N20,VIIRS,n,2.0NRT,291.08,1.3,N
19.09676,82.16548,312.61,0.43,0.38,2026-08-02,2004,N20,VIIRS,n,2.0NRT,289.43,2.43,N
18.54154,83.34146,306.89,0.39,0.37,2026-08-02,2004,N20,VIIRS,n,2.0NRT,292.72,1.83,N
17.9686,83.15366,310.1,0.4,0.37,2026-08-02,2004,N20,VIIRS,n,2.0NRT,293.63,1.68,N
17.6115,83.20597,320.56,0.39,0.36,2026-08-02,2004,N20,VIIRS,n,2.0NRT,294.21,2.57,N
17.61375,83.19126,307.5,0.39,0.36,2026-08-02,2004,N20,VIIRS,n,2.0NRT,293.26,2.3,N
17.6054,83.20119,310.56,0.39,0.36,2026-08-02,2004,N20,VIIRS,n,2.0NRT,293.51,2.92,N
17.95569,80.79449,308.13,0.48,0.4,2026-08-02,2004,N20,VIIRS,n,2.0NRT,291.68,2.12,N
17.46376,80.6548,312.46,0.48,0.4,2026-08-02,2004,N20,VIIRS,n,2.0NRT,290.35,2.73,N
15.0254,78.0157,307.25,0.42,0.45,2026-08-02,2004,N20,VIIRS,n,2.0NRT,285.33,1.54,N
19.10023,82.16604,309.56,0.43,0.38,2026-08-02,2004,N20,VIIRS,n,2.0NRT,289.36,1.3,N
29.47797,76.85978,307.2,0.66,0.73,2026-08-02,2140,N20,VIIRS,n,2.0NRT,285.81,1.34,N
17.60679,83.20387,336,0.59,0.53,2026-08-03,0714,N20,VIIRS,n,2.0NRT,290.51,4.57,D
20.86302,84.9925,331.12,0.4,0.44,2026-08-03,0714,N20,VIIRS,n,2.0NRT,293.71,9.17,D
20.86234,84.98875,347.01,0.4,0.44,2026-08-03,0714,N20,VIIRS,n,2.0NRT,293.12,5.54,D
20.86379,84.9929,331.5,0.4,0.44,2026-08-03,0714,N20,VIIRS,n,2.0NRT,293.92,7.25,D
17.07052,81.6089,328.92,0.39,0.59,2026-08-03,0714,N20,VIIRS,n,2.0NRT,286.03,3.42,D
20.88319,84.98493,329.78,0.4,0.44,2026-08-03,0714,N20,VIIRS,n,2.0NRT,294.76,5.62,D
20.8872,84.98403,341.89,0.4,0.44,2026-08-03,0714,N20,VIIRS,n,2.0NRT,293.14,4.95,D
20.88649,84.98027,335.86,0.4,0.44,2026-08-03,0714,N20,VIIRS,n,2.0NRT,293.77,4.95,D
20.86308,84.98917,339.36,0.4,0.44,2026-08-03,0714,N20,VIIRS,n,2.0NRT,293.53,5.57,D
15.23059,76.74387,345.8,0.42,0.61,2026-08-03,0854,N20,VIIRS,n,2.0NRT,282.93,3.01,D
15.23342,76.74485,340.34,0.42,0.61,2026-08-03,0854,N20,VIIRS,n,2.0NRT,285.07,3.19,D
21.10404,72.6461,335.31,0.54,0.51,2026-08-03,0856,N20,VIIRS,n,2.0NRT,285.61,5.23,D
22.78971,86.19771,296.17,0.5,0.41,2026-08-03,1945,N20,VIIRS,n,2.0NRT,267.1,0.92,N
22.05452,88.12509,306.03,0.41,0.37,2026-08-03,1945,N20,VIIRS,n,2.0NRT,275.51,1.61,N
22.21446,84.86998,308.05,0.39,0.44,2026-08-03,1945,N20,VIIRS,n,2.0NRT,275.2,1.51,N
21.92705,85.22448,295.19,0.55,0.43,2026-08-03,1945,N20,VIIRS,n,2.0NRT,265.32,0.68,N
21.92715,85.22404,296.76,0.55,0.43,2026-08-03,1945,N20,VIIRS,n,2.0NRT,265.38,1.3,N
20.86334,84.98847,299.63,0.55,0.43,2026-08-03,1945,N20,VIIRS,n,2.0NRT,260.3,0.72,N
17.60932,83.20399,312.21,0.43,0.46,2026-08-03,1945,N20,VIIRS,n,2.0NRT,287.67,1.06,N
17.60512,83.20341,305.01,0.43,0.46,2026-08-03,1945,N20,VIIRS,n,2.0NRT,287.33,1.06,N
12.747,77.61954,298.19,0.44,0.62,2026-08-03,1947,N20,VIIRS,n,2.0NRT,277.24,1.49,N
22.92707,69.82308,304.26,0.54,0.42,2026-08-03,2123,N20,VIIRS,n,2.0NRT,289.21,0.82,N
22.93262,69.69827,308.68,0.53,0.42,2026-08-03,2123,N20,VIIRS,n,2.0NRT,288.17,1.57,N
22.9088,69.69844,307.32,0.53,0.42,2026-08-03,2123,N20,VIIRS,n,2.0NRT,287.88,1.27,N
8.64996,77.84708,331.15,0.39,0.44,2026-08-04,0835,N20,VIIRS,n,2.0NRT,292.41,1.28,D
8.94327,78.07706,331.27,0.41,0.45,2026-08-04,0835,N20,VIIRS,n,2.0NRT,292.88,0.46,D
9.4172,77.78387,337.45,0.4,0.44,2026-08-04,0835,N20,VIIRS,n,2.0NRT,291.05,3.56,D
13.88589,77.49372,332.68,0.44,0.46,2026-08-04,0835,N20,VIIRS,n,2.0NRT,294.63,3.43,D
14.94077,79.90197,335.26,0.33,0.55,2026-08-04,0835,N20,VIIRS,n,2.0NRT,289.54,1.79,D
21.10588,72.64592,347.16,0.44,0.38,2026-08-04,0835,N20,VIIRS,n,2.0NRT,291.34,7.53,D
17.61057,83.20392,318.88,0.44,0.62,2026-08-04,1925,N20,VIIRS,n,2.0NRT,281.7,3.29,N
22.34027,69.85518,308.21,0.38,0.36,2026-08-04,2106,N20,VIIRS,n,2.0NRT,286.94,1.84,N
10.34656,77.54609,348.92,0.39,0.36,2026-08-05,0813,N20,VIIRS,n,2.0NRT,297.83,52.66,D
8.98639,77.9323,331.56,0.39,0.36,2026-08-05,0813,N20,VIIRS,n,2.0NRT,285.04,3.03,D
9.37203,78.84874,339.67,0.4,0.37,2026-08-05,0813,N20,VIIRS,n,2.0NRT,302.18,5.66,D
9.28354,78.23689,349.51,0.39,0.36,2026-08-05,0813,N20,VIIRS,n,2.0NRT,306.75,16.37,D
9.40154,78.85131,340.8,0.4,0.37,2026-08-05,0813,N20,VIIRS,n,2.0NRT,301.05,4.44,D
9.42462,78.84413,337.84,0.4,0.37,2026-08-05,0813,N20,VIIRS,n,2.0NRT,300.15,2.44,D
9.58819,78.81952,337.82,0.4,0.37,2026-08-05,0813,N20,VIIRS,n,2.0NRT,299.32,7.69,D
9.5614,77.60436,342.51,0.38,0.36,2026-08-05,0813,N20,VIIRS,n,2.0NRT,306.51,6.01,D
9.8193,79.0771,345.46,0.41,0.37,2026-08-05,0813,N20,VIIRS,n,2.0NRT,301.54,5.23,D
9.61993,77.74524,345.63,0.39,0.36,2026-08-05,0813,N20,VIIRS,n,2.0NRT,308.77,6.54,D
9.76575,78.28732,336.49,0.39,0.36,2026-08-05,0813,N20,VIIRS,n,2.0NRT,303.32,4.03,D
9.86244,78.77674,338.87,0.4,0.37,2026-08-05,0813,N20,VIIRS,n,2.0NRT,300.19,4.26,D
9.87702,78.25932,342.75,0.39,0.36,2026-08-05,0813,N20,VIIRS,n,2.0NRT,304.08,6.89,D
9.88035,78.25882,339.92,0.39,0.36,2026-08-05,0813,N20,VIIRS,n,2.0NRT,302.35,5.59,D
9.87982,78.25526,337.75,0.39,0.36,2026-08-05,0813,N20,VIIRS,n,2.0NRT,302.34,5.59,D
10.02021,78.65574,337.01,0.4,0.37,2026-08-05,0813,N20,VIIRS,n,2.0NRT,294.61,4.4,D
9.96631,78.24514,336.96,0.39,0.36,2026-08-05,0813,N20,VIIRS,n,2.0NRT,293.08,3.27,D
9.96965,78.24463,338.21,0.39,0.36,2026-08-05,0813,N20,VIIRS,n,2.0NRT,294.31,3.27,D
9.98151,78.05077,330.56,0.39,0.36,2026-08-05,0813,N20,VIIRS,n,2.0NRT,291.89,1.59,D
10.10668,78.09279,343.38,0.39,0.36,2026-08-05,0813,N20,VIIRS,n,2.0NRT,298.01,2.98,D
10.59416,79.7034,340.01,0.44,0.38,2026-08-05,0813,N20,VIIRS,n,2.0NRT,294.24,9.46,D
10.59132,79.70403,338.61,0.44,0.38,2026-08-05,0813,N20,VIIRS,n,2.0NRT,291.17,4.22,D
10.59075,79.70005,330.72,0.44,0.38,2026-08-05,0813,N20,VIIRS,n,2.0NRT,291.28,6.12,D
10.59483,79.70353,337.59,0.44,0.38,2026-08-05,0813,N20,VIIRS,n,2.0NRT,292.58,4.22,D
10.65871,79.02698,333.29,0.41,0.37,2026-08-05,0813,N20,VIIRS,n,2.0NRT,299.37,1.55,D
10.86822,79.07246,335.22,0.42,0.37,2026-08-05,0813,N20,VIIRS,n,2.0NRT,299.48,2.58,D
10.99911,77.93703,334.26,0.39,0.36,2026-08-05,0813,N20,VIIRS,n,2.0NRT,291.77,1.78,D
11.28048,78.47698,331.64,0.4,0.37,2026-08-05,0813,N20,VIIRS,n,2.0NRT,278.66,2.82,D
11.28171,78.47571,335.54,0.4,0.37,2026-08-05,0813,N20,VIIRS,n,2.0NRT,278.32,2.92,D
14.49299,79.59117,338.14,0.47,0.4,2026-08-05,0816,N20,VIIRS,n,2.0NRT,296.57,3.11,D
14.49723,79.59502,335.36,0.47,0.4,2026-08-05,0816,N20,VIIRS,n,2.0NRT,297.33,3.11,D
14.41257,78.48093,342.52,0.42,0.38,2026-08-05,0816,N20,VIIRS,n,2.0NRT,299.98,3.89,D
14.41602,78.48034,336.88,0.42,0.38,2026-08-05,0816,N20,VIIRS,n,2.0NRT,299.11,5.6,D
14.4836,78.49083,330.65,0.42,0.38,2026-08-05,0816,N20,VIIRS,n,2.0NRT,297.58,3.31,D
14.95594,79.48812,337.23,0.47,0.4,2026-08-05,0816,N20,VIIRS,n,2.0NRT,294.87,4.31,D
14.72739,77.27681,331.57,0.39,0.36,2026-08-05,0816,N20,VIIRS,n,2.0NRT,290.97,3.82,D
15.16453,79.54033,338.5,0.48,0.4,2026-08-05,0816,N20,VIIRS,n,2.0NRT,291.61,3.23,D
15.14045,79.33853,340.08,0.47,0.39,2026-08-05,0816,N20,VIIRS,n,2.0NRT,299.21,3.99,D
15.72879,79.91379,333.56,0.51,0.41,2026-08-05,0816,N20,VIIRS,n,2.0NRT,296.69,2.08,D
15.72755,79.81848,336.04,0.5,0.41,2026-08-05,0816,N20,VIIRS,n,2.0NRT,296.46,2.61,D
15.85899,79.68302,341.04,0.49,0.41,2026-08-05,0816,N20,VIIRS,n,2.0NRT,293.24,4.76,D
15.48999,76.92797,336.41,0.39,0.36,2026-08-05,0816,N20,VIIRS,n,2.0NRT,292.61,4.61,D
15.94053,79.96963,341.91,0.51,0.41,2026-08-05,0816,N20,VIIRS,n,2.0NRT,296.13,7.25,D
16.48337,79.87724,332.88,0.51,0.41,2026-08-05,0816,N20,VIIRS,n,2.0NRT,288.45,5.93,D
17.95611,80.79485,326.53,0.4,0.44,2026-08-05,0816,N20,VIIRS,n,2.0NRT,288.87,2.49,D
30.48066,73.8685,331.72,0.4,0.37,2026-08-05,0820,N20,VIIRS,n,2.0NRT,299.7,2.4,D
30.428,73.87297,337.33,0.4,0.37,2026-08-05,0820,N20,VIIRS,n,2.0NRT,300.18,1.43,D
30.46339,73.87922,337.94,0.4,0.37,2026-08-05,0820,N20,VIIRS,n,2.0NRT,302.1,3.97,D
27.37885,95.33604,319.57,0.4,0.44,2026-08-05,1904,N20,VIIRS,n,2.0NRT,291.22,3.48,N
27.37923,95.3353,324.76,0.4,0.44,2026-08-05,1904,N20,VIIRS,n,2.0NRT,291.09,4.5,N
27.37909,95.08685,314.51,0.41,0.45,2026-08-05,1904,N20,VIIRS,n,2.0NRT,291.26,3.36,N
27.22478,95.34709,311.21,0.4,0.44,2026-08-05,1904,N20,VIIRS,n,2.0NRT,290.74,2.1,N
31.41325,76.83527,305.18,0.38,0.36,2026-08-05,2044,N20,VIIRS,n,2.0NRT,290.91,0.81,N
31.32849,76.8965,305.89,0.38,0.36,2026-08-05,2044,N20,VIIRS,n,2.0NRT,289.2,0.52,N
31.25127,76.92996,305.33,0.38,0.36,2026-08-05,2044,N20,VIIRS,n,2.0NRT,288.65,0.69,N
25.94178,72.187,307.99,0.45,0.39,2026-08-05,2046,N20,VIIRS,n,2.0NRT,294.47,3.15,N
25.94118,72.19144,326.85,0.45,0.39,2026-08-05,2046,N20,VIIRS,n,2.0NRT,295.12,3.15,N
25.94411,72.19648,307.72,0.45,0.39,2026-08-05,2046,N20,VIIRS,n,2.0NRT,294.99,3.79,N
25.94532,72.18759,310.74,0.45,0.39,2026-08-05,2046,N20,VIIRS,n,2.0NRT,294.58,19.74,N
25.94472,72.19203,330.67,0.45,0.39,2026-08-05,2046,N20,VIIRS,n,2.0NRT,297.57,19.74,N
25.78086,73.69974,311.64,0.4,0.37,2026-08-05,2046,N20,VIIRS,n,2.0NRT,291.25,1.45,N
26.25941,74.09792,305.48,0.39,0.37,2026-08-05,2046,N20,VIIRS,n,2.0NRT,286.9,0.96,N
26.60505,73.68496,305.32,0.4,0.37,2026-08-05,2046,N20,VIIRS,n,2.0NRT,290.98,1.14,N
26.87412,73.5176,306.28,0.41,0.37,2026-08-05,2046,N20,VIIRS,n,2.0NRT,288.05,1.69,N
24.76417,74.60862,313.02,0.38,0.36,2026-08-05,2046,N20,VIIRS,n,2.0NRT,283.7,1.61,N
24.93367,74.63535,306.22,0.39,0.36,2026-08-05,2046,N20,VIIRS,n,2.0NRT,282.37,0.97,N
15.18043,76.67332,299.8,0.51,0.41,2026-08-05,2049,N20,VIIRS,n,2.0NRT,278.73,1.46,N
15.33508,76.28782,300.06,0.48,0.4,2026-08-05,2049,N20,VIIRS,n,2.0NRT,278.09,0.53,N
15.33569,76.28526,301.06,0.48,0.4,2026-08-05,2049,N20,VIIRS,n,2.0NRT,277.82,0.95,N
15.2262,76.76402,310.07,0.51,0.41,2026-08-05,2049,N20,VIIRS,n,2.0NRT,278.53,1.6,N
15.18208,76.66402,301.53,0.51,0.41,2026-08-05,2049,N20,VIIRS,n,2.0NRT,278.39,1.31,N
15.18126,76.66867,312.59,0.51,0.41,2026-08-05,2049,N20,VIIRS,n,2.0NRT,279.16,1.31,N
15.17836,76.66331,301.57,0.51,0.41,2026-08-05,2049,N20,VIIRS,n,2.0NRT,278.72,1.86,N
15.17587,76.67725,314.73,0.51,0.41,2026-08-05,2049,N20,VIIRS,n,2.0NRT,279.23,2.34,N
15.17464,76.66259,323.77,0.51,0.41,2026-08-05,2049,N20,VIIRS,n,2.0NRT,278.95,1.86,N
15.17629,76.6533,302.74,0.51,0.41,2026-08-05,2049,N20,VIIRS,n,2.0NRT,279,2,N
15.17546,76.65794,316.88,0.51,0.41,2026-08-05,2049,N20,VIIRS,n,2.0NRT,279.77,2,N
15.16926,76.67113,302.36,0.51,0.41,2026-08-05,2049,N20,VIIRS,n,2.0NRT,279.26,1.04,N
15.07226,76.86432,301.76,0.52,0.42,2026-08-05,2049,N20,VIIRS,n,2.0NRT,283.96,0.83,N
27.69781,96.24203,341.06,0.45,0.47,2026-08-06,0620,N20,VIIRS,n,2.0NRT,295.21,6.92,D
21.10347,72.64658,354.74,0.47,0.48,2026-08-06,0758,N20,VIIRS,n,2.0NRT,295.77,17.98,D
19.96325,79.33332,333.34,0.38,0.36,2026-08-06,0758,N20,VIIRS,n,2.0NRT,295.16,3.82,D
26.16067,92.94205,295.62,0.53,0.67,2026-08-06,1845,N20,VIIRS,n,2.0NRT,285.54,2,N
26.15446,92.94144,296,0.53,0.67,2026-08-06,1845,N20,VIIRS,n,2.0NRT,285.17,2,N
26.15988,92.95267,297.37,0.53,0.67,2026-08-06,1845,N20,VIIRS,n,2.0NRT,286.25,5.52,N
26.16027,92.94733,296.55,0.53,0.67,2026-08-06,1845,N20,VIIRS,n,2.0NRT,285.93,2,N
23.70799,86.07117,298.92,0.46,0.47,2026-08-06,2025,N20,VIIRS,n,2.0NRT,283.42,0.99,N
23.61259,87.14576,304.87,0.53,0.5,2026-08-06,2025,N20,VIIRS,n,2.0NRT,288.59,3.92,N
25.43655,86.06909,306.06,0.42,0.45,2026-08-06,2025,N20,VIIRS,n,2.0NRT,290.36,1.83,N
25.03468,87.37018,307.36,0.52,0.5,2026-08-06,2025,N20,VIIRS,n,2.0NRT,289.35,2.03,N
23.79603,86.35184,304.21,0.47,0.48,2026-08-06,2025,N20,VIIRS,n,2.0NRT,287.76,2.93,N
23.77409,86.19598,308.53,0.46,0.47,2026-08-06,2025,N20,VIIRS,n,2.0NRT,288.53,1.49,N
23.77165,86.19753,305.46,0.46,0.47,2026-08-06,2025,N20,VIIRS,n,2.0NRT,287.91,1.29,N
23.56366,87.0838,311.23,0.53,0.5,2026-08-06,2025,N20,VIIRS,n,2.0NRT,289.06,4.59,N
22.20951,84.86139,299.6,0.41,0.45,2026-08-06,2027,N20,VIIRS,n,2.0NRT,278.17,1.42,N
20.58127,74.5366,299.17,0.51,0.41,2026-08-06,2027,N20,VIIRS,n,2.0NRT,265.03,0.35,N
18.95567,73.94324,309.36,0.52,0.42,2026-08-06,2027,N20,VIIRS,n,2.0NRT,271.76,1.44,N
18.9567,73.94102,312.09,0.52,0.42,2026-08-06,2027,N20,VIIRS,n,2.0NRT,271.81,1.61,N
8.58266,77.97887,367,0.37,0.58,2026-08-07,0735,N20,VIIRS,h,2.0NRT,290.02,6.73,D
9.40517,77.77493,340.05,0.36,0.58,2026-08-07,0735,N20,VIIRS,n,2.0NRT,290.99,6.1,D
8.57914,77.95925,335.98,0.37,0.58,2026-08-07,0735,N20,VIIRS,n,2.0NRT,287.21,2.48,D
9.52495,78.04314,330.31,0.35,0.57,2026-08-07,0737,N20,VIIRS,n,2.0NRT,286.9,3.77,D
23.70941,86.44973,330.45,0.44,0.39,2026-08-07,0739,N20,VIIRS,n,2.0NRT,291.97,3.14,D
23.67759,86.40043,330.24,0.44,0.39,2026-08-07,0739,N20,VIIRS,n,2.0NRT,295.19,4.48,D
23.67701,86.39612,334.95,0.44,0.39,2026-08-07,0739,N20,VIIRS,n,2.0NRT,294.99,4.48,D
23.68406,86.39498,334.35,0.44,0.39,2026-08-07,0739,N20,VIIRS,n,2.0NRT,294.33,4.52,D
23.70935,86.44843,331.11,0.44,0.39,2026-08-07,0739,N20,VIIRS,n,2.0NRT,292.88,2.69,D
23.64634,68.56316,346.63,0.4,0.6,2026-08-07,0922,N20,VIIRS,n,2.0NRT,293.85,4.95,D
23.72148,85.009,311.93,0.39,0.36,2026-08-07,2008,N20,VIIRS,n,2.0NRT,291.17,1.72,N
23.6651,84.99844,311.54,0.39,0.36,2026-08-07,2008,N20,VIIRS,n,2.0NRT,291.29,2.16,N
26.7614,83.20079,302.9,0.41,0.37,2026-08-07,2008,N20,VIIRS,n,2.0NRT,278.99,1.14,N
25.43868,86.06711,308.26,0.4,0.37,2026-08-07,2008,N20,VIIRS,n,2.0NRT,292.18,0.71,N
25.03437,87.38967,309.42,0.44,0.38,2026-08-07,2008,N20,VIIRS,n,2.0NRT,291.86,2.42,N
25.03395,87.37189,311.33,0.44,0.38,2026-08-07,2008,N20,VIIRS,n,2.0NRT,292.29,2.42,N
25.94346,72.18764,319.37,0.54,0.68,2026-08-07,2008,N20,VIIRS,n,2.0NRT,281.75,2.82,N
25.94566,72.18745,328.13,0.54,0.68,2026-08-07,2008,N20,VIIRS,n,2.0NRT,280.87,3.63,N
23.79395,86.23575,303.73,0.41,0.37,2026-08-07,2008,N20,VIIRS,n,2.0NRT,290.18,2.03,N
23.77231,86.19855,304.89,0.41,0.37,2026-08-07,2008,N20,VIIRS,n,2.0NRT,289.94,2.24,N
24.14751,82.65939,295.89,0.4,0.37,2026-08-07,2008,N20,VIIRS,n,2.0NRT,268.46,0.81,N
24.14051,82.70663,303.1,0.4,0.37,2026-08-07,2008,N20,VIIRS,n,2.0NRT,278.43,1.11,N
23.73612,85.02348,302.72,0.39,0.36,2026-08-07,2008,N20,VIIRS,n,2.0NRT,291.16,1.07,N
23.77952,86.39025,342.22,0.41,0.37,2026-08-08,0722,N20,VIIRS,n,2.0NRT,295.34,8.41,D
29.06436,79.52175,337.22,0.48,0.48,2026-08-08,0724,N20,VIIRS,n,2.0NRT,292.26,4.71,D
28.85252,77.14256,303.76,0.56,0.69,2026-08-08,1947,N20,VIIRS,n,2.0NRT,280.62,0.97,N
26.75992,83.19685,307.83,0.45,0.47,2026-08-08,1947,N20,VIIRS,n,2.0NRT,287.39,1.66,N
26.76135,83.19946,307.21,0.45,0.47,2026-08-08,1947,N20,VIIRS,n,2.0NRT,287.72,2.81,N
25.54309,91.2356,305.85,0.4,0.37,2026-08-08,1947,N20,VIIRS,n,2.0NRT,287.62,0.93,N
26.64249,79.47604,319.1,0.38,0.59,2026-08-08,1947,N20,VIIRS,n,2.0NRT,278.46,1.49,N
23.68207,86.39709,316.37,0.43,0.38,2026-08-08,1949,N20,VIIRS,n,2.0NRT,291.32,1.22,N
23.67918,86.39229,304.16,0.43,0.38,2026-08-08,1949,N20,VIIRS,n,2.0NRT,289.87,1.22,N
23.67859,86.39649,305.1,0.43,0.38,2026-08-08,1949,N20,VIIRS,n,2.0NRT,289.58,1.22,N
23.56342,87.08524,302.34,0.41,0.37,2026-08-08,1949,N20,VIIRS,n,2.0NRT,279.31,1.17,N
23.54922,86.54599,303.54,0.42,0.38,2026-08-08,1949,N20,VIIRS,n,2.0NRT,290.16,2.3,N
23.73825,85.00724,299.27,0.49,0.4,2026-08-08,1949,N20,VIIRS,n,2.0NRT,281.11,0.91,N
23.72111,85.00737,303.14,0.49,0.4,2026-08-08,1949,N20,VIIRS,n,2.0NRT,281.96,1.24,N
22.36072,87.01862,302.22,0.4,0.37,2026-08-08,1949,N20,VIIRS,n,2.0NRT,282.01,1.18,N
22.05327,88.12409,317.7,0.39,0.36,2026-08-08,1949,N20,VIIRS,n,2.0NRT,279.09,3.22,N
21.93223,85.22158,297.9,0.46,0.39,2026-08-08,1949,N20,VIIRS,n,2.0NRT,271.38,1.13,N
21.00043,86.02753,309.01,0.42,0.38,2026-08-08,1949,N20,VIIRS,n,2.0NRT,284.14,1.05,N
21.00165,86.02482,308.89,0.42,0.38,2026-08-08,1949,N20,VIIRS,n,2.0NRT,284.2,1.07,N
20.97302,86.00365,308.61,0.42,0.38,2026-08-08,1949,N20,VIIRS,n,2.0NRT,283.4,1.77,N
20.95286,86.04559,332.55,0.42,0.38,2026-08-08,1949,N20,VIIRS,n,2.0NRT,282.57,4.22,N
20.95228,86.04957,325.52,0.42,0.38,2026-08-08,1949,N20,VIIRS,n,2.0NRT,285.11,2.44,N
21.07747,85.03615,309.08,0.46,0.39,2026-08-08,1949,N20,VIIRS,n,2.0NRT,288.02,2.13,N
21.07626,85.04499,308.61,0.46,0.39,2026-08-08,1949,N20,VIIRS,n,2.0NRT,286.41,2.63,N
20.98473,85.13493,307.85,0.45,0.39,2026-08-08,1949,N20,VIIRS,n,2.0NRT,287.21,1.2,N
20.98116,85.13437,302.21,0.45,0.39,2026-08-08,1949,N20,VIIRS,n,2.0NRT,285.87,1.2,N
20.9763,85.16914,305.74,0.45,0.39,2026-08-08,1949,N20,VIIRS,n,2.0NRT,287.82,1.18,N
20.97569,85.17348,314.6,0.45,0.39,2026-08-08,1949,N20,VIIRS,n,2.0NRT,288.19,1.18,N
20.97152,85.17728,319.85,0.45,0.39,2026-08-08,1949,N20,VIIRS,n,2.0NRT,288.36,2.13,N
20.96917,85.16802,311.11,0.45,0.39,2026-08-08,1949,N20,VIIRS,n,2.0NRT,287.78,1.64,N
20.96856,85.17236,314.5,0.45,0.39,2026-08-08,1949,N20,VIIRS,n,2.0NRT,288.13,1.64,N
20.96795,85.17672,316.4,0.45,0.39,2026-08-08,1949,N20,VIIRS,n,2.0NRT,288.26,2.13,N
20.96614,85.18969,304.74,0.45,0.39,2026-08-08,1949,N20,VIIRS,n,2.0NRT,288.61,1.19,N
20.96258,85.18911,328.3,0.45,0.39,2026-08-08,1949,N20,VIIRS,n,2.0NRT,289.37,2.75,N
20.96621,85.16311,313.47,0.45,0.39,2026-08-08,1949,N20,VIIRS,n,2.0NRT,288.1,1.96,N
20.9656,85.16747,309.42,0.45,0.39,2026-08-08,1949,N20,VIIRS,n,2.0NRT,288.53,1.74,N
20.96499,85.17181,311.45,0.45,0.39,2026-08-08,1949,N20,VIIRS,n,2.0NRT,288.59,1.74,N
20.96439,85.17616,306.31,0.45,0.39,2026-08-08,1949,N20,VIIRS,n,2.0NRT,289.02,1.57,N
20.96378,85.18049,310.49,0.45,0.39,2026-08-08,1949,N20,VIIRS,n,2.0NRT,288.78,1.57,N
20.96318,85.18481,314.66,0.45,0.39,2026-08-08,1949,N20,VIIRS,n,2.0NRT,288.97,2.75,N
20.86744,84.98976,299.76,0.46,0.39,2026-08-08,1949,N20,VIIRS,n,2.0NRT,278.78,1.61,N
20.86685,84.99406,309.86,0.46,0.39,2026-08-08,1949,N20,VIIRS,n,2.0NRT,284.23,1.38,N
20.86386,84.98915,316.6,0.46,0.39,2026-08-08,1949,N20,VIIRS,n,2.0NRT,281.39,1.61,N
20.86326,84.9935,306.65,0.46,0.39,2026-08-08,1949,N20,VIIRS,n,2.0NRT,286.08,1.38,N
20.80891,85.25505,314.19,0.45,0.39,2026-08-08,1949,N20,VIIRS,n,2.0NRT,283.93,2.36,N
20.80477,85.25878,309.56,0.45,0.39,2026-08-08,1949,N20,VIIRS,n,2.0NRT,284.15,1.79,N
20.79768,85.25767,309.27,0.45,0.39,2026-08-08,1949,N20,VIIRS,n,2.0NRT,283.19,1.48,N
20.79472,85.25284,319.28,0.45,0.39,2026-08-08,1949,N20,VIIRS,n,2.0NRT,283.57,2.28,N
20.79,85.26079,304.87,0.45,0.39,2026-08-08,1949,N20,VIIRS,n,2.0NRT,284.21,1.95,N
20.78941,85.26505,303.33,0.45,0.39,2026-08-08,1949,N20,VIIRS,n,2.0NRT,284.44,0.55,N
20.78646,85.26022,310.94,0.45,0.39,2026-08-08,1949,N20,VIIRS,n,2.0NRT,284.43,1.55,N
20.78587,85.26447,313.51,0.45,0.39,2026-08-08,1949,N20,VIIRS,n,2.0NRT,285.03,1.48,N
20.78656,85.26159,321.15,0.45,0.39,2026-08-08,1949,N20,VIIRS,n,2.0NRT,284.83,2.16,N
20.76046,85.29235,305.84,0.45,0.39,2026-08-08,1949,N20,VIIRS,n,2.0NRT,284.88,0.94,N
20.75985,85.29664,318.9,0.45,0.39,2026-08-08,1949,N20,VIIRS,n,2.0NRT,285.23,2.51,N
20.96957,86.0031,303.83,0.42,0.38,2026-08-08,1949,N20,VIIRS,n,2.0NRT,283.46,0.96,N
25.03469,87.39004,308.49,0.41,0.37,2026-08-08,1949,N20,VIIRS,n,2.0NRT,291.86,2.82,N
25.03335,87.37007,310.04,0.41,0.37,2026-08-08,1949,N20,VIIRS,n,2.0NRT,292.33,2.57,N
24.1201,86.86292,309.55,0.42,0.37,2026-08-08,1949,N20,VIIRS,n,2.0NRT,290.39,0.76,N
24.11726,86.85825,305.43,0.42,0.37,2026-08-08,1949,N20,VIIRS,n,2.0NRT,290.41,0.76,N
24.11667,86.86233,305.44,0.42,0.37,2026-08-08,1949,N20,VIIRS,n,2.0NRT,290.52,0.76,N
23.69414,87.12292,312.8,0.41,0.37,2026-08-08,1949,N20,VIIRS,n,2.0NRT,291.64,1.71,N
23.80323,86.32977,312.97,0.43,0.38,2026-08-08,1949,N20,VIIRS,n,2.0NRT,290.91,2.02,N
23.69305,87.10648,309.3,0.41,0.37,2026-08-08,1949,N20,VIIRS,n,2.0NRT,290.9,2.79,N
23.69248,87.11044,308.7,0.41,0.37,2026-08-08,1949,N20,VIIRS,n,2.0NRT,291.06,2.63,N
23.69076,87.12234,305.84,0.41,0.37,2026-08-08,1949,N20,VIIRS,n,2.0NRT,290.64,1.71,N
23.79623,86.35448,309.89,0.43,0.38,2026-08-08,1949,N20,VIIRS,n,2.0NRT,290.7,2.79,N
23.69081,87.09795,306.72,0.41,0.37,2026-08-08,1949,N20,VIIRS,n,2.0NRT,291.26,2.01,N
23.68284,87.1291,309.75,0.41,0.37,2026-08-08,1949,N20,VIIRS,n,2.0NRT,291.19,2.52,N
23.78053,86.39062,307.01,0.43,0.38,2026-08-08,1949,N20,VIIRS,n,2.0NRT,291.06,2.62,N
23.78289,86.34789,306.09,0.43,0.38,2026-08-08,1949,N20,VIIRS,n,2.0NRT,291.03,1.29,N
23.77938,86.37319,315.23,0.43,0.38,2026-08-08,1949,N20,VIIRS,n,2.0NRT,291.58,2.51,N
23.66529,87.1545,327.61,0.41,0.37,2026-08-08,1949,N20,VIIRS,n,2.0NRT,292.29,2.1,N
23.77941,86.34731,307.68,0.43,0.38,2026-08-08,1949,N20,VIIRS,n,2.0NRT,291.18,1.29,N
23.77707,86.36417,311.64,0.43,0.38,2026-08-08,1949,N20,VIIRS,n,2.0NRT,291.4,2.89,N
23.77416,86.38523,305.77,0.43,0.38,2026-08-08,1949,N20,VIIRS,n,2.0NRT,291.11,2.36,N
23.66471,87.15846,308.7,0.41,0.37,2026-08-08,1949,N20,VIIRS,n,2.0NRT,290.15,2.1,N
23.77359,86.36359,328.01,0.43,0.38,2026-08-08,1949,N20,VIIRS,n,2.0NRT,291.87,4.41,N
23.76778,86.40562,325.11,0.43,0.38,2026-08-08,1949,N20,VIIRS,n,2.0NRT,291.63,2.95,N
23.76836,86.40141,318.64,0.43,0.38,2026-08-08,1949,N20,VIIRS,n,2.0NRT,291.75,2.2,N
23.66191,87.15392,308.39,0.41,0.37,2026-08-08,1949,N20,VIIRS,n,2.0NRT,288.93,1.9,N
23.7643,86.40504,321.26,0.43,0.38,2026-08-08,1949,N20,VIIRS,n,2.0NRT,291.26,2.95,N
23.76605,86.39243,306.84,0.43,0.38,2026-08-08,1949,N20,VIIRS,n,2.0NRT,291.65,2.26,N
23.76488,86.40083,308.19,0.43,0.38,2026-08-08,1949,N20,VIIRS,n,2.0NRT,290.72,2.2,N
23.76599,86.40699,323.55,0.43,0.38,2026-08-08,1949,N20,VIIRS,n,2.0NRT,292.02,3.9,N
23.76659,86.40277,316.18,0.43,0.38,2026-08-08,1949,N20,VIIRS,n,2.0NRT,291.11,2.56,N
23.76311,86.4022,313.6,0.43,0.38,2026-08-08,1949,N20,VIIRS,n,2.0NRT,291.09,2.56,N
23.76024,86.3974,304.41,0.43,0.38,2026-08-08,1949,N20,VIIRS,n,2.0NRT,290.3,2.05,N
23.75964,86.40161,319.24,0.43,0.38,2026-08-08,1949,N20,VIIRS,n,2.0NRT,291.11,2.05,N
23.75904,86.40582,306.3,0.43,0.38,2026-08-08,1949,N20,VIIRS,n,2.0NRT,290.04,2.16,N
23.75378,86.41779,312.32,0.43,0.38,2026-08-08,1949,N20,VIIRS,n,2.0NRT,291.19,2.28,N
23.75031,86.4172,311.42,0.43,0.38,2026-08-08,1949,N20,VIIRS,n,2.0NRT,290.96,2.38,N
24.20755,82.71158,303.82,0.45,0.47,2026-08-08,1949,N20,VIIRS,n,2.0NRT,279.03,1.16,N
24.2033,82.71077,303.58,0.45,0.47,2026-08-08,1949,N20,VIIRS,n,2.0NRT,278.61,1.16,N
24.19848,82.71488,302.04,0.45,0.47,2026-08-08,1949,N20,VIIRS,n,2.0NRT,276.88,0.7,N
23.71841,86.44173,308.23,0.43,0.38,2026-08-08,1949,N20,VIIRS,n,2.0NRT,290.34,2.72,N
23.7179,86.42026,308.22,0.43,0.38,2026-08-08,1949,N20,VIIRS,n,2.0NRT,290,1.55,N
23.71376,86.4495,303.89,0.43,0.38,2026-08-08,1949,N20,VIIRS,n,2.0NRT,290.16,1.61,N
23.71384,86.42384,304.29,0.43,0.38,2026-08-08,1949,N20,VIIRS,n,2.0NRT,288.77,2.42,N
24.18365,82.65485,304.81,0.45,0.47,2026-08-08,1949,N20,VIIRS,n,2.0NRT,281.57,1.13,N
24.16996,82.62179,310.52,0.45,0.47,2026-08-08,1949,N20,VIIRS,n,2.0NRT,283.26,1.6,N
23.69019,86.38985,308.81,0.43,0.38,2026-08-08,1949,N20,VIIRS,n,2.0NRT,291.36,2.65,N
23.68612,86.39349,320.67,0.43,0.38,2026-08-08,1949,N20,VIIRS,n,2.0NRT,291.13,3.37,N
23.68265,86.39288,304.55,0.43,0.38,2026-08-08,1949,N20,VIIRS,n,2.0NRT,290.7,1.22,N
15.18034,77.10195,299.76,0.4,0.6,2026-08-08,1951,N20,VIIRS,n,2.0NRT,278.69,0.84,N
15.02639,78.0145,304.39,0.34,0.56,2026-08-08,1951,N20,VIIRS,n,2.0NRT,286.77,1.53,N
11.03697,77.77518,297.17,0.63,0.54,2026-08-08,1951,N20,VIIRS,n,2.0NRT,268.48,0.91,N
9.76131,77.62019,297.9,0.62,0.54,2026-08-08,1953,N20,VIIRS,n,2.0NRT,274.96,0.62,N
26.64129,79.48198,298.08,0.72,0.76,2026-08-08,2127,N20,VIIRS,n,2.0NRT,266.75,1.18,N
31.2613,76.92593,304.77,0.4,0.6,2026-08-08,2127,N20,VIIRS,n,2.0NRT,282.3,1.56,N
26.64099,79.48178,297.58,0.73,0.76,2026-08-08,2127,N20,VIIRS,n,2.0NRT,266.12,6.27,N
25.94461,72.19249,327.14,0.54,0.51,2026-08-08,2129,N20,VIIRS,n,2.0NRT,291.79,8.82,N
22.93449,69.69886,306.59,0.44,0.46,2026-08-08,2129,N20,VIIRS,n,2.0NRT,292.19,1.9,N
18.95796,73.94247,295.97,0.49,0.65,2026-08-08,2131,N20,VIIRS,n,2.0NRT,278.61,0.87,N
18.95629,73.94073,295.62,0.49,0.65,2026-08-08,2131,N20,VIIRS,n,2.0NRT,278.39,0.92,N
23.69815,86.07658,328.72,0.48,0.48,2026-08-09,0701,N20,VIIRS,n,2.0NRT,289.5,2.84,D
27.96522,95.60564,330.57,0.47,0.4,2026-08-09,0703,N20,VIIRS,l,2.0NRT,302.66,6.08,D
27.77813,95.53909,330.71,0.47,0.4,2026-08-09,0703,N20,VIIRS,l,2.0NRT,302.02,5.38,D
27.77391,95.53493,331.1,0.47,0.4,2026-08-09,0703,N20,VIIRS,l,2.0NRT,302.16,5.92,D
27.96945,95.60986,332.72,0.47,0.4,2026-08-09,0703,N20,VIIRS,n,2.0NRT,301.84,8.53,D
9.33855,77.71365,337.5,0.5,0.49,2026-08-09,0839,N20,VIIRS,n,2.0NRT,301.33,8.76,D
9.33919,77.71819,337.47,0.5,0.49,2026-08-09,0839,N20,VIIRS,n,2.0NRT,301.87,9.22,D
9.55403,77.81441,335.36,0.51,0.49,2026-08-09,0839,N20,VIIRS,n,2.0NRT,297.79,10.47,D
13.68176,76.16438,334.11,0.45,0.47,2026-08-09,0839,N20,VIIRS,n,2.0NRT,288.71,3.42,D
13.35395,76.12534,352.49,0.45,0.47,2026-08-09,0839,N20,VIIRS,n,2.0NRT,297.72,11.14,D
13.43076,79.83887,367,0.4,0.6,2026-08-09,0839,N20,VIIRS,h,2.0NRT,293.1,12.27,D
12.53732,77.01344,334.41,0.5,0.49,2026-08-09,0839,N20,VIIRS,n,2.0NRT,295.75,2.92,D
11.19376,78.23439,339.25,0.58,0.52,2026-08-09,0839,N20,VIIRS,n,2.0NRT,295.44,10.73,D
11.07198,78.70229,337.59,0.62,0.54,2026-08-09,0839,N20,VIIRS,n,2.0NRT,295.26,4.92,D
11.07089,78.70502,334.46,0.62,0.54,2026-08-09,0839,N20,VIIRS,n,2.0NRT,295.53,4.67,D
9.34092,77.71509,345.75,0.5,0.49,2026-08-09,0839,N20,VIIRS,n,2.0NRT,301.32,9.47,D
26.06175,70.26306,340.74,0.45,0.39,2026-08-09,0843,N20,VIIRS,n,2.0NRT,302.98,3.21,D
28.61605,73.78303,330.42,0.5,0.49,2026-08-09,0845,N20,VIIRS,n,2.0NRT,294.12,8.5,D
27.40552,96.0146,308.47,0.39,0.37,2026-08-09,1928,N20,VIIRS,n,2.0NRT,289.67,0.86,N
23.80263,86.333,305.58,0.52,0.5,2026-08-09,1930,N20,VIIRS,n,2.0NRT,288.33,2.35,N
24.16866,82.61945,312.03,0.45,0.63,2026-08-09,1930,N20,VIIRS,n,2.0NRT,285.29,3.18,N
23.80776,86.32849,309.13,0.52,0.5,2026-08-09,1930,N20,VIIRS,n,2.0NRT,288.63,2.35,N
23.80318,86.3279,319.29,0.52,0.5,2026-08-09,1930,N20,VIIRS,n,2.0NRT,288.62,2.35,N
23.80096,86.34815,309.88,0.52,0.5,2026-08-09,1930,N20,VIIRS,n,2.0NRT,288.66,1.73,N
23.8004,86.35328,304.87,0.52,0.5,2026-08-09,1930,N20,VIIRS,n,2.0NRT,288.47,1.73,N
23.79584,86.35263,314.98,0.52,0.5,2026-08-09,1930,N20,VIIRS,n,2.0NRT,288.7,4.5,N
23.77993,86.37107,307.02,0.51,0.5,2026-08-09,1930,N20,VIIRS,n,2.0NRT,288.64,2.22,N
23.77827,86.38636,315.55,0.51,0.5,2026-08-09,1930,N20,VIIRS,n,2.0NRT,288.69,4.73,N
23.77592,86.36537,321.27,0.52,0.5,2026-08-09,1930,N20,VIIRS,n,2.0NRT,289.03,3.79,N
23.69369,87.10718,308.64,0.46,0.47,2026-08-09,1930,N20,VIIRS,n,2.0NRT,288.55,3.94,N
23.69318,87.11169,309.79,0.46,0.47,2026-08-09,1930,N20,VIIRS,n,2.0NRT,288.5,3.3,N
23.69215,87.12071,317.84,0.46,0.47,2026-08-09,1930,N20,VIIRS,n,2.0NRT,288.8,3.03,N
23.76753,86.40013,306.11,0.51,0.5,2026-08-09,1930,N20,VIIRS,n,2.0NRT,288.61,2.48,N
23.76698,86.40524,318.41,0.51,0.5,2026-08-09,1930,N20,VIIRS,n,2.0NRT,288.96,3.27,N
23.69037,87.09753,306.69,0.46,0.47,2026-08-09,1930,N20,VIIRS,n,2.0NRT,288.66,3.5,N
23.68781,87.12008,314.11,0.46,0.47,2026-08-09,1930,N20,VIIRS,n,2.0NRT,288.75,3.03,N
23.78325,86.21065,305.69,0.53,0.5,2026-08-09,1930,N20,VIIRS,n,2.0NRT,288.05,1.52,N
23.76299,86.39951,310.56,0.51,0.5,2026-08-09,1930,N20,VIIRS,n,2.0NRT,288.38,2.49,N
23.76243,86.40464,309.63,0.51,0.5,2026-08-09,1930,N20,VIIRS,n,2.0NRT,288.47,1.51,N
23.68245,87.12855,306.09,0.46,0.47,2026-08-09,1930,N20,VIIRS,n,2.0NRT,288.78,2.4,N
23.7792,86.20475,305.55,0.53,0.5,2026-08-09,1930,N20,VIIRS,n,2.0NRT,288.53,2.86,N
23.77864,86.20998,309.25,0.53,0.5,2026-08-09,1930,N20,VIIRS,n,2.0NRT,288.66,1.52,N
23.75844,86.39886,307.16,0.51,0.5,2026-08-09,1930,N20,VIIRS,n,2.0NRT,288.7,2.49,N
23.75789,86.40396,309.87,0.51,0.5,2026-08-09,1930,N20,VIIRS,n,2.0NRT,288.83,1.51,N
23.6664,87.15377,312.24,0.46,0.47,2026-08-09,1930,N20,VIIRS,n,2.0NRT,284.81,2.98,N
23.74102,86.43219,307.75,0.51,0.49,2026-08-09,1930,N20,VIIRS,n,2.0NRT,288.89,2.76,N
23.66207,87.15318,307.75,0.46,0.47,2026-08-09,1930,N20,VIIRS,n,2.0NRT,287.9,2.82,N
23.73648,86.43156,319.98,0.51,0.49,2026-08-09,1930,N20,VIIRS,n,2.0NRT,288.72,2.76,N
23.72634,86.44032,309.25,0.51,0.49,2026-08-09,1930,N20,VIIRS,n,2.0NRT,288.76,1.99,N
23.7218,86.4397,305.79,0.51,0.49,2026-08-09,1930,N20,VIIRS,n,2.0NRT,288.92,1.75,N
23.71938,86.41898,305.17,0.51,0.49,2026-08-09,1930,N20,VIIRS,n,2.0NRT,288.39,3.03,N
23.71673,86.44408,304.11,0.51,0.49,2026-08-09,1930,N20,VIIRS,n,2.0NRT,288.53,1.75,N
23.7162,86.4491,305.81,0.51,0.49,2026-08-09,1930,N20,VIIRS,n,2.0NRT,288.29,1.63,N
23.72552,86.43864,313.31,0.51,0.49,2026-08-09,1930,N20,VIIRS,n,2.0NRT,289.05,3.4,N
23.66858,86.93404,304.88,0.47,0.48,2026-08-09,1930,N20,VIIRS,n,2.0NRT,285.44,1.93,N
23.72042,86.44305,305.57,0.51,0.49,2026-08-09,1930,N20,VIIRS,n,2.0NRT,288.41,2.84,N
23.71815,86.42233,307.08,0.51,0.49,2026-08-09,1930,N20,VIIRS,n,2.0NRT,288.81,4.56,N
23.71476,86.45244,316.01,0.51,0.49,2026-08-09,1930,N20,VIIRS,n,2.0NRT,288.6,2.41,N
23.70795,86.43107,308.24,0.51,0.49,2026-08-09,1930,N20,VIIRS,n,2.0NRT,288.73,4.19,N
23.75755,85.85046,304.48,0.55,0.51,2026-08-09,1930,N20,VIIRS,n,2.0NRT,286.54,1.26,N
23.75696,85.85595,307.31,0.55,0.51,2026-08-09,1930,N20,VIIRS,n,2.0NRT,287.35,2.31,N
23.61313,87.14422,306.56,0.46,0.47,2026-08-09,1930,N20,VIIRS,n,2.0NRT,288.58,2.36,N
23.69257,86.40362,306.66,0.51,0.49,2026-08-09,1930,N20,VIIRS,n,2.0NRT,288.53,2.28,N
23.68914,86.39288,305.02,0.51,0.49,2026-08-09,1930,N20,VIIRS,n,2.0NRT,288.66,2.48,N
23.68459,86.3922,313.68,0.51,0.49,2026-08-09,1930,N20,VIIRS,n,2.0NRT,288.43,3.39,N
23.68403,86.39732,308.59,0.51,0.49,2026-08-09,1930,N20,VIIRS,n,2.0NRT,288.43,2.24,N
23.63527,86.83443,304.87,0.48,0.48,2026-08-09,1930,N20,VIIRS,n,2.0NRT,288.51,2.59,N
23.67949,86.39664,324.02,0.51,0.49,2026-08-09,1930,N20,VIIRS,n,2.0NRT,289.06,2.24,N
23.67894,86.40165,306.48,0.51,0.49,2026-08-09,1930,N20,VIIRS,n,2.0NRT,288.77,2.24,N
23.56351,87.23245,333.44,0.45,0.47,2026-08-09,1930,N20,VIIRS,n,2.0NRT,287.79,5.84,N
23.68398,86.09574,319.64,0.53,0.5,2026-08-09,1930,N20,VIIRS,n,2.0NRT,288.14,2.62,N
23.55819,87.24075,311.66,0.45,0.47,2026-08-09,1930,N20,VIIRS,n,2.0NRT,284.6,2.71,N
23.56292,87.08218,313.01,0.46,0.47,2026-08-09,1930,N20,VIIRS,n,2.0NRT,287.87,2.48,N
23.4847,87.36115,313.17,0.44,0.46,2026-08-09,1930,N20,VIIRS,n,2.0NRT,289.1,4.78,N
23.65034,85.43754,329.37,0.59,0.53,2026-08-09,1930,N20,VIIRS,n,2.0NRT,287.64,9.3,N
22.87357,88.21239,305.31,0.39,0.44,2026-08-09,1930,N20,VIIRS,n,2.0NRT,286.46,1.09,N
22.87456,86.05971,304.32,0.52,0.5,2026-08-09,1930,N20,VIIRS,n,2.0NRT,287.78,1.21,N
22.87399,86.06478,303.36,0.52,0.5,2026-08-09,1930,N20,VIIRS,n,2.0NRT,287.98,1.21,N
22.8109,86.08758,303.78,0.52,0.5,2026-08-09,1930,N20,VIIRS,n,2.0NRT,287.65,1.64,N
22.80119,86.09136,311.64,0.52,0.5,2026-08-09,1930,N20,VIIRS,n,2.0NRT,288.06,2.6,N
22.78982,86.19749,306.64,0.51,0.5,2026-08-09,1930,N20,VIIRS,n,2.0NRT,288.19,3.16,N
22.79198,86.21184,306.4,0.51,0.49,2026-08-09,1930,N20,VIIRS,n,2.0NRT,287.78,3.7,N
22.80127,86.09036,311.6,0.52,0.5,2026-08-09,1930,N20,VIIRS,n,2.0NRT,288.19,3.35,N
22.78914,86.19627,305.92,0.51,0.5,2026-08-09,1930,N20,VIIRS,n,2.0NRT,287.56,3.99,N
22.36613,87.01873,311.28,0.45,0.47,2026-08-09,1930,N20,VIIRS,n,2.0NRT,288.74,3.86,N
22.36184,87.0181,309.81,0.45,0.47,2026-08-09,1930,N20,VIIRS,n,2.0NRT,288.82,3.33,N
27.31784,95.26588,307.88,0.39,0.36,2026-08-09,1930,N20,VIIRS,n,2.0NRT,288.87,1.33,N
24.20835,82.70866,303.83,0.45,0.63,2026-08-09,1930,N20,VIIRS,n,2.0NRT,287.17,1.61,N
24.20799,82.71298,303.89,0.45,0.63,2026-08-09,1930,N20,VIIRS,n,2.0NRT,287.27,2.23,N
24.1829,82.66151,304.97,0.45,0.63,2026-08-09,1930,N20,VIIRS,n,2.0NRT,287.66,2.4,N
24.20751,82.71186,308.6,0.45,0.63,2026-08-09,1930,N20,VIIRS,n,2.0NRT,287.28,1.46,N
24.20174,82.71103,301.51,0.45,0.63,2026-08-09,1930,N20,VIIRS,n,2.0NRT,287.08,1.46,N
24.20134,82.71565,305.62,0.45,0.63,2026-08-09,1930,N20,VIIRS,n,2.0NRT,287.34,2.07,N
24.18312,82.65615,299.78,0.45,0.63,2026-08-09,1930,N20,VIIRS,n,2.0NRT,287.05,1.64,N
24.18274,82.66058,304.02,0.45,0.63,2026-08-09,1930,N20,VIIRS,n,2.0NRT,287.54,2.38,N
24.17769,82.65121,301.64,0.45,0.63,2026-08-09,1930,N20,VIIRS,n,2.0NRT,287.13,2.29,N
21.76072,83.84116,303.05,0.35,0.57,2026-08-09,1932,N20,VIIRS,n,2.0NRT,285.52,0.69,N
21.7653,83.84863,312.51,0.35,0.57,2026-08-09,1932,N20,VIIRS,n,2.0NRT,285.73,1.95,N
22.004,82.66974,314.99,0.42,0.61,2026-08-09,1932,N20,VIIRS,n,2.0NRT,286.68,1.9,N
21.75876,84.02281,311.01,0.34,0.56,2026-08-09,1932,N20,VIIRS,n,2.0NRT,286.98,2.87,N
22.06671,83.70587,302.74,0.36,0.58,2026-08-09,1932,N20,VIIRS,n,2.0NRT,286.35,0.77,N
22.20396,84.59077,300.31,0.32,0.55,2026-08-09,1932,N20,VIIRS,n,2.0NRT,286.72,1.54,N
21.9717,83.19962,301.17,0.39,0.59,2026-08-09,1932,N20,VIIRS,n,2.0NRT,286.11,0.89,N
21.76504,83.84802,311.47,0.35,0.57,2026-08-09,1932,N20,VIIRS,n,2.0NRT,285.85,2.59,N
34.15832,77.61065,299.54,0.41,0.45,2026-08-09,2108,N20,VIIRS,n,2.0NRT,283.89,0.65,N
25.94308,72.19237,323.48,0.45,0.39,2026-08-09,2110,N20,VIIRS,n,2.0NRT,261.56,1.53,N
29.47427,76.85662,308.43,0.46,0.47,2026-08-09,2110,N20,VIIRS,n,2.0NRT,284.26,0.68,N
29.47654,76.86024,309.21,0.46,0.47,2026-08-09,2110,N20,VIIRS,n,2.0NRT,284.42,0.86,N
21.10605,72.64634,322.71,0.56,0.43,2026-08-09,2112,N20,VIIRS,n,2.0NRT,286.41,4.59,N
19.8015,78.86324,301.41,0.48,0.65,2026-08-09,2112,N20,VIIRS,n,2.0NRT,285.08,0.52,N
19.93199,79.12069,301.99,0.5,0.66,2026-08-09,2112,N20,VIIRS,n,2.0NRT,285.57,1.2,N
22.33982,69.85525,302.09,0.41,0.37,2026-08-09,2112,N20,VIIRS,n,2.0NRT,278.97,1.06,N
22.33785,69.86696,301.74,0.41,0.37,2026-08-09,2112,N20,VIIRS,n,2.0NRT,281.9,1.23,N
22.93224,69.69859,321.56,0.4,0.37,2026-08-09,2112,N20,VIIRS,n,2.0NRT,293.32,1.85,N
22.93379,69.70245,307.21,0.4,0.37,2026-08-09,2112,N20,VIIRS,n,2.0NRT,293.16,1.23,N
22.93444,69.6986,319.78,0.4,0.37,2026-08-09,2112,N20,VIIRS,n,2.0NRT,293.59,1.79,N
23.49984,68.57928,308.19,0.38,0.36,2026-08-09,2112,N20,VIIRS,n,2.0NRT,292.91,1.26,N
23.31344,70.20078,302.83,0.41,0.37,2026-08-09,2112,N20,VIIRS,n,2.0NRT,287.97,0.62,N
23.24687,69.86861,305.87,0.4,0.37,2026-08-09,2112,N20,VIIRS,n,2.0NRT,293.75,1.26,N
22.92689,69.82484,306.64,0.4,0.37,2026-08-09,2112,N20,VIIRS,n,2.0NRT,293.75,1.21,N
21.05469,72.85502,306.21,0.57,0.43,2026-08-09,2112,N20,VIIRS,n,2.0NRT,282.14,0.79,N
21.10486,72.64937,304.97,0.56,0.43,2026-08-09,2112,N20,VIIRS,n,2.0NRT,285.78,2.66,N
21.10583,72.6441,310.51,0.56,0.43,2026-08-09,2112,N20,VIIRS,n,2.0NRT,285.24,2.4,N
21.05456,72.85148,304.19,0.57,0.43,2026-08-09,2112,N20,VIIRS,n,2.0NRT,282.65,0.7,N
11.30191,77.87934,304.66,0.61,0.71,2026-08-09,2114,N20,VIIRS,n,2.0NRT,285.12,1.12,N
15.07372,76.86428,300.48,0.44,0.63,2026-08-09,2114,N20,VIIRS,n,2.0NRT,285.3,1.32,N
14.87509,78.05061,301.43,0.54,0.68,2026-08-09,2114,N20,VIIRS,n,2.0NRT,284.64,1.36,N
15.17463,76.65839,305.91,0.43,0.62,2026-08-09,2114,N20,VIIRS,n,2.0NRT,286.58,1.09,N
15.17543,76.65447,305.44,0.43,0.62,2026-08-09,2114,N20,VIIRS,n,2.0NRT,286.86,1.09,N
10.41613,77.10946,304.02,0.57,0.69,2026-08-09,2114,N20,VIIRS,n,2.0NRT,284.33,0.52,N
10.41274,77.106,297.29,0.57,0.69,2026-08-09,2114,N20,VIIRS,n,2.0NRT,283.96,0.75,N
15.17702,76.67539,300.84,0.43,0.62,2026-08-09,2114,N20,VIIRS,n,2.0NRT,285.82,1.91,N
15.18098,76.65578,300.94,0.43,0.62,2026-08-09,2114,N20,VIIRS,n,2.0NRT,286.63,1.1,N
15.18574,76.66101,302.94,0.43,0.62,2026-08-09,2114,N20,VIIRS,n,2.0NRT,287.64,1.1,N
15.18654,76.6571,306.69,0.43,0.62,2026-08-09,2114,N20,VIIRS,n,2.0NRT,286.89,1.1,N
14.87422,78.05255,305.93,0.54,0.68,2026-08-09,2114,N20,VIIRS,n,2.0NRT,285.23,1.33,N
15.17825,76.65834,309.19,0.43,0.62,2026-08-09,2114,N20,VIIRS,n,2.0NRT,286.96,1.42,N
15.17907,76.65443,306.28,0.43,0.62,2026-08-09,2114,N20,VIIRS,n,2.0NRT,287.09,1.42,N
15.18936,76.66093,302.58,0.43,0.62,2026-08-09,2114,N20,VIIRS,n,2.0NRT,287.2,2.77,N
15.33559,76.28592,296.76,0.4,0.6,2026-08-09,2114,N20,VIIRS,n,2.0NRT,274.33,0.35,N
15.1803,77.10293,297.77,0.46,0.63,2026-08-09,2114,N20,VIIRS,n,2.0NRT,275.8,1.21,N
17.14878,78.22474,300.48,0.5,0.66,2026-08-09,2114,N20,VIIRS,n,2.0NRT,287.6,0.75,N
9.71661,77.60519,314.24,0.63,0.72,2026-08-09,2116,N20,VIIRS,n,2.0NRT,284.44,2.41,N
9.72237,77.61021,316.17,0.63,0.72,2026-08-09,2116,N20,VIIRS,n,2.0NRT,285.98,5.42,N
9.7239,77.60253,315.84,0.63,0.72,2026-08-09,2116,N20,VIIRS,n,2.0NRT,284.86,2.41,N
27.77472,95.5388,330.86,0.39,0.36,2026-08-10,0644,N20,VIIRS,l,2.0NRT,303.25,1.82,D
22.37571,87.28049,331.03,0.42,0.61,2026-08-10,0644,N20,VIIRS,n,2.0NRT,288.67,6.12,D
9.24181,77.61673,341.53,0.41,0.37,2026-08-10,0820,N20,VIIRS,n,2.0NRT,308.24,12.57,D
9.21721,77.95048,338.78,0.42,0.38,2026-08-10,0820,N20,VIIRS,n,2.0NRT,303.7,10.42,D
9.11584,77.54512,347.39,0.41,0.37,2026-08-10,0820,N20,VIIRS,n,2.0NRT,302.51,3.17,D
9.11244,77.54563,339.22,0.41,0.37,2026-08-10,0820,N20,VIIRS,n,2.0NRT,304.4,3.17,D
9.21488,78.68938,335.6,0.45,0.39,2026-08-10,0820,N20,VIIRS,n,2.0NRT,300.89,3.08,D
9.45328,77.62675,344.8,0.41,0.37,2026-08-10,0820,N20,VIIRS,n,2.0NRT,304.54,8.88,D
9.00506,77.7899,342.06,0.41,0.37,2026-08-10,0820,N20,VIIRS,n,2.0NRT,306.95,6.79,D
8.73037,77.89612,340.37,0.41,0.37,2026-08-10,0820,N20,VIIRS,n,2.0NRT,305.82,6.32,D
8.66383,77.87165,338.08,0.41,0.37,2026-08-10,0820,N20,VIIRS,n,2.0NRT,303.43,5.11,D
8.66362,77.87156,336.94,0.41,0.37,2026-08-10,0820,N20,VIIRS,n,2.0NRT,302.95,3.14,D
10.00575,78.03493,346.98,0.43,0.38,2026-08-10,0820,N20,VIIRS,n,2.0NRT,296.12,5.99,D
9.21539,78.68924,335.67,0.45,0.39,2026-08-10,0820,N20,VIIRS,n,2.0NRT,300.93,3.01,D
9.63104,77.74139,341.86,0.42,0.37,2026-08-10,0820,N20,VIIRS,n,2.0NRT,307.31,11.65,D
9.67609,77.4088,347.17,0.41,0.37,2026-08-10,0820,N20,VIIRS,n,2.0NRT,300.87,23.88,D
9.94512,78.71644,337.78,0.46,0.39,2026-08-10,0820,N20,VIIRS,n,2.0NRT,300.32,4.88,D
9.5336,78.52003,333.08,0.44,0.39,2026-08-10,0820,N20,VIIRS,l,2.0NRT,303.36,2.23,D
15.75783,79.76744,335.57,0.41,0.45,2026-08-10,0822,N20,VIIRS,n,2.0NRT,300.93,3.92,D
10.00979,78.03833,335.25,0.43,0.38,2026-08-10,0822,N20,VIIRS,n,2.0NRT,303.46,3.88,D
10.14497,78.85644,331.26,0.47,0.39,2026-08-10,0822,N20,VIIRS,n,2.0NRT,297.26,1.3,D
9.98345,77.63867,339.66,0.42,0.37,2026-08-10,0822,N20,VIIRS,n,2.0NRT,303.11,6.1,D
10.05825,77.90831,331.1,0.42,0.38,2026-08-10,0822,N20,VIIRS,n,2.0NRT,300.13,3.81,D
10.39875,79.41953,333.63,0.5,0.41,2026-08-10,0822,N20,VIIRS,n,2.0NRT,298.99,3.65,D
10.64331,79.07994,335.42,0.48,0.4,2026-08-10,0822,N20,VIIRS,n,2.0NRT,303.35,5.48,D
10.72432,78.83788,339.84,0.47,0.4,2026-08-10,0822,N20,VIIRS,n,2.0NRT,304.2,9.31,D
10.73855,78.73103,335.66,0.47,0.39,2026-08-10,0822,N20,VIIRS,n,2.0NRT,302.84,1.7,D
10.73917,78.72775,332.28,0.47,0.4,2026-08-10,0822,N20,VIIRS,n,2.0NRT,300.6,2.72,D
11.7135,77.73086,336.43,0.43,0.38,2026-08-10,0822,N20,VIIRS,n,2.0NRT,301.54,6.6,D
11.86015,77.02831,338.33,0.41,0.37,2026-08-10,0822,N20,VIIRS,n,2.0NRT,298.61,4.34,D
12.03508,77.07492,336.61,0.41,0.37,2026-08-10,0822,N20,VIIRS,n,2.0NRT,300.23,3.05,D
12.46242,78.27564,334.7,0.46,0.39,2026-08-10,0822,N20,VIIRS,n,2.0NRT,299.94,2.77,D
12.27599,76.51857,335.51,0.4,0.37,2026-08-10,0822,N20,VIIRS,n,2.0NRT,299.4,3.75,D
12.61552,77.65279,335.2,0.44,0.38,2026-08-10,0822,N20,VIIRS,n,2.0NRT,299.09,3.03,D
12.56628,76.95201,334.51,0.41,0.37,2026-08-10,0822,N20,VIIRS,n,2.0NRT,299.9,5.57,D
12.55401,76.62975,330.41,0.4,0.37,2026-08-10,0822,N20,VIIRS,n,2.0NRT,298.15,3.01,D
12.60272,76.67905,332.22,0.4,0.37,2026-08-10,0822,N20,VIIRS,n,2.0NRT,298.64,2.11,D
12.86452,78.37373,333.13,0.47,0.4,2026-08-10,0822,N20,VIIRS,n,2.0NRT,298.26,5.07,D
13.1379,79.62981,330.41,0.56,0.43,2026-08-10,0822,N20,VIIRS,n,2.0NRT,298.81,3.1,D
13.21113,78.82519,335.3,0.5,0.41,2026-08-10,0822,N20,VIIRS,n,2.0NRT,299.9,9.5,D
13.21487,78.82461,337.51,0.5,0.41,2026-08-10,0822,N20,VIIRS,n,2.0NRT,302.15,9.5,D
13.49751,79.59806,334.53,0.56,0.43,2026-08-10,0822,N20,VIIRS,n,2.0NRT,298.72,8.33,D
13.43354,78.25616,333.66,0.47,0.4,2026-08-10,0822,N20,VIIRS,n,2.0NRT,301.88,3.87,D
13.57464,77.34303,337.24,0.43,0.38,2026-08-10,0822,N20,VIIRS,n,2.0NRT,301.7,4.53,D
13.57614,77.34341,336.1,0.43,0.38,2026-08-10,0822,N20,VIIRS,n,2.0NRT,301.8,4.29,D
13.76895,78.33397,332.77,0.48,0.4,2026-08-10,0822,N20,VIIRS,n,2.0NRT,301.29,3.89,D
13.99193,79.82552,339.29,0.39,0.44,2026-08-10,0822,N20,VIIRS,n,2.0NRT,297.06,5.74,D
14.15537,79.64816,330.71,0.38,0.43,2026-08-10,0822,N20,VIIRS,n,2.0NRT,299.53,2.06,D
14.21666,78.06795,339,0.47,0.4,2026-08-10,0822,N20,VIIRS,n,2.0NRT,299.95,7.05,D
14.21716,78.06883,346.62,0.47,0.4,2026-08-10,0822,N20,VIIRS,n,2.0NRT,299.61,10,D
14.14986,77.24381,345.82,0.43,0.38,2026-08-10,0822,N20,VIIRS,n,2.0NRT,300.49,4.95,D
14.14929,77.23981,335.55,0.43,0.38,2026-08-10,0822,N20,VIIRS,n,2.0NRT,300.64,4.95,D
14.14816,77.2318,341.68,0.43,0.38,2026-08-10,0822,N20,VIIRS,n,2.0NRT,299.93,3.9,D
14.15165,77.23126,349.09,0.43,0.38,2026-08-10,0822,N20,VIIRS,n,2.0NRT,299.95,3.9,D
14.15458,77.22675,337.66,0.43,0.38,2026-08-10,0822,N20,VIIRS,n,2.0NRT,300.6,3.52,D
14.24873,77.45737,338.59,0.44,0.39,2026-08-10,0822,N20,VIIRS,n,2.0NRT,302.32,5.8,D
14.25226,77.45686,332.16,0.44,0.39,2026-08-10,0822,N20,VIIRS,n,2.0NRT,300.33,2.09,D
14.25112,77.44867,335.77,0.44,0.39,2026-08-10,0822,N20,VIIRS,n,2.0NRT,302.1,4.59,D
14.27824,77.43636,337.49,0.44,0.39,2026-08-10,0822,N20,VIIRS,n,2.0NRT,302.37,4.45,D
14.28235,77.43993,346.08,0.44,0.39,2026-08-10,0822,N20,VIIRS,n,2.0NRT,302.29,4.45,D
14.28178,77.43584,345.06,0.44,0.39,2026-08-10,0822,N20,VIIRS,n,2.0NRT,302.88,4.45,D
14.2812,77.43176,346.66,0.44,0.39,2026-08-10,0822,N20,VIIRS,n,2.0NRT,300.92,9.94,D
14.28646,77.44348,338.54,0.44,0.39,2026-08-10,0822,N20,VIIRS,n,2.0NRT,302.03,4.1,D
14.28884,77.43481,350.18,0.44,0.39,2026-08-10,0822,N20,VIIRS,n,2.0NRT,302.16,19.66,D
14.28827,77.43073,336,0.44,0.39,2026-08-10,0822,N20,VIIRS,n,2.0NRT,302.22,2.35,D
14.29706,77.44194,340.53,0.44,0.39,2026-08-10,0822,N20,VIIRS,n,2.0NRT,300.04,4.38,D
14.29591,77.43378,344.53,0.44,0.39,2026-08-10,0822,N20,VIIRS,n,2.0NRT,299.26,6.74,D
14.29648,77.43787,355.99,0.44,0.39,2026-08-10,0822,N20,VIIRS,l,2.0NRT,301.71,6.74,D
14.30471,77.44501,338.9,0.44,0.39,2026-08-10,0822,N20,VIIRS,n,2.0NRT,302.53,6.22,D
14.30413,77.44093,340.38,0.44,0.39,2026-08-10,0822,N20,VIIRS,n,2.0NRT,301.71,6.22,D
14.30239,77.42867,343.69,0.44,0.39,2026-08-10,0822,N20,VIIRS,n,2.0NRT,301.21,3.63,D
14.30181,77.42458,341.63,0.44,0.39,2026-08-10,0822,N20,VIIRS,n,2.0NRT,301.31,3.63,D
14.30297,77.43273,356.07,0.44,0.39,2026-08-10,0822,N20,VIIRS,l,2.0NRT,301.55,24.5,D
14.30825,77.44452,337.17,0.44,0.39,2026-08-10,0822,N20,VIIRS,n,2.0NRT,303.21,4.87,D
14.30592,77.42816,341.86,0.44,0.39,2026-08-10,0822,N20,VIIRS,n,2.0NRT,301.54,8.45,D
14.31236,77.44811,338.01,0.44,0.39,2026-08-10,0822,N20,VIIRS,n,2.0NRT,302.26,5.85,D
14.31178,77.44402,343.64,0.44,0.39,2026-08-10,0822,N20,VIIRS,n,2.0NRT,302.15,4.87,D
14.32301,77.42155,337.25,0.44,0.39,2026-08-10,0822,N20,VIIRS,n,2.0NRT,298.3,4.54,D
14.33184,77.40768,355.06,0.44,0.39,2026-08-10,0822,N20,VIIRS,n,2.0NRT,297.33,5.09,D
14.33125,77.40359,345.33,0.44,0.39,2026-08-10,0822,N20,VIIRS,n,2.0NRT,301.16,5.09,D
14.71122,79.80875,330.02,0.4,0.44,2026-08-10,0822,N20,VIIRS,n,2.0NRT,297.68,2.02,D
14.80234,79.93763,332.22,0.41,0.45,2026-08-10,0822,N20,VIIRS,n,2.0NRT,299.74,3.3,D
14.78591,79.71244,343.58,0.39,0.44,2026-08-10,0822,N20,VIIRS,n,2.0NRT,300.97,2.83,D
14.78995,79.71188,339.35,0.39,0.44,2026-08-10,0822,N20,VIIRS,n,2.0NRT,302.01,2.83,D
14.55706,77.39198,338.34,0.44,0.39,2026-08-10,0822,N20,VIIRS,n,2.0NRT,290.59,8.6,D
14.55707,77.39243,337.62,0.44,0.39,2026-08-10,0822,N20,VIIRS,n,2.0NRT,288.66,9.38,D
14.97224,80.03103,336.77,0.41,0.45,2026-08-10,0822,N20,VIIRS,n,2.0NRT,302.99,3.6,D
14.66078,77.3604,331.89,0.44,0.39,2026-08-10,0822,N20,VIIRS,n,2.0NRT,297.28,1.97,D
14.97743,79.43329,333,0.57,0.43,2026-08-10,0822,N20,VIIRS,n,2.0NRT,301.7,2.72,D
15.09287,79.96823,339.81,0.41,0.45,2026-08-10,0822,N20,VIIRS,n,2.0NRT,298.75,5.68,D
14.78169,77.37339,336.48,0.45,0.39,2026-08-10,0822,N20,VIIRS,n,2.0NRT,300.28,2.63,D
14.78524,77.37289,336.64,0.45,0.39,2026-08-10,0822,N20,VIIRS,n,2.0NRT,299.47,2.63,D
14.88878,78.10177,338.18,0.48,0.4,2026-08-10,0822,N20,VIIRS,n,2.0NRT,299.92,5.38,D
14.84694,77.79433,337.54,0.47,0.39,2026-08-10,0822,N20,VIIRS,n,2.0NRT,302.29,4.53,D
14.89306,78.10571,337.64,0.48,0.4,2026-08-10,0822,N20,VIIRS,n,2.0NRT,299.29,5.38,D
14.85055,77.79381,337.12,0.47,0.39,2026-08-10,0822,N20,VIIRS,n,2.0NRT,300.49,4.53,D
15.31365,79.78667,341.47,0.4,0.45,2026-08-10,0822,N20,VIIRS,n,2.0NRT,301.37,5.44,D
15.31296,79.78638,342.14,0.4,0.45,2026-08-10,0822,N20,VIIRS,n,2.0NRT,301.59,4.74,D
15.49235,79.8241,332.11,0.41,0.45,2026-08-10,0822,N20,VIIRS,n,2.0NRT,300.36,0.97,D
15.5248,79.9765,351.78,0.42,0.45,2026-08-10,0822,N20,VIIRS,n,2.0NRT,305.19,17.07,D
15.41795,78.95978,331.92,0.54,0.42,2026-08-10,0822,N20,VIIRS,n,2.0NRT,296.91,1.99,D
15.66667,80.24131,343.19,0.44,0.46,2026-08-10,0822,N20,VIIRS,n,2.0NRT,299.95,4.66,D
15.67091,80.24074,343.53,0.44,0.46,2026-08-10,0822,N20,VIIRS,n,2.0NRT,299.35,4.66,D
15.61103,79.78051,334.72,0.41,0.45,2026-08-10,0822,N20,VIIRS,n,2.0NRT,300.47,1.71,D
15.60812,79.18585,330.25,0.56,0.43,2026-08-10,0822,N20,VIIRS,n,2.0NRT,293.02,3.6,D
15.19627,76.08163,337.68,0.4,0.37,2026-08-10,0822,N20,VIIRS,n,2.0NRT,297.28,2.54,D
15.7542,79.77182,338.71,0.41,0.45,2026-08-10,0822,N20,VIIRS,n,2.0NRT,299.5,2.03,D
15.75735,79.76363,336.35,0.41,0.45,2026-08-10,0822,N20,VIIRS,n,2.0NRT,301.69,3.92,D
15.81728,79.80627,336.88,0.41,0.45,2026-08-10,0822,N20,VIIRS,n,2.0NRT,299.11,4.29,D
15.86669,79.77642,335.2,0.41,0.45,2026-08-10,0822,N20,VIIRS,n,2.0NRT,297.79,4.62,D
15.55135,76.48229,335.96,0.42,0.38,2026-08-10,0822,N20,VIIRS,n,2.0NRT,301.98,1.88,D
15.55479,76.48177,339.78,0.42,0.38,2026-08-10,0822,N20,VIIRS,n,2.0NRT,302.44,1.88,D
15.56179,76.03996,338.87,0.41,0.37,2026-08-10,0822,N20,VIIRS,n,2.0NRT,296.91,2.83,D
15.56125,76.03621,343.31,0.41,0.37,2026-08-10,0822,N20,VIIRS,n,2.0NRT,295.74,7.6,D
15.56572,76.0432,336.78,0.41,0.37,2026-08-10,0822,N20,VIIRS,n,2.0NRT,297.11,2.83,D
15.56518,76.03944,336.13,0.41,0.37,2026-08-10,0822,N20,VIIRS,n,2.0NRT,297.8,2.83,D
15.73907,76.86617,338.1,0.43,0.38,2026-08-10,0822,N20,VIIRS,n,2.0NRT,301.37,3,D
16.05512,78.06351,330.08,0.49,0.41,2026-08-10,0822,N20,VIIRS,n,2.0NRT,299.9,3.88,D
16.62461,80.19436,331.67,0.45,0.47,2026-08-10,0822,N20,VIIRS,n,2.0NRT,288.03,3.93,D
16.60608,75.57046,330,0.4,0.37,2026-08-10,0822,N20,VIIRS,n,2.0NRT,298.43,1.41,D
27.53482,95.39982,308.55,0.49,0.4,2026-08-10,1910,N20,VIIRS,n,2.0NRT,288.82,3.01,N
27.37869,95.33251,325.7,0.49,0.4,2026-08-10,1910,N20,VIIRS,n,2.0NRT,291.86,5.95,N
27.3791,95.08576,306.78,0.51,0.41,2026-08-10,1910,N20,VIIRS,n,2.0NRT,291.63,1.88,N
26.77439,94.50468,308.83,0.53,0.42,2026-08-10,1910,N20,VIIRS,n,2.0NRT,291.14,4.17,N
23.68155,86.0921,312.29,0.54,0.68,2026-08-10,1913,N20,VIIRS,n,2.0NRT,281.33,6.51,N
23.75644,85.85308,307.01,0.56,0.69,2026-08-10,1913,N20,VIIRS,n,2.0NRT,284.91,1.58,N
23.66453,87.15629,299.42,0.46,0.64,2026-08-10,1913,N20,VIIRS,n,2.0NRT,272.79,1.47,N
23.79861,86.34744,300.65,0.52,0.67,2026-08-10,1913,N20,VIIRS,n,2.0NRT,280.85,3.95,N
22.78907,86.20575,298.88,0.52,0.67,2026-08-10,1913,N20,VIIRS,n,2.0NRT,275.5,2.02,N
23.64963,85.43684,324.65,0.59,0.7,2026-08-10,1913,N20,VIIRS,n,2.0NRT,284.4,4.89,N
23.61393,86.78837,302.67,0.49,0.65,2026-08-10,1913,N20,VIIRS,n,2.0NRT,275.77,0.51,N
23.61654,86.78923,302.22,0.49,0.65,2026-08-10,1913,N20,VIIRS,n,2.0NRT,278.45,0.91,N
22.87483,86.0607,309.68,0.53,0.67,2026-08-10,1913,N20,VIIRS,n,2.0NRT,284,3.49,N
23.64957,85.43659,321.91,0.59,0.7,2026-08-10,1913,N20,VIIRS,n,2.0NRT,284.33,4.84,N
31.6313,74.4256,304.51,0.39,0.36,2026-08-10,2049,N20,VIIRS,n,2.0NRT,283.38,0.82,N
29.45847,76.86858,313.9,0.41,0.37,2026-08-10,2049,N20,VIIRS,n,2.0NRT,267.15,0.54,N
29.45921,76.86439,300.55,0.41,0.37,2026-08-10,2049,N20,VIIRS,n,2.0NRT,268.56,0.79,N
23.78639,85.55227,305.35,0.52,0.67,2026-08-10,2051,N20,VIIRS,n,2.0NRT,285.84,1.12,N
23.78147,85.5724,303.08,0.53,0.67,2026-08-10,2051,N20,VIIRS,n,2.0NRT,286.09,1.54,N
23.69555,85.37071,315.69,0.51,0.66,2026-08-10,2051,N20,VIIRS,n,2.0NRT,285.82,1.99,N
23.69679,85.28837,305.54,0.51,0.66,2026-08-10,2051,N20,VIIRS,n,2.0NRT,285.43,1.24,N
23.64775,85.43591,313.62,0.52,0.67,2026-08-10,2051,N20,VIIRS,n,2.0NRT,285.97,3.12,N
23.64651,85.44092,299.89,0.52,0.67,2026-08-10,2051,N20,VIIRS,n,2.0NRT,285.48,2.44,N
23.69436,85.36815,313.48,0.51,0.66,2026-08-10,2051,N20,VIIRS,n,2.0NRT,285.85,2.07,N
23.65179,85.44008,303.94,0.52,0.67,2026-08-10,2051,N20,VIIRS,n,2.0NRT,285.59,1.75,N
23.64582,85.43847,305.49,0.52,0.67,2026-08-10,2051,N20,VIIRS,n,2.0NRT,285.98,1.62,N
22.87393,86.06034,307.16,0.59,0.7,2026-08-10,2051,N20,VIIRS,n,2.0NRT,283.18,1.92,N
22.79116,86.1979,302.84,0.6,0.71,2026-08-10,2051,N20,VIIRS,n,2.0NRT,282.17,3.11,N
22.78977,86.20351,316.04,0.61,0.71,2026-08-10,2051,N20,VIIRS,n,2.0NRT,281.73,3.11,N
22.78837,86.20921,301.4,0.61,0.71,2026-08-10,2051,N20,VIIRS,n,2.0NRT,280.65,3.81,N
24.76402,74.60906,296.61,0.39,0.36,2026-08-10,2051,N20,VIIRS,n,2.0NRT,266.14,0.26,N
20.98444,85.12879,297.34,0.57,0.69,2026-08-10,2051,N20,VIIRS,n,2.0NRT,281.47,2.38,N
20.98315,85.13412,299.79,0.57,0.69,2026-08-10,2051,N20,VIIRS,n,2.0NRT,280.63,2.38,N
20.98612,85.1319,299.74,0.57,0.69,2026-08-10,2051,N20,VIIRS,n,2.0NRT,281.12,1.86,N
20.97995,85.1302,299.23,0.57,0.69,2026-08-10,2051,N20,VIIRS,n,2.0NRT,278.59,1.86,N
20.97868,85.13556,296.34,0.57,0.69,2026-08-10,2051,N20,VIIRS,n,2.0NRT,276.83,1.86,N
21.5029,81.81057,298.76,0.34,0.56,2026-08-10,2051,N20,VIIRS,n,2.0NRT,283.39,1.31,N
23.714,86.44791,310.79,0.6,0.7,2026-08-10,2051,N20,VIIRS,n,2.0NRT,285.56,1.86,N
23.76558,86.40242,313.51,0.59,0.7,2026-08-10,2051,N20,VIIRS,n,2.0NRT,286.18,3.01,N
26.25819,74.0951,303.12,0.38,0.36,2026-08-10,2051,N20,VIIRS,n,2.0NRT,279.57,0.52,N
23.73986,86.43388,312.4,0.59,0.7,2026-08-10,2051,N20,VIIRS,n,2.0NRT,285.6,2.78,N
23.76097,86.40368,303.25,0.59,0.7,2026-08-10,2051,N20,VIIRS,n,2.0NRT,285.83,1.93,N
23.76862,86.4,304.07,0.59,0.7,2026-08-10,2051,N20,VIIRS,n,2.0NRT,286.21,1.93,N
23.78405,86.33894,308.11,0.59,0.7,2026-08-10,2051,N20,VIIRS,n,2.0NRT,286.23,1.69,N
23.79377,86.35343,305.95,0.59,0.7,2026-08-10,2051,N20,VIIRS,n,2.0NRT,286.45,1.53,N
23.79513,86.34801,306.53,0.59,0.7,2026-08-10,2051,N20,VIIRS,n,2.0NRT,286.56,1.53,N
23.80698,86.32746,310.28,0.58,0.7,2026-08-10,2051,N20,VIIRS,n,2.0NRT,286.58,2.84,N
26.64114,79.47723,312.55,0.39,0.44,2026-08-10,2051,N20,VIIRS,n,2.0NRT,279.47,1.43,N
23.70771,86.44617,305.44,0.6,0.7,2026-08-10,2051,N20,VIIRS,n,2.0NRT,285.45,1.86,N
23.68758,86.39223,307.96,0.59,0.7,2026-08-10,2051,N20,VIIRS,n,2.0NRT,284.39,1.76,N
23.68129,86.39057,306.83,0.59,0.7,2026-08-10,2051,N20,VIIRS,n,2.0NRT,284.28,1.76,N
23.67991,86.39603,309.85,0.59,0.7,2026-08-10,2051,N20,VIIRS,n,2.0NRT,285.26,1.76,N
23.69786,86.07152,301.54,0.57,0.69,2026-08-10,2051,N20,VIIRS,n,2.0NRT,283.28,0.89,N
23.66668,86.09091,303.34,0.57,0.69,2026-08-10,2051,N20,VIIRS,n,2.0NRT,282.28,1.72,N
23.73844,86.43079,311.63,0.6,0.7,2026-08-10,2051,N20,VIIRS,n,2.0NRT,285.34,3.82,N
18.85651,72.9276,318.01,0.39,0.36,2026-08-10,2053,N20,VIIRS,n,2.0NRT,291.75,3.46,N
9.52623,77.45048,305.38,0.59,0.53,2026-08-10,2055,N20,VIIRS,n,2.0NRT,289.57,1.66,N
9.52703,77.44603,308.2,0.59,0.53,2026-08-10,2055,N20,VIIRS,n,2.0NRT,289.82,1.66,N
9.53123,77.45007,347.58,0.59,0.53,2026-08-10,2055,N20,VIIRS,n,2.0NRT,291.65,10.75,N
9.53198,77.44591,338.6,0.59,0.53,2026-08-10,2055,N20,VIIRS,n,2.0NRT,290.4,10.75,N
9.70288,77.59147,311.67,0.6,0.53,2026-08-10,2055,N20,VIIRS,n,2.0NRT,287.62,3.19,N
9.70375,77.58665,313.21,0.6,0.53,2026-08-10,2055,N20,VIIRS,n,2.0NRT,288.09,3.65,N
9.76019,77.70898,302.96,0.6,0.53,2026-08-10,2055,N20,VIIRS,n,2.0NRT,281.93,0.97,N
8.61649,77.94954,307.5,0.33,0.55,2026-08-10,2055,N20,VIIRS,n,2.0NRT,290.66,2.86,N
9.29199,77.49243,307.91,0.6,0.53,2026-08-10,2055,N20,VIIRS,n,2.0NRT,288.83,1.1,N
9.28053,77.3913,310.02,0.59,0.53,2026-08-10,2055,N20,VIIRS,n,2.0NRT,289.07,0.93,N
27.72578,95.4888,331.18,0.41,0.45,2026-08-11,0625,N20,VIIRS,l,2.0NRT,301.39,6.21,D
27.773,95.53599,330.11,0.4,0.44,2026-08-11,0625,N20,VIIRS,l,2.0NRT,301.53,3.4,D
27.77858,95.54299,330.41,0.4,0.44,2026-08-11,0625,N20,VIIRS,l,2.0NRT,301.45,4.04,D
27.80815,95.56168,329.71,0.4,0.44,2026-08-11,0625,N20,VIIRS,l,2.0NRT,302.02,4.04,D
27.95623,95.60721,329.33,0.4,0.44,2026-08-11,0625,N20,VIIRS,l,2.0NRT,303.16,3.79,D
28.06727,95.37943,332.36,0.41,0.45,2026-08-11,0625,N20,VIIRS,n,2.0NRT,302.15,7.23,D
28.06329,95.35921,332.38,0.41,0.45,2026-08-11,0625,N20,VIIRS,n,2.0NRT,302.57,5.03,D
28.06248,95.35514,334.09,0.41,0.45,2026-08-11,0625,N20,VIIRS,n,2.0NRT,303.28,5.03,D
27.24228,88.3063,334.79,0.56,0.69,2026-08-11,0625,N20,VIIRS,n,2.0NRT,289.05,7.74,D
27.24037,88.29879,325.72,0.56,0.69,2026-08-11,0625,N20,VIIRS,n,2.0NRT,289.41,6.31,D
27.24048,88.30505,337.86,0.56,0.69,2026-08-11,0625,N20,VIIRS,n,2.0NRT,288.55,8.53,D
12.80698,79.95535,331.35,0.38,0.36,2026-08-11,0803,N20,VIIRS,l,2.0NRT,301.86,3.13,D
16.42483,80.22822,336.66,0.4,0.37,2026-08-11,0805,N20,VIIRS,n,2.0NRT,300.14,6.94,D
24.16899,82.62115,335.93,0.4,0.44,2026-08-11,0805,N20,VIIRS,n,2.0NRT,294.08,4.32,D
25.94187,72.19154,334,0.51,0.41,2026-08-11,0805,N20,VIIRS,n,2.0NRT,292.66,2.2,D
13.36676,80.1537,345.95,0.39,0.36,2026-08-11,0805,N20,VIIRS,n,2.0NRT,303.24,3.85,D
13.41835,80.20307,332.78,0.39,0.36,2026-08-11,0805,N20,VIIRS,n,2.0NRT,295.71,2.27,D
14.44843,77.61977,337,0.41,0.37,2026-08-11,0805,N20,VIIRS,l,2.0NRT,301.74,7.37,D
14.79032,79.71083,337.76,0.39,0.36,2026-08-11,0805,N20,VIIRS,l,2.0NRT,307.86,4.16,D
14.79469,79.71741,347.18,0.39,0.36,2026-08-11,0805,N20,VIIRS,n,2.0NRT,307.65,6.21,D
14.798,79.71689,336.59,0.39,0.36,2026-08-11,0805,N20,VIIRS,n,2.0NRT,304.42,3.3,D
15.55267,80.06813,340.26,0.39,0.36,2026-08-11,0805,N20,VIIRS,n,2.0NRT,306.64,6.58,D
15.63307,79.89992,348.35,0.39,0.36,2026-08-11,0805,N20,VIIRS,n,2.0NRT,312.43,36.14,D
15.68148,79.9514,338.38,0.39,0.36,2026-08-11,0805,N20,VIIRS,n,2.0NRT,303.04,6.19,D
15.17736,76.65829,331.25,0.43,0.38,2026-08-11,0805,N20,VIIRS,l,2.0NRT,294.65,3.42,D
15.7331,79.90997,337.28,0.39,0.36,2026-08-11,0805,N20,VIIRS,n,2.0NRT,303.13,4.5,D
16.33412,80.46732,331.58,0.4,0.37,2026-08-11,0805,N20,VIIRS,n,2.0NRT,301.36,1.98,D
16.2183,79.40965,332.77,0.39,0.36,2026-08-11,0805,N20,VIIRS,l,2.0NRT,302.94,1.93,D
16.19033,79.22364,334.87,0.38,0.36,2026-08-11,0805,N20,VIIRS,n,2.0NRT,303.11,2.61,D
16.18979,79.22009,330.28,0.38,0.36,2026-08-11,0805,N20,VIIRS,l,2.0NRT,303.52,2.61,D
16.18925,79.21652,335,0.38,0.36,2026-08-11,0805,N20,VIIRS,n,2.0NRT,303.43,4.39,D
16.19309,79.21957,331.36,0.38,0.36,2026-08-11,0805,N20,VIIRS,l,2.0NRT,304.15,2.61,D
16.77258,80.1543,338.17,0.4,0.37,2026-08-11,0805,N20,VIIRS,n,2.0NRT,299.02,4.91,D
16.93329,80.66364,331.57,0.41,0.37,2026-08-11,0805,N20,VIIRS,n,2.0NRT,298.95,2.12,D
17.09067,81.20401,330.65,0.43,0.38,2026-08-11,0805,N20,VIIRS,n,2.0NRT,296.48,2.17,D
16.86279,78.9577,331.33,0.38,0.36,2026-08-11,0805,N20,VIIRS,n,2.0NRT,296.12,1.33,D
17.14918,80.78049,336.76,0.42,0.37,2026-08-11,0805,N20,VIIRS,n,2.0NRT,298.11,2.56,D
17.23456,81.26965,334.53,0.43,0.38,2026-08-11,0805,N20,VIIRS,n,2.0NRT,294.2,4.12,D
16.90999,78.88714,334.77,0.38,0.36,2026-08-11,0805,N20,VIIRS,n,2.0NRT,297.88,4.99,D
17.1221,79.64639,337.06,0.39,0.36,2026-08-11,0805,N20,VIIRS,n,2.0NRT,301.15,5.15,D
17.95493,80.79514,330.24,0.42,0.38,2026-08-11,0805,N20,VIIRS,n,2.0NRT,297.51,4.55,D
17.9502,79.46566,342.37,0.39,0.36,2026-08-11,0805,N20,VIIRS,n,2.0NRT,299.18,3.99,D
18.7149,79.54169,330.71,0.39,0.36,2026-08-11,0805,N20,VIIRS,l,2.0NRT,301.37,3.21,D
22.35736,82.30417,338.94,0.55,0.43,2026-08-11,0807,N20,VIIRS,n,2.0NRT,294.1,6.84,D
25.56323,88.43333,295.19,0.79,0.78,2026-08-11,1851,N20,VIIRS,n,2.0NRT,284.91,9.22,N
25.56276,88.4414,295.25,0.79,0.78,2026-08-11,1851,N20,VIIRS,n,2.0NRT,285.08,8.44,N
28.66428,77.57787,311.08,0.4,0.37,2026-08-11,2032,N20,VIIRS,n,2.0NRT,292.87,3.12,N
28.37074,77.26344,310.58,0.4,0.37,2026-08-11,2032,N20,VIIRS,n,2.0NRT,293.01,1.82,N
25.03829,87.38792,312.24,0.32,0.55,2026-08-11,2032,N20,VIIRS,n,2.0NRT,289.55,1.33,N
28.35049,77.2597,307.19,0.4,0.37,2026-08-11,2032,N20,VIIRS,n,2.0NRT,293.07,1.43,N
28.2789,77.27592,309.9,0.4,0.37,2026-08-11,2032,N20,VIIRS,n,2.0NRT,293.16,1.41,N
28.34712,77.25909,311.4,0.4,0.37,2026-08-11,2032,N20,VIIRS,n,2.0NRT,292.85,1.43,N
23.68402,86.0943,308.31,0.57,0.52,2026-08-11,2034,N20,VIIRS,n,2.0NRT,286.07,3.13,N
23.78876,85.55288,309.98,0.53,0.5,2026-08-11,2034,N20,VIIRS,n,2.0NRT,284.02,1.73,N
23.78448,85.57327,301.1,0.53,0.5,2026-08-11,2034,N20,VIIRS,n,2.0NRT,280.68,1.13,N
23.67584,86.08637,306.11,0.57,0.52,2026-08-11,2034,N20,VIIRS,n,2.0NRT,285.48,4.23,N
23.66999,86.09066,303.96,0.57,0.52,2026-08-11,2034,N20,VIIRS,n,2.0NRT,284.6,1.71,N
23.69359,85.3704,315.89,0.52,0.5,2026-08-11,2034,N20,VIIRS,n,2.0NRT,285.62,2.47,N
23.69675,85.28836,307.4,0.51,0.49,2026-08-11,2034,N20,VIIRS,n,2.0NRT,285.43,1.63,N
23.65083,85.43866,318.02,0.52,0.5,2026-08-11,2034,N20,VIIRS,n,2.0NRT,281.33,2.44,N
23.64632,85.43761,311.42,0.52,0.5,2026-08-11,2034,N20,VIIRS,n,2.0NRT,281.57,2.44,N
23.8256,84.57082,297.59,0.46,0.47,2026-08-11,2034,N20,VIIRS,n,2.0NRT,276.05,0.59,N
23.65055,85.43652,311.66,0.52,0.5,2026-08-11,2034,N20,VIIRS,n,2.0NRT,281.85,2.29,N
23.64951,85.4416,316.71,0.52,0.5,2026-08-11,2034,N20,VIIRS,n,2.0NRT,281.08,2.28,N
22.38033,87.27895,323.37,0.36,0.58,2026-08-11,2034,N20,VIIRS,n,2.0NRT,287.49,1.93,N
22.3811,87.27553,304.46,0.36,0.58,2026-08-11,2034,N20,VIIRS,n,2.0NRT,286.85,3.78,N
22.37956,87.28238,306.74,0.36,0.58,2026-08-11,2034,N20,VIIRS,n,2.0NRT,287.13,1.93,N
22.37516,87.27764,305.35,0.36,0.58,2026-08-11,2034,N20,VIIRS,n,2.0NRT,287.22,1.93,N
22.37052,87.29823,305.28,0.36,0.58,2026-08-11,2034,N20,VIIRS,n,2.0NRT,286.59,1.59,N
22.38022,87.27884,326.55,0.36,0.58,2026-08-11,2034,N20,VIIRS,n,2.0NRT,287.72,2.67,N
22.37947,87.28227,312.67,0.36,0.58,2026-08-11,2034,N20,VIIRS,n,2.0NRT,287.39,2.67,N
22.37055,87.29816,306.46,0.36,0.58,2026-08-11,2034,N20,VIIRS,n,2.0NRT,286.41,1.7,N
22.36096,87.29205,303.43,0.36,0.58,2026-08-11,2034,N20,VIIRS,n,2.0NRT,286.16,1.53,N
22.05571,88.12351,308.61,0.42,0.61,2026-08-11,2034,N20,VIIRS,n,2.0NRT,273.33,2.39,N
22.05482,88.12746,303.38,0.42,0.61,2026-08-11,2034,N20,VIIRS,n,2.0NRT,273.33,2.13,N
21.96473,83.7708,299.18,0.44,0.46,2026-08-11,2034,N20,VIIRS,n,2.0NRT,278.46,1.31,N
17.95876,80.79718,309.9,0.52,0.42,2026-08-11,2034,N20,VIIRS,n,2.0NRT,292.35,2.29,N
17.95963,80.79234,310.82,0.52,0.42,2026-08-11,2034,N20,VIIRS,n,2.0NRT,291.78,2.29,N
19.10163,82.17058,303.57,0.4,0.44,2026-08-11,2034,N20,VIIRS,n,2.0NRT,289.52,0.72,N
21.00171,86.02567,299.76,0.32,0.55,2026-08-11,2034,N20,VIIRS,n,2.0NRT,275.18,1.8,N
21.23481,79.62927,307.62,0.42,0.38,2026-08-11,2034,N20,VIIRS,n,2.0NRT,288.67,1.19,N
23.48966,87.36847,299.79,0.35,0.57,2026-08-11,2034,N20,VIIRS,n,2.0NRT,279.76,0.68,N
23.48532,87.36385,304.55,0.35,0.57,2026-08-11,2034,N20,VIIRS,n,2.0NRT,283.06,0.99,N
23.70853,86.07167,334.03,0.57,0.52,2026-08-11,2034,N20,VIIRS,n,2.0NRT,286.49,5.48,N
17.03654,81.80577,297.07,0.41,0.45,2026-08-11,2036,N20,VIIRS,n,2.0NRT,273.19,0.62,N
15.024,78.01444,313.7,0.42,0.38,2026-08-11,2036,N20,VIIRS,n,2.0NRT,292.96,2.51,N
14.93165,78.33964,306.82,0.43,0.38,2026-08-11,2036,N20,VIIRS,n,2.0NRT,293.13,2.28,N
15.18492,76.6724,298.67,0.39,0.36,2026-08-11,2036,N20,VIIRS,n,2.0NRT,282.84,0.65,N
15.18219,76.66824,300.27,0.39,0.36,2026-08-11,2036,N20,VIIRS,n,2.0NRT,280.55,0.65,N
14.87312,78.05287,318.43,0.42,0.38,2026-08-11,2036,N20,VIIRS,n,2.0NRT,292.77,2.14,N
13.39343,80.10166,305.49,0.56,0.43,2026-08-11,2036,N20,VIIRS,n,2.0NRT,286.45,1.32,N
13.89893,76.56593,308.17,0.39,0.36,2026-08-11,2036,N20,VIIRS,n,2.0NRT,290.63,0.93,N
13.15991,80.28368,303.75,0.38,0.43,2026-08-11,2036,N20,VIIRS,n,2.0NRT,278.56,1.01,N
17.02847,81.78075,298.82,0.41,0.45,2026-08-11,2036,N20,VIIRS,n,2.0NRT,274.49,0.4,N
16.37022,82.32142,318.83,0.45,0.47,2026-08-11,2036,N20,VIIRS,n,2.0NRT,287.34,3.44,N
9.52236,77.44857,302.37,0.45,0.39,2026-08-11,2038,N20,VIIRS,n,2.0NRT,288.56,0.8,N
9.53981,77.45353,319.07,0.45,0.39,2026-08-11,2038,N20,VIIRS,n,2.0NRT,289.29,1.88,N
9.48627,77.62683,305.24,0.46,0.39,2026-08-11,2038,N20,VIIRS,n,2.0NRT,290.59,0.7,N
9.52275,77.44942,306.38,0.45,0.39,2026-08-11,2038,N20,VIIRS,n,2.0NRT,288.27,0.91,N
9.20908,77.63577,341.99,0.59,0.52,2026-08-12,0744,N20,VIIRS,n,2.0NRT,299.03,10.1,D
9.20449,77.60951,335.56,0.59,0.53,2026-08-12,0744,N20,VIIRS,n,2.0NRT,297.11,5.87,D
9.6383,78.88969,341.3,0.47,0.48,2026-08-12,0744,N20,VIIRS,n,2.0NRT,297.69,4.82,D
9.97957,79.08302,332.1,0.45,0.47,2026-08-12,0744,N20,VIIRS,n,2.0NRT,297.91,1.8,D
10.04167,78.29845,331.42,0.51,0.49,2026-08-12,0744,N20,VIIRS,n,2.0NRT,296.96,2.56,D
9.91037,77.56055,335.31,0.58,0.52,2026-08-12,0744,N20,VIIRS,n,2.0NRT,298.69,4.17,D
10.39741,79.03778,333.73,0.45,0.47,2026-08-12,0744,N20,VIIRS,n,2.0NRT,295.39,2.55,D
10.77627,79.65818,343,0.41,0.45,2026-08-12,0744,N20,VIIRS,n,2.0NRT,299.1,4.94,D
10.83158,79.46785,330.5,0.42,0.45,2026-08-12,0744,N20,VIIRS,n,2.0NRT,299.45,3.6,D
10.85851,78.56897,338.97,0.47,0.48,2026-08-12,0744,N20,VIIRS,n,2.0NRT,298.55,3.13,D
10.9262,78.90511,330.07,0.45,0.47,2026-08-12,0744,N20,VIIRS,l,2.0NRT,300.63,1.95,D
10.87308,78.57518,330.32,0.47,0.48,2026-08-12,0744,N20,VIIRS,n,2.0NRT,297.91,2.05,D
11.11998,79.63828,333.57,0.4,0.44,2026-08-12,0744,N20,VIIRS,n,2.0NRT,297.67,2.63,D
18.08656,81.24291,335.15,0.41,0.37,2026-08-12,0746,N20,VIIRS,n,2.0NRT,289.21,39.17,D
18.08593,81.23905,356.33,0.41,0.37,2026-08-12,0746,N20,VIIRS,l,2.0NRT,289.08,39.17,D
21.67827,84.03967,331.58,0.4,0.37,2026-08-12,0746,N20,VIIRS,n,2.0NRT,290.3,3.11,D
21.74458,83.84264,341.87,0.4,0.37,2026-08-12,0746,N20,VIIRS,n,2.0NRT,296.36,4.97,D
21.74793,83.8421,345.22,0.4,0.37,2026-08-12,0746,N20,VIIRS,n,2.0NRT,295.9,11.51,D
21.75521,83.84486,343.61,0.4,0.37,2026-08-12,0746,N20,VIIRS,n,2.0NRT,296.36,7.93,D
21.76248,83.8476,331.66,0.4,0.37,2026-08-12,0746,N20,VIIRS,n,2.0NRT,295.62,4.06,D
21.92081,83.35064,346.59,0.39,0.36,2026-08-12,0746,N20,VIIRS,n,2.0NRT,298.87,6.75,D
22.35893,82.30504,333.67,0.38,0.36,2026-08-12,0746,N20,VIIRS,n,2.0NRT,296.06,6.54,D
23.82221,84.57487,333.58,0.43,0.38,2026-08-12,0746,N20,VIIRS,n,2.0NRT,293.93,6.54,D
25.33686,83.10394,330.3,0.4,0.37,2026-08-12,0748,N20,VIIRS,l,2.0NRT,301.23,2.78,D
25.45755,83.14108,336.4,0.4,0.37,2026-08-12,0748,N20,VIIRS,n,2.0NRT,304.34,5.37,D
25.46093,83.1405,335.44,0.4,0.37,2026-08-12,0748,N20,VIIRS,n,2.0NRT,303.7,5.37,D
25.4643,83.13992,333.19,0.4,0.37,2026-08-12,0748,N20,VIIRS,n,2.0NRT,302.7,5.43,D
29.73349,78.01696,332.85,0.41,0.37,2026-08-12,0748,N20,VIIRS,l,2.0NRT,303.52,5.29,D
29.32052,74.35227,338.87,0.4,0.45,2026-08-12,0748,N20,VIIRS,n,2.0NRT,292.64,3.8,D
31.49857,75.84365,330.44,0.47,0.4,2026-08-12,0750,N20,VIIRS,l,2.0NRT,301.14,5.11,D
24.16228,82.60419,304.2,0.38,0.36,2026-08-12,2014,N20,VIIRS,n,2.0NRT,283.57,0.44,N
27.46261,95.47537,305.77,0.46,0.63,2026-08-12,2014,N20,VIIRS,n,2.0NRT,286.53,1.76,N
28.65299,77.58749,312.79,0.43,0.46,2026-08-12,2014,N20,VIIRS,n,2.0NRT,291.13,1.18,N
26.64241,79.47778,308.34,0.48,0.4,2026-08-12,2014,N20,VIIRS,n,2.0NRT,291.33,1.15,N
25.94514,72.18692,321.54,0.43,0.62,2026-08-12,2014,N20,VIIRS,n,2.0NRT,254.36,3.17,N
24.20732,82.70832,305.55,0.38,0.36,2026-08-12,2014,N20,VIIRS,n,2.0NRT,281.68,0.58,N
24.20403,82.7077,305.63,0.38,0.36,2026-08-12,2014,N20,VIIRS,n,2.0NRT,281.62,0.58,N
24.20345,82.71145,304.55,0.38,0.36,2026-08-12,2014,N20,VIIRS,n,2.0NRT,281.36,1.3,N
24.19957,82.71458,303.79,0.38,0.36,2026-08-12,2014,N20,VIIRS,n,2.0NRT,280.69,0.71,N
24.1854,82.6541,306.41,0.38,0.36,2026-08-12,2014,N20,VIIRS,n,2.0NRT,284.83,0.91,N
24.17882,82.65287,307.32,0.38,0.36,2026-08-12,2014,N20,VIIRS,n,2.0NRT,284.87,0.93,N
24.16979,82.62099,318.69,0.38,0.36,2026-08-12,2014,N20,VIIRS,n,2.0NRT,284.07,1.06,N
24.1692,82.62474,306.16,0.38,0.36,2026-08-12,2014,N20,VIIRS,n,2.0NRT,283.65,1.06,N
24.16861,82.62848,309.23,0.38,0.36,2026-08-12,2014,N20,VIIRS,n,2.0NRT,284.02,1.19,N
24.16145,82.631,302.49,0.38,0.36,2026-08-12,2014,N20,VIIRS,n,2.0NRT,283.59,0.98,N
24.13923,82.70773,305.69,0.38,0.36,2026-08-12,2014,N20,VIIRS,n,2.0NRT,283.81,0.59,N
23.82724,84.57159,297.82,0.41,0.37,2026-08-12,2014,N20,VIIRS,n,2.0NRT,267.25,0.81,N
23.8232,84.57487,301.72,0.41,0.37,2026-08-12,2014,N20,VIIRS,n,2.0NRT,266.67,0.81,N
11.76602,77.00774,317.57,0.44,0.39,2026-08-12,2017,N20,VIIRS,n,2.0NRT,280.34,1.88,N
21.2455,81.77003,307.98,0.38,0.36,2026-08-12,2017,N20,VIIRS,n,2.0NRT,289.21,1.85,N
21.21967,81.39117,307.04,0.39,0.36,2026-08-12,2017,N20,VIIRS,n,2.0NRT,289.54,0.82,N
21.1945,81.39828,317.88,0.39,0.36,2026-08-12,2017,N20,VIIRS,n,2.0NRT,289.66,2.1,N
21.18847,81.39343,306.85,0.39,0.36,2026-08-12,2017,N20,VIIRS,n,2.0NRT,290.45,1.17,N
21.18358,81.3812,311.86,0.39,0.36,2026-08-12,2017,N20,VIIRS,n,2.0NRT,289.77,0.96,N
21.18085,81.37692,303.51,0.39,0.36,2026-08-12,2017,N20,VIIRS,n,2.0NRT,287.71,0.96,N
21.33706,78.96845,302.49,0.45,0.39,2026-08-12,2017,N20,VIIRS,n,2.0NRT,282.99,0.67,N
21.24927,79.2072,305.11,0.44,0.38,2026-08-12,2017,N20,VIIRS,n,2.0NRT,284.2,1.17,N
21.24867,79.2114,303.02,0.44,0.38,2026-08-12,2017,N20,VIIRS,n,2.0NRT,284.09,0.95,N
21.24339,79.22346,305.21,0.44,0.38,2026-08-12,2017,N20,VIIRS,n,2.0NRT,284.65,1.06,N
10.6178,77.42089,304.49,0.42,0.37,2026-08-12,2017,N20,VIIRS,n,2.0NRT,284.63,0.51,N
10.92998,77.0639,306.78,0.43,0.38,2026-08-12,2017,N20,VIIRS,n,2.0NRT,281.66,0.97,N
10.92072,78.51337,318.72,0.39,0.36,2026-08-12,2017,N20,VIIRS,n,2.0NRT,284.41,1.39,N
10.92405,78.51392,312.26,0.39,0.36,2026-08-12,2017,N20,VIIRS,n,2.0NRT,283.96,1.39,N
11.15497,77.94162,302.25,0.41,0.37,2026-08-12,2017,N20,VIIRS,n,2.0NRT,282,0.49,N
22.35889,82.30314,320.33,0.38,0.36,2026-08-12,2017,N20,VIIRS,n,2.0NRT,276.69,1.44,N
22.3556,82.30254,305.44,0.38,0.36,2026-08-12,2017,N20,VIIRS,n,2.0NRT,277.28,1.44,N
22.08837,83.11952,312.44,0.39,0.36,2026-08-12,2017,N20,VIIRS,n,2.0NRT,286.71,1.96,N
22.04029,83.3499,304.76,0.39,0.36,2026-08-12,2017,N20,VIIRS,n,2.0NRT,277.92,0.99,N
22.03967,83.35366,301.84,0.39,0.36,2026-08-12,2017,N20,VIIRS,n,2.0NRT,278.65,1.25,N
21.92591,83.34019,309.86,0.39,0.36,2026-08-12,2017,N20,VIIRS,n,2.0NRT,273.82,1.13,N
21.92404,83.35147,309.96,0.39,0.36,2026-08-12,2017,N20,VIIRS,n,2.0NRT,273.67,2.05,N
21.92072,83.35084,327.23,0.39,0.36,2026-08-12,2017,N20,VIIRS,n,2.0NRT,274.68,2.05,N
21.91678,83.35397,300.5,0.39,0.36,2026-08-12,2017,N20,VIIRS,n,2.0NRT,272.91,0.45,N
21.98617,82.01643,300.01,0.38,0.36,2026-08-12,2017,N20,VIIRS,n,2.0NRT,280.39,0.58,N
21.31084,81.59235,309.73,0.39,0.36,2026-08-12,2017,N20,VIIRS,n,2.0NRT,287.69,1.27,N
21.29379,81.59311,305.98,0.39,0.36,2026-08-12,2017,N20,VIIRS,n,2.0NRT,287.1,0.81,N
8.67153,77.9933,304.22,0.39,0.36,2026-08-12,2019,N20,VIIRS,n,2.0NRT,283.63,1.2,N
15.33323,76.28339,300.09,0.53,0.42,2026-08-12,2019,N20,VIIRS,n,2.0NRT,281.15,1.13,N
15.33402,76.28646,299.45,0.52,0.42,2026-08-12,2019,N20,VIIRS,n,2.0NRT,281.96,1.35,N
14.1833,79.55907,304.67,0.39,0.36,2026-08-12,2019,N20,VIIRS,n,2.0NRT,280.86,1.34,N
12.85167,79.90427,341.34,0.38,0.36,2026-08-12,2019,N20,VIIRS,n,2.0NRT,285.65,9.3,N
25.94436,72.19416,319,0.66,0.73,2026-08-12,2153,N20,VIIRS,n,2.0NRT,274.44,1.92,N
25.9415,72.18927,302.41,0.66,0.73,2026-08-12,2153,N20,VIIRS,n,2.0NRT,269.33,2.05,N
25.93983,72.19559,309.26,0.66,0.73,2026-08-12,2153,N20,VIIRS,n,2.0NRT,271.73,2.05,N
9.61558,78.6358,334.43,0.52,0.67,2026-08-13,0724,N20,VIIRS,n,2.0NRT,288.79,3.4,D
9.88432,78.81351,331.34,0.5,0.66,2026-08-13,0724,N20,VIIRS,n,2.0NRT,290.97,3.15,D
23.67665,86.40098,333.86,0.38,0.36,2026-08-13,0729,N20,VIIRS,n,2.0NRT,294.06,4.48,D
23.67608,86.39724,331.99,0.38,0.36,2026-08-13,0729,N20,VIIRS,n,2.0NRT,292.81,5.77,D
23.68266,86.39605,333.38,0.38,0.36,2026-08-13,0729,N20,VIIRS,n,2.0NRT,292.81,3.35,D
23.68537,86.39171,330.93,0.38,0.36,2026-08-13,0729,N20,VIIRS,n,2.0NRT,292.41,3.35,D
23.71159,86.45226,346.75,0.38,0.36,2026-08-13,0729,N20,VIIRS,n,2.0NRT,295.82,8.25,D
23.75834,86.40134,333.68,0.38,0.36,2026-08-13,0729,N20,VIIRS,n,2.0NRT,294.78,4.42,D
23.76221,86.40449,340.79,0.38,0.36,2026-08-13,0729,N20,VIIRS,n,2.0NRT,294.95,4.42,D
23.7655,86.40389,339.52,0.38,0.36,2026-08-13,0729,N20,VIIRS,n,2.0NRT,294.25,5.14,D
23.77693,86.39029,334.95,0.38,0.36,2026-08-13,0729,N20,VIIRS,n,2.0NRT,293.98,3.65,D
23.78022,86.38969,334.79,0.38,0.36,2026-08-13,0729,N20,VIIRS,n,2.0NRT,294.71,3.65,D
23.79478,86.35245,333.48,0.38,0.36,2026-08-13,0729,N20,VIIRS,n,2.0NRT,291.92,3.78,D
23.8039,86.32387,339.14,0.38,0.36,2026-08-13,0729,N20,VIIRS,n,2.0NRT,291.69,5.76,D
25.2817,87.65293,335.42,0.4,0.37,2026-08-13,0729,N20,VIIRS,n,2.0NRT,294.09,2.39,D
26.89398,93.03973,342.38,0.49,0.49,2026-08-13,0729,N20,VIIRS,n,2.0NRT,293.88,6.64,D
26.93147,92.41478,342.18,0.45,0.47,2026-08-13,0729,N20,VIIRS,n,2.0NRT,293.5,6.62,D
29.06069,79.5211,330.18,0.39,0.44,2026-08-13,0731,N20,VIIRS,n,2.0NRT,297.26,3.85,D
23.76066,86.40447,303.03,0.39,0.36,2026-08-13,1955,N20,VIIRS,n,2.0NRT,286.09,0.83,N
23.75734,86.40388,307.4,0.39,0.36,2026-08-13,1955,N20,VIIRS,n,2.0NRT,285.38,1.18,N
23.75229,86.4147,299.86,0.39,0.36,2026-08-13,1955,N20,VIIRS,n,2.0NRT,284.89,1.37,N
23.76397,86.40507,300.84,0.39,0.36,2026-08-13,1955,N20,VIIRS,n,2.0NRT,285.27,0.83,N
23.69424,86.07922,300.84,0.4,0.37,2026-08-13,1955,N20,VIIRS,n,2.0NRT,284.35,0.7,N
22.06623,88.12367,330.11,0.39,0.36,2026-08-13,1955,N20,VIIRS,n,2.0NRT,290.98,3.02,N
22.06685,88.11991,311.52,0.39,0.36,2026-08-13,1955,N20,VIIRS,n,2.0NRT,290.01,2.32,N
22.06291,88.12305,322.96,0.39,0.36,2026-08-13,1955,N20,VIIRS,n,2.0NRT,290.8,7.71,N
22.06353,88.11928,312.11,0.39,0.36,2026-08-13,1955,N20,VIIRS,n,2.0NRT,290.33,5.62,N
22.05295,88.12115,313.37,0.39,0.36,2026-08-13,1955,N20,VIIRS,n,2.0NRT,290.19,1.41,N
22.05233,88.12492,307.35,0.39,0.36,2026-08-13,1955,N20,VIIRS,n,2.0NRT,290.93,1.41,N
23.76123,86.40067,307.01,0.39,0.36,2026-08-13,1955,N20,VIIRS,n,2.0NRT,284.53,0.83,N
23.69758,86.0798,298.91,0.4,0.37,2026-08-13,1955,N20,VIIRS,n,2.0NRT,284.13,0.7,N
17.06605,76.97811,296.17,0.33,0.56,2026-08-13,1957,N20,VIIRS,n,2.0NRT,268.56,0.29,N
10.44673,77.30595,329.87,0.52,0.5,2026-08-13,2000,N20,VIIRS,n,2.0NRT,269.9,4.47,N
9.93408,78.31805,302.76,0.44,0.46,2026-08-13,2000,N20,VIIRS,n,2.0NRT,277.62,0.25,N
9.30736,77.42999,306.93,0.49,0.48,2026-08-13,2000,N20,VIIRS,n,2.0NRT,285.54,2.33,N
26.26141,74.09524,303.01,0.44,0.62,2026-08-13,2136,N20,VIIRS,n,2.0NRT,287.05,0.9,N
25.80267,93.35385,332.42,0.43,0.38,2026-08-14,0709,N20,VIIRS,n,2.0NRT,297.05,3.28,D
25.99782,93.54985,346.08,0.43,0.38,2026-08-14,0709,N20,VIIRS,n,2.0NRT,291.52,6.19,D
25.78723,93.29169,333.86,0.42,0.38,2026-08-14,0709,N20,VIIRS,n,2.0NRT,297.44,2.67,D
9.67238,77.66545,340.87,0.32,0.55,2026-08-14,0845,N20,VIIRS,n,2.0NRT,295.56,5.27,D
8.89687,77.86032,347.59,0.32,0.55,2026-08-14,0845,N20,VIIRS,n,2.0NRT,291.12,4.36,D
9.48519,78.8107,351.98,0.38,0.59,2026-08-14,0845,N20,VIIRS,n,2.0NRT,292.67,7.47,D
9.41618,77.8159,341.75,0.33,0.55,2026-08-14,0845,N20,VIIRS,n,2.0NRT,292.3,4.27,D
9.61044,77.69771,330.73,0.32,0.55,2026-08-14,0845,N20,VIIRS,n,2.0NRT,294.45,1.82,D
9.84466,77.92301,334.67,0.34,0.56,2026-08-14,0845,N20,VIIRS,n,2.0NRT,294.46,3.64,D
9.84711,77.92158,338.34,0.34,0.56,2026-08-14,0845,N20,VIIRS,n,2.0NRT,294.34,6.82,D
9.89835,77.83366,350.48,0.33,0.56,2026-08-14,0845,N20,VIIRS,n,2.0NRT,294.89,4.18,D
14.38171,78.2594,338.71,0.41,0.61,2026-08-14,0848,N20,VIIRS,n,2.0NRT,287.9,4.51,D
14.38047,78.25787,334.96,0.41,0.61,2026-08-14,0848,N20,VIIRS,n,2.0NRT,288.42,4.14,D
26.76095,83.19885,295.11,0.35,0.57,2026-08-14,1936,N20,VIIRS,n,2.0NRT,264.71,0.46,N
23.48498,87.36285,306.09,0.54,0.42,2026-08-14,1938,N20,VIIRS,n,2.0NRT,273.58,0.93,N
21.37745,81.64008,295.18,0.38,0.59,2026-08-14,1938,N20,VIIRS,n,2.0NRT,271.24,1.24,N
23.56334,87.08531,298.19,0.56,0.43,2026-08-14,1938,N20,VIIRS,n,2.0NRT,271.17,0.68,N
15.18426,76.66785,297.5,0.69,0.74,2026-08-14,1940,N20,VIIRS,n,2.0NRT,273.19,3.55,N
15.18363,76.67431,295.95,0.69,0.74,2026-08-14,1940,N20,VIIRS,n,2.0NRT,273.16,2.31,N
15.17863,76.65427,300.27,0.69,0.74,2026-08-14,1940,N20,VIIRS,n,2.0NRT,276.02,3.04,N
15.1836,76.66831,298.19,0.69,0.74,2026-08-14,1940,N20,VIIRS,n,2.0NRT,273.15,0.97,N
15.18293,76.67477,296.27,0.69,0.74,2026-08-14,1940,N20,VIIRS,n,2.0NRT,273.59,0.97,N
15.17805,76.65479,300.83,0.69,0.74,2026-08-14,1940,N20,VIIRS,n,2.0NRT,276.68,2.51,N
25.94182,72.19268,312.41,0.54,0.42,2026-08-14,2118,N20,VIIRS,n,2.0NRT,290.45,1.71,N
22.93377,69.69614,312.98,0.45,0.39,2026-08-14,2118,N20,VIIRS,n,2.0NRT,288.2,2.25,N
28.01448,95.62774,334.27,0.39,0.36,2026-08-15,0652,N20,VIIRS,n,2.0NRT,297.59,4.13,D
28.15596,95.59682,334.4,0.39,0.36,2026-08-15,0652,N20,VIIRS,n,2.0NRT,295.37,3.92,D
27.96747,95.60845,330.97,0.39,0.36,2026-08-15,0652,N20,VIIRS,n,2.0NRT,300.94,7.01,D
8.72452,77.74837,332.27,0.48,0.4,2026-08-15,0828,N20,VIIRS,n,2.0NRT,299.1,2.55,D
8.71118,78.09945,330.16,0.5,0.41,2026-08-15,0828,N20,VIIRS,l,2.0NRT,300.21,2.86,D
8.72422,77.74713,332.25,0.48,0.4,2026-08-15,0828,N20,VIIRS,n,2.0NRT,299,3.01,D
8.85816,77.84985,331.43,0.48,0.4,2026-08-15,0828,N20,VIIRS,n,2.0NRT,295.32,1.75,D
8.86184,77.84931,333.46,0.48,0.4,2026-08-15,0828,N20,VIIRS,n,2.0NRT,294.96,2.34,D
8.91909,77.88136,332.02,0.49,0.4,2026-08-15,0828,N20,VIIRS,n,2.0NRT,291.9,1.8,D
8.98031,77.76226,331.28,0.48,0.4,2026-08-15,0828,N20,VIIRS,n,2.0NRT,288.1,2.1,D
9.18277,78.05066,337.67,0.5,0.41,2026-08-15,0828,N20,VIIRS,n,2.0NRT,286.37,8.23,D
9.26736,77.4988,334.12,0.47,0.4,2026-08-15,0828,N20,VIIRS,n,2.0NRT,282,4.02,D
11.74272,79.05394,330.76,0.41,0.45,2026-08-15,0828,N20,VIIRS,n,2.0NRT,283.42,2.19,D
11.91172,78.91966,334.19,0.4,0.45,2026-08-15,0828,N20,VIIRS,n,2.0NRT,278.6,5.34,D
11.9112,78.91595,340.3,0.4,0.45,2026-08-15,0828,N20,VIIRS,n,2.0NRT,280.15,7.64,D
11.94247,76.73534,346.45,0.46,0.39,2026-08-15,0828,N20,VIIRS,n,2.0NRT,296.71,5.3,D
11.94186,76.73113,345.86,0.46,0.39,2026-08-15,0828,N20,VIIRS,n,2.0NRT,296.88,5.3,D
12.45337,78.93562,331.98,0.41,0.45,2026-08-15,0828,N20,VIIRS,n,2.0NRT,300.09,2.31,D
12.45564,77.96281,332.53,0.54,0.42,2026-08-15,0828,N20,VIIRS,n,2.0NRT,292.7,13.54,D
14.04676,79.78108,332.58,0.49,0.49,2026-08-15,0828,N20,VIIRS,n,2.0NRT,295.15,3.22,D
14.66047,79.828,350.57,0.5,0.49,2026-08-15,0828,N20,VIIRS,n,2.0NRT,285.43,12.56,D
14.66441,79.82272,331.71,0.5,0.49,2026-08-15,0828,N20,VIIRS,n,2.0NRT,284.79,3.71,D
15.11341,79.33398,330.16,0.48,0.48,2026-08-15,0828,N20,VIIRS,n,2.0NRT,291.92,5.63,D
15.36085,78.26549,332.5,0.41,0.45,2026-08-15,0828,N20,VIIRS,n,2.0NRT,285.98,1.69,D
15.17854,76.65572,333.15,0.49,0.41,2026-08-15,0828,N20,VIIRS,n,2.0NRT,281.13,4.69,D
15.17682,76.6573,331.4,0.49,0.41,2026-08-15,0828,N20,VIIRS,n,2.0NRT,282.24,2.04,D
17.76806,79.02612,331.63,0.49,0.49,2026-08-15,0830,N20,VIIRS,n,2.0NRT,290.83,1.73,D
23.00243,72.25909,330.84,0.4,0.37,2026-08-15,0833,N20,VIIRS,n,2.0NRT,299.77,5.34,D
27.39485,70.48853,342.4,0.39,0.36,2026-08-15,0833,N20,VIIRS,n,2.0NRT,305.48,6.81,D
26.34472,70.91782,340.29,0.39,0.36,2026-08-15,0833,N20,VIIRS,n,2.0NRT,301.53,3.27,D
22.3657,87.30025,297.48,0.34,0.56,2026-08-15,1917,N20,VIIRS,n,2.0NRT,274.23,0.85,N
23.64931,85.43652,303.76,0.47,0.64,2026-08-15,1917,N20,VIIRS,n,2.0NRT,265.73,0.9,N
23.64725,85.43779,306.85,0.47,0.64,2026-08-15,1917,N20,VIIRS,n,2.0NRT,265.97,2.18,N
23.56076,87.08296,305.22,0.37,0.58,2026-08-15,1917,N20,VIIRS,n,2.0NRT,276.88,0.9,N
23.55642,87.2413,299.46,0.36,0.57,2026-08-15,1917,N20,VIIRS,n,2.0NRT,268.09,1.94,N
23.56204,87.23838,337.89,0.36,0.57,2026-08-15,1917,N20,VIIRS,n,2.0NRT,268.74,1.94,N
23.66566,87.15396,306.25,0.36,0.58,2026-08-15,1917,N20,VIIRS,n,2.0NRT,274.44,1.18,N
23.69037,87.12052,301.6,0.37,0.58,2026-08-15,1917,N20,VIIRS,n,2.0NRT,264.42,0.29,N
23.69243,87.099,296.99,0.37,0.58,2026-08-15,1917,N20,VIIRS,n,2.0NRT,268.97,0.41,N
23.69569,87.12117,299.62,0.37,0.58,2026-08-15,1917,N20,VIIRS,n,2.0NRT,263.13,0.4,N
22.78325,86.20175,300.43,0.41,0.61,2026-08-15,1917,N20,VIIRS,n,2.0NRT,268.66,0.97,N
23.64892,85.44108,298.01,0.47,0.64,2026-08-15,1917,N20,VIIRS,n,2.0NRT,266.17,0.9,N
26.60431,73.68452,306.06,0.4,0.37,2026-08-15,2057,N20,VIIRS,n,2.0NRT,291.11,0.92,N
25.94181,72.19147,316.16,0.38,0.36,2026-08-15,2057,N20,VIIRS,n,2.0NRT,292.88,1.97,N
29.4775,76.85964,305.44,0.47,0.4,2026-08-15,2057,N20,VIIRS,n,2.0NRT,289.88,2.17,N
26.87821,73.5162,304.01,0.39,0.36,2026-08-15,2057,N20,VIIRS,n,2.0NRT,284.33,1.08,N
26.8749,73.51551,304.76,0.39,0.36,2026-08-15,2057,N20,VIIRS,n,2.0NRT,283.94,0.8,N
18.68538,73.04238,314.54,0.44,0.38,2026-08-15,2059,N20,VIIRS,n,2.0NRT,289.93,2.03,N
21.10713,72.64651,317.55,0.41,0.37,2026-08-15,2059,N20,VIIRS,n,2.0NRT,263.15,2.64,N
23.69072,68.83242,302.62,0.43,0.38,2026-08-15,2059,N20,VIIRS,n,2.0NRT,288.23,0.99,N
9.99408,77.39984,303.54,0.37,0.58,2026-08-15,2101,N20,VIIRS,n,2.0NRT,270.96,0.58,N
11.21631,77.89581,297.11,0.38,0.58,2026-08-15,2101,N20,VIIRS,n,2.0NRT,270.39,0.42,N
11.83828,78.92923,300.05,0.43,0.62,2026-08-15,2101,N20,VIIRS,n,2.0NRT,269.3,1.43,N
11.83588,78.92783,302.58,0.43,0.62,2026-08-15,2101,N20,VIIRS,n,2.0NRT,269.27,1.25,N
13.16184,80.28695,302.34,0.5,0.66,2026-08-15,2101,N20,VIIRS,n,2.0NRT,281.67,1.69,N
14.72852,79.64909,295.51,0.43,0.62,2026-08-15,2101,N20,VIIRS,n,2.0NRT,284.39,3.81,N
14.7293,79.64517,295.15,0.43,0.62,2026-08-15,2101,N20,VIIRS,n,2.0NRT,283.88,3.81,N
11.03142,76.76571,330.82,0.41,0.37,2026-08-16,0807,N20,VIIRS,n,2.0NRT,304.13,3.21,D
11.46894,79.36105,337.89,0.39,0.36,2026-08-16,0807,N20,VIIRS,n,2.0NRT,304.16,3.28,D
10.50322,79.3697,338.78,0.39,0.36,2026-08-16,0807,N20,VIIRS,n,2.0NRT,305.03,3.9,D
10.50269,79.36618,330.64,0.39,0.36,2026-08-16,0807,N20,VIIRS,n,2.0NRT,299.39,3.9,D
10.57658,79.36148,330.5,0.39,0.36,2026-08-16,0807,N20,VIIRS,l,2.0NRT,301.8,1.54,D
10.74422,79.59622,335.18,0.39,0.36,2026-08-16,0807,N20,VIIRS,n,2.0NRT,304.39,2.48,D
10.4347,77.16103,347.16,0.4,0.37,2026-08-16,0807,N20,VIIRS,n,2.0NRT,307.88,21.89,D
10.41348,78.82151,340.48,0.38,0.36,2026-08-16,0807,N20,VIIRS,n,2.0NRT,304.38,2.78,D
11.45258,79.22929,332.83,0.39,0.36,2026-08-16,0807,N20,VIIRS,l,2.0NRT,306.72,2.22,D
9.76485,77.82865,346.29,0.39,0.36,2026-08-16,0807,N20,VIIRS,n,2.0NRT,307.51,10.08,D
9.08676,77.46812,336.03,0.4,0.37,2026-08-16,0807,N20,VIIRS,l,2.0NRT,298.85,1.83,D
11.1945,79.81895,346.37,0.4,0.37,2026-08-16,0807,N20,VIIRS,n,2.0NRT,305.63,5.9,D
11.24804,78.79435,338.86,0.38,0.36,2026-08-16,0807,N20,VIIRS,n,2.0NRT,307.42,3.28,D
10.95592,78.34754,336.49,0.38,0.36,2026-08-16,0807,N20,VIIRS,n,2.0NRT,303.39,1.51,D
11.40161,79.70566,335.52,0.4,0.37,2026-08-16,0807,N20,VIIRS,n,2.0NRT,303.15,2.48,D
11.74016,79.31474,336.37,0.39,0.36,2026-08-16,0809,N20,VIIRS,n,2.0NRT,303.34,3.33,D
12.61728,80.07069,335.41,0.41,0.37,2026-08-16,0809,N20,VIIRS,n,2.0NRT,303.58,3.68,D
15.07026,79.59407,334.89,0.41,0.37,2026-08-16,0809,N20,VIIRS,n,2.0NRT,290.55,1.91,D
14.94035,79.35041,340.04,0.41,0.37,2026-08-16,0809,N20,VIIRS,n,2.0NRT,294.95,3.9,D
14.66595,79.14565,334.9,0.4,0.37,2026-08-16,0809,N20,VIIRS,n,2.0NRT,296.56,3.04,D
17.15829,78.70078,330.48,0.4,0.37,2026-08-16,0809,N20,VIIRS,n,2.0NRT,295.32,3.02,D
14.64559,79.26608,337.61,0.4,0.37,2026-08-16,0809,N20,VIIRS,n,2.0NRT,297.22,5.44,D
13.70646,78.71186,336.81,0.39,0.36,2026-08-16,0809,N20,VIIRS,n,2.0NRT,278.73,3.36,D
11.76464,79.29637,339.61,0.39,0.36,2026-08-16,0809,N20,VIIRS,n,2.0NRT,306.59,4.33,D
11.94815,79.04884,331.42,0.39,0.36,2026-08-16,0809,N20,VIIRS,l,2.0NRT,303.77,1.2,D
12.03966,79.50204,333.34,0.39,0.37,2026-08-16,0809,N20,VIIRS,l,2.0NRT,304.85,1.93,D
12.06248,79.60943,333.28,0.4,0.37,2026-08-16,0809,N20,VIIRS,l,2.0NRT,306.16,2.52,D
12.21756,79.85431,331.85,0.4,0.37,2026-08-16,0809,N20,VIIRS,n,2.0NRT,301.67,4.79,D
12.21702,79.85063,330.12,0.4,0.37,2026-08-16,0809,N20,VIIRS,l,2.0NRT,304.45,7.94,D
12.23862,79.08592,342.84,0.39,0.36,2026-08-16,0809,N20,VIIRS,n,2.0NRT,305.46,6.83,D
12.39126,80.05555,336.82,0.41,0.37,2026-08-16,0809,N20,VIIRS,n,2.0NRT,302.91,3.27,D
12.55336,80.08884,337.4,0.41,0.37,2026-08-16,0809,N20,VIIRS,n,2.0NRT,301.82,3.09,D
23.761,86.40435,327.5,0.43,0.62,2026-08-16,0811,N20,VIIRS,n,2.0NRT,282,7.07,D
22.37585,87.28014,326.83,0.47,0.64,2026-08-16,0811,N20,VIIRS,n,2.0NRT,282.12,4.03,D
31.14698,74.88023,330.78,0.39,0.37,2026-08-16,0813,N20,VIIRS,l,2.0NRT,304.1,6.1,D
31.14972,74.87548,331.94,0.39,0.37,2026-08-16,0813,N20,VIIRS,l,2.0NRT,304.73,5.25,D
31.68795,75.85299,338.05,0.42,0.38,2026-08-16,0813,N20,VIIRS,n,2.0NRT,296.34,2.13,D
30.65545,74.09787,330.5,0.39,0.36,2026-08-16,0813,N20,VIIRS,l,2.0NRT,304.56,4.28,D
31.14149,74.88973,330.12,0.39,0.37,2026-08-16,0813,N20,VIIRS,l,2.0NRT,304.14,5.03,D
30.67159,74.11517,330.4,0.39,0.36,2026-08-16,0813,N20,VIIRS,l,2.0NRT,304.4,5.65,D
30.65448,74.15956,335.32,0.39,0.36,2026-08-16,0813,N20,VIIRS,n,2.0NRT,300.7,2.37,D
30.57894,74.01856,330.29,0.38,0.36,2026-08-16,0813,N20,VIIRS,l,2.0NRT,303.99,3.97,D
30.80121,75.47137,334.22,0.4,0.37,2026-08-16,0813,N20,VIIRS,n,2.0NRT,300.67,2.36,D
31.13776,74.91158,331.68,0.4,0.37,2026-08-16,0813,N20,VIIRS,l,2.0NRT,304.88,6.56,D
31.13501,74.91634,330.24,0.4,0.37,2026-08-16,0813,N20,VIIRS,l,2.0NRT,304.16,4.99,D
30.99395,74.52837,330.83,0.39,0.36,2026-08-16,0813,N20,VIIRS,l,2.0NRT,304.59,4.18,D
30.96451,74.44192,332.26,0.39,0.36,2026-08-16,0813,N20,VIIRS,l,2.0NRT,304.69,3.63,D
30.96061,74.43853,330.21,0.39,0.36,2026-08-16,0813,N20,VIIRS,l,2.0NRT,303.86,3.63,D
30.94833,74.42435,331.52,0.39,0.36,2026-08-16,0813,N20,VIIRS,l,2.0NRT,304.39,5.73,D
27.37898,95.33293,305.35,0.49,0.49,2026-08-16,1858,N20,VIIRS,n,2.0NRT,288.02,2.55,N
27.60829,95.40208,304.73,0.49,0.49,2026-08-16,1858,N20,VIIRS,n,2.0NRT,284.27,0.97,N
29.47517,76.85713,306.58,0.39,0.36,2026-08-16,2038,N20,VIIRS,n,2.0NRT,287.84,1.79,N
29.97257,77.51968,296.97,0.39,0.36,2026-08-16,2038,N20,VIIRS,n,2.0NRT,274.77,0.41,N
30.31769,74.11001,307.79,0.48,0.4,2026-08-16,2038,N20,VIIRS,n,2.0NRT,295.03,1.35,N
28.74395,76.92806,306.2,0.39,0.36,2026-08-16,2038,N20,VIIRS,n,2.0NRT,282.12,0.94,N
26.60652,73.68246,302.52,0.46,0.39,2026-08-16,2040,N20,VIIRS,n,2.0NRT,285.26,0.59,N
23.75692,85.85303,298.55,0.35,0.57,2026-08-16,2040,N20,VIIRS,n,2.0NRT,267.47,0.9,N
23.78708,85.55046,295.8,0.33,0.55,2026-08-16,2040,N20,VIIRS,n,2.0NRT,264.25,0.22,N
22.799,86.09106,304.14,0.38,0.58,2026-08-16,2040,N20,VIIRS,n,2.0NRT,275.29,1.56,N
21.10734,72.64365,297.15,0.45,0.39,2026-08-16,2040,N20,VIIRS,n,2.0NRT,279.26,0.92,N
21.10674,72.64793,297.73,0.45,0.39,2026-08-16,2040,N20,VIIRS,n,2.0NRT,278.21,0.92,N
21.10499,72.63452,303.79,0.45,0.39,2026-08-16,2040,N20,VIIRS,n,2.0NRT,276.64,1.95,N
27.79236,75.33102,306.99,0.41,0.37,2026-08-16,2040,N20,VIIRS,n,2.0NRT,290.27,0.82,N
27.02486,77.7508,304.76,0.39,0.36,2026-08-16,2040,N20,VIIRS,n,2.0NRT,280.78,0.45,N
26.87851,73.51432,306.08,0.47,0.4,2026-08-16,2040,N20,VIIRS,n,2.0NRT,292.43,1.78,N
15.17799,76.65668,304.93,0.43,0.38,2026-08-16,2042,N20,VIIRS,n,2.0NRT,271.26,1.34,N
17.37053,77.44719,301.84,0.44,0.38,2026-08-16,2042,N20,VIIRS,n,2.0NRT,279,0.79,N
16.14073,78.94716,301.78,0.54,0.42,2026-08-16,2042,N20,VIIRS,n,2.0NRT,283.4,0.97,N
16.6478,74.31516,317.34,0.38,0.36,2026-08-16,2042,N20,VIIRS,n,2.0NRT,289.71,1.71,N
15.3352,76.28461,305.17,0.41,0.37,2026-08-16,2042,N20,VIIRS,n,2.0NRT,284.52,0.74,N
15.17896,77.10384,300.58,0.45,0.39,2026-08-16,2042,N20,VIIRS,n,2.0NRT,276.86,1.36,N
15.22637,76.76265,304.85,0.43,0.38,2026-08-16,2042,N20,VIIRS,n,2.0NRT,278.33,0.71,N
15.659,73.98969,314.56,0.38,0.36,2026-08-16,2042,N20,VIIRS,n,2.0NRT,291.08,1.03,N
15.18358,76.66583,309.47,0.43,0.38,2026-08-16,2042,N20,VIIRS,n,2.0NRT,268.67,1.02,N
15.18013,76.66521,296.99,0.43,0.38,2026-08-16,2042,N20,VIIRS,n,2.0NRT,269.44,0.92,N
15.1788,76.67311,316.93,0.43,0.38,2026-08-16,2042,N20,VIIRS,n,2.0NRT,269.99,2.02,N
15.17814,76.67706,295.31,0.43,0.38,2026-08-16,2042,N20,VIIRS,n,2.0NRT,269.5,1.03,N
15.17549,76.69284,296.27,0.43,0.38,2026-08-16,2042,N20,VIIRS,n,2.0NRT,268.34,0.72,N
15.17454,76.65605,297.47,0.43,0.38,2026-08-16,2042,N20,VIIRS,n,2.0NRT,270.71,0.73,N
15.17104,76.3823,299.58,0.42,0.38,2026-08-16,2042,N20,VIIRS,n,2.0NRT,281.57,1.18,N
11.10944,77.769,299.08,0.54,0.42,2026-08-16,2044,N20,VIIRS,n,2.0NRT,277.5,1.21,N
10.92371,77.04568,305.87,0.5,0.41,2026-08-16,2044,N20,VIIRS,n,2.0NRT,269.63,1.28,N
12.14472,77.20074,302.06,0.49,0.4,2026-08-16,2044,N20,VIIRS,n,2.0NRT,283.55,0.38,N
9.42815,77.81285,335.1,0.44,0.46,2026-08-17,0750,N20,VIIRS,n,2.0NRT,291.53,3.04,D
9.48396,78.08734,343.99,0.42,0.45,2026-08-17,0750,N20,VIIRS,n,2.0NRT,295.37,9.93,D
9.49715,77.61008,331.37,0.45,0.47,2026-08-17,0750,N20,VIIRS,n,2.0NRT,298.36,1.59,D
9.7597,78.59876,343.24,0.39,0.44,2026-08-17,0750,N20,VIIRS,n,2.0NRT,296.8,6.23,D
9.88949,77.86798,343.7,0.43,0.46,2026-08-17,0750,N20,VIIRS,n,2.0NRT,299.3,2.61,D
10.08603,77.82216,336.11,0.43,0.46,2026-08-17,0750,N20,VIIRS,n,2.0NRT,298.8,4.04,D
8.77448,77.48844,333.78,0.48,0.48,2026-08-17,0750,N20,VIIRS,n,2.0NRT,292.85,1.97,D
10.77951,79.40924,335.92,0.51,0.41,2026-08-17,0750,N20,VIIRS,n,2.0NRT,298.88,5.01,D
9.4059,78.81127,333.92,0.38,0.43,2026-08-17,0750,N20,VIIRS,n,2.0NRT,293.47,1.5,D
9.28788,78.06084,334.52,0.43,0.46,2026-08-17,0750,N20,VIIRS,n,2.0NRT,297.66,7.84,D
15.5401,76.73624,343.71,0.41,0.45,2026-08-17,0752,N20,VIIRS,n,2.0NRT,291.32,7.74,D
21.106,72.636,308.2,0.55,0.51,2026-08-17,2021,N20,VIIRS,n,2.0NRT,288.91,3.09,N
21.10542,72.64137,305.78,0.55,0.51,2026-08-17,2021,N20,VIIRS,n,2.0NRT,288.82,1.8,N
21.10485,72.64671,312.79,0.55,0.51,2026-08-17,2021,N20,VIIRS,n,2.0NRT,289.28,1.8,N
21.10957,72.64733,310.48,0.55,0.51,2026-08-17,2021,N20,VIIRS,n,2.0NRT,289.46,1.8,N
21.10465,72.63456,332.47,0.55,0.51,2026-08-17,2021,N20,VIIRS,n,2.0NRT,289.83,7.53,N
21.10343,72.64525,304.25,0.55,0.51,2026-08-17,2021,N20,VIIRS,n,2.0NRT,288.69,2.68,N
19.92939,79.12095,304.87,0.39,0.36,2026-08-17,2021,N20,VIIRS,n,2.0NRT,284.16,0.89,N
21.10814,72.64586,321.87,0.55,0.51,2026-08-17,2021,N20,VIIRS,n,2.0NRT,289.32,2.68,N
11.81497,77.91559,307.82,0.38,0.36,2026-08-17,2023,N20,VIIRS,n,2.0NRT,292.96,1.47,N
17.06293,76.98039,297.19,0.43,0.38,2026-08-17,2023,N20,VIIRS,n,2.0NRT,270.52,0.61,N
15.024,78.01602,297.98,0.39,0.36,2026-08-17,2023,N20,VIIRS,n,2.0NRT,266.19,0.94,N
15.17657,76.67589,305.77,0.42,0.38,2026-08-17,2023,N20,VIIRS,n,2.0NRT,269.17,1.38,N
15.17424,76.69157,301.98,0.42,0.38,2026-08-17,2023,N20,VIIRS,n,2.0NRT,268.52,0.85,N
15.17603,76.65577,304.84,0.42,0.38,2026-08-17,2023,N20,VIIRS,n,2.0NRT,269.55,1.07,N
13.39219,80.10155,312.05,0.4,0.37,2026-08-17,2023,N20,VIIRS,n,2.0NRT,292.44,2.93,N
13.22706,80.0965,314.08,0.4,0.37,2026-08-17,2023,N20,VIIRS,n,2.0NRT,292.69,3.28,N
12.74496,77.61843,307.09,0.39,0.36,2026-08-17,2023,N20,VIIRS,n,2.0NRT,289.02,1.12,N
11.81827,77.91612,316.62,0.38,0.36,2026-08-17,2023,N20,VIIRS,n,2.0NRT,292.79,1.47,N
11.81772,77.91962,308.04,0.38,0.36,2026-08-17,2023,N20,VIIRS,n,2.0NRT,292.5,1.47,N
11.81057,77.92205,307.43,0.38,0.36,2026-08-17,2023,N20,VIIRS,n,2.0NRT,293.45,1.86,N
11.81002,77.92554,319.98,0.38,0.36,2026-08-17,2023,N20,VIIRS,n,2.0NRT,292.76,1.86,N
11.46036,79.0536,309.79,0.39,0.36,2026-08-17,2023,N20,VIIRS,n,2.0NRT,292.95,2.88,N
11.12606,79.288,312.9,0.4,0.37,2026-08-17,2023,N20,VIIRS,n,2.0NRT,291.84,3.61,N
10.91836,78.14628,325.39,0.38,0.36,2026-08-17,2023,N20,VIIRS,n,2.0NRT,293.08,3.69,N
10.93194,77.06419,307.67,0.39,0.36,2026-08-17,2023,N20,VIIRS,n,2.0NRT,291.45,1.06,N
10.92198,77.06261,304.11,0.39,0.36,2026-08-17,2023,N20,VIIRS,n,2.0NRT,291.46,0.57,N
10.65612,78.70348,309.85,0.39,0.36,2026-08-17,2023,N20,VIIRS,n,2.0NRT,292.85,2.76,N
10.3618,77.1484,322.49,0.39,0.36,2026-08-17,2025,N20,VIIRS,n,2.0NRT,290.47,1.87,N
9.20862,77.45641,307.69,0.38,0.36,2026-08-17,2025,N20,VIIRS,n,2.0NRT,294.48,0.61,N
8.67144,77.99295,313.03,0.39,0.36,2026-08-17,2025,N20,VIIRS,n,2.0NRT,294.47,1.66,N
8.64393,77.83443,332.19,0.48,0.65,2026-08-18,0729,N20,VIIRS,n,2.0NRT,296.37,3.67,D
8.64255,77.83568,333.36,0.48,0.65,2026-08-18,0729,N20,VIIRS,n,2.0NRT,296.06,4.54,D
8.88035,77.79259,330.85,0.48,0.64,2026-08-18,0729,N20,VIIRS,n,2.0NRT,296.52,1.59,D
8.87058,77.64359,367,0.49,0.65,2026-08-18,0729,N20,VIIRS,h,2.0NRT,297.1,8.71,D
8.92457,77.53795,337.15,0.5,0.65,2026-08-18,0729,N20,VIIRS,n,2.0NRT,294.55,2.19,D
8.92738,77.53544,339.7,0.5,0.65,2026-08-18,0729,N20,VIIRS,n,2.0NRT,295.17,4.49,D
9.35471,78.81271,334.23,0.4,0.6,2026-08-18,0729,N20,VIIRS,n,2.0NRT,294.11,2.48,D
9.34194,78.71105,330.19,0.4,0.6,2026-08-18,0729,N20,VIIRS,n,2.0NRT,295.92,0.99,D
9.27297,77.61015,333.52,0.48,0.65,2026-08-18,0729,N20,VIIRS,n,2.0NRT,298.23,3.71,D
12.51511,80.06248,336.83,0.57,0.52,2026-08-18,0731,N20,VIIRS,n,2.0NRT,294.89,4.94,D
9.48994,78.58805,334.45,0.41,0.61,2026-08-18,0731,N20,VIIRS,n,2.0NRT,295.68,2.85,D
9.30694,77.47687,333.3,0.49,0.65,2026-08-18,0731,N20,VIIRS,n,2.0NRT,297.46,1.9,D
9.38653,77.3917,345.28,0.5,0.66,2026-08-18,0731,N20,VIIRS,n,2.0NRT,294.66,9.49,D
9.41546,77.51305,349.04,0.49,0.65,2026-08-18,0731,N20,VIIRS,n,2.0NRT,298.06,8.05,D
9.74118,78.35052,336.33,0.42,0.61,2026-08-18,0731,N20,VIIRS,n,2.0NRT,297.01,2.85,D
9.74047,78.34674,334.46,0.42,0.61,2026-08-18,0731,N20,VIIRS,n,2.0NRT,296.37,2.85,D
10.14966,79.14445,340.25,0.37,0.58,2026-08-18,0731,N20,VIIRS,n,2.0NRT,296.01,1.94,D
10.27211,78.84418,330.88,0.38,0.59,2026-08-18,0731,N20,VIIRS,n,2.0NRT,297.13,3.58,D
10.12096,77.56938,336.63,0.47,0.64,2026-08-18,0731,N20,VIIRS,n,2.0NRT,292.6,2.67,D
10.56221,79.45248,342,0.34,0.56,2026-08-18,0731,N20,VIIRS,n,2.0NRT,296.58,5.73,D
10.47282,78.95932,337.07,0.37,0.58,2026-08-18,0731,N20,VIIRS,n,2.0NRT,294.19,1.61,D
10.53808,79.23013,334.54,0.36,0.57,2026-08-18,0731,N20,VIIRS,n,2.0NRT,296.45,2.3,D
10.56489,79.45138,339.99,0.34,0.56,2026-08-18,0731,N20,VIIRS,n,2.0NRT,296.58,4.4,D
10.47191,78.95943,336.3,0.37,0.58,2026-08-18,0731,N20,VIIRS,n,2.0NRT,293.49,1.58,D
10.53918,79.22962,334.6,0.35,0.57,2026-08-18,0731,N20,VIIRS,n,2.0NRT,295.97,2.23,D
10.60104,79.33244,333.63,0.35,0.57,2026-08-18,0731,N20,VIIRS,n,2.0NRT,294.01,1.96,D
10.57066,77.79511,332.07,0.44,0.63,2026-08-18,0731,N20,VIIRS,n,2.0NRT,295.78,1.86,D
10.77641,78.64904,336.14,0.38,0.59,2026-08-18,0731,N20,VIIRS,n,2.0NRT,292.89,4.65,D
10.98911,79.11748,333.48,0.35,0.57,2026-08-18,0731,N20,VIIRS,n,2.0NRT,294,1.7,D
10.87521,77.78659,331.65,0.44,0.62,2026-08-18,0731,N20,VIIRS,n,2.0NRT,293.08,1.33,D
10.98517,78.24707,335.45,0.41,0.6,2026-08-18,0731,N20,VIIRS,n,2.0NRT,293.1,2.76,D
11.14397,78.58115,334.84,0.38,0.59,2026-08-18,0731,N20,VIIRS,n,2.0NRT,293.79,2.38,D
11.70979,78.74386,335.07,0.37,0.58,2026-08-18,0731,N20,VIIRS,n,2.0NRT,294.06,4.04,D
11.7348,78.6478,335.23,0.37,0.58,2026-08-18,0731,N20,VIIRS,n,2.0NRT,294.08,4.37,D
12.51642,80.06522,336.02,0.57,0.52,2026-08-18,0731,N20,VIIRS,n,2.0NRT,291.75,6.83,D
12.14322,77.04446,333.76,0.47,0.64,2026-08-18,0731,N20,VIIRS,n,2.0NRT,291.29,5.26,D
12.9239,78.28851,330.52,0.37,0.58,2026-08-18,0731,N20,VIIRS,n,2.0NRT,282.57,3.9,D
13.17513,78.8025,341.1,0.34,0.56,2026-08-18,0731,N20,VIIRS,n,2.0NRT,286.19,4.42,D
13.37215,78.61613,339.53,0.35,0.57,2026-08-18,0731,N20,VIIRS,n,2.0NRT,287.75,2.63,D
13.82664,79.285,334.08,0.61,0.54,2026-08-18,0731,N20,VIIRS,n,2.0NRT,292.09,7.61,D
13.82569,79.28007,340.25,0.61,0.54,2026-08-18,0731,N20,VIIRS,n,2.0NRT,293.6,7.61,D
14.02898,79.94829,333.71,0.55,0.51,2026-08-18,0731,N20,VIIRS,n,2.0NRT,295.24,3.46,D
14.0267,79.94611,331.24,0.55,0.51,2026-08-18,0731,N20,VIIRS,n,2.0NRT,294.46,4.7,D
13.98261,77.39257,337.62,0.41,0.61,2026-08-18,0731,N20,VIIRS,n,2.0NRT,286.19,4.01,D
14.41142,78.21088,342.22,0.35,0.57,2026-08-18,0731,N20,VIIRS,n,2.0NRT,292.02,4.65,D
18.72185,74.42528,328.15,0.68,0.74,2026-08-18,0913,N20,VIIRS,n,2.0NRT,287.41,3.98,D
18.72046,74.42578,328.05,0.68,0.74,2026-08-18,0913,N20,VIIRS,n,2.0NRT,287.71,4.74,D
27.37818,95.08637,309.36,0.56,0.51,2026-08-18,2000,N20,VIIRS,n,2.0NRT,288.45,2.1,N
27.32597,95.27937,305.62,0.58,0.52,2026-08-18,2000,N20,VIIRS,n,2.0NRT,288.11,2.14,N
27.22125,95.34516,305.31,0.59,0.52,2026-08-18,2000,N20,VIIRS,n,2.0NRT,288.15,1.69,N
27.31913,95.26543,309.59,0.58,0.52,2026-08-18,2000,N20,VIIRS,n,2.0NRT,288.04,2.89,N
27.60403,95.40225,310.42,0.58,0.52,2026-08-18,2000,N20,VIIRS,n,2.0NRT,288,0.98,N
28.85306,77.14323,306.41,0.35,0.57,2026-08-18,2002,N20,VIIRS,n,2.0NRT,285.71,1.07,N
23.7813,85.57607,298.28,0.38,0.36,2026-08-18,2002,N20,VIIRS,n,2.0NRT,281.82,0.41,N
27.53035,77.65999,331.65,0.32,0.54,2026-08-18,2002,N20,VIIRS,n,2.0NRT,288.29,2.97,N
28.37441,77.2247,306.28,0.35,0.56,2026-08-18,2002,N20,VIIRS,n,2.0NRT,285.45,0.33,N
28.70777,76.8554,308.89,0.37,0.58,2026-08-18,2002,N20,VIIRS,n,2.0NRT,282.13,2.04,N
21.10796,72.64498,295.71,0.56,0.69,2026-08-18,2004,N20,VIIRS,n,2.0NRT,270.75,1.01,N
9.31445,77.44357,314.49,0.39,0.44,2026-08-18,2006,N20,VIIRS,n,2.0NRT,293.05,0.99,N
9.31494,77.44009,310.01,0.39,0.44,2026-08-18,2006,N20,VIIRS,n,2.0NRT,292.23,0.73,N
10.61726,77.42172,303.89,0.4,0.44,2026-08-18,2006,N20,VIIRS,n,2.0NRT,289.28,1.33,N
10.48468,79.31949,308.8,0.47,0.4,2026-08-18,2006,N20,VIIRS,n,2.0NRT,290.09,2.3,N
10.48831,79.32004,322.7,0.47,0.4,2026-08-18,2006,N20,VIIRS,n,2.0NRT,289.91,3.84,N
11.02914,76.90601,316.92,0.44,0.46,2026-08-18,2006,N20,VIIRS,n,2.0NRT,277,1.32,N
12.66009,78.78571,301.56,0.53,0.42,2026-08-18,2006,N20,VIIRS,n,2.0NRT,281.69,0.94,N
12.65806,78.78379,305.3,0.53,0.42,2026-08-18,2006,N20,VIIRS,n,2.0NRT,284.35,1.9,N
20.79179,85.25556,332.73,0.39,0.44,2026-08-19,0714,N20,VIIRS,n,2.0NRT,292.92,4.96,D
20.79575,85.25475,342.63,0.39,0.44,2026-08-19,0714,N20,VIIRS,n,2.0NRT,292.68,8.12,D
22.36498,87.30222,339.31,0.44,0.38,2026-08-19,0716,N20,VIIRS,n,2.0NRT,297.24,8.62,D
10.93393,78.49468,330.44,0.49,0.65,2026-08-19,0852,N20,VIIRS,n,2.0NRT,292.35,1.95,D
8.63992,77.90443,337.42,0.42,0.61,2026-08-19,0852,N20,VIIRS,n,2.0NRT,293.8,6.22,D
8.63941,77.90063,339.32,0.42,0.61,2026-08-19,0852,N20,VIIRS,n,2.0NRT,294.71,6.62,D
8.64364,77.90237,344.29,0.42,0.61,2026-08-19,0852,N20,VIIRS,n,2.0NRT,293.68,4.95,D
8.64316,77.89857,330.82,0.42,0.61,2026-08-19,0852,N20,VIIRS,n,2.0NRT,293.39,3.76,D
8.74034,77.6055,340.56,0.4,0.6,2026-08-19,0852,N20,VIIRS,n,2.0NRT,293.6,239.09,D
9.52572,78.76215,341.98,0.49,0.65,2026-08-19,0852,N20,VIIRS,n,2.0NRT,285.98,5.93,D
10.74717,78.63906,334.31,0.5,0.66,2026-08-19,0852,N20,VIIRS,n,2.0NRT,290.91,5.39,D
10.95563,78.40146,332.42,0.48,0.65,2026-08-19,0852,N20,VIIRS,n,2.0NRT,292.47,4.21,D
21.10254,72.63605,333.38,0.54,0.51,2026-08-19,0856,N20,VIIRS,n,2.0NRT,287.38,4.28,D
27.31678,95.26754,311.22,0.47,0.4,2026-08-19,1942,N20,VIIRS,n,2.0NRT,289.96,2.63,N
25.61113,89.81218,317.83,0.39,0.36,2026-08-19,1942,N20,VIIRS,n,2.0NRT,290.37,2.25,N
23.67823,86.08537,303.17,0.52,0.42,2026-08-19,1945,N20,VIIRS,n,2.0NRT,276.29,1.22,N
24.92421,84.15677,303.69,0.46,0.47,2026-08-19,1945,N20,VIIRS,n,2.0NRT,286.72,1.67,N
23.69281,87.12199,307.96,0.46,0.39,2026-08-19,1945,N20,VIIRS,n,2.0NRT,289.14,2.81,N
23.6892,87.12139,312.33,0.46,0.39,2026-08-19,1945,N20,VIIRS,n,2.0NRT,290.5,3.81,N
23.78208,86.3897,300.95,0.5,0.41,2026-08-19,1945,N20,VIIRS,n,2.0NRT,263.78,0.83,N
23.68438,87.12988,307.68,0.46,0.39,2026-08-19,1945,N20,VIIRS,n,2.0NRT,290.51,2.41,N
23.77833,86.3891,307.41,0.5,0.41,2026-08-19,1945,N20,VIIRS,n,2.0NRT,261.36,1.39,N
23.76894,86.40264,303.97,0.5,0.41,2026-08-19,1945,N20,VIIRS,n,2.0NRT,264.25,0.8,N
23.76519,86.40205,300.36,0.5,0.41,2026-08-19,1945,N20,VIIRS,n,2.0NRT,264.7,0.8,N
23.76455,86.40701,301,0.5,0.41,2026-08-19,1945,N20,VIIRS,n,2.0NRT,269.02,0.8,N
23.76145,86.40147,302.7,0.5,0.41,2026-08-19,1945,N20,VIIRS,n,2.0NRT,265.64,1.01,N
23.66273,87.15408,308.91,0.46,0.39,2026-08-19,1945,N20,VIIRS,n,2.0NRT,287.34,2.05,N
23.75834,86.3959,295.73,0.5,0.41,2026-08-19,1945,N20,VIIRS,n,2.0NRT,263.94,0.45,N
23.75707,86.40581,300.21,0.5,0.41,2026-08-19,1945,N20,VIIRS,n,2.0NRT,269.31,1.01,N
23.75207,86.41506,302.77,0.5,0.41,2026-08-19,1945,N20,VIIRS,n,2.0NRT,270.27,0.91,N
23.73835,86.43285,309.16,0.5,0.41,2026-08-19,1945,N20,VIIRS,n,2.0NRT,269.96,1.3,N
23.73741,86.43033,302.84,0.5,0.41,2026-08-19,1945,N20,VIIRS,n,2.0NRT,269.96,1.1,N
23.73676,86.4352,303.04,0.5,0.41,2026-08-19,1945,N20,VIIRS,n,2.0NRT,271.82,1.1,N
23.71062,86.43102,299.96,0.5,0.41,2026-08-19,1945,N20,VIIRS,n,2.0NRT,270.53,1.47,N
23.6914,86.40305,301.88,0.5,0.41,2026-08-19,1945,N20,VIIRS,n,2.0NRT,270.52,0.98,N
23.68521,86.392,303.69,0.5,0.41,2026-08-19,1945,N20,VIIRS,n,2.0NRT,268.94,0.81,N
23.68456,86.39696,296.71,0.5,0.41,2026-08-19,1945,N20,VIIRS,n,2.0NRT,268.16,0.81,N
23.68082,86.39635,299.78,0.5,0.41,2026-08-19,1945,N20,VIIRS,n,2.0NRT,270.74,0.81,N
23.67708,86.39573,302.66,0.5,0.41,2026-08-19,1945,N20,VIIRS,n,2.0NRT,269.27,0.95,N
23.67645,86.40062,306.32,0.5,0.41,2026-08-19,1945,N20,VIIRS,n,2.0NRT,273.12,1.88,N
23.69857,86.07803,310.92,0.52,0.42,2026-08-19,1945,N20,VIIRS,n,2.0NRT,266.58,0.86,N
23.69476,86.07745,306.39,0.52,0.42,2026-08-19,1945,N20,VIIRS,n,2.0NRT,267.71,0.95,N
23.68269,86.08083,317.23,0.52,0.42,2026-08-19,1945,N20,VIIRS,n,2.0NRT,274.19,1.35,N
23.6814,86.09103,302.15,0.52,0.42,2026-08-19,1945,N20,VIIRS,n,2.0NRT,275,2.21,N
23.68076,86.09612,301.17,0.52,0.42,2026-08-19,1945,N20,VIIRS,n,2.0NRT,275.59,0.68,N
23.67504,86.11079,305.56,0.52,0.41,2026-08-19,1945,N20,VIIRS,n,2.0NRT,280.08,1.87,N
23.67935,86.08384,303.33,0.52,0.42,2026-08-19,1945,N20,VIIRS,n,2.0NRT,277.48,0.83,N
23.67219,86.10865,307.56,0.52,0.41,2026-08-19,1945,N20,VIIRS,n,2.0NRT,279.45,1.84,N
23.82895,84.57195,315.83,0.42,0.45,2026-08-19,1945,N20,VIIRS,n,2.0NRT,288.72,1.66,N
23.82477,84.57133,315.7,0.42,0.45,2026-08-19,1945,N20,VIIRS,n,2.0NRT,288.19,1.66,N
23.60963,85.675,305.59,0.55,0.42,2026-08-19,1945,N20,VIIRS,n,2.0NRT,285.06,1.24,N
23.60917,85.67301,301.79,0.55,0.42,2026-08-19,1945,N20,VIIRS,n,2.0NRT,285.24,0.84,N
22.87644,86.06029,304.74,0.51,0.41,2026-08-19,1945,N20,VIIRS,n,2.0NRT,289.8,2.45,N
22.79715,86.19865,311.6,0.5,0.41,2026-08-19,1945,N20,VIIRS,n,2.0NRT,290.38,1.42,N
22.79215,86.20784,319.15,0.5,0.41,2026-08-19,1945,N20,VIIRS,n,2.0NRT,290.83,1.51,N
22.79152,86.2127,304.03,0.5,0.41,2026-08-19,1945,N20,VIIRS,n,2.0NRT,290.42,1.51,N
22.79029,86.1926,308.82,0.5,0.41,2026-08-19,1945,N20,VIIRS,n,2.0NRT,290.55,1.92,N
22.78966,86.19751,311.22,0.5,0.41,2026-08-19,1945,N20,VIIRS,n,2.0NRT,291.55,4.37,N
22.7884,86.20729,305.8,0.5,0.41,2026-08-19,1945,N20,VIIRS,n,2.0NRT,291.01,1.51,N
22.79647,86.19669,310.02,0.5,0.41,2026-08-19,1945,N20,VIIRS,n,2.0NRT,290.31,1.57,N
22.79141,86.20586,325.08,0.5,0.41,2026-08-19,1945,N20,VIIRS,n,2.0NRT,291.18,2.63,N
22.79272,86.19611,310.55,0.5,0.41,2026-08-19,1945,N20,VIIRS,n,2.0NRT,290.67,3.17,N
22.79077,86.21069,310.22,0.5,0.41,2026-08-19,1945,N20,VIIRS,n,2.0NRT,290.82,2.89,N
22.78767,86.20531,307.42,0.5,0.41,2026-08-19,1945,N20,VIIRS,n,2.0NRT,290.98,2.63,N
22.61008,85.91367,306.4,0.52,0.41,2026-08-19,1945,N20,VIIRS,n,2.0NRT,290.52,1.7,N
22.57485,85.89123,305.64,0.52,0.41,2026-08-19,1945,N20,VIIRS,n,2.0NRT,290.95,1.39,N
22.57419,85.89626,310.24,0.52,0.41,2026-08-19,1945,N20,VIIRS,n,2.0NRT,291.29,1.39,N
22.38231,87.28905,305.9,0.44,0.39,2026-08-19,1945,N20,VIIRS,n,2.0NRT,289.6,2.32,N
22.38057,87.27562,308.73,0.44,0.39,2026-08-19,1945,N20,VIIRS,n,2.0NRT,290.21,1.9,N
22.37997,87.27991,316.34,0.44,0.39,2026-08-19,1945,N20,VIIRS,n,2.0NRT,290.91,1.9,N
22.37644,87.27934,324.04,0.44,0.39,2026-08-19,1945,N20,VIIRS,n,2.0NRT,291.37,4.93,N
22.3664,87.29961,318.07,0.44,0.39,2026-08-19,1945,N20,VIIRS,n,2.0NRT,289.19,3.15,N
22.36053,87.2899,305.78,0.44,0.39,2026-08-19,1945,N20,VIIRS,n,2.0NRT,289.23,1.49,N
22.35701,87.28933,309,0.44,0.39,2026-08-19,1945,N20,VIIRS,n,2.0NRT,289.12,1.49,N
22.36542,87.01572,306.73,0.46,0.39,2026-08-19,1945,N20,VIIRS,n,2.0NRT,290.82,1.28,N
22.36126,87.01955,308.03,0.45,0.39,2026-08-19,1945,N20,VIIRS,n,2.0NRT,291.16,1.57,N
22.36285,87.01693,313.65,0.45,0.39,2026-08-19,1945,N20,VIIRS,n,2.0NRT,291.33,1.69,N
22.06446,88.12053,311.48,0.41,0.37,2026-08-19,1945,N20,VIIRS,n,2.0NRT,290.26,2.37,N
22.05706,88.12335,313.71,0.41,0.37,2026-08-19,1945,N20,VIIRS,n,2.0NRT,290.97,2.46,N
22.05307,88.12675,310.93,0.41,0.37,2026-08-19,1945,N20,VIIRS,n,2.0NRT,291.41,2.38,N
22.13304,85.38209,304.05,0.54,0.42,2026-08-19,1945,N20,VIIRS,n,2.0NRT,289.31,1.02,N
22.05502,85.46635,301.37,0.54,0.42,2026-08-19,1945,N20,VIIRS,n,2.0NRT,287.23,0.59,N
20.9997,86.02561,309.19,0.49,0.4,2026-08-19,1945,N20,VIIRS,n,2.0NRT,290.71,1.79,N
20.99724,86.01566,322.16,0.49,0.4,2026-08-19,1945,N20,VIIRS,n,2.0NRT,290.98,2.25,N
20.97369,86.00464,317.65,0.49,0.4,2026-08-19,1945,N20,VIIRS,n,2.0NRT,291.47,2.78,N
20.96999,86.00407,327.37,0.49,0.4,2026-08-19,1945,N20,VIIRS,n,2.0NRT,291.15,2.78,N
20.96871,86.01344,307.98,0.49,0.4,2026-08-19,1945,N20,VIIRS,n,2.0NRT,291.67,2.98,N
20.96358,86.05087,315.65,0.49,0.4,2026-08-19,1945,N20,VIIRS,n,2.0NRT,290.81,2.26,N
20.95314,86.04453,320.25,0.49,0.4,2026-08-19,1945,N20,VIIRS,n,2.0NRT,290.81,4.28,N
20.95251,86.04915,314.27,0.49,0.4,2026-08-19,1945,N20,VIIRS,n,2.0NRT,291.37,2.38,N
20.94882,86.04855,324.64,0.49,0.4,2026-08-19,1945,N20,VIIRS,n,2.0NRT,290.86,2.38,N
21.07996,85.03458,307.48,0.55,0.43,2026-08-19,1945,N20,VIIRS,n,2.0NRT,290.37,2.71,N
21.07927,85.03988,310.25,0.55,0.43,2026-08-19,1945,N20,VIIRS,n,2.0NRT,290.19,2.71,N
21.07858,85.04521,309.08,0.55,0.43,2026-08-19,1945,N20,VIIRS,n,2.0NRT,289.5,1.56,N
21.07466,85.04465,304.62,0.55,0.43,2026-08-19,1945,N20,VIIRS,n,2.0NRT,289.46,1.56,N
20.98905,85.12326,304.83,0.55,0.42,2026-08-19,1945,N20,VIIRS,n,2.0NRT,289.36,1.05,N
20.97853,85.16805,305.89,0.54,0.42,2026-08-19,1945,N20,VIIRS,n,2.0NRT,289.28,1.58,N
20.97784,85.17326,306.79,0.54,0.42,2026-08-19,1945,N20,VIIRS,n,2.0NRT,289.69,2.69,N
20.97878,85.13621,305.9,0.54,0.42,2026-08-19,1945,N20,VIIRS,n,2.0NRT,289.72,3.01,N
20.96938,85.17738,324.77,0.54,0.42,2026-08-19,1945,N20,VIIRS,n,2.0NRT,289.99,2.88,N
20.97007,85.17216,318.33,0.54,0.42,2026-08-19,1945,N20,VIIRS,n,2.0NRT,289.7,2.88,N
20.96414,85.18718,329.26,0.54,0.42,2026-08-19,1945,N20,VIIRS,n,2.0NRT,290.15,2.68,N
20.96688,85.16637,309.23,0.54,0.42,2026-08-19,1945,N20,VIIRS,n,2.0NRT,289.76,3.25,N
20.96619,85.17161,317.35,0.54,0.42,2026-08-19,1945,N20,VIIRS,n,2.0NRT,289.82,2.88,N
20.96482,85.182,307.27,0.54,0.42,2026-08-19,1945,N20,VIIRS,n,2.0NRT,289.82,2.68,N
20.96231,85.17104,314.77,0.54,0.42,2026-08-19,1945,N20,VIIRS,n,2.0NRT,289.68,1.87,N
20.96163,85.17625,306.18,0.54,0.42,2026-08-19,1945,N20,VIIRS,n,2.0NRT,290.12,1.87,N
20.89102,84.9829,305.86,0.55,0.43,2026-08-19,1945,N20,VIIRS,n,2.0NRT,288.06,1.05,N
20.8871,84.98233,342.42,0.55,0.43,2026-08-19,1945,N20,VIIRS,n,2.0NRT,289.76,7.56,N
20.86612,84.99014,316.88,0.55,0.43,2026-08-19,1945,N20,VIIRS,n,2.0NRT,289.6,3.47,N
20.86544,84.99534,319,0.55,0.43,2026-08-19,1945,N20,VIIRS,n,2.0NRT,289.71,3.47,N
20.79929,85.26081,304.96,0.53,0.42,2026-08-19,1945,N20,VIIRS,n,2.0NRT,289.47,1.91,N
20.79609,85.25515,330.5,0.53,0.42,2026-08-19,1945,N20,VIIRS,n,2.0NRT,290.42,3.51,N
20.79224,85.25455,310.53,0.53,0.42,2026-08-19,1945,N20,VIIRS,n,2.0NRT,290.39,3.51,N
20.7594,85.29646,312.84,0.53,0.42,2026-08-19,1945,N20,VIIRS,n,2.0NRT,289.64,2.8,N
20.76146,85.29501,304.74,0.53,0.42,2026-08-19,1945,N20,VIIRS,n,2.0NRT,289.06,1.39,N
20.76076,85.30016,309.2,0.53,0.42,2026-08-19,1945,N20,VIIRS,n,2.0NRT,289.65,1.39,N
8.74267,77.59756,367,0.38,0.59,2026-08-19,1947,N20,VIIRS,h,2.0NRT,286.78,11.51,N
15.29888,80.01089,302.36,0.32,0.55,2026-08-19,1947,N20,VIIRS,n,2.0NRT,286.6,0.86,N
8.74219,77.60104,353.29,0.38,0.59,2026-08-19,1947,N20,VIIRS,n,2.0NRT,291.75,11.51,N
9.76584,77.51328,308.24,0.4,0.6,2026-08-19,1949,N20,VIIRS,n,2.0NRT,276.11,1.12,N
8.74455,77.59845,334.36,0.38,0.59,2026-08-19,1949,N20,VIIRS,n,2.0NRT,285.6,3.12,N
8.7441,77.60194,322.96,0.38,0.59,2026-08-19,1949,N20,VIIRS,n,2.0NRT,286.54,3.12,N
9.93454,78.31564,305.78,0.36,0.57,2026-08-19,1949,N20,VIIRS,n,2.0NRT,288.45,1.08,N
9.93416,78.31787,313.76,0.36,0.57,2026-08-19,1949,N20,VIIRS,n,2.0NRT,288.26,1.07,N
29.47378,76.85699,305.11,0.35,0.57,2026-08-19,2123,N20,VIIRS,n,2.0NRT,284.97,0.4,N
26.2566,74.0971,305.83,0.56,0.52,2026-08-19,2125,N20,VIIRS,n,2.0NRT,291.73,1.03,N
26.87804,73.51413,299.8,0.5,0.49,2026-08-19,2125,N20,VIIRS,n,2.0NRT,286.16,0.89,N
18.69369,73.04151,301.77,0.34,0.56,2026-08-19,2125,N20,VIIRS,n,2.0NRT,285.42,1.18,N
26.25852,74.09779,304.08,0.56,0.52,2026-08-19,2125,N20,VIIRS,n,2.0NRT,291.72,1.19,N
23.77547,86.367,328.11,0.57,0.52,2026-08-20,0657,N20,VIIRS,n,2.0NRT,292.36,5.74,D
23.73539,86.43382,330.07,0.56,0.52,2026-08-20,0657,N20,VIIRS,n,2.0NRT,293.01,4.75,D
23.77213,86.3663,327.08,0.57,0.52,2026-08-20,0657,N20,VIIRS,n,2.0NRT,292.7,4.99,D
23.80376,86.32996,329.87,0.57,0.52,2026-08-20,0657,N20,VIIRS,n,2.0NRT,289.93,5.71,D
26.26204,91.96658,331.64,0.41,0.37,2026-08-20,0659,N20,VIIRS,n,2.0NRT,291.51,2.87,D
14.39635,78.58465,337.63,0.53,0.5,2026-08-20,0835,N20,VIIRS,n,2.0NRT,293.35,5.12,D
8.73457,78.0784,333.92,0.41,0.45,2026-08-20,0835,N20,VIIRS,n,2.0NRT,299.67,1.92,D
8.73847,77.60493,351.61,0.38,0.43,2026-08-20,0835,N20,VIIRS,n,2.0NRT,295.21,5.83,D
8.73786,77.60059,352.24,0.57,0.43,2026-08-20,0835,N20,VIIRS,n,2.0NRT,298.64,15.4,D
8.74184,77.60004,340.6,0.57,0.43,2026-08-20,0835,N20,VIIRS,n,2.0NRT,294.04,15.4,D
8.82577,77.81587,343.95,0.39,0.44,2026-08-20,0835,N20,VIIRS,n,2.0NRT,303.01,3.89,D
8.82652,77.81555,343.01,0.4,0.44,2026-08-20,0835,N20,VIIRS,n,2.0NRT,302.65,4.05,D
9.01934,77.891,342.36,0.4,0.44,2026-08-20,0835,N20,VIIRS,n,2.0NRT,301.08,9.86,D
9.06651,77.75156,343.23,0.39,0.44,2026-08-20,0835,N20,VIIRS,n,2.0NRT,301.81,4.95,D
9.07037,77.43026,333.84,0.57,0.43,2026-08-20,0835,N20,VIIRS,n,2.0NRT,292.22,3.09,D
10.13192,77.77665,333.73,0.41,0.45,2026-08-20,0835,N20,VIIRS,n,2.0NRT,297.5,1.71,D
11.56117,79.1529,336.28,0.53,0.5,2026-08-20,0835,N20,VIIRS,n,2.0NRT,292.14,6.71,D
11.65141,79.12849,336.72,0.53,0.5,2026-08-20,0835,N20,VIIRS,n,2.0NRT,290.81,4.74,D
11.72925,78.97382,332.49,0.51,0.5,2026-08-20,0835,N20,VIIRS,n,2.0NRT,291.52,2.44,D
13.27826,79.15017,330.16,0.56,0.51,2026-08-20,0835,N20,VIIRS,n,2.0NRT,297.19,2.5,D
13.30639,76.27603,331.69,0.55,0.43,2026-08-20,0835,N20,VIIRS,n,2.0NRT,292.84,3.58,D
14.16944,77.45648,332.05,0.44,0.46,2026-08-20,0835,N20,VIIRS,n,2.0NRT,299.1,4.22,D
17.56894,75.63644,334.34,0.57,0.43,2026-08-20,0835,N20,VIIRS,n,2.0NRT,300.19,4.39,D
21.10601,72.64454,339.07,0.44,0.38,2026-08-20,0837,N20,VIIRS,n,2.0NRT,298.59,6.08,D
21.10136,72.63664,343.8,0.44,0.38,2026-08-20,0837,N20,VIIRS,n,2.0NRT,296.92,7.25,D
21.10658,72.64876,341.75,0.44,0.38,2026-08-20,0837,N20,VIIRS,n,2.0NRT,299.01,7.86,D
21.1025,72.64508,337.45,0.44,0.38,2026-08-20,0837,N20,VIIRS,n,2.0NRT,297.21,6.08,D
14.90438,77.5486,337.93,0.46,0.47,2026-08-20,0837,N20,VIIRS,n,2.0NRT,294.31,3.01,D
17.50858,82.95274,341.91,0.57,0.69,2026-08-20,0837,N20,VIIRS,n,2.0NRT,288.14,8.28,D
29.39208,74.30708,330.09,0.44,0.46,2026-08-20,0839,N20,VIIRS,l,2.0NRT,301.2,5.84,D
23.77616,85.99555,311.53,0.34,0.56,2026-08-20,1923,N20,VIIRS,n,2.0NRT,287.23,1.73,N
23.72652,86.44112,306.92,0.32,0.55,2026-08-20,1923,N20,VIIRS,n,2.0NRT,287.07,1.49,N
23.80333,86.32668,304.86,0.33,0.55,2026-08-20,1923,N20,VIIRS,n,2.0NRT,287.07,1.58,N
24.11533,86.85748,308.51,0.61,0.53,2026-08-20,1923,N20,VIIRS,n,2.0NRT,288.75,3.36,N
23.80302,86.32994,330.01,0.33,0.55,2026-08-20,1923,N20,VIIRS,n,2.0NRT,287.58,3.2,N
23.80366,86.32339,314.84,0.33,0.55,2026-08-20,1923,N20,VIIRS,n,2.0NRT,287.17,1.58,N
23.80115,86.34909,306.33,0.33,0.55,2026-08-20,1923,N20,VIIRS,n,2.0NRT,287.49,1.04,N
23.79609,86.34841,309.63,0.33,0.55,2026-08-20,1923,N20,VIIRS,n,2.0NRT,287.07,1.34,N
23.79578,86.35166,314.03,0.32,0.55,2026-08-20,1923,N20,VIIRS,n,2.0NRT,287.2,1.34,N
23.78193,86.38895,322.21,0.32,0.55,2026-08-20,1923,N20,VIIRS,n,2.0NRT,287.21,1.56,N
23.78163,86.39211,307.42,0.32,0.55,2026-08-20,1923,N20,VIIRS,n,2.0NRT,286.59,1.87,N
23.77689,86.38827,321.22,0.32,0.55,2026-08-20,1923,N20,VIIRS,n,2.0NRT,287.64,1.56,N
23.78092,86.34646,307.39,0.33,0.55,2026-08-20,1923,N20,VIIRS,n,2.0NRT,287.44,0.66,N
23.7772,86.38509,312.07,0.32,0.55,2026-08-20,1923,N20,VIIRS,n,2.0NRT,287.29,1.56,N
23.77431,86.36192,310.16,0.32,0.55,2026-08-20,1923,N20,VIIRS,n,2.0NRT,287.06,1.51,N
23.774,86.36514,319.32,0.32,0.55,2026-08-20,1923,N20,VIIRS,n,2.0NRT,287.8,1.98,N
23.77032,86.40342,316.13,0.32,0.55,2026-08-20,1923,N20,VIIRS,n,2.0NRT,287.46,1.68,N
23.76528,86.40279,322.87,0.32,0.55,2026-08-20,1923,N20,VIIRS,n,2.0NRT,287.55,1.68,N
23.76651,86.39001,306.97,0.32,0.55,2026-08-20,1923,N20,VIIRS,n,2.0NRT,287.55,1.03,N
23.7662,86.39318,306.01,0.32,0.55,2026-08-20,1923,N20,VIIRS,n,2.0NRT,287.29,1.03,N
23.76559,86.39957,304.72,0.32,0.55,2026-08-20,1923,N20,VIIRS,n,2.0NRT,286.97,2.87,N
23.76497,86.40604,316.25,0.32,0.55,2026-08-20,1923,N20,VIIRS,n,2.0NRT,287.06,1.68,N
23.69589,87.10812,307.9,0.58,0.52,2026-08-20,1923,N20,VIIRS,n,2.0NRT,286.25,1.59,N
23.69531,87.11382,304.39,0.58,0.52,2026-08-20,1923,N20,VIIRS,n,2.0NRT,285.56,1.59,N
23.69474,87.11948,307.93,0.58,0.52,2026-08-20,1923,N20,VIIRS,n,2.0NRT,284.63,3.13,N
23.76055,86.39892,317.79,0.32,0.55,2026-08-20,1923,N20,VIIRS,n,2.0NRT,287.23,1.49,N
23.76024,86.40215,311.01,0.32,0.55,2026-08-20,1923,N20,VIIRS,n,2.0NRT,287.21,2.3,N
23.68993,87.11884,307.32,0.58,0.52,2026-08-20,1923,N20,VIIRS,n,2.0NRT,285,2.71,N
23.75582,86.395,309.07,0.32,0.55,2026-08-20,1923,N20,VIIRS,n,2.0NRT,287.25,1.49,N
23.75368,86.41745,310.67,0.32,0.55,2026-08-20,1923,N20,VIIRS,n,2.0NRT,286.97,1.64,N
23.68398,87.12962,301.02,0.58,0.52,2026-08-20,1923,N20,VIIRS,n,2.0NRT,282.41,0.58,N
23.69527,87.12024,308.66,0.58,0.52,2026-08-20,1923,N20,VIIRS,n,2.0NRT,285.29,3.67,N
23.76594,86.40452,331.77,0.32,0.55,2026-08-20,1923,N20,VIIRS,n,2.0NRT,287.55,2.4,N
23.76726,86.39173,306.31,0.32,0.55,2026-08-20,1923,N20,VIIRS,n,2.0NRT,287.39,2,N
23.76627,86.40129,312.34,0.32,0.55,2026-08-20,1923,N20,VIIRS,n,2.0NRT,286.92,2.07,N
23.69046,87.1196,308.55,0.58,0.52,2026-08-20,1923,N20,VIIRS,n,2.0NRT,285.35,2.91,N
23.76123,86.40065,315.37,0.32,0.55,2026-08-20,1923,N20,VIIRS,n,2.0NRT,287.07,2.07,N
23.7609,86.40388,311.13,0.32,0.55,2026-08-20,1923,N20,VIIRS,n,2.0NRT,287.22,2.4,N
23.75686,86.39356,305.28,0.32,0.55,2026-08-20,1923,N20,VIIRS,n,2.0NRT,286.76,0.75,N
23.75653,86.39675,309.74,0.32,0.55,2026-08-20,1923,N20,VIIRS,n,2.0NRT,287.44,1.41,N
23.75455,86.41599,312.07,0.32,0.55,2026-08-20,1923,N20,VIIRS,n,2.0NRT,287.02,1.02,N
23.7492,86.41847,304.39,0.32,0.55,2026-08-20,1923,N20,VIIRS,n,2.0NRT,286.59,1.02,N
23.73754,86.43292,331.81,0.32,0.55,2026-08-20,1923,N20,VIIRS,n,2.0NRT,287.6,3.64,N
23.73785,86.42977,305.94,0.32,0.55,2026-08-20,1923,N20,VIIRS,n,2.0NRT,286.92,1.76,N
23.6622,87.15623,310.78,0.58,0.52,2026-08-20,1923,N20,VIIRS,n,2.0NRT,284.22,2.8,N
27.37876,95.0898,311.58,0.39,0.36,2026-08-20,1923,N20,VIIRS,n,2.0NRT,290.56,2.03,N
27.37922,95.33605,314.35,0.39,0.36,2026-08-20,1923,N20,VIIRS,n,2.0NRT,290.32,2.32,N
23.72341,86.42146,305.21,0.32,0.55,2026-08-20,1923,N20,VIIRS,n,2.0NRT,287.18,1.02,N
23.7215,86.44048,306.23,0.32,0.55,2026-08-20,1923,N20,VIIRS,n,2.0NRT,286.98,1.82,N
23.71838,86.42081,310.37,0.32,0.55,2026-08-20,1923,N20,VIIRS,n,2.0NRT,286.83,1.02,N
23.71616,86.44299,305.45,0.32,0.55,2026-08-20,1923,N20,VIIRS,n,2.0NRT,286.7,1.99,N
23.71552,86.44933,305.94,0.32,0.55,2026-08-20,1923,N20,VIIRS,n,2.0NRT,286.7,1.07,N
23.7152,86.4525,314.34,0.32,0.55,2026-08-20,1923,N20,VIIRS,n,2.0NRT,286.73,1.07,N
23.71304,86.42333,308.81,0.32,0.55,2026-08-20,1923,N20,VIIRS,n,2.0NRT,287.25,1.29,N
23.7105,86.44865,304.96,0.32,0.55,2026-08-20,1923,N20,VIIRS,n,2.0NRT,286.55,0.83,N
23.69101,86.38829,322.7,0.32,0.55,2026-08-20,1923,N20,VIIRS,n,2.0NRT,286.84,1.89,N
23.68566,86.39085,311.86,0.32,0.55,2026-08-20,1923,N20,VIIRS,n,2.0NRT,287.04,1.82,N
23.68534,86.39413,313.52,0.32,0.55,2026-08-20,1923,N20,VIIRS,n,2.0NRT,287.08,1.83,N
23.67999,86.39662,313.66,0.32,0.55,2026-08-20,1923,N20,VIIRS,n,2.0NRT,286.93,1.83,N
23.67969,86.39977,311.24,0.32,0.55,2026-08-20,1923,N20,VIIRS,n,2.0NRT,287.24,1.8,N
23.82971,84.56965,305.91,0.42,0.61,2026-08-20,1923,N20,VIIRS,n,2.0NRT,286.19,1,N
23.82936,84.57385,303.92,0.42,0.61,2026-08-20,1923,N20,VIIRS,n,2.0NRT,286.38,1,N
23.82405,84.56894,303.8,0.42,0.61,2026-08-20,1923,N20,VIIRS,n,2.0NRT,283.31,1,N
23.8237,84.57314,308.88,0.42,0.61,2026-08-20,1923,N20,VIIRS,n,2.0NRT,285.26,1,N
23.68428,86.08263,314.32,0.34,0.56,2026-08-20,1923,N20,VIIRS,n,2.0NRT,285.75,2.63,N
23.68335,86.0926,316.53,0.34,0.56,2026-08-20,1923,N20,VIIRS,n,2.0NRT,286.62,2,N
23.68304,86.09592,304.76,0.34,0.56,2026-08-20,1923,N20,VIIRS,n,2.0NRT,286.85,2,N
23.68038,86.0688,303.18,0.34,0.56,2026-08-20,1923,N20,VIIRS,n,2.0NRT,286.49,1.4,N
23.67882,86.0854,310.11,0.34,0.56,2026-08-20,1923,N20,VIIRS,n,2.0NRT,287.15,3.31,N
23.56148,87.23978,307.52,0.57,0.52,2026-08-20,1923,N20,VIIRS,n,2.0NRT,286.38,2.61,N
23.74441,85.50506,302.23,0.37,0.58,2026-08-20,1923,N20,VIIRS,n,2.0NRT,285.62,0.41,N
23.68715,86.08223,309.67,0.34,0.56,2026-08-20,1923,N20,VIIRS,n,2.0NRT,283.56,0.85,N
23.82678,84.57025,314.18,0.42,0.61,2026-08-20,1923,N20,VIIRS,n,2.0NRT,285.28,1.88,N
23.8264,84.57446,303.91,0.42,0.61,2026-08-20,1923,N20,VIIRS,n,2.0NRT,285.99,1.88,N
23.682,86.08169,305.22,0.34,0.56,2026-08-20,1923,N20,VIIRS,n,2.0NRT,286.21,1.24,N
23.681,86.09164,306.58,0.34,0.56,2026-08-20,1923,N20,VIIRS,n,2.0NRT,286.78,1.34,N
23.68066,86.09496,313.73,0.34,0.56,2026-08-20,1923,N20,VIIRS,n,2.0NRT,286.74,1.34,N
23.56105,87.23804,308.38,0.57,0.52,2026-08-20,1923,N20,VIIRS,n,2.0NRT,286.4,3.32,N
23.67785,86.0712,305.14,0.34,0.56,2026-08-20,1923,N20,VIIRS,n,2.0NRT,286.53,0.74,N
23.67652,86.08445,310.09,0.34,0.56,2026-08-20,1923,N20,VIIRS,n,2.0NRT,286.43,2.58,N
23.67353,86.11418,315.17,0.34,0.56,2026-08-20,1923,N20,VIIRS,n,2.0NRT,285.27,1.21,N
23.55093,87.24238,317.38,0.57,0.52,2026-08-20,1923,N20,VIIRS,n,2.0NRT,287.06,2.87,N
23.56301,87.08428,303.06,0.58,0.52,2026-08-20,1923,N20,VIIRS,n,2.0NRT,275.74,1.08,N
23.69801,85.366,296.73,0.38,0.58,2026-08-20,1923,N20,VIIRS,n,2.0NRT,280.04,0.31,N
23.50349,87.32597,308.31,0.56,0.51,2026-08-20,1923,N20,VIIRS,n,2.0NRT,287.21,3.33,N
23.65808,85.50532,300.06,0.37,0.58,2026-08-20,1923,N20,VIIRS,n,2.0NRT,283.68,0.59,N
23.64802,85.43788,324.05,0.37,0.58,2026-08-20,1923,N20,VIIRS,n,2.0NRT,285.88,1.71,N
23.64835,85.43425,310.77,0.37,0.58,2026-08-20,1923,N20,VIIRS,n,2.0NRT,285.22,1.71,N
23.6707,84.99498,307.3,0.4,0.6,2026-08-20,1923,N20,VIIRS,n,2.0NRT,285.14,0.93,N
23.65019,85.43918,324.83,0.37,0.58,2026-08-20,1923,N20,VIIRS,n,2.0NRT,286.56,2.15,N
23.65054,85.43557,314.67,0.37,0.58,2026-08-20,1923,N20,VIIRS,n,2.0NRT,286.01,2.15,N
23.67049,84.99657,305.79,0.4,0.6,2026-08-20,1923,N20,VIIRS,n,2.0NRT,284.66,1.03,N
23.66463,84.99976,307.31,0.4,0.6,2026-08-20,1923,N20,VIIRS,n,2.0NRT,285.3,1.03,N
21.75551,84.02298,307.28,0.43,0.62,2026-08-20,1925,N20,VIIRS,n,2.0NRT,285.65,2.89,N
21.76537,85.57951,300.29,0.34,0.56,2026-08-20,1925,N20,VIIRS,n,2.0NRT,283.07,0.27,N
21.75726,84.02222,306.22,0.44,0.62,2026-08-20,1925,N20,VIIRS,n,2.0NRT,284.72,2.91,N
21.9578,83.80929,296.81,0.45,0.63,2026-08-20,1925,N20,VIIRS,n,2.0NRT,280.96,1.43,N
14.82725,79.30776,303.63,0.74,0.76,2026-08-20,1928,N20,VIIRS,n,2.0NRT,281.95,7.02,N
14.82782,79.30177,314.69,0.74,0.76,2026-08-20,1928,N20,VIIRS,n,2.0NRT,281.43,8.66,N
14.8294,79.30762,307.16,0.74,0.76,2026-08-20,1928,N20,VIIRS,n,2.0NRT,281.66,4.55,N
14.83003,79.30145,306.86,0.74,0.76,2026-08-20,1928,N20,VIIRS,n,2.0NRT,282,4.55,N
29.91172,74.95081,329.68,0.45,0.39,2026-08-20,2104,N20,VIIRS,n,2.0NRT,292.2,4.24,N
25.94392,72.19305,308.63,0.4,0.37,2026-08-20,2104,N20,VIIRS,n,2.0NRT,294.94,1.41,N
26.87785,73.51696,306.36,0.43,0.38,2026-08-20,2104,N20,VIIRS,n,2.0NRT,293.02,1.67,N
26.92761,73.46851,305.3,0.43,0.38,2026-08-20,2104,N20,VIIRS,n,2.0NRT,293.19,1.38,N
27.28837,73.83765,305.67,0.44,0.38,2026-08-20,2104,N20,VIIRS,n,2.0NRT,293.91,1.14,N
28.74485,76.92733,310.37,0.39,0.44,2026-08-20,2104,N20,VIIRS,n,2.0NRT,289.47,3.42,N
29.45761,76.86263,303.86,0.56,0.43,2026-08-20,2104,N20,VIIRS,n,2.0NRT,289.03,4.13,N
29.46148,76.86364,305.65,0.56,0.43,2026-08-20,2104,N20,VIIRS,n,2.0NRT,288.93,2.35,N
29.90844,74.95241,316.28,0.45,0.39,2026-08-20,2104,N20,VIIRS,n,2.0NRT,292.35,2.52,N
29.90928,74.94781,321.89,0.45,0.39,2026-08-20,2104,N20,VIIRS,n,2.0NRT,291.81,2.52,N
19.80504,78.86545,303.93,0.38,0.59,2026-08-20,2106,N20,VIIRS,n,2.0NRT,288.05,0.61,N
19.07515,73.13273,306.98,0.52,0.42,2026-08-20,2106,N20,VIIRS,n,2.0NRT,291.71,3.38,N
19.80188,78.86395,302.98,0.38,0.59,2026-08-20,2106,N20,VIIRS,n,2.0NRT,287.62,0.61,N
15.17791,77.10345,301.74,0.36,0.57,2026-08-20,2108,N20,VIIRS,n,2.0NRT,286.64,0.39,N
12.66981,76.85625,299.97,0.39,0.59,2026-08-20,2108,N20,VIIRS,n,2.0NRT,285.67,0.44,N
12.86719,78.89952,305.3,0.53,0.67,2026-08-20,2108,N20,VIIRS,n,2.0NRT,287.29,1.19,N
12.86819,78.8947,305.74,0.53,0.67,2026-08-20,2108,N20,VIIRS,n,2.0NRT,287.18,1.19,N
15.16292,76.37949,322.52,0.32,0.55,2026-08-20,2108,N20,VIIRS,n,2.0NRT,287.29,1.52,N
15.16786,76.38057,309.06,0.32,0.55,2026-08-20,2108,N20,VIIRS,n,2.0NRT,288.35,1.52,N
15.17281,76.38165,299.71,0.32,0.55,2026-08-20,2108,N20,VIIRS,n,2.0NRT,287.56,0.64,N
15.18593,76.31431,311.46,0.32,0.54,2026-08-20,2108,N20,VIIRS,n,2.0NRT,287.59,0.7,N
15.13766,76.71173,301.79,0.34,0.56,2026-08-20,2108,N20,VIIRS,n,2.0NRT,288.15,0.52,N
15.13828,76.70865,305.75,0.34,0.56,2026-08-20,2108,N20,VIIRS,n,2.0NRT,288.36,0.52,N
15.17664,76.67516,304.87,0.34,0.56,2026-08-20,2108,N20,VIIRS,n,2.0NRT,288.55,1.09,N
15.18032,76.65672,302.56,0.34,0.56,2026-08-20,2108,N20,VIIRS,n,2.0NRT,287.32,1.33,N
11.60833,77.55147,297.2,0.45,0.63,2026-08-20,2108,N20,VIIRS,n,2.0NRT,272.73,1.03,N
15.1829,76.67016,303.73,0.34,0.56,2026-08-20,2108,N20,VIIRS,n,2.0NRT,288.06,0.72,N
15.18351,76.66707,308.7,0.34,0.56,2026-08-20,2108,N20,VIIRS,n,2.0NRT,288.07,0.72,N
9.56629,78.77435,335.88,0.4,0.37,2026-08-21,0813,N20,VIIRS,n,2.0NRT,299,5.18,D
9.36532,78.66089,339.1,0.4,0.37,2026-08-21,0813,N20,VIIRS,n,2.0NRT,308.58,6.32,D
9.36586,78.66449,340.59,0.4,0.37,2026-08-21,0813,N20,VIIRS,n,2.0NRT,308.73,6.32,D
9.34447,78.8119,345.55,0.4,0.37,2026-08-21,0813,N20,VIIRS,n,2.0NRT,309.19,6.08,D
9.3411,78.81241,343.64,0.4,0.37,2026-08-21,0813,N20,VIIRS,n,2.0NRT,307.32,6.08,D
8.6787,78.06282,340.22,0.39,0.36,2026-08-21,0813,N20,VIIRS,n,2.0NRT,305,2.79,D
9.83491,78.12406,330.57,0.39,0.36,2026-08-21,0813,N20,VIIRS,l,2.0NRT,300.74,2.45,D
9.91944,78.34734,343.05,0.39,0.36,2026-08-21,0813,N20,VIIRS,n,2.0NRT,303.09,3.79,D
9.63681,77.75274,340.17,0.39,0.36,2026-08-21,0813,N20,VIIRS,l,2.0NRT,311.74,7.12,D
9.6873,78.11195,334.47,0.39,0.36,2026-08-21,0813,N20,VIIRS,l,2.0NRT,306.88,1.97,D
9.57799,78.31016,340.05,0.39,0.36,2026-08-21,0813,N20,VIIRS,n,2.0NRT,306.7,4.79,D
9.57466,78.31066,340.16,0.39,0.36,2026-08-21,0813,N20,VIIRS,n,2.0NRT,307.06,4.64,D
9.57572,78.31776,338.87,0.39,0.36,2026-08-21,0813,N20,VIIRS,n,2.0NRT,307.25,5.01,D
9.55428,78.28836,348.21,0.39,0.36,2026-08-21,0813,N20,VIIRS,n,2.0NRT,310.48,8.67,D
9.46058,77.93517,338.91,0.39,0.36,2026-08-21,0813,N20,VIIRS,n,2.0NRT,302.82,3.24,D
9.46111,77.93867,345.08,0.39,0.36,2026-08-21,0813,N20,VIIRS,n,2.0NRT,304.15,3.24,D
9.39964,78.7998,334.22,0.4,0.37,2026-08-21,0813,N20,VIIRS,l,2.0NRT,305.01,1.97,D
9.94108,77.94887,338.99,0.39,0.36,2026-08-21,0816,N20,VIIRS,n,2.0NRT,303.92,3.52,D
9.91726,77.88062,340.62,0.39,0.36,2026-08-21,0816,N20,VIIRS,n,2.0NRT,308.69,4.56,D
10.00594,78.04284,331.05,0.39,0.36,2026-08-21,0816,N20,VIIRS,n,2.0NRT,295.84,1,D
9.91187,77.39479,333.92,0.38,0.36,2026-08-21,0816,N20,VIIRS,n,2.0NRT,302.13,1.93,D
10.04691,77.9536,333.39,0.39,0.36,2026-08-21,0816,N20,VIIRS,l,2.0NRT,303.77,6.6,D
10.05023,77.95309,347.01,0.39,0.36,2026-08-21,0816,N20,VIIRS,n,2.0NRT,303.4,6.6,D
10.0497,77.94958,347.7,0.39,0.36,2026-08-21,0816,N20,VIIRS,n,2.0NRT,305.64,6.6,D
10.40833,77.98684,340.67,0.39,0.36,2026-08-21,0816,N20,VIIRS,n,2.0NRT,298.48,3.38,D
10.42592,77.87876,341.73,0.39,0.36,2026-08-21,0816,N20,VIIRS,n,2.0NRT,308.81,7.37,D
10.40083,77.59858,336.57,0.39,0.36,2026-08-21,0816,N20,VIIRS,n,2.0NRT,306.1,2.3,D
10.84437,78.89214,337.08,0.41,0.37,2026-08-21,0816,N20,VIIRS,n,2.0NRT,303.04,1.88,D
10.82362,78.51756,333.02,0.4,0.37,2026-08-21,0816,N20,VIIRS,l,2.0NRT,305.17,2.64,D
10.86226,78.60471,335.58,0.4,0.37,2026-08-21,0816,N20,VIIRS,l,2.0NRT,306.96,5.59,D
10.90676,78.79072,337.1,0.41,0.37,2026-08-21,0816,N20,VIIRS,l,2.0NRT,308.57,3.79,D
10.8966,78.69748,336.22,0.41,0.37,2026-08-21,0816,N20,VIIRS,l,2.0NRT,306.77,3.04,D
10.8357,78.05394,340.99,0.39,0.36,2026-08-21,0816,N20,VIIRS,l,2.0NRT,311.62,4.7,D
10.8054,77.76113,340.48,0.39,0.36,2026-08-21,0816,N20,VIIRS,n,2.0NRT,309.96,4.65,D
11.10589,78.88667,338.26,0.41,0.37,2026-08-21,0816,N20,VIIRS,n,2.0NRT,303.68,1.82,D
11.10533,78.88292,337.62,0.41,0.37,2026-08-21,0816,N20,VIIRS,n,2.0NRT,304.54,1.82,D
11.10569,78.88302,340.59,0.41,0.37,2026-08-21,0816,N20,VIIRS,n,2.0NRT,304.33,3.81,D
11.1194,78.69011,339.67,0.41,0.37,2026-08-21,0816,N20,VIIRS,n,2.0NRT,309.33,7.32,D
11.04524,77.91196,345.73,0.39,0.36,2026-08-21,0816,N20,VIIRS,n,2.0NRT,302.89,4.75,D
11.21367,77.60988,338.37,0.39,0.36,2026-08-21,0816,N20,VIIRS,l,2.0NRT,308.71,4.34,D
11.25254,77.55219,338.94,0.39,0.36,2026-08-21,0816,N20,VIIRS,n,2.0NRT,306.19,4.97,D
11.17897,76.86507,331.84,0.38,0.36,2026-08-21,0816,N20,VIIRS,l,2.0NRT,302.16,3.47,D
11.34971,77.56582,335.42,0.39,0.36,2026-08-21,0816,N20,VIIRS,n,2.0NRT,304.54,2.44,D
11.42352,77.76451,339.77,0.39,0.36,2026-08-21,0816,N20,VIIRS,n,2.0NRT,303.7,3.96,D
11.42366,77.74271,337.5,0.39,0.36,2026-08-21,0816,N20,VIIRS,l,2.0NRT,308.16,3.7,D
11.71099,79.12828,348.21,0.43,0.38,2026-08-21,0816,N20,VIIRS,n,2.0NRT,307.85,30.85,D
11.71043,79.12439,333.44,0.43,0.38,2026-08-21,0816,N20,VIIRS,n,2.0NRT,303.11,8.99,D
11.52499,77.67209,339.7,0.39,0.36,2026-08-21,0816,N20,VIIRS,n,2.0NRT,306.95,5.68,D
11.52446,77.66854,337.79,0.39,0.36,2026-08-21,0816,N20,VIIRS,n,2.0NRT,307.36,5.77,D
12.05095,79.61237,343.91,0.45,0.39,2026-08-21,0816,N20,VIIRS,n,2.0NRT,301.8,5.05,D
11.81027,77.92296,343.83,0.39,0.36,2026-08-21,0816,N20,VIIRS,n,2.0NRT,307.15,3.37,D
12.31031,78.07397,331.42,0.4,0.37,2026-08-21,0816,N20,VIIRS,n,2.0NRT,300.53,2.61,D
12.72135,79.78169,335.43,0.46,0.39,2026-08-21,0816,N20,VIIRS,n,2.0NRT,298.23,3.63,D
12.79142,79.90376,332.75,0.47,0.4,2026-08-21,0816,N20,VIIRS,n,2.0NRT,296.99,2.83,D
12.85799,79.29736,334.29,0.44,0.38,2026-08-21,0816,N20,VIIRS,n,2.0NRT,297.84,3.16,D
12.86152,79.29686,336.55,0.44,0.38,2026-08-21,0816,N20,VIIRS,n,2.0NRT,298.09,8.07,D
13.09303,77.44754,334.14,0.39,0.36,2026-08-21,0816,N20,VIIRS,n,2.0NRT,298.91,2.67,D
13.26471,77.34718,341.7,0.39,0.36,2026-08-21,0816,N20,VIIRS,n,2.0NRT,300.35,19.62,D
14.60375,79.65997,333.91,0.48,0.4,2026-08-21,0816,N20,VIIRS,n,2.0NRT,293.59,5.52,D
14.68579,79.73881,336.96,0.48,0.4,2026-08-21,0816,N20,VIIRS,n,2.0NRT,301.35,2.18,D
14.68322,79.69376,341.06,0.48,0.4,2026-08-21,0816,N20,VIIRS,n,2.0NRT,303.28,7.5,D
14.68298,79.69458,344.78,0.48,0.4,2026-08-21,0816,N20,VIIRS,n,2.0NRT,303.07,6.93,D
14.72931,79.92735,336.28,0.49,0.41,2026-08-21,0816,N20,VIIRS,n,2.0NRT,299.45,3.95,D
14.73303,79.92682,336.47,0.49,0.41,2026-08-21,0816,N20,VIIRS,n,2.0NRT,297.07,3.95,D
14.72149,79.72996,336.1,0.48,0.4,2026-08-21,0816,N20,VIIRS,n,2.0NRT,299.34,3,D
14.52269,77.43584,335.59,0.4,0.37,2026-08-21,0816,N20,VIIRS,n,2.0NRT,301.68,4.98,D
15.10593,79.37793,341.84,0.47,0.4,2026-08-21,0816,N20,VIIRS,n,2.0NRT,301.9,16.95,D
15.4127,79.60164,337.37,0.48,0.4,2026-08-21,0816,N20,VIIRS,n,2.0NRT,294.92,4.21,D
15.41208,79.59715,335.37,0.48,0.4,2026-08-21,0816,N20,VIIRS,n,2.0NRT,295.13,2.69,D
15.69083,79.12525,334.57,0.46,0.39,2026-08-21,0816,N20,VIIRS,n,2.0NRT,302.75,6.67,D
15.80123,79.52772,340.5,0.49,0.4,2026-08-21,0816,N20,VIIRS,n,2.0NRT,305.68,14.67,D
15.60369,77.62315,334.52,0.41,0.37,2026-08-21,0816,N20,VIIRS,n,2.0NRT,300.52,3.09,D
16.01146,80.31809,339.73,0.54,0.42,2026-08-21,0816,N20,VIIRS,n,2.0NRT,300.01,10.58,D
15.94305,78.95891,332.2,0.46,0.39,2026-08-21,0816,N20,VIIRS,l,2.0NRT,302.9,4.95,D
16.04546,79.40362,338.7,0.48,0.4,2026-08-21,0816,N20,VIIRS,n,2.0NRT,302.96,4.21,D
16.30597,78.48191,336.18,0.44,0.38,2026-08-21,0816,N20,VIIRS,n,2.0NRT,300.5,3.14,D
16.39512,78.57832,338.95,0.44,0.39,2026-08-21,0816,N20,VIIRS,n,2.0NRT,303.23,3.81,D
16.38151,78.17361,334.6,0.43,0.38,2026-08-21,0816,N20,VIIRS,n,2.0NRT,298.72,1.71,D
15.76939,73.70415,207.93,0.42,0.38,2026-08-21,0816,N20,VIIRS,l,2.0NRT,297.41,115.94,D
15.76875,73.70028,253.68,0.42,0.38,2026-08-21,0816,N20,VIIRS,l,2.0NRT,296.55,115.94,D
15.77281,73.70358,337.78,0.42,0.38,2026-08-21,0816,N20,VIIRS,l,2.0NRT,295.82,135.46,D
16.70696,78.27788,338.78,0.44,0.38,2026-08-21,0816,N20,VIIRS,n,2.0NRT,302.8,3.8,D
17.34807,80.77615,336.74,0.4,0.44,2026-08-21,0816,N20,VIIRS,n,2.0NRT,294.6,4.11,D
17.61271,78.17559,330.62,0.44,0.38,2026-08-21,0816,N20,VIIRS,n,2.0NRT,299.31,1.89,D
18.68543,73.03734,336.4,0.42,0.37,2026-08-21,0818,N20,VIIRS,l,2.0NRT,297.7,5.13,D
18.68586,73.04067,338.76,0.42,0.37,2026-08-21,0818,N20,VIIRS,n,2.0NRT,296.96,11.47,D
18.68608,73.04124,335.45,0.42,0.37,2026-08-21,0818,N20,VIIRS,n,2.0NRT,294.98,5.13,D
25.54232,91.23663,300.15,0.34,0.56,2026-08-21,1904,N20,VIIRS,n,2.0NRT,285.37,0.68,N
22.24438,87.38752,299.85,0.54,0.68,2026-08-21,1906,N20,VIIRS,n,2.0NRT,267.89,0.61,N
24.76429,74.6105,305.21,0.38,0.36,2026-08-21,2046,N20,VIIRS,n,2.0NRT,287,0.9,N
23.31622,70.48621,306.24,0.5,0.41,2026-08-21,2046,N20,VIIRS,n,2.0NRT,292.7,2.39,N
23.31474,70.489,305.06,0.5,0.41,2026-08-21,2046,N20,VIIRS,n,2.0NRT,292.63,2.75,N
26.87782,73.51673,305.41,0.41,0.37,2026-08-21,2046,N20,VIIRS,n,2.0NRT,293.05,1.6,N
27.79147,75.33251,308.88,0.39,0.36,2026-08-21,2046,N20,VIIRS,n,2.0NRT,292.01,1.11,N
22.36782,87.30148,299.16,0.58,0.69,2026-08-21,2046,N20,VIIRS,n,2.0NRT,266.13,1.25,N
22.37672,87.2793,308.26,0.57,0.69,2026-08-21,2046,N20,VIIRS,n,2.0NRT,266.1,1.69,N
24.76488,74.60672,305.82,0.38,0.36,2026-08-21,2046,N20,VIIRS,n,2.0NRT,285.9,0.9,N
22.37936,87.28155,301.83,0.57,0.69,2026-08-21,2046,N20,VIIRS,n,2.0NRT,266.54,1.29,N
26.60544,73.68332,305.83,0.4,0.37,2026-08-21,2046,N20,VIIRS,n,2.0NRT,291.23,0.72,N
24.92892,84.14816,300.73,0.32,0.55,2026-08-21,2046,N20,VIIRS,n,2.0NRT,280.9,0.96,N
23.66717,87.15483,301.16,0.53,0.67,2026-08-21,2046,N20,VIIRS,n,2.0NRT,271.52,1.35,N
23.66597,87.15978,298.35,0.53,0.67,2026-08-21,2046,N20,VIIRS,n,2.0NRT,271.36,1.35,N
23.79865,86.35276,296.89,0.47,0.64,2026-08-21,2046,N20,VIIRS,n,2.0NRT,264.93,0.6,N
23.80517,86.32483,299.37,0.47,0.64,2026-08-21,2046,N20,VIIRS,n,2.0NRT,271.31,0.59,N
23.67524,86.10297,304.36,0.45,0.63,2026-08-21,2046,N20,VIIRS,n,2.0NRT,276.44,1.08,N
24.93433,74.63345,309.55,0.38,0.36,2026-08-21,2046,N20,VIIRS,n,2.0NRT,284.89,1.19,N
22.38068,87.27615,299.45,0.57,0.69,2026-08-21,2046,N20,VIIRS,n,2.0NRT,267.45,1.29,N
16.87272,80.02097,306.6,0.51,0.49,2026-08-21,2049,N20,VIIRS,n,2.0NRT,290.31,2.46,N
17.37239,77.44447,303.3,0.52,0.42,2026-08-21,2049,N20,VIIRS,n,2.0NRT,290.53,1.08,N
17.29276,78.40978,307.97,0.39,0.44,2026-08-21,2049,N20,VIIRS,n,2.0NRT,289.78,0.63,N
10.24804,77.21256,317.5,0.43,0.46,2026-08-21,2051,N20,VIIRS,n,2.0NRT,276.18,3.35,N
10.24693,77.2189,300.98,0.43,0.46,2026-08-21,2051,N20,VIIRS,n,2.0NRT,275.38,1.08,N
10.24635,77.22222,299.68,0.43,0.46,2026-08-21,2051,N20,VIIRS,n,2.0NRT,272.77,1.08,N
10.24284,77.21765,304.8,0.43,0.46,2026-08-21,2051,N20,VIIRS,n,2.0NRT,270.71,1.08,N
10.04989,77.95342,306.01,0.49,0.48,2026-08-21,2051,N20,VIIRS,n,2.0NRT,271.05,1.5,N
10.09197,77.23583,313.81,0.44,0.46,2026-08-21,2051,N20,VIIRS,n,2.0NRT,274.71,1.44,N
10.0881,77.23328,303.94,0.44,0.46,2026-08-21,2051,N20,VIIRS,n,2.0NRT,273.18,1.44,N
9.25068,77.32387,328.2,0.46,0.47,2026-08-21,2051,N20,VIIRS,n,2.0NRT,282.69,2.05,N
9.24611,77.32486,312.59,0.46,0.47,2026-08-21,2051,N20,VIIRS,n,2.0NRT,283.36,2.05,N
8.74148,77.59866,313.01,0.48,0.48,2026-08-21,2051,N20,VIIRS,n,2.0NRT,287.05,2.36,N
10.24748,77.21574,338.27,0.43,0.46,2026-08-21,2051,N20,VIIRS,n,2.0NRT,278.81,3.35,N
15.34147,76.27382,319.07,0.48,0.4,2026-08-21,2051,N20,VIIRS,n,2.0NRT,288.03,1.78,N
15.34123,76.27532,314.56,0.48,0.4,2026-08-21,2051,N20,VIIRS,n,2.0NRT,288.28,1.74,N
15.33759,76.27462,307.51,0.48,0.4,2026-08-21,2051,N20,VIIRS,n,2.0NRT,287.9,1.74,N
15.33529,76.28797,301.39,0.48,0.4,2026-08-21,2051,N20,VIIRS,n,2.0NRT,287.79,0.81,N
15.0239,78.01542,303.84,0.41,0.45,2026-08-21,2051,N20,VIIRS,n,2.0NRT,280.19,0.69,N
15.17806,77.1027,300.75,0.54,0.42,2026-08-21,2051,N20,VIIRS,n,2.0NRT,284.82,1.27,N
15.17424,77.10195,302.77,0.54,0.42,2026-08-21,2051,N20,VIIRS,n,2.0NRT,284.43,1.03,N
15.226,76.76328,314.41,0.51,0.41,2026-08-21,2051,N20,VIIRS,n,2.0NRT,286.96,1.85,N
15.65858,73.9884,298.11,0.4,0.37,2026-08-21,2051,N20,VIIRS,n,2.0NRT,285.78,0.84,N
15.1848,76.66843,312.5,0.51,0.41,2026-08-21,2051,N20,VIIRS,n,2.0NRT,289.81,1.6,N
15.18107,76.66773,327.9,0.51,0.41,2026-08-21,2051,N20,VIIRS,n,2.0NRT,290.89,2.05,N
15.18605,76.63982,311.57,0.51,0.41,2026-08-21,2051,N20,VIIRS,n,2.0NRT,289.8,2.21,N
15.18023,76.67239,304.81,0.51,0.41,2026-08-21,2051,N20,VIIRS,n,2.0NRT,290.12,2.05,N
15.17984,76.65304,303.59,0.51,0.41,2026-08-21,2051,N20,VIIRS,n,2.0NRT,290.03,2.44,N
15.17901,76.65769,314.31,0.51,0.41,2026-08-21,2051,N20,VIIRS,n,2.0NRT,290.62,2.73,N
15.17567,76.67632,307.26,0.51,0.41,2026-08-21,2051,N20,VIIRS,n,2.0NRT,290.1,2.05,N
15.17318,76.69025,309.94,0.51,0.41,2026-08-21,2051,N20,VIIRS,n,2.0NRT,290.03,1.05,N
15.17528,76.65698,318.44,0.51,0.41,2026-08-21,2051,N20,VIIRS,n,2.0NRT,291.38,3.34,N
15.17028,76.68485,304.26,0.51,0.41,2026-08-21,2051,N20,VIIRS,n,2.0NRT,290.14,0.55,N
15.16905,76.6702,304.24,0.51,0.41,2026-08-21,2051,N20,VIIRS,n,2.0NRT,290.75,1.59,N
15.17469,76.65448,311.08,0.51,0.41,2026-08-21,2051,N20,VIIRS,n,2.0NRT,290.84,1.16,N
15.13799,76.7103,303.41,0.51,0.41,2026-08-21,2051,N20,VIIRS,n,2.0NRT,290.44,0.82,N
15.072,76.86435,304.88,0.52,0.42,2026-08-21,2051,N20,VIIRS,n,2.0NRT,290.77,1.57,N
10.25207,77.21416,309.08,0.43,0.46,2026-08-21,2051,N20,VIIRS,n,2.0NRT,277.14,1.82,N
10.25036,77.22395,296.03,0.43,0.46,2026-08-21,2051,N20,VIIRS,n,2.0NRT,276.56,1.04,N
9.20352,78.30371,333.68,0.5,0.41,2026-08-22,0756,N20,VIIRS,n,2.0NRT,302.82,1.62,D
9.2829,77.33524,345.97,0.57,0.43,2026-08-22,0756,N20,VIIRS,n,2.0NRT,294.58,17.53,D
9.28679,77.33433,330.81,0.57,0.43,2026-08-22,0756,N20,VIIRS,n,2.0NRT,293.38,6.25,D
9.29291,77.32247,336.47,0.57,0.43,2026-08-22,0756,N20,VIIRS,n,2.0NRT,293.93,11.93,D
9.2991,77.3353,337.3,0.57,0.43,2026-08-22,0756,N20,VIIRS,n,2.0NRT,294.32,5.79,D
10.95061,76.98169,331.47,0.56,0.43,2026-08-22,0756,N20,VIIRS,n,2.0NRT,290.59,2.18,D
11.32219,78.36883,334.58,0.47,0.4,2026-08-22,0756,N20,VIIRS,n,2.0NRT,297.03,10.39,D
11.77874,79.49855,330.79,0.42,0.37,2026-08-22,0756,N20,VIIRS,l,2.0NRT,296.19,3.48,D
11.72647,78.68995,333.28,0.45,0.39,2026-08-22,0756,N20,VIIRS,n,2.0NRT,299.04,3.48,D
12.45388,79.08898,334.18,0.42,0.38,2026-08-22,0756,N20,VIIRS,l,2.0NRT,305.99,3.62,D
15.20262,77.16927,336.63,0.48,0.4,2026-08-22,0758,N20,VIIRS,l,2.0NRT,297.13,11,D
15.20626,77.16861,336.29,0.48,0.4,2026-08-22,0758,N20,VIIRS,l,2.0NRT,295.59,8.04,D
15.2055,77.16421,342.71,0.48,0.4,2026-08-22,0758,N20,VIIRS,n,2.0NRT,297.27,11.1,D
27.42161,70.90594,342.23,0.46,0.47,2026-08-22,0801,N20,VIIRS,n,2.0NRT,303.25,4.14,D
27.43431,70.793,336.22,0.46,0.47,2026-08-22,0801,N20,VIIRS,n,2.0NRT,303.02,4.25,D
29.45857,76.8695,339.11,0.38,0.36,2026-08-22,0801,N20,VIIRS,n,2.0NRT,296.9,29.94,D
29.46125,76.86491,337.25,0.38,0.36,2026-08-22,0801,N20,VIIRS,n,2.0NRT,297.42,29.94,D
27.32765,95.27467,308.85,0.39,0.59,2026-08-22,1845,N20,VIIRS,n,2.0NRT,287.34,3.06,N
29.4581,76.86677,312.68,0.49,0.4,2026-08-22,2025,N20,VIIRS,n,2.0NRT,291.19,3.32,N
28.33879,77.21997,300.38,0.46,0.39,2026-08-22,2025,N20,VIIRS,n,2.0NRT,282.62,0.61,N
22.80076,86.0909,311.78,0.48,0.48,2026-08-22,2027,N20,VIIRS,n,2.0NRT,282.33,2.11,N
26.25696,74.09583,299.44,0.42,0.45,2026-08-22,2027,N20,VIIRS,n,2.0NRT,286.73,0.22,N
23.80441,86.32185,314.37,0.47,0.48,2026-08-22,2027,N20,VIIRS,n,2.0NRT,278.84,3.96,N
23.80258,86.33081,319.81,0.47,0.48,2026-08-22,2027,N20,VIIRS,n,2.0NRT,279.36,3.4,N
23.79793,86.35358,312.09,0.47,0.48,2026-08-22,2027,N20,VIIRS,n,2.0NRT,278.26,2.19,N
23.78159,86.345,305.43,0.47,0.48,2026-08-22,2027,N20,VIIRS,n,2.0NRT,276.18,1.65,N
23.76508,86.40316,303.43,0.48,0.48,2026-08-22,2027,N20,VIIRS,n,2.0NRT,258.66,1.05,N
23.79524,86.23467,300.12,0.47,0.47,2026-08-22,2027,N20,VIIRS,n,2.0NRT,274.38,0.42,N
23.76075,86.40213,300.03,0.48,0.48,2026-08-22,2027,N20,VIIRS,n,2.0NRT,257.5,1.05,N
23.78274,86.20814,314.32,0.46,0.47,2026-08-22,2027,N20,VIIRS,n,2.0NRT,274.92,1.46,N
23.73578,86.4348,298.59,0.48,0.48,2026-08-22,2027,N20,VIIRS,n,2.0NRT,263.15,2.34,N
23.74022,86.43286,298.64,0.48,0.48,2026-08-22,2027,N20,VIIRS,n,2.0NRT,261.79,2.53,N
23.7804,86.20914,318.35,0.46,0.47,2026-08-22,2027,N20,VIIRS,n,2.0NRT,275.53,2.25,N
23.71044,86.44514,298.48,0.48,0.48,2026-08-22,2027,N20,VIIRS,n,2.0NRT,264.09,2.3,N
23.68413,86.39545,295.78,0.48,0.48,2026-08-22,2027,N20,VIIRS,n,2.0NRT,256.81,0.66,N
23.67979,86.39445,296.27,0.48,0.48,2026-08-22,2027,N20,VIIRS,n,2.0NRT,257,0.66,N
23.75904,85.8523,301.91,0.44,0.46,2026-08-22,2027,N20,VIIRS,n,2.0NRT,277.38,1.26,N
23.75485,85.85135,305.09,0.44,0.46,2026-08-22,2027,N20,VIIRS,n,2.0NRT,277.75,1.26,N
23.78721,85.55401,307.75,0.42,0.46,2026-08-22,2027,N20,VIIRS,n,2.0NRT,278.23,0.8,N
23.6965,85.3699,313.84,0.42,0.45,2026-08-22,2027,N20,VIIRS,n,2.0NRT,280.59,1.61,N
23.65643,85.50846,301.58,0.42,0.45,2026-08-22,2027,N20,VIIRS,n,2.0NRT,272.26,0.71,N
23.74177,85.00876,306.46,0.4,0.44,2026-08-22,2027,N20,VIIRS,n,2.0NRT,283.42,1.97,N
23.64876,85.43883,317.96,0.42,0.45,2026-08-22,2027,N20,VIIRS,n,2.0NRT,280.79,2.37,N
23.72109,85.00806,305.36,0.4,0.44,2026-08-22,2027,N20,VIIRS,n,2.0NRT,282.85,0.74,N
24.76343,74.60846,309.22,0.56,0.43,2026-08-22,2027,N20,VIIRS,n,2.0NRT,291.91,1.66,N
22.87493,86.06339,307.34,0.47,0.48,2026-08-22,2027,N20,VIIRS,n,2.0NRT,276.88,0.99,N
24.661,74.63132,303.41,0.56,0.43,2026-08-22,2027,N20,VIIRS,n,2.0NRT,290.51,1.23,N
22.13482,85.38378,296.32,0.44,0.46,2026-08-22,2027,N20,VIIRS,n,2.0NRT,272.94,0.5,N
22.3208,82.56306,301.62,0.47,0.39,2026-08-22,2027,N20,VIIRS,n,2.0NRT,271.16,0.68,N
22.32,82.56749,298.3,0.47,0.39,2026-08-22,2027,N20,VIIRS,n,2.0NRT,270.71,0.68,N
22.01529,83.75329,305.48,0.54,0.42,2026-08-22,2027,N20,VIIRS,n,2.0NRT,286.03,1.78,N
21.92231,83.34942,303.87,0.51,0.41,2026-08-22,2027,N20,VIIRS,n,2.0NRT,283.87,1.9,N
22.00384,82.66708,303.09,0.48,0.4,2026-08-22,2027,N20,VIIRS,n,2.0NRT,276.74,1.15,N
22.00303,82.67159,297.66,0.48,0.4,2026-08-22,2027,N20,VIIRS,n,2.0NRT,273.93,0.95,N
21.75515,83.8454,296.76,0.55,0.43,2026-08-22,2027,N20,VIIRS,n,2.0NRT,282.97,1.12,N
21.00268,86.02658,302.8,0.51,0.49,2026-08-22,2027,N20,VIIRS,n,2.0NRT,274.23,1.06,N
20.96992,86.00403,304.73,0.51,0.49,2026-08-22,2027,N20,VIIRS,n,2.0NRT,274.33,0.91,N
20.96893,86.00884,299.75,0.51,0.49,2026-08-22,2027,N20,VIIRS,n,2.0NRT,273.37,0.91,N
20.96815,86.00194,305.77,0.51,0.49,2026-08-22,2027,N20,VIIRS,n,2.0NRT,275.25,1.79,N
20.86482,84.9866,305.73,0.44,0.46,2026-08-22,2027,N20,VIIRS,n,2.0NRT,280.83,1.38,N
20.86397,84.99087,305.36,0.44,0.46,2026-08-22,2027,N20,VIIRS,n,2.0NRT,281.18,1.38,N
21.11185,72.63547,306.57,0.44,0.46,2026-08-22,2027,N20,VIIRS,n,2.0NRT,289.53,2.42,N
21.10659,72.64334,339.42,0.44,0.46,2026-08-22,2027,N20,VIIRS,n,2.0NRT,290.38,10.55,N
21.10608,72.64758,314.44,0.44,0.46,2026-08-22,2027,N20,VIIRS,n,2.0NRT,290.11,6.91,N
21.10335,72.63428,339.93,0.44,0.46,2026-08-22,2027,N20,VIIRS,n,2.0NRT,291.35,5.75,N
16.07088,79.09984,317.51,0.4,0.37,2026-08-22,2029,N20,VIIRS,n,2.0NRT,290.36,2.05,N
11.81647,77.9164,309.18,0.4,0.37,2026-08-22,2032,N20,VIIRS,n,2.0NRT,285.3,1.24,N
11.81588,77.92001,304.56,0.4,0.37,2026-08-22,2032,N20,VIIRS,n,2.0NRT,285.52,0.85,N
11.81195,77.92308,308.09,0.4,0.37,2026-08-22,2032,N20,VIIRS,n,2.0NRT,284.27,0.85,N
11.8086,77.92253,314.27,0.4,0.37,2026-08-22,2032,N20,VIIRS,n,2.0NRT,284.16,1.3,N
11.18339,79.09859,303.85,0.44,0.38,2026-08-22,2032,N20,VIIRS,n,2.0NRT,286.39,0.93,N
11.25874,77.70227,301.2,0.4,0.37,2026-08-22,2032,N20,VIIRS,n,2.0NRT,277.19,0.33,N
10.92976,77.06505,307.27,0.39,0.36,2026-08-22,2032,N20,VIIRS,n,2.0NRT,291.69,0.81,N
10.92371,77.06046,303.12,0.39,0.36,2026-08-22,2032,N20,VIIRS,n,2.0NRT,292.05,0.32,N
10.68492,77.50858,312.86,0.39,0.37,2026-08-22,2032,N20,VIIRS,n,2.0NRT,293.28,1.24,N
10.61762,77.42123,308.25,0.39,0.36,2026-08-22,2032,N20,VIIRS,n,2.0NRT,293.57,0.95,N
10.24232,77.21516,301.37,0.39,0.36,2026-08-22,2032,N20,VIIRS,n,2.0NRT,278.85,1,N
10.23955,77.2112,300.55,0.39,0.36,2026-08-22,2032,N20,VIIRS,n,2.0NRT,279.32,1,N
10.23901,77.21459,316.59,0.39,0.36,2026-08-22,2032,N20,VIIRS,n,2.0NRT,278.66,1,N
8.74051,77.59778,296.69,0.41,0.37,2026-08-22,2032,N20,VIIRS,n,2.0NRT,268.68,0.78,N
8.44259,77.65411,340.55,0.39,0.59,2026-08-23,0737,N20,VIIRS,n,2.0NRT,301.35,2.73,D
9.9144,78.20298,338.69,0.33,0.56,2026-08-23,0737,N20,VIIRS,n,2.0NRT,294.36,5.55,D
10.90665,78.5351,345.92,0.61,0.53,2026-08-23,0737,N20,VIIRS,n,2.0NRT,292.03,19.65,D
10.90538,78.5389,341.88,0.61,0.53,2026-08-23,0737,N20,VIIRS,n,2.0NRT,291.32,10.05,D
10.90437,78.53344,340.56,0.61,0.53,2026-08-23,0737,N20,VIIRS,n,2.0NRT,292.03,10.56,D
12.66366,79.68339,333.57,0.47,0.48,2026-08-23,0737,N20,VIIRS,n,2.0NRT,295.51,3.51,D
12.83614,79.93994,330.37,0.45,0.47,2026-08-23,0737,N20,VIIRS,n,2.0NRT,300.11,7.06,D
15.13026,77.57384,332.19,0.59,0.53,2026-08-23,0737,N20,VIIRS,n,2.0NRT,286.74,3.87,D
15.18056,77.62939,339.76,0.59,0.53,2026-08-23,0737,N20,VIIRS,n,2.0NRT,281.51,7.16,D
18.70828,74.36279,342.67,0.41,0.61,2026-08-23,0739,N20,VIIRS,n,2.0NRT,289.28,4.53,D
21.1777,81.38538,334.02,0.43,0.38,2026-08-23,0739,N20,VIIRS,l,2.0NRT,292.62,6.9,D
21.1971,81.41568,330.6,0.43,0.38,2026-08-23,0739,N20,VIIRS,l,2.0NRT,293.15,4.41,D
23.67718,86.3996,334.56,0.44,0.39,2026-08-23,0739,N20,VIIRS,n,2.0NRT,296.72,8.98,D
23.68365,86.39413,342.21,0.44,0.39,2026-08-23,0739,N20,VIIRS,n,2.0NRT,297.15,4.46,D
23.68718,86.39358,330.24,0.44,0.39,2026-08-23,0739,N20,VIIRS,n,2.0NRT,296.19,4.46,D
23.67965,86.09396,336.48,0.43,0.38,2026-08-23,0739,N20,VIIRS,n,2.0NRT,291.56,7.89,D
23.73584,86.43473,337.91,0.45,0.39,2026-08-23,0739,N20,VIIRS,n,2.0NRT,294.67,6.75,D
23.75711,86.40475,335.49,0.44,0.39,2026-08-23,0739,N20,VIIRS,n,2.0NRT,296.25,5.23,D
23.76064,86.4042,333.93,0.44,0.39,2026-08-23,0739,N20,VIIRS,n,2.0NRT,294.65,5.23,D
23.78134,86.21207,330.46,0.44,0.38,2026-08-23,0739,N20,VIIRS,n,2.0NRT,294.77,2.2,D
23.80126,86.33157,336.99,0.44,0.38,2026-08-23,0739,N20,VIIRS,n,2.0NRT,292.75,3.63,D
23.80175,86.3328,333.09,0.44,0.38,2026-08-23,0739,N20,VIIRS,n,2.0NRT,293.6,2.54,D
29.45937,76.86541,330.47,0.54,0.42,2026-08-23,0741,N20,VIIRS,n,2.0NRT,295.22,1.98,D
29.45724,76.86423,336.34,0.54,0.42,2026-08-23,0741,N20,VIIRS,n,2.0NRT,295.68,5.74,D
30.39611,73.87531,336.71,0.5,0.49,2026-08-23,0744,N20,VIIRS,n,2.0NRT,298.52,4.72,D
30.39734,73.8893,347.63,0.5,0.49,2026-08-23,0744,N20,VIIRS,n,2.0NRT,299.64,17.96,D
30.39399,73.87405,344.72,0.5,0.49,2026-08-23,0744,N20,VIIRS,n,2.0NRT,298.94,6.34,D
30.39251,73.78191,341.76,0.51,0.49,2026-08-23,0744,N20,VIIRS,n,2.0NRT,297.78,7.84,D
33.29054,75.72936,299.87,0.39,0.59,2026-08-23,2006,N20,VIIRS,n,2.0NRT,284.18,0.62,N
31.26112,76.91966,300.98,0.62,0.54,2026-08-23,2006,N20,VIIRS,n,2.0NRT,289.65,0.92,N
24.12066,86.86448,311.8,0.43,0.38,2026-08-23,2008,N20,VIIRS,n,2.0NRT,285.06,1.33,N
27.37927,95.08714,301.67,0.35,0.57,2026-08-23,2008,N20,VIIRS,n,2.0NRT,268.78,0.49,N
27.32492,95.27525,299.75,0.36,0.57,2026-08-23,2008,N20,VIIRS,n,2.0NRT,268.02,0.65,N
27.31631,95.26515,296.82,0.36,0.57,2026-08-23,2008,N20,VIIRS,n,2.0NRT,265.87,0.28,N
29.46107,76.86459,308.59,0.6,0.53,2026-08-23,2008,N20,VIIRS,n,2.0NRT,290.43,3.9,N
29.45618,76.86398,333.18,0.6,0.53,2026-08-23,2008,N20,VIIRS,n,2.0NRT,290.69,3.9,N
29.46122,76.88956,307.93,0.6,0.53,2026-08-23,2008,N20,VIIRS,n,2.0NRT,290.09,3.65,N
29.45866,76.86417,337.19,0.6,0.53,2026-08-23,2008,N20,VIIRS,n,2.0NRT,290.59,6.75,N
28.83727,77.13653,303.18,0.57,0.52,2026-08-23,2008,N20,VIIRS,n,2.0NRT,287.27,2.26,N
28.35195,77.25737,303.02,0.55,0.51,2026-08-23,2008,N20,VIIRS,n,2.0NRT,285.41,3.28,N
28.35041,77.25633,305,0.55,0.51,2026-08-23,2008,N20,VIIRS,n,2.0NRT,286.05,2.99,N
26.26939,74.18853,303.21,0.4,0.6,2026-08-23,2008,N20,VIIRS,n,2.0NRT,287.36,0.91,N
24.12162,86.86566,304.33,0.43,0.38,2026-08-23,2008,N20,VIIRS,n,2.0NRT,284.77,1.56,N
24.11545,86.86011,314.86,0.43,0.38,2026-08-23,2008,N20,VIIRS,n,2.0NRT,285.22,2.03,N
23.6954,87.12105,304.06,0.44,0.38,2026-08-23,2008,N20,VIIRS,n,2.0NRT,287.84,2.35,N
23.69465,87.12528,306.24,0.44,0.38,2026-08-23,2008,N20,VIIRS,n,2.0NRT,286.94,2.37,N
23.6919,87.12032,302.54,0.44,0.38,2026-08-23,2008,N20,VIIRS,n,2.0NRT,287.44,1.86,N
23.76136,86.39938,305.61,0.42,0.37,2026-08-23,2008,N20,VIIRS,n,2.0NRT,283.78,1.31,N
23.76068,86.4034,312.84,0.42,0.37,2026-08-23,2008,N20,VIIRS,n,2.0NRT,283.52,1.63,N
23.75728,86.40272,319.82,0.42,0.37,2026-08-23,2008,N20,VIIRS,n,2.0NRT,286,1.89,N
23.75659,86.40674,302.49,0.42,0.37,2026-08-23,2008,N20,VIIRS,n,2.0NRT,285.35,1.89,N
23.75456,86.39803,305.9,0.42,0.37,2026-08-23,2008,N20,VIIRS,n,2.0NRT,286.4,2.74,N
23.75112,86.41814,307.83,0.42,0.37,2026-08-23,2008,N20,VIIRS,n,2.0NRT,285.08,1.82,N
23.73815,86.43221,314.1,0.42,0.37,2026-08-23,2008,N20,VIIRS,n,2.0NRT,282.38,1.32,N
23.73746,86.43626,305.19,0.42,0.37,2026-08-23,2008,N20,VIIRS,n,2.0NRT,280.63,1.32,N
23.68035,86.39971,304.64,0.42,0.37,2026-08-23,2008,N20,VIIRS,n,2.0NRT,286.73,1.7,N
23.67764,86.39501,317.98,0.42,0.37,2026-08-23,2008,N20,VIIRS,n,2.0NRT,288.05,1.7,N
23.67694,86.39905,319.92,0.42,0.37,2026-08-23,2008,N20,VIIRS,n,2.0NRT,288.69,1.7,N
23.67624,86.40308,309.51,0.42,0.37,2026-08-23,2008,N20,VIIRS,n,2.0NRT,288.18,1.53,N
23.5534,86.54269,298.62,0.42,0.38,2026-08-23,2008,N20,VIIRS,n,2.0NRT,284.28,0.75,N
23.54998,86.54199,298.65,0.42,0.38,2026-08-23,2008,N20,VIIRS,n,2.0NRT,282.41,0.75,N
24.66104,74.63218,300.17,0.36,0.58,2026-08-23,2008,N20,VIIRS,n,2.0NRT,287.28,1.07,N
24.66073,74.6358,299.51,0.36,0.58,2026-08-23,2008,N20,VIIRS,n,2.0NRT,287.08,1.07,N
22.37793,87.27869,334.11,0.46,0.39,2026-08-23,2008,N20,VIIRS,n,2.0NRT,285.45,5.81,N
22.36682,87.2994,315.55,0.46,0.39,2026-08-23,2008,N20,VIIRS,n,2.0NRT,284.36,2.08,N
22.36603,87.30385,304.35,0.46,0.39,2026-08-23,2008,N20,VIIRS,n,2.0NRT,283.85,1.72,N
22.36325,87.29866,304,0.46,0.39,2026-08-23,2008,N20,VIIRS,n,2.0NRT,283.68,0.94,N
22.35769,87.28828,307.75,0.46,0.39,2026-08-23,2008,N20,VIIRS,n,2.0NRT,284.78,1.02,N
22.36573,87.01741,307.35,0.45,0.39,2026-08-23,2008,N20,VIIRS,n,2.0NRT,279.63,1.01,N
22.3622,87.01669,307.52,0.45,0.39,2026-08-23,2008,N20,VIIRS,n,2.0NRT,280.69,1,N
22.05326,88.12505,307.4,0.51,0.41,2026-08-23,2008,N20,VIIRS,n,2.0NRT,282.3,2.69,N
21.10283,72.63239,315.35,0.45,0.63,2026-08-23,2010,N20,VIIRS,n,2.0NRT,288.47,1.66,N
21.10242,72.63674,303.85,0.45,0.63,2026-08-23,2010,N20,VIIRS,n,2.0NRT,288.59,1.66,N
18.68132,73.03327,296.61,0.39,0.6,2026-08-23,2010,N20,VIIRS,n,2.0NRT,286.61,1.48,N
18.68086,73.03121,297.68,0.39,0.6,2026-08-23,2010,N20,VIIRS,n,2.0NRT,285.37,1.5,N
10.88856,78.48952,318.63,0.44,0.38,2026-08-23,2012,N20,VIIRS,n,2.0NRT,291.13,3.34,N
10.07459,77.25485,309.07,0.49,0.4,2026-08-23,2012,N20,VIIRS,n,2.0NRT,288.03,1.31,N
10.07588,77.25687,302.63,0.49,0.4,2026-08-23,2012,N20,VIIRS,n,2.0NRT,288.18,2.6,N
10.07273,77.25261,322.31,0.49,0.4,2026-08-23,2012,N20,VIIRS,n,2.0NRT,288.36,2.32,N
10.07212,77.25668,332.29,0.49,0.4,2026-08-23,2012,N20,VIIRS,n,2.0NRT,290.02,2.6,N
31.25682,76.92467,299.45,0.74,0.76,2026-08-23,2146,N20,VIIRS,n,2.0NRT,287.71,1.46,N
32.00023,78.53627,343.6,0.47,0.48,2026-08-24,0724,N20,VIIRS,n,2.0NRT,309.57,8.91,D
28.78677,80.20897,340.9,0.44,0.46,2026-08-24,0724,N20,VIIRS,n,2.0NRT,290.16,3.79,D
28.79093,80.20787,333.93,0.44,0.46,2026-08-24,0724,N20,VIIRS,n,2.0NRT,289.65,3.79,D
22.37798,87.27563,312.37,0.4,0.37,2026-08-24,1949,N20,VIIRS,n,2.0NRT,291.75,3.79,N
22.36729,87.30124,307.56,0.4,0.37,2026-08-24,1949,N20,VIIRS,n,2.0NRT,292.01,2.36,N
22.36395,87.30066,327.09,0.4,0.37,2026-08-24,1949,N20,VIIRS,n,2.0NRT,292.72,2.36,N
22.35897,87.28802,314.13,0.4,0.37,2026-08-24,1949,N20,VIIRS,n,2.0NRT,291.69,1.39,N
22.3584,87.29185,309.63,0.4,0.37,2026-08-24,1949,N20,VIIRS,n,2.0NRT,292.17,1.39,N
23.80593,86.32925,301.64,0.43,0.38,2026-08-24,1949,N20,VIIRS,n,2.0NRT,287.99,1.14,N
23.68914,87.10023,300.3,0.41,0.37,2026-08-24,1949,N20,VIIRS,n,2.0NRT,277.44,0.92,N
23.76,85.85234,302.56,0.45,0.39,2026-08-24,1949,N20,VIIRS,n,2.0NRT,289.08,1.51,N
23.7594,85.85674,309.62,0.45,0.39,2026-08-24,1949,N20,VIIRS,n,2.0NRT,290.4,1.51,N
23.75644,85.85175,306.19,0.45,0.39,2026-08-24,1949,N20,VIIRS,n,2.0NRT,289.93,1.51,N
23.56024,87.24084,317.79,0.4,0.37,2026-08-24,1949,N20,VIIRS,n,2.0NRT,285.5,2.15,N
23.55686,87.24026,330.3,0.4,0.37,2026-08-24,1949,N20,VIIRS,n,2.0NRT,287.55,2.3,N
23.55629,87.24419,306.97,0.4,0.37,2026-08-24,1949,N20,VIIRS,n,2.0NRT,287.04,2.3,N
23.65765,85.50914,301.62,0.46,0.39,2026-08-24,1949,N20,VIIRS,n,2.0NRT,289.07,1.35,N
23.65687,85.50671,300.76,0.46,0.39,2026-08-24,1949,N20,VIIRS,n,2.0NRT,289.06,0.68,N
23.66972,84.99499,300.78,0.49,0.4,2026-08-24,1949,N20,VIIRS,n,2.0NRT,288.22,1.35,N
22.37741,87.27945,342.9,0.4,0.37,2026-08-24,1949,N20,VIIRS,n,2.0NRT,295.02,3.79,N
17.60995,83.20184,302.24,0.52,0.41,2026-08-24,1951,N20,VIIRS,n,2.0NRT,282.89,2.91,N
15.18525,76.66425,317.21,0.42,0.61,2026-08-24,1951,N20,VIIRS,n,2.0NRT,279.86,2.67,N
15.18397,76.67608,307.12,0.42,0.61,2026-08-24,1951,N20,VIIRS,n,2.0NRT,280.32,1.58,N
15.17959,76.6636,300.38,0.42,0.61,2026-08-24,1951,N20,VIIRS,n,2.0NRT,279.65,1.44,N
15.17831,76.67545,302.22,0.42,0.61,2026-08-24,1951,N20,VIIRS,n,2.0NRT,280.88,1.34,N
15.18871,76.6569,301.81,0.42,0.61,2026-08-24,1951,N20,VIIRS,n,2.0NRT,280.75,2.33,N
15.18643,76.67658,305.01,0.42,0.61,2026-08-24,1951,N20,VIIRS,n,2.0NRT,280.13,2.84,N
15.18214,76.66415,322.33,0.42,0.61,2026-08-24,1951,N20,VIIRS,n,2.0NRT,279.71,3.62,N
15.17784,76.65171,302.12,0.42,0.61,2026-08-24,1951,N20,VIIRS,n,2.0NRT,278.92,1.57,N
15.17738,76.65565,301.94,0.42,0.61,2026-08-24,1951,N20,VIIRS,n,2.0NRT,280.24,2.18,N
31.25751,76.92367,302.19,0.4,0.6,2026-08-24,2127,N20,VIIRS,n,2.0NRT,288.38,0.81,N
25.94493,72.19168,307.22,0.54,0.51,2026-08-24,2129,N20,VIIRS,n,2.0NRT,293.25,1.55,N
24.8207,73.09208,303.71,0.33,0.55,2026-08-24,2129,N20,VIIRS,n,2.0NRT,286.95,0.73,N
26.25711,74.09373,303.31,0.35,0.57,2026-08-24,2129,N20,VIIRS,n,2.0NRT,290.28,0.65,N
24.68919,73.00189,304.95,0.32,0.55,2026-08-24,2129,N20,VIIRS,n,2.0NRT,290.34,0.68,N
24.82048,73.09338,302.31,0.33,0.55,2026-08-24,2129,N20,VIIRS,n,2.0NRT,286.88,0.84,N
22.93402,69.69881,314.16,0.44,0.46,2026-08-24,2131,N20,VIIRS,n,2.0NRT,294.18,2.18,N
22.92938,70.10797,307.66,0.47,0.47,2026-08-24,2131,N20,VIIRS,n,2.0NRT,293.79,1.57,N
22.34236,69.87119,331,0.46,0.47,2026-08-24,2131,N20,VIIRS,n,2.0NRT,292.96,5.31,N
21.10818,72.64432,328.48,0.37,0.58,2026-08-24,2131,N20,VIIRS,n,2.0NRT,289.54,3.22,N
21.10742,72.64774,320.64,0.37,0.58,2026-08-24,2131,N20,VIIRS,n,2.0NRT,290.58,3.22,N
21.1045,72.63617,337.36,0.36,0.58,2026-08-24,2131,N20,VIIRS,n,2.0NRT,289.47,5.37,N
29.45627,76.8924,327.41,0.63,0.72,2026-08-25,0705,N20,VIIRS,n,2.0NRT,281.67,4.73,D
14.86755,79.73705,337.02,0.41,0.61,2026-08-25,0841,N20,VIIRS,n,2.0NRT,291.31,3.45,D
15.38928,75.22285,331.45,0.42,0.45,2026-08-25,0841,N20,VIIRS,n,2.0NRT,297.05,3.57,D
17.08532,79.68513,332.03,0.43,0.62,2026-08-25,0841,N20,VIIRS,n,2.0NRT,288.06,4.27,D
18.70882,74.45466,336.09,0.41,0.45,2026-08-25,0841,N20,VIIRS,n,2.0NRT,295.12,3.57,D
21.10536,72.64783,332.66,0.52,0.42,2026-08-25,0843,N20,VIIRS,n,2.0NRT,289.06,6.03,D
22.93576,69.1861,331.31,0.4,0.37,2026-08-25,0843,N20,VIIRS,n,2.0NRT,298.51,0.9,D
21.10028,72.63832,336.63,0.52,0.42,2026-08-25,0843,N20,VIIRS,n,2.0NRT,288.5,6.64,D
26.75963,83.19836,301.32,0.44,0.62,2026-08-25,1930,N20,VIIRS,n,2.0NRT,278.65,1.23,N
23.66496,87.15575,310.24,0.46,0.47,2026-08-25,1932,N20,VIIRS,n,2.0NRT,276.63,1.93,N
23.61165,87.14617,298.73,0.46,0.47,2026-08-25,1932,N20,VIIRS,n,2.0NRT,274.79,0.41,N
23.56146,87.23864,298.85,0.45,0.47,2026-08-25,1932,N20,VIIRS,n,2.0NRT,276.18,0.59,N
22.80134,86.09074,308.76,0.52,0.5,2026-08-25,1932,N20,VIIRS,n,2.0NRT,281.25,2.73,N
22.78985,86.19658,299.79,0.51,0.49,2026-08-25,1932,N20,VIIRS,n,2.0NRT,278.86,1.59,N
22.7893,86.20161,298.23,0.51,0.49,2026-08-25,1932,N20,VIIRS,n,2.0NRT,279.01,0.92,N
22.78875,86.20664,298.14,0.51,0.49,2026-08-25,1932,N20,VIIRS,n,2.0NRT,276.01,0.92,N
22.3689,87.30096,305.95,0.43,0.46,2026-08-25,1932,N20,VIIRS,n,2.0NRT,288.76,2.38,N
22.36469,87.30035,317.29,0.43,0.46,2026-08-25,1932,N20,VIIRS,n,2.0NRT,288.75,3.38,N
22.35725,87.29079,305.1,0.43,0.46,2026-08-25,1932,N20,VIIRS,n,2.0NRT,287.79,1.92,N
21.74762,83.84057,298.87,0.35,0.57,2026-08-25,1932,N20,VIIRS,n,2.0NRT,279.45,0.68,N
21.39248,81.64462,301.02,0.48,0.65,2026-08-25,1932,N20,VIIRS,n,2.0NRT,277.24,0.73,N
21.37752,81.67648,303.65,0.48,0.65,2026-08-25,1932,N20,VIIRS,n,2.0NRT,277.68,1.85,N
21.19596,81.41667,327.82,0.5,0.66,2026-08-25,1932,N20,VIIRS,n,2.0NRT,281.6,2.93,N
21.19639,81.41189,307.28,0.5,0.66,2026-08-25,1932,N20,VIIRS,n,2.0NRT,281.28,2.93,N
21.3352,78.96751,301.03,0.72,0.76,2026-08-25,1932,N20,VIIRS,n,2.0NRT,280.3,2.37,N
17.6105,83.20296,318.58,0.34,0.56,2026-08-25,1932,N20,VIIRS,n,2.0NRT,287.06,1.83,N
17.60567,83.19904,306.36,0.34,0.56,2026-08-25,1932,N20,VIIRS,n,2.0NRT,285.52,1.83,N
34.47186,73.85632,298.24,0.42,0.38,2026-08-25,2108,N20,VIIRS,n,2.0NRT,287.8,1.3,N
34.47789,73.86224,296.97,0.42,0.38,2026-08-25,2108,N20,VIIRS,n,2.0NRT,286.25,6.61,N
34.47523,73.85731,331.54,0.42,0.38,2026-08-25,2108,N20,VIIRS,n,2.0NRT,291.71,6.61,N
34.47445,73.86165,303.5,0.42,0.38,2026-08-25,2108,N20,VIIRS,n,2.0NRT,288.2,6.61,N
25.9438,72.19157,304.35,0.45,0.39,2026-08-25,2112,N20,VIIRS,n,2.0NRT,280.35,0.77,N
23.49973,68.57806,299.67,0.38,0.36,2026-08-25,2112,N20,VIIRS,n,2.0NRT,289.53,0.72,N
22.92767,70.10764,315.24,0.41,0.37,2026-08-25,2112,N20,VIIRS,n,2.0NRT,293.46,1.1,N
22.92693,69.82433,307.02,0.4,0.37,2026-08-25,2112,N20,VIIRS,n,2.0NRT,294.39,2.03,N
22.93445,69.69788,330.6,0.4,0.37,2026-08-25,2112,N20,VIIRS,n,2.0NRT,293.92,3.76,N
22.9338,69.70174,317.05,0.4,0.37,2026-08-25,2112,N20,VIIRS,n,2.0NRT,294.03,2.97,N
22.9311,69.69724,306.28,0.4,0.37,2026-08-25,2112,N20,VIIRS,n,2.0NRT,294.03,1.76,N
22.3412,69.85442,306.8,0.41,0.37,2026-08-25,2112,N20,VIIRS,n,2.0NRT,291.97,2.19,N
22.33997,69.85574,308.37,0.41,0.37,2026-08-25,2112,N20,VIIRS,n,2.0NRT,292.92,3.06,N
22.42014,69.04203,302.36,0.39,0.36,2026-08-25,2112,N20,VIIRS,n,2.0NRT,284.81,0.79,N
22.41745,69.03764,310.21,0.39,0.36,2026-08-25,2112,N20,VIIRS,n,2.0NRT,285.03,0.7,N
21.10566,72.6433,330.23,0.56,0.43,2026-08-25,2112,N20,VIIRS,n,2.0NRT,288.03,9.44,N
21.10278,72.63721,322.81,0.56,0.43,2026-08-25,2112,N20,VIIRS,n,2.0NRT,288.84,5.36,N
20.9112,71.45757,302.1,0.49,0.4,2026-08-25,2112,N20,VIIRS,n,2.0NRT,284.29,0.57,N
21.18221,81.38339,302.23,0.65,0.73,2026-08-25,2112,N20,VIIRS,n,2.0NRT,282.69,3.38,N
17.95897,80.78802,301.14,0.7,0.75,2026-08-25,2114,N20,VIIRS,n,2.0NRT,282.43,3.86,N
15.34013,76.27901,303.12,0.4,0.6,2026-08-25,2114,N20,VIIRS,n,2.0NRT,286.55,1.89,N
15.33927,76.27831,307.71,0.4,0.6,2026-08-25,2114,N20,VIIRS,n,2.0NRT,286.95,2,N
15.10937,76.80316,296.23,0.44,0.62,2026-08-25,2114,N20,VIIRS,n,2.0NRT,286.09,2.57,N
15.11204,76.8075,300.58,0.44,0.62,2026-08-25,2114,N20,VIIRS,n,2.0NRT,287.16,2.02,N
17.95949,80.79189,304.32,0.7,0.75,2026-08-25,2114,N20,VIIRS,n,2.0NRT,282.64,2.56,N
15.00306,76.99864,337.96,0.43,0.38,2026-08-26,0822,N20,VIIRS,n,2.0NRT,302.29,4.52,D
9.21554,78.64903,336.71,0.45,0.39,2026-08-26,0822,N20,VIIRS,n,2.0NRT,297.98,3.51,D
9.21909,78.64851,335.48,0.45,0.39,2026-08-26,0822,N20,VIIRS,n,2.0NRT,295.48,2.52,D
9.38962,78.88501,347.44,0.46,0.39,2026-08-26,0822,N20,VIIRS,n,2.0NRT,301.32,21.77,D
9.30177,77.47569,336.04,0.41,0.37,2026-08-26,0822,N20,VIIRS,n,2.0NRT,285.33,5.73,D
9.8038,78.17648,340.06,0.43,0.38,2026-08-26,0822,N20,VIIRS,n,2.0NRT,300.91,4.38,D
10.05029,77.95355,349.07,0.43,0.38,2026-08-26,0822,N20,VIIRS,n,2.0NRT,303.31,7.84,D
10.05376,77.95303,343.77,0.43,0.38,2026-08-26,0822,N20,VIIRS,n,2.0NRT,299.95,7.84,D
10.93808,79.54315,336.15,0.52,0.41,2026-08-26,0822,N20,VIIRS,n,2.0NRT,294.31,4.04,D
11.55913,79.62791,336.44,0.53,0.42,2026-08-26,0822,N20,VIIRS,n,2.0NRT,295.58,4.14,D
11.42405,78.16054,332.79,0.45,0.39,2026-08-26,0822,N20,VIIRS,n,2.0NRT,300.25,4.18,D
11.53354,78.71278,341.68,0.48,0.4,2026-08-26,0822,N20,VIIRS,n,2.0NRT,303.65,4.61,D
11.35922,77.2625,330.28,0.41,0.37,2026-08-26,0822,N20,VIIRS,n,2.0NRT,293.57,1.86,D
11.46199,77.46516,341.29,0.42,0.38,2026-08-26,0822,N20,VIIRS,n,2.0NRT,296.66,5.71,D
11.67362,78.43934,330.64,0.46,0.39,2026-08-26,0822,N20,VIIRS,n,2.0NRT,300.06,2.19,D
12.13018,79.65379,342.13,0.54,0.42,2026-08-26,0822,N20,VIIRS,n,2.0NRT,302.82,13.42,D
12.05793,76.91864,331.26,0.41,0.37,2026-08-26,0822,N20,VIIRS,l,2.0NRT,303.36,1.61,D
12.26599,77.0015,335.46,0.41,0.37,2026-08-26,0822,N20,VIIRS,n,2.0NRT,300.16,2.81,D
12.30538,76.84256,330.79,0.41,0.37,2026-08-26,0822,N20,VIIRS,n,2.0NRT,297.18,1.44,D
12.83705,79.94056,330.38,0.39,0.44,2026-08-26,0822,N20,VIIRS,l,2.0NRT,301.2,2.86,D
12.95476,79.27879,334.78,0.53,0.42,2026-08-26,0822,N20,VIIRS,n,2.0NRT,298.13,3.78,D
13.09371,78.80157,334.78,0.5,0.41,2026-08-26,0822,N20,VIIRS,n,2.0NRT,299.14,4.44,D
13.973,78.2289,331.1,0.48,0.4,2026-08-26,0822,N20,VIIRS,n,2.0NRT,298.76,3.09,D
14.23911,79.66386,333.76,0.39,0.44,2026-08-26,0822,N20,VIIRS,n,2.0NRT,294.68,3.12,D
14.15628,77.23994,339.33,0.43,0.38,2026-08-26,0822,N20,VIIRS,n,2.0NRT,298.39,3.71,D
15.01841,79.74989,340.98,0.4,0.44,2026-08-26,0822,N20,VIIRS,n,2.0NRT,297.14,5.67,D
15.17841,76.68213,338.03,0.42,0.38,2026-08-26,0822,N20,VIIRS,n,2.0NRT,301.96,5.5,D
15.17785,76.67822,336.4,0.42,0.38,2026-08-26,0822,N20,VIIRS,n,2.0NRT,302.7,4.7,D
15.17506,76.65867,334.39,0.42,0.38,2026-08-26,0822,N20,VIIRS,n,2.0NRT,302.05,4.09,D
15.18318,76.64153,337.25,0.42,0.38,2026-08-26,0822,N20,VIIRS,n,2.0NRT,299.05,4.17,D
15.44035,76.97665,332.95,0.44,0.38,2026-08-26,0822,N20,VIIRS,n,2.0NRT,302.63,1.86,D
15.74739,77.78989,337.15,0.48,0.4,2026-08-26,0822,N20,VIIRS,n,2.0NRT,294.81,4.12,D
15.97756,78.4123,330.46,0.52,0.41,2026-08-26,0822,N20,VIIRS,n,2.0NRT,294.78,2.89,D
16.0065,77.04945,340.97,0.44,0.39,2026-08-26,0822,N20,VIIRS,n,2.0NRT,298.13,3.84,D
22.35975,82.30282,333.19,0.36,0.58,2026-08-26,0824,N20,VIIRS,n,2.0NRT,286.99,8.21,D
21.74921,83.84696,326.92,0.45,0.63,2026-08-26,0824,N20,VIIRS,n,2.0NRT,286.66,5.28,D
21.74881,83.84253,346.63,0.45,0.63,2026-08-26,0824,N20,VIIRS,n,2.0NRT,287.28,5.28,D
21.75503,83.8465,334.17,0.45,0.63,2026-08-26,0824,N20,VIIRS,n,2.0NRT,286.35,5.28,D
21.9208,83.35326,326.38,0.42,0.61,2026-08-26,0824,N20,VIIRS,n,2.0NRT,277.14,2.84,D
21.10283,72.64758,339.05,0.38,0.36,2026-08-26,0824,N20,VIIRS,n,2.0NRT,302.09,11.92,D
21.10113,72.63656,342.14,0.38,0.36,2026-08-26,0824,N20,VIIRS,n,2.0NRT,300.87,8.04,D
21.10612,72.647,344.97,0.38,0.36,2026-08-26,0824,N20,VIIRS,n,2.0NRT,302.32,11.92,D
22.35542,82.30332,334.63,0.36,0.58,2026-08-26,0824,N20,VIIRS,n,2.0NRT,289.53,7.35,D
16.83671,79.16844,333.57,0.39,0.44,2026-08-26,0824,N20,VIIRS,n,2.0NRT,297.69,2.33,D
19.99819,74.01125,333.16,0.39,0.36,2026-08-26,0824,N20,VIIRS,n,2.0NRT,295.9,3.21,D
21.74298,83.84299,346.9,0.45,0.63,2026-08-26,0824,N20,VIIRS,n,2.0NRT,287.63,11.6,D
22.92799,70.10835,334.26,0.42,0.38,2026-08-26,0826,N20,VIIRS,l,2.0NRT,302.81,6.26,D
20.96951,85.17609,305.91,0.58,0.69,2026-08-26,1913,N20,VIIRS,n,2.0NRT,274.26,3.1,N
20.96356,85.1699,297.9,0.58,0.69,2026-08-26,1913,N20,VIIRS,n,2.0NRT,270.6,2.19,N
20.79373,85.25214,303.88,0.57,0.69,2026-08-26,1913,N20,VIIRS,n,2.0NRT,271.84,1.95,N
20.76191,85.29632,305.1,0.56,0.69,2026-08-26,1915,N20,VIIRS,n,2.0NRT,273.38,1.85,N
20.76239,85.29076,299.33,0.56,0.69,2026-08-26,1915,N20,VIIRS,n,2.0NRT,273.13,1.44,N
20.79809,85.25024,301.94,0.57,0.69,2026-08-26,1915,N20,VIIRS,n,2.0NRT,271.59,2.09,N
20.76468,85.29327,303.89,0.56,0.69,2026-08-26,1915,N20,VIIRS,n,2.0NRT,272.33,2.11,N
26.87866,73.51471,303.59,0.39,0.36,2026-08-26,2051,N20,VIIRS,n,2.0NRT,282.78,1.11,N
23.93222,72.36194,322.77,0.39,0.36,2026-08-26,2051,N20,VIIRS,n,2.0NRT,280,1.69,N
29.47616,76.85736,306.91,0.41,0.37,2026-08-26,2051,N20,VIIRS,n,2.0NRT,287.88,1.89,N
26.76138,83.19917,301.41,0.32,0.55,2026-08-26,2051,N20,VIIRS,n,2.0NRT,278.05,0.93,N
26.92686,73.4677,305.99,0.39,0.36,2026-08-26,2051,N20,VIIRS,n,2.0NRT,287.44,1.1,N
23.61789,86.78893,305.36,0.63,0.72,2026-08-26,2051,N20,VIIRS,n,2.0NRT,283.23,1.9,N
21.1065,72.64651,300.89,0.38,0.36,2026-08-26,2053,N20,VIIRS,n,2.0NRT,270.92,0.55,N
20.81066,85.25798,303.54,0.58,0.7,2026-08-26,2053,N20,VIIRS,n,2.0NRT,284.2,2.64,N
20.80444,85.25613,301.92,0.58,0.7,2026-08-26,2053,N20,VIIRS,n,2.0NRT,284.07,1.25,N
20.79822,85.25431,308.68,0.58,0.7,2026-08-26,2053,N20,VIIRS,n,2.0NRT,283.63,1.25,N
20.78934,85.26369,304.73,0.59,0.7,2026-08-26,2053,N20,VIIRS,n,2.0NRT,284.02,1.07,N
20.78438,85.25655,302.13,0.58,0.7,2026-08-26,2053,N20,VIIRS,n,2.0NRT,283.99,1.07,N
20.78307,85.26205,301.72,0.59,0.7,2026-08-26,2053,N20,VIIRS,n,2.0NRT,283.99,1.07,N
23.31667,70.48634,308.92,0.43,0.38,2026-08-26,2053,N20,VIIRS,n,2.0NRT,294.09,1.21,N
23.31464,70.48708,307.11,0.43,0.38,2026-08-26,2053,N20,VIIRS,n,2.0NRT,293.75,1.62,N
22.32132,69.88142,317.54,0.44,0.38,2026-08-26,2053,N20,VIIRS,n,2.0NRT,287.39,1.49,N
22.32085,69.8827,311.16,0.44,0.38,2026-08-26,2053,N20,VIIRS,n,2.0NRT,286.86,1.41,N
22.41633,69.0387,309,0.48,0.4,2026-08-26,2053,N20,VIIRS,n,2.0NRT,292.91,2.63,N
20.91049,71.45941,312.46,0.39,0.36,2026-08-26,2053,N20,VIIRS,n,2.0NRT,289.09,1.26,N
18.95677,73.94353,329.4,0.41,0.37,2026-08-26,2053,N20,VIIRS,n,2.0NRT,290.9,2.58,N
18.68589,73.02978,301.74,0.39,0.36,2026-08-26,2053,N20,VIIRS,n,2.0NRT,287.39,0.74,N
18.68196,73.03288,302.89,0.39,0.36,2026-08-26,2053,N20,VIIRS,n,2.0NRT,289.13,1.56,N
18.68135,73.03658,308.6,0.39,0.36,2026-08-26,2053,N20,VIIRS,n,2.0NRT,290.54,1.56,N
13.71163,79.62034,301.42,0.35,0.56,2026-08-26,2055,N20,VIIRS,n,2.0NRT,282.07,1.07,N
11.80962,77.92208,298.71,0.58,0.52,2026-08-26,2055,N20,VIIRS,n,2.0NRT,276.25,0.74,N
15.17946,76.67565,307.05,0.42,0.45,2026-08-26,2055,N20,VIIRS,n,2.0NRT,285.67,1.65,N
13.71613,79.62455,302.5,0.35,0.56,2026-08-26,2055,N20,VIIRS,n,2.0NRT,282.05,0.91,N
13.84566,79.25454,303.89,0.33,0.55,2026-08-26,2055,N20,VIIRS,n,2.0NRT,283.38,1.01,N
15.18357,76.67648,309.53,0.42,0.45,2026-08-26,2055,N20,VIIRS,n,2.0NRT,286.52,1.65,N
15.17886,76.65562,312.26,0.42,0.45,2026-08-26,2055,N20,VIIRS,n,2.0NRT,286.36,1.55,N
13.84619,79.25174,311.52,0.33,0.55,2026-08-26,2055,N20,VIIRS,n,2.0NRT,279.9,1.27,N
15.17025,76.38171,304.26,0.4,0.44,2026-08-26,2055,N20,VIIRS,n,2.0NRT,286.12,0.89,N
15.17336,76.66246,301.82,0.42,0.45,2026-08-26,2055,N20,VIIRS,n,2.0NRT,285.19,1.14,N
15.17477,76.65479,318.72,0.42,0.45,2026-08-26,2055,N20,VIIRS,n,2.0NRT,284.95,1.55,N
15.17816,76.65945,310.09,0.42,0.45,2026-08-26,2055,N20,VIIRS,n,2.0NRT,285.4,1.55,N
15.18496,76.66879,312.05,0.42,0.45,2026-08-26,2055,N20,VIIRS,n,2.0NRT,285.84,2.38,N
15.30119,76.21846,301.59,0.39,0.44,2026-08-26,2055,N20,VIIRS,n,2.0NRT,288.41,0.8,N
15.17542,77.10057,302.32,0.45,0.47,2026-08-26,2055,N20,VIIRS,n,2.0NRT,285.01,1.32,N
15.33309,76.24698,309.09,0.39,0.44,2026-08-26,2055,N20,VIIRS,n,2.0NRT,290.15,0.78,N
15.33449,76.28466,307.06,0.39,0.44,2026-08-26,2055,N20,VIIRS,n,2.0NRT,290.93,1.15,N
8.95087,77.90591,336.68,0.44,0.38,2026-08-27,0803,N20,VIIRS,l,2.0NRT,302.71,2.82,D
9.12931,77.84509,337.52,0.44,0.39,2026-08-27,0803,N20,VIIRS,l,2.0NRT,305.71,5.56,D
9.23964,77.81049,339.38,0.44,0.39,2026-08-27,0803,N20,VIIRS,l,2.0NRT,303.83,8.89,D
9.27336,77.94791,337.78,0.44,0.38,2026-08-27,0803,N20,VIIRS,l,2.0NRT,304.71,10.83,D
9.9415,78.59012,334.4,0.41,0.37,2026-08-27,0803,N20,VIIRS,n,2.0NRT,301.16,2.2,D
9.82798,77.77052,338.56,0.44,0.38,2026-08-27,0803,N20,VIIRS,l,2.0NRT,302.91,6.26,D
11.03126,77.58949,337.59,0.43,0.38,2026-08-27,0803,N20,VIIRS,n,2.0NRT,302.98,4.28,D
11.03474,77.58891,337.28,0.43,0.38,2026-08-27,0803,N20,VIIRS,n,2.0NRT,302.23,4.86,D
12.09427,77.76483,335.49,0.42,0.38,2026-08-27,0805,N20,VIIRS,l,2.0NRT,302.06,9.48,D
11.70355,78.596,334.69,0.4,0.37,2026-08-27,0805,N20,VIIRS,l,2.0NRT,301.31,6.34,D
12.05728,79.84831,333.91,0.38,0.36,2026-08-27,0805,N20,VIIRS,n,2.0NRT,298.98,2.33,D
12.1972,79.71706,332.4,0.38,0.36,2026-08-27,0805,N20,VIIRS,n,2.0NRT,296.25,2.8,D
12.29649,78.82146,334.91,0.39,0.36,2026-08-27,0805,N20,VIIRS,n,2.0NRT,300.14,3.56,D
15.81279,79.73833,335.02,0.39,0.36,2026-08-27,0805,N20,VIIRS,n,2.0NRT,289.59,3.1,D
17.36462,75.19918,335.39,0.47,0.4,2026-08-27,0805,N20,VIIRS,l,2.0NRT,305.04,8.72,D
22.7993,86.09131,332.6,0.32,0.54,2026-08-27,0805,N20,VIIRS,n,2.0NRT,290.28,2.85,D
20.79344,85.25465,352.45,0.53,0.5,2026-08-27,0807,N20,VIIRS,n,2.0NRT,289.7,11.97,D
20.96367,85.19029,330.49,0.53,0.5,2026-08-27,0807,N20,VIIRS,n,2.0NRT,291.14,6.6,D
20.96309,85.18516,332.56,0.53,0.5,2026-08-27,0807,N20,VIIRS,n,2.0NRT,291.41,9.71,D
26.6315,70.38902,341.86,0.41,0.45,2026-08-27,0807,N20,VIIRS,n,2.0NRT,300.88,6.8,D
31.58428,75.88541,336.5,0.39,0.36,2026-08-27,0807,N20,VIIRS,n,2.0NRT,299.75,7.07,D
20.79426,85.25369,341.39,0.53,0.5,2026-08-27,0807,N20,VIIRS,n,2.0NRT,289.95,9.18,D
29.91374,74.95001,317.18,0.51,0.41,2026-08-27,2032,N20,VIIRS,n,2.0NRT,296.17,15.45,N
29.90996,74.94939,349.11,0.51,0.41,2026-08-27,2032,N20,VIIRS,n,2.0NRT,300.01,15.45,N
29.91061,74.94411,315.32,0.51,0.41,2026-08-27,2032,N20,VIIRS,n,2.0NRT,294.79,15.45,N
29.90931,74.95467,310.35,0.51,0.41,2026-08-27,2032,N20,VIIRS,n,2.0NRT,296.01,2.55,N
29.90619,74.94877,309.91,0.51,0.41,2026-08-27,2032,N20,VIIRS,n,2.0NRT,294.78,1.73,N
29.45695,76.86645,325,0.42,0.38,2026-08-27,2032,N20,VIIRS,n,2.0NRT,294.44,2.18,N
23.55796,87.23771,309.96,0.34,0.56,2026-08-27,2034,N20,VIIRS,n,2.0NRT,268.63,1.5,N
23.56014,87.23705,302.58,0.34,0.56,2026-08-27,2034,N20,VIIRS,n,2.0NRT,268.41,0.64,N
23.55943,87.2403,303.16,0.34,0.56,2026-08-27,2034,N20,VIIRS,n,2.0NRT,268.87,0.64,N
23.56168,87.08423,296.94,0.33,0.56,2026-08-27,2034,N20,VIIRS,n,2.0NRT,264.64,0.31,N
25.94402,72.18896,306.37,0.43,0.46,2026-08-27,2034,N20,VIIRS,n,2.0NRT,291.48,1.26,N
22.37985,87.27941,320.47,0.36,0.58,2026-08-27,2034,N20,VIIRS,n,2.0NRT,279.73,1.3,N
22.38062,87.27596,304,0.36,0.58,2026-08-27,2034,N20,VIIRS,n,2.0NRT,279.93,1.3,N
22.37007,87.29873,302.4,0.36,0.58,2026-08-27,2034,N20,VIIRS,n,2.0NRT,277.69,1.6,N
21.11086,72.63392,297.67,0.53,0.42,2026-08-27,2034,N20,VIIRS,n,2.0NRT,269.91,0.95,N
22.36412,87.30086,309.14,0.36,0.58,2026-08-27,2034,N20,VIIRS,n,2.0NRT,277.95,1.91,N
23.11632,70.08329,303.57,0.54,0.5,2026-08-27,2034,N20,VIIRS,n,2.0NRT,288.7,1.73,N
17.95866,80.7881,307.84,0.52,0.42,2026-08-27,2036,N20,VIIRS,n,2.0NRT,291.04,2.27,N
17.95691,80.79494,321.04,0.52,0.42,2026-08-27,2036,N20,VIIRS,n,2.0NRT,291.35,3.85,N
17.9587,80.7852,305.22,0.52,0.42,2026-08-27,2036,N20,VIIRS,n,2.0NRT,290.86,1.44,N
17.95781,80.79008,305.78,0.52,0.42,2026-08-27,2036,N20,VIIRS,n,2.0NRT,290.77,1.44,N
17.95779,80.79296,325.37,0.52,0.42,2026-08-27,2036,N20,VIIRS,n,2.0NRT,291.51,2.27,N
17.46451,80.65163,306.31,0.52,0.42,2026-08-27,2036,N20,VIIRS,n,2.0NRT,291.11,1.53,N
17.37144,77.44598,308.66,0.39,0.36,2026-08-27,2036,N20,VIIRS,n,2.0NRT,292.75,0.9,N
17.14186,77.1844,313.21,0.39,0.36,2026-08-27,2036,N20,VIIRS,n,2.0NRT,292.77,1.4,N
17.13972,77.17654,308.27,0.39,0.36,2026-08-27,2036,N20,VIIRS,n,2.0NRT,292.26,1.22,N
17.06305,76.97786,312.97,0.39,0.36,2026-08-27,2036,N20,VIIRS,n,2.0NRT,291.9,1.5,N
15.84508,79.77524,311.52,0.49,0.41,2026-08-27,2036,N20,VIIRS,n,2.0NRT,291.09,1.2,N
15.84314,79.77197,313.9,0.49,0.41,2026-08-27,2036,N20,VIIRS,n,2.0NRT,290.13,1.41,N
16.65075,74.31296,303.68,0.41,0.37,2026-08-27,2036,N20,VIIRS,n,2.0NRT,289.91,1.22,N
15.99172,78.39793,311.61,0.43,0.38,2026-08-27,2036,N20,VIIRS,n,2.0NRT,291.91,2.61,N
15.93414,78.26305,311.11,0.42,0.38,2026-08-27,2036,N20,VIIRS,n,2.0NRT,292.98,2.6,N
15.33814,76.27811,331.25,0.39,0.36,2026-08-27,2036,N20,VIIRS,n,2.0NRT,291.87,3.12,N
15.3337,76.28465,314.4,0.39,0.36,2026-08-27,2036,N20,VIIRS,n,2.0NRT,291.46,0.98,N
15.18383,76.66673,310.39,0.39,0.36,2026-08-27,2036,N20,VIIRS,n,2.0NRT,272.53,2.11,N
15.17896,76.65481,304.88,0.39,0.36,2026-08-27,2036,N20,VIIRS,n,2.0NRT,280.47,1.3,N
15.17837,76.6584,305.75,0.39,0.36,2026-08-27,2036,N20,VIIRS,n,2.0NRT,281.15,1.42,N
15.17311,76.69072,304.56,0.39,0.36,2026-08-27,2036,N20,VIIRS,n,2.0NRT,262.63,1.07,N
15.17565,76.65424,313.9,0.39,0.36,2026-08-27,2036,N20,VIIRS,n,2.0NRT,276.75,1.3,N
15.17506,76.65783,308.19,0.39,0.36,2026-08-27,2036,N20,VIIRS,n,2.0NRT,279.7,1.42,N
15.16954,76.67191,312.8,0.39,0.36,2026-08-27,2036,N20,VIIRS,n,2.0NRT,288.34,2.47,N
15.16878,76.38122,305.46,0.39,0.36,2026-08-27,2036,N20,VIIRS,n,2.0NRT,285.14,1.21,N
13.82722,79.25863,311.67,0.49,0.41,2026-08-27,2036,N20,VIIRS,n,2.0NRT,291.84,1.24,N
13.39423,80.09978,310.06,0.56,0.43,2026-08-27,2036,N20,VIIRS,n,2.0NRT,294.26,1.02,N
13.39338,80.10246,309.41,0.56,0.43,2026-08-27,2036,N20,VIIRS,n,2.0NRT,294.36,1.67,N
12.91795,77.42487,300.73,0.42,0.38,2026-08-27,2038,N20,VIIRS,n,2.0NRT,290.06,0.66,N
12.64644,77.78779,297.84,0.44,0.38,2026-08-27,2038,N20,VIIRS,n,2.0NRT,285.68,0.22,N
12.24076,78.06161,315.57,0.45,0.39,2026-08-27,2038,N20,VIIRS,n,2.0NRT,293.7,1.02,N
11.81844,77.91795,306.9,0.45,0.39,2026-08-27,2038,N20,VIIRS,n,2.0NRT,280.05,0.67,N
11.81491,77.91734,307.82,0.45,0.39,2026-08-27,2038,N20,VIIRS,n,2.0NRT,281.99,1.2,N
11.81067,77.92082,315.05,0.45,0.39,2026-08-27,2038,N20,VIIRS,n,2.0NRT,281.52,0.98,N
11.80997,77.92491,298.4,0.45,0.39,2026-08-27,2038,N20,VIIRS,n,2.0NRT,278.41,0.98,N
11.1818,79.10095,308.51,0.52,0.42,2026-08-27,2038,N20,VIIRS,n,2.0NRT,292.24,2.46,N
11.1106,77.76625,305.12,0.45,0.39,2026-08-27,2038,N20,VIIRS,n,2.0NRT,293.15,0.44,N
10.61681,77.42193,304.47,0.44,0.38,2026-08-27,2038,N20,VIIRS,n,2.0NRT,293.73,0.58,N
10.59377,77.43021,304.6,0.44,0.38,2026-08-27,2038,N20,VIIRS,n,2.0NRT,293.55,0.34,N
9.49392,77.62406,314.42,0.46,0.39,2026-08-27,2038,N20,VIIRS,n,2.0NRT,287.72,1.32,N
8.30496,77.64027,311.47,0.48,0.4,2026-08-27,2038,N20,VIIRS,n,2.0NRT,293.23,2.34,N
8.56677,78.0841,336.43,0.56,0.51,2026-08-28,0744,N20,VIIRS,n,2.0NRT,298.27,5.17,D
8.72984,78.1073,341.09,0.55,0.51,2026-08-28,0744,N20,VIIRS,n,2.0NRT,303.37,5.48,D
8.71155,77.97672,334.12,0.56,0.52,2026-08-28,0744,N20,VIIRS,n,2.0NRT,303.01,3.26,D
8.71066,77.97169,336.06,0.56,0.52,2026-08-28,0744,N20,VIIRS,n,2.0NRT,303.05,3.26,D
8.71625,77.97591,332.03,0.56,0.52,2026-08-28,0744,N20,VIIRS,n,2.0NRT,301.28,4.69,D
8.78832,78.11234,330.5,0.55,0.51,2026-08-28,0744,N20,VIIRS,l,2.0NRT,300.76,2.63,D
8.84528,78.0387,334.87,0.56,0.51,2026-08-28,0744,N20,VIIRS,n,2.0NRT,303.61,3.18,D
8.98831,77.81923,339.23,0.57,0.52,2026-08-28,0744,N20,VIIRS,n,2.0NRT,301.93,1.85,D
8.98947,77.82053,338.15,0.57,0.52,2026-08-28,0744,N20,VIIRS,n,2.0NRT,302.18,3.48,D
9.28083,78.39944,338.08,0.52,0.5,2026-08-28,0744,N20,VIIRS,n,2.0NRT,298.15,2.22,D
9.28004,78.3948,344.7,0.52,0.5,2026-08-28,0744,N20,VIIRS,n,2.0NRT,298.62,7.43,D
9.28536,78.39864,332.63,0.52,0.5,2026-08-28,0744,N20,VIIRS,n,2.0NRT,298.54,2.22,D
9.18515,77.78957,336.57,0.57,0.52,2026-08-28,0744,N20,VIIRS,n,2.0NRT,299.73,8.65,D
9.18577,77.78692,337.19,0.57,0.52,2026-08-28,0744,N20,VIIRS,n,2.0NRT,298.88,9.06,D
9.30402,78.39236,330.72,0.52,0.5,2026-08-28,0744,N20,VIIRS,n,2.0NRT,299.51,3.83,D
9.37273,78.62408,336.3,0.5,0.49,2026-08-28,0744,N20,VIIRS,n,2.0NRT,301.6,3.75,D
9.7363,78.57832,337.02,0.49,0.49,2026-08-28,0744,N20,VIIRS,n,2.0NRT,300.99,2.12,D
9.73857,78.34991,341.77,0.51,0.49,2026-08-28,0744,N20,VIIRS,n,2.0NRT,303.77,5.67,D
9.73959,78.34672,340.85,0.51,0.49,2026-08-28,0744,N20,VIIRS,n,2.0NRT,303.08,5.32,D
9.88019,78.4741,337.89,0.5,0.49,2026-08-28,0744,N20,VIIRS,n,2.0NRT,302.38,1.87,D
9.96297,78.39445,330.37,0.5,0.49,2026-08-28,0744,N20,VIIRS,l,2.0NRT,300.83,1.75,D
9.96105,78.39642,330.65,0.5,0.49,2026-08-28,0744,N20,VIIRS,n,2.0NRT,299.87,0.94,D
9.94673,78.18559,332.32,0.52,0.5,2026-08-28,0744,N20,VIIRS,n,2.0NRT,300.34,2.94,D
9.93117,78.07159,339.46,0.53,0.5,2026-08-28,0744,N20,VIIRS,n,2.0NRT,300.45,5.4,D
10.06681,78.36839,330.13,0.5,0.49,2026-08-28,0744,N20,VIIRS,l,2.0NRT,301.82,1.8,D
10.59022,78.85231,333.44,0.46,0.47,2026-08-28,0744,N20,VIIRS,n,2.0NRT,292.16,2.93,D
10.81325,78.80896,331.45,0.46,0.47,2026-08-28,0744,N20,VIIRS,n,2.0NRT,293.85,2.33,D
11.24627,77.77045,337.19,0.53,0.5,2026-08-28,0744,N20,VIIRS,n,2.0NRT,297.88,3.3,D
11.24631,77.76821,335.77,0.53,0.5,2026-08-28,0744,N20,VIIRS,n,2.0NRT,297.73,3.18,D
11.62135,79.67422,342.53,0.39,0.44,2026-08-28,0744,N20,VIIRS,n,2.0NRT,297.44,3.31,D
11.97214,79.74477,343.23,0.38,0.43,2026-08-28,0744,N20,VIIRS,n,2.0NRT,294.73,2.69,D
11.9761,79.74409,340.97,0.38,0.43,2026-08-28,0744,N20,VIIRS,n,2.0NRT,294.31,3.39,D
12.63144,79.54516,330.25,0.39,0.44,2026-08-28,0744,N20,VIIRS,n,2.0NRT,298.38,1.88,D
14.49,79.71088,344.64,0.53,0.42,2026-08-28,0744,N20,VIIRS,n,2.0NRT,305.11,6.55,D
14.66463,79.55208,332.52,0.54,0.42,2026-08-28,0746,N20,VIIRS,l,2.0NRT,303.65,3.81,D
14.59493,77.66154,334.05,0.47,0.48,2026-08-28,0746,N20,VIIRS,n,2.0NRT,301.79,3.27,D
15.08822,79.77559,344.05,0.52,0.41,2026-08-28,0746,N20,VIIRS,n,2.0NRT,304.02,14.93,D
15.089,79.77787,336.56,0.52,0.41,2026-08-28,0746,N20,VIIRS,n,2.0NRT,303.76,21.57,D
14.66086,75.65631,367,0.32,0.54,2026-08-28,0746,N20,VIIRS,h,2.0NRT,295.26,12.84,D
14.66031,75.6534,336.45,0.32,0.54,2026-08-28,0746,N20,VIIRS,n,2.0NRT,293.69,12.84,D
14.65638,75.65396,339.8,0.64,0.54,2026-08-28,0746,N20,VIIRS,n,2.0NRT,295.19,12.07,D
14.66129,75.6529,330.09,0.64,0.54,2026-08-28,0746,N20,VIIRS,n,2.0NRT,293.6,8.89,D
15.32899,78.96827,332.13,0.57,0.43,2026-08-28,0746,N20,VIIRS,n,2.0NRT,300.66,4.34,D
15.63525,79.5853,340.53,0.52,0.41,2026-08-28,0746,N20,VIIRS,n,2.0NRT,304.83,7.27,D
15.73366,79.84308,335.64,0.5,0.41,2026-08-28,0746,N20,VIIRS,n,2.0NRT,300.32,4.96,D
15.99496,78.3997,331.18,0.4,0.44,2026-08-28,0746,N20,VIIRS,n,2.0NRT,296.42,1.68,D
16.13124,77.82779,354.31,0.43,0.46,2026-08-28,0746,N20,VIIRS,n,2.0NRT,298.26,10.46,D
16.13541,77.827,340.62,0.43,0.46,2026-08-28,0746,N20,VIIRS,n,2.0NRT,296.55,6.35,D
20.9654,86.01233,334.34,0.47,0.4,2026-08-28,0746,N20,VIIRS,n,2.0NRT,283.91,3.23,D
20.96903,86.01181,331.01,0.47,0.4,2026-08-28,0746,N20,VIIRS,n,2.0NRT,284.62,3.23,D
21.74418,83.84429,334.37,0.4,0.37,2026-08-28,0746,N20,VIIRS,n,2.0NRT,290.9,5.74,D
21.74363,83.84044,332.72,0.4,0.37,2026-08-28,0746,N20,VIIRS,n,2.0NRT,291.66,5.74,D
21.74754,83.84375,344.84,0.4,0.37,2026-08-28,0746,N20,VIIRS,n,2.0NRT,293.22,5.74,D
21.75426,83.84266,336.85,0.4,0.37,2026-08-28,0746,N20,VIIRS,n,2.0NRT,291.59,4.53,D
21.76207,83.84924,333.38,0.4,0.37,2026-08-28,0746,N20,VIIRS,n,2.0NRT,291.87,4.28,D
22.37538,87.27899,330.44,0.57,0.43,2026-08-28,0746,N20,VIIRS,n,2.0NRT,292.8,10.47,D
23.80325,86.33153,341.8,0.52,0.42,2026-08-28,0748,N20,VIIRS,n,2.0NRT,289.84,5.56,D
25.03555,87.38821,331.96,0.41,0.45,2026-08-28,0748,N20,VIIRS,n,2.0NRT,295.33,3.03,D
27.43482,70.8578,340,0.35,0.57,2026-08-28,0750,N20,VIIRS,n,2.0NRT,304.94,2.03,D
25.03661,87.38615,304.83,0.51,0.41,2026-08-28,2014,N20,VIIRS,n,2.0NRT,280.05,0.69,N
27.37636,95.08469,301.57,0.44,0.62,2026-08-28,2014,N20,VIIRS,n,2.0NRT,286.52,2.8,N
26.26645,74.18758,305.63,0.32,0.55,2026-08-28,2014,N20,VIIRS,n,2.0NRT,294.62,0.62,N
26.26726,74.18773,305.62,0.32,0.55,2026-08-28,2014,N20,VIIRS,n,2.0NRT,294.02,1.44,N
25.94442,72.18835,312.48,0.43,0.62,2026-08-28,2014,N20,VIIRS,n,2.0NRT,294.26,1.62,N
19.82014,79.23772,295.83,0.43,0.38,2026-08-28,2017,N20,VIIRS,n,2.0NRT,277.78,0.73,N
13.71465,79.62251,310.35,0.39,0.36,2026-08-28,2017,N20,VIIRS,n,2.0NRT,288.38,1.61,N
13.71189,79.61842,305.98,0.39,0.36,2026-08-28,2017,N20,VIIRS,n,2.0NRT,288.23,1.23,N
13.89451,77.03326,305.16,0.46,0.39,2026-08-28,2017,N20,VIIRS,n,2.0NRT,285.58,0.97,N
13.89907,76.56499,301.18,0.49,0.4,2026-08-28,2017,N20,VIIRS,n,2.0NRT,286.98,0.8,N
12.25146,79.63464,300.56,0.38,0.36,2026-08-28,2017,N20,VIIRS,n,2.0NRT,276.78,0.53,N
11.81577,77.91728,304.87,0.41,0.37,2026-08-28,2017,N20,VIIRS,n,2.0NRT,276.13,1.06,N
11.8118,77.92049,315.54,0.41,0.37,2026-08-28,2017,N20,VIIRS,n,2.0NRT,276.22,1.99,N
11.53513,77.22146,301.93,0.43,0.38,2026-08-28,2017,N20,VIIRS,n,2.0NRT,275.99,0.36,N
11.18338,79.09915,298.56,0.39,0.36,2026-08-28,2017,N20,VIIRS,n,2.0NRT,270.63,0.49,N
11.14093,77.35009,300.35,0.42,0.38,2026-08-28,2017,N20,VIIRS,n,2.0NRT,280.83,0.38,N
11.04049,77.71588,304.81,0.41,0.37,2026-08-28,2017,N20,VIIRS,n,2.0NRT,280.31,0.56,N
22.26705,75.13366,303.97,0.5,0.49,2026-08-28,2017,N20,VIIRS,n,2.0NRT,288.88,0.85,N
21.1097,72.63574,301.04,0.35,0.57,2026-08-28,2017,N20,VIIRS,n,2.0NRT,287.97,2.49,N
21.10903,72.64254,308.26,0.35,0.57,2026-08-28,2017,N20,VIIRS,n,2.0NRT,289.08,1.78,N
21.10869,72.64594,317.01,0.35,0.57,2026-08-28,2017,N20,VIIRS,n,2.0NRT,291.29,1.78,N
21.10907,72.63943,302.13,0.35,0.57,2026-08-28,2017,N20,VIIRS,n,2.0NRT,290.48,1.98,N
21.10871,72.64282,299.25,0.35,0.57,2026-08-28,2017,N20,VIIRS,n,2.0NRT,288.27,1.08,N
21.10835,72.64621,304.31,0.35,0.57,2026-08-28,2017,N20,VIIRS,n,2.0NRT,289.19,1.08,N
19.96314,79.33248,308.63,0.42,0.38,2026-08-28,2017,N20,VIIRS,n,2.0NRT,273.61,1.21,N
19.93703,73.71011,308.78,0.58,0.52,2026-08-28,2017,N20,VIIRS,n,2.0NRT,289.52,1.25,N
17.95662,80.79441,331.26,0.39,0.36,2026-08-28,2017,N20,VIIRS,n,2.0NRT,289.65,3.13,N
17.95774,80.78719,307.39,0.39,0.36,2026-08-28,2017,N20,VIIRS,n,2.0NRT,289.28,0.9,N
15.13364,79.95895,311.16,0.39,0.36,2026-08-28,2019,N20,VIIRS,n,2.0NRT,282.7,1.59,N
8.6718,77.99409,309.52,0.39,0.36,2026-08-28,2019,N20,VIIRS,n,2.0NRT,294.29,0.44,N
10.61592,77.42117,301.41,0.42,0.37,2026-08-28,2019,N20,VIIRS,n,2.0NRT,284.19,0.45,N
8.66846,77.99356,309.13,0.39,0.36,2026-08-28,2019,N20,VIIRS,n,2.0NRT,294.69,0.44,N
17.14254,77.18425,305.29,0.49,0.4,2026-08-28,2019,N20,VIIRS,n,2.0NRT,290.03,0.8,N
17.14009,77.17446,305.66,0.49,0.41,2026-08-28,2019,N20,VIIRS,n,2.0NRT,290.32,1.09,N
17.0624,76.98022,307.14,0.5,0.41,2026-08-28,2019,N20,VIIRS,n,2.0NRT,288.72,1.3,N
16.09608,79.16954,307.79,0.4,0.37,2026-08-28,2019,N20,VIIRS,n,2.0NRT,279.43,0.87,N
15.98432,79.14418,304.46,0.4,0.37,2026-08-28,2019,N20,VIIRS,n,2.0NRT,272.88,1.04,N
15.89742,79.43373,298.3,0.4,0.37,2026-08-28,2019,N20,VIIRS,n,2.0NRT,261.11,0.61,N
15.33618,76.28429,304.01,0.52,0.42,2026-08-28,2019,N20,VIIRS,n,2.0NRT,289.95,1.01,N
15.17731,77.1031,305.59,0.47,0.4,2026-08-28,2019,N20,VIIRS,n,2.0NRT,291.33,1.81,N
15.17739,77.10064,305.28,0.47,0.4,2026-08-28,2019,N20,VIIRS,n,2.0NRT,291.59,1.3,N
15.17368,76.78575,304.27,0.49,0.4,2026-08-28,2019,N20,VIIRS,n,2.0NRT,291.11,1.18,N
15.183,76.66542,321.1,0.5,0.41,2026-08-28,2019,N20,VIIRS,n,2.0NRT,292.07,2.73,N
15.1825,76.64178,330.42,0.5,0.41,2026-08-28,2019,N20,VIIRS,n,2.0NRT,292.13,4.32,N
15.18056,76.65565,306.01,0.5,0.41,2026-08-28,2019,N20,VIIRS,n,2.0NRT,291.74,2.43,N
15.17798,76.6741,305.04,0.5,0.41,2026-08-28,2019,N20,VIIRS,n,2.0NRT,291.74,1.45,N
15.1754,76.69256,315.2,0.5,0.41,2026-08-28,2019,N20,VIIRS,n,2.0NRT,291.4,1.87,N
15.17683,76.65511,332.64,0.5,0.41,2026-08-28,2019,N20,VIIRS,n,2.0NRT,293.92,2.43,N
15.11159,76.8063,303.23,0.49,0.4,2026-08-28,2019,N20,VIIRS,n,2.0NRT,290.45,0.89,N
14.60621,78.52273,308.2,0.41,0.37,2026-08-28,2019,N20,VIIRS,n,2.0NRT,289.18,1.33,N
8.85032,78.13471,308.67,0.39,0.36,2026-08-28,2019,N20,VIIRS,n,2.0NRT,294.67,0.43,N
25.9405,72.1935,303.76,0.66,0.73,2026-08-28,2155,N20,VIIRS,n,2.0NRT,291.23,0.95,N
25.9441,72.19492,304.05,0.66,0.73,2026-08-28,2155,N20,VIIRS,n,2.0NRT,291.75,1.16,N
9.3622,78.73381,332.95,0.52,0.67,2026-08-29,0724,N20,VIIRS,n,2.0NRT,284.66,4.63,D
14.54888,79.80931,348.89,0.35,0.57,2026-08-29,0726,N20,VIIRS,n,2.0NRT,295.27,3.21,D
10.40738,79.5165,354.22,0.44,0.62,2026-08-29,0726,N20,VIIRS,n,2.0NRT,289.07,6.75,D
10.98918,78.7616,330.06,0.48,0.65,2026-08-29,0726,N20,VIIRS,n,2.0NRT,288.64,3.86,D
12.20977,79.82823,332.09,0.39,0.59,2026-08-29,0726,N20,VIIRS,n,2.0NRT,295.71,2.73,D
13.56609,79.58166,331.28,0.38,0.59,2026-08-29,0726,N20,VIIRS,n,2.0NRT,294.21,2.31,D
14.55055,79.80936,349.62,0.35,0.57,2026-08-29,0726,N20,VIIRS,n,2.0NRT,294.78,4.3,D
14.6517,77.66785,340.19,0.49,0.65,2026-08-29,0726,N20,VIIRS,n,2.0NRT,289.79,4.18,D
14.65011,77.66823,336.82,0.49,0.65,2026-08-29,0726,N20,VIIRS,n,2.0NRT,290.02,5.27,D
23.68707,87.12255,331.22,0.39,0.36,2026-08-29,0729,N20,VIIRS,n,2.0NRT,295.74,3.21,D
25.03602,87.38899,335.28,0.39,0.36,2026-08-29,0729,N20,VIIRS,n,2.0NRT,295.29,3.58,D
28.26528,94.83472,346.8,0.33,0.55,2026-08-29,0731,N20,VIIRS,n,2.0NRT,291.97,4.26,D
26.66728,86.18171,335.89,0.38,0.36,2026-08-29,0731,N20,VIIRS,n,2.0NRT,295.85,2.53,D
31.65889,78.40624,336.85,0.4,0.44,2026-08-29,0731,N20,VIIRS,l,2.0NRT,309.66,5.95,D
8.64795,77.84141,330.38,0.68,0.74,2026-08-29,0905,N20,VIIRS,n,2.0NRT,283.86,3.16,D
29.46341,76.88279,298.15,0.47,0.64,2026-08-29,1953,N20,VIIRS,n,2.0NRT,275.22,1.01,N
29.46308,76.88765,309.87,0.47,0.64,2026-08-29,1953,N20,VIIRS,n,2.0NRT,275.01,1.01,N
28.66509,77.57698,306.44,0.42,0.61,2026-08-29,1955,N20,VIIRS,n,2.0NRT,286.13,0.68,N
23.54915,86.54485,302.9,0.39,0.36,2026-08-29,1955,N20,VIIRS,n,2.0NRT,274.32,0.93,N
22.37691,87.27876,322.63,0.38,0.36,2026-08-29,1955,N20,VIIRS,n,2.0NRT,272.46,2.35,N
22.36679,87.29976,303.34,0.38,0.36,2026-08-29,1955,N20,VIIRS,n,2.0NRT,263.87,0.5,N
22.36415,87.0177,300.28,0.38,0.36,2026-08-29,1955,N20,VIIRS,n,2.0NRT,272.12,0.68,N
22.36086,87.01711,305.35,0.38,0.36,2026-08-29,1955,N20,VIIRS,n,2.0NRT,272.58,0.68,N
9.79408,78.39436,313.48,0.43,0.46,2026-08-29,2000,N20,VIIRS,n,2.0NRT,292.35,1.2,N
9.75909,77.51995,355.55,0.49,0.48,2026-08-29,2000,N20,VIIRS,n,2.0NRT,295.61,9.74,N
10.08053,77.3137,303.46,0.51,0.49,2026-08-29,2000,N20,VIIRS,n,2.0NRT,288.4,0.74,N
9.75463,77.51933,333.11,0.49,0.48,2026-08-29,2000,N20,VIIRS,n,2.0NRT,292.28,9.74,N
9.30498,77.40442,309.28,0.49,0.48,2026-08-29,2000,N20,VIIRS,n,2.0NRT,295.01,1.74,N
8.77298,78.1974,326.43,0.43,0.46,2026-08-29,2000,N20,VIIRS,n,2.0NRT,273.55,2.2,N
11.17766,79.08904,301.17,0.4,0.44,2026-08-29,2000,N20,VIIRS,n,2.0NRT,279.92,0.51,N
11.47617,77.50427,301.06,0.52,0.5,2026-08-29,2000,N20,VIIRS,n,2.0NRT,278.95,0.54,N
11.47695,77.50159,298.16,0.52,0.5,2026-08-29,2000,N20,VIIRS,n,2.0NRT,278.39,0.36,N
10.32693,79.23083,303.13,0.39,0.44,2026-08-29,2000,N20,VIIRS,n,2.0NRT,287.41,0.51,N
10.61798,77.41872,305.55,0.51,0.49,2026-08-29,2000,N20,VIIRS,n,2.0NRT,289.22,0.93,N
10.94012,78.46482,300.86,0.44,0.46,2026-08-29,2000,N20,VIIRS,n,2.0NRT,276.99,2.72,N
10.93958,78.46883,338.63,0.44,0.46,2026-08-29,2000,N20,VIIRS,n,2.0NRT,278.32,2.72,N
10.94382,78.46944,298.61,0.44,0.46,2026-08-29,2000,N20,VIIRS,n,2.0NRT,278.11,0.31,N
13.8395,79.33519,305.55,0.42,0.45,2026-08-29,2000,N20,VIIRS,n,2.0NRT,286.54,1.42,N
13.83898,79.33909,308.77,0.42,0.45,2026-08-29,2000,N20,VIIRS,n,2.0NRT,286.83,1.24,N
13.8353,79.33482,308.27,0.42,0.45,2026-08-29,2000,N20,VIIRS,n,2.0NRT,286.56,1.42,N
13.83427,79.34254,308.41,0.42,0.45,2026-08-29,2000,N20,VIIRS,n,2.0NRT,286.61,1.24,N
11.56324,78.73071,319.18,0.43,0.46,2026-08-29,2000,N20,VIIRS,n,2.0NRT,287.17,1.9,N
29.45783,76.893,315.97,0.54,0.68,2026-08-29,2136,N20,VIIRS,n,2.0NRT,283.12,5.21,N
25.94203,72.1932,304.41,0.34,0.56,2026-08-29,2136,N20,VIIRS,n,2.0NRT,286.63,0.39,N
29.45926,76.88767,330.18,0.54,0.68,2026-08-29,2136,N20,VIIRS,n,2.0NRT,284.5,5.21,N
29.45884,76.89159,331.32,0.54,0.68,2026-08-29,2136,N20,VIIRS,n,2.0NRT,283.78,4.41,N
29.46024,76.88624,304.02,0.54,0.68,2026-08-29,2136,N20,VIIRS,n,2.0NRT,284.39,4.2,N
14.50181,79.70016,338.54,0.74,0.76,2026-08-30,0707,N20,VIIRS,n,2.0NRT,289.82,4.28,D
14.50168,79.70076,336.4,0.74,0.76,2026-08-30,0707,N20,VIIRS,n,2.0NRT,289.36,6.06,D
23.76081,86.4027,330.6,0.55,0.43,2026-08-30,0709,N20,VIIRS,n,2.0NRT,289.95,7.03,D
23.80394,86.33237,333.77,0.55,0.43,2026-08-30,0709,N20,VIIRS,n,2.0NRT,289.02,3.43,D
23.64829,85.43843,333.96,0.42,0.45,2026-08-30,0709,N20,VIIRS,n,2.0NRT,288.41,6.73,D
28.1259,95.46807,330.19,0.56,0.43,2026-08-30,0709,N20,VIIRS,n,2.0NRT,294.91,3.18,D
27.98966,94.22114,339.7,0.48,0.4,2026-08-30,0709,N20,VIIRS,n,2.0NRT,298.03,6.97,D
23.55893,87.23925,343.58,0.5,0.41,2026-08-30,0709,N20,VIIRS,n,2.0NRT,291.53,14.28,D
9.44872,77.67133,331.78,0.32,0.55,2026-08-30,0845,N20,VIIRS,n,2.0NRT,278.81,3.88,D
8.88266,77.78847,339.64,0.32,0.55,2026-08-30,0845,N20,VIIRS,n,2.0NRT,291.16,1.91,D
8.93221,77.96577,367,0.33,0.55,2026-08-30,0845,N20,VIIRS,h,2.0NRT,293.15,8.66,D
9.11021,77.77234,350.61,0.32,0.55,2026-08-30,0845,N20,VIIRS,n,2.0NRT,288.69,4.69,D
9.4436,77.67059,330.78,0.32,0.55,2026-08-30,0845,N20,VIIRS,n,2.0NRT,276.36,3.65,D
9.44333,77.66908,335.62,0.32,0.55,2026-08-30,0845,N20,VIIRS,n,2.0NRT,277.88,3.8,D
9.99573,77.29134,349.42,0.62,0.54,2026-08-30,0845,N20,VIIRS,n,2.0NRT,294.98,9.26,D
21.10428,72.64712,347.97,0.43,0.46,2026-08-30,0850,N20,VIIRS,n,2.0NRT,298.8,9.54,D
21.10281,72.6347,341.97,0.43,0.46,2026-08-30,0850,N20,VIIRS,n,2.0NRT,297.24,5.36,D
21.1033,72.63883,334.9,0.43,0.46,2026-08-30,0850,N20,VIIRS,n,2.0NRT,296.27,5.36,D
31.57862,74.81806,332.74,0.39,0.59,2026-08-30,0852,N20,VIIRS,n,2.0NRT,293.89,3.13,D
27.39587,71.04128,339.04,0.41,0.45,2026-08-30,0852,N20,VIIRS,n,2.0NRT,300.97,3.65,D
27.3954,71.0371,343.46,0.41,0.45,2026-08-30,0852,N20,VIIRS,n,2.0NRT,301.58,4.08,D
15.18226,76.66277,300.4,0.69,0.74,2026-08-30,1940,N20,VIIRS,n,2.0NRT,265.07,7.11,N
10.10931,77.46021,303.47,0.53,0.67,2026-08-30,1942,N20,VIIRS,n,2.0NRT,289.61,0.64,N
28.74474,76.9258,302.82,0.59,0.53,2026-08-30,2116,N20,VIIRS,n,2.0NRT,286.68,1.53,N
29.47735,76.8579,334.37,0.56,0.52,2026-08-30,2116,N20,VIIRS,n,2.0NRT,289.34,7.34,N
25.94213,72.19216,318.98,0.54,0.42,2026-08-30,2118,N20,VIIRS,n,2.0NRT,293.98,2.51,N
22.38943,73.11754,310.63,0.47,0.47,2026-08-30,2118,N20,VIIRS,n,2.0NRT,290.46,0.91,N
27.08151,73.8162,304.34,0.42,0.45,2026-08-30,2118,N20,VIIRS,n,2.0NRT,291.02,0.92,N
26.87585,73.51497,303.97,0.41,0.45,2026-08-30,2118,N20,VIIRS,n,2.0NRT,291.93,0.99,N
18.49127,74.60493,301,0.34,0.56,2026-08-30,2121,N20,VIIRS,n,2.0NRT,288.03,0.53,N
17.54469,73.15681,334.72,0.58,0.52,2026-08-30,2121,N20,VIIRS,n,2.0NRT,288.88,3.59,N
18.54775,74.2534,306.65,0.33,0.55,2026-08-30,2121,N20,VIIRS,n,2.0NRT,287.54,0.82,N
9.02701,77.86887,341.66,0.49,0.4,2026-08-31,0828,N20,VIIRS,n,2.0NRT,311.06,10.62,D
9.09992,77.59845,340.12,0.47,0.4,2026-08-31,0828,N20,VIIRS,n,2.0NRT,309.29,5.89,D
9.33502,77.6755,340.82,0.48,0.4,2026-08-31,0828,N20,VIIRS,n,2.0NRT,297.84,8.25,D
9.33842,77.67591,348.33,0.48,0.4,2026-08-31,0828,N20,VIIRS,n,2.0NRT,302.43,15.33,D
9.43492,77.46063,336.91,0.47,0.4,2026-08-31,0828,N20,VIIRS,n,2.0NRT,306.59,2.32,D
9.33629,76.59998,331.62,0.43,0.38,2026-08-31,0828,N20,VIIRS,n,2.0NRT,297.35,2.3,D
9.65621,77.65012,339,0.48,0.4,2026-08-31,0828,N20,VIIRS,n,2.0NRT,303.15,4.92,D
9.65592,77.65157,340.63,0.48,0.4,2026-08-31,0828,N20,VIIRS,n,2.0NRT,304.25,4.59,D
9.77065,78.36562,338.51,0.53,0.42,2026-08-31,0828,N20,VIIRS,n,2.0NRT,307.27,5.6,D
9.78937,78.38755,333.79,0.53,0.42,2026-08-31,0828,N20,VIIRS,n,2.0NRT,303.62,3.64,D
9.7255,77.27241,331.44,0.46,0.39,2026-08-31,0828,N20,VIIRS,l,2.0NRT,304.45,1.76,D
9.94658,77.72368,338.91,0.49,0.4,2026-08-31,0828,N20,VIIRS,n,2.0NRT,304.69,6.94,D
10.03775,78.14595,334.77,0.52,0.41,2026-08-31,0828,N20,VIIRS,l,2.0NRT,305.02,4.01,D
10.04175,77.58042,339.12,0.48,0.4,2026-08-31,0828,N20,VIIRS,n,2.0NRT,304.56,29.4,D
10.27317,78.84991,337.68,0.38,0.43,2026-08-31,0828,N20,VIIRS,n,2.0NRT,288.04,3.9,D
10.28726,77.86376,336.28,0.5,0.41,2026-08-31,0828,N20,VIIRS,n,2.0NRT,282.82,4.79,D
10.66276,78.48209,335.26,0.55,0.43,2026-08-31,0828,N20,VIIRS,n,2.0NRT,299.46,2.22,D
10.73763,78.73309,335.81,0.57,0.43,2026-08-31,0828,N20,VIIRS,n,2.0NRT,298.79,3.35,D
10.76245,78.65031,334.91,0.57,0.43,2026-08-31,0828,N20,VIIRS,n,2.0NRT,299.28,3.55,D
10.76564,78.65233,338.36,0.57,0.43,2026-08-31,0828,N20,VIIRS,n,2.0NRT,300.99,5.89,D
10.84943,78.79076,335.91,0.39,0.44,2026-08-31,0828,N20,VIIRS,n,2.0NRT,300.38,3.38,D
11.46265,79.2357,335.83,0.42,0.45,2026-08-31,0828,N20,VIIRS,n,2.0NRT,300.33,3.95,D
11.45847,79.20508,331.29,0.42,0.45,2026-08-31,0828,N20,VIIRS,n,2.0NRT,298.72,4.75,D
11.19128,76.92039,332,0.46,0.39,2026-08-31,0828,N20,VIIRS,n,2.0NRT,296.2,2.29,D
11.62768,78.61454,338.59,0.39,0.44,2026-08-31,0828,N20,VIIRS,n,2.0NRT,299.74,2.1,D
11.70993,79.0149,333.03,0.41,0.45,2026-08-31,0828,N20,VIIRS,n,2.0NRT,300.21,1.34,D
11.47324,77.20173,333.62,0.48,0.4,2026-08-31,0828,N20,VIIRS,n,2.0NRT,295.28,3.2,D
12.05407,79.33384,333.4,0.43,0.46,2026-08-31,0828,N20,VIIRS,l,2.0NRT,303.79,1.84,D
11.88784,77.23312,339.3,0.49,0.4,2026-08-31,0828,N20,VIIRS,n,2.0NRT,295.55,4.91,D
12.24117,79.08451,341.4,0.42,0.45,2026-08-31,0828,N20,VIIRS,n,2.0NRT,299.69,3.57,D
12.40623,79.97924,330.41,0.48,0.48,2026-08-31,0828,N20,VIIRS,n,2.0NRT,300.37,4.96,D
12.34985,79.22876,351.38,0.43,0.46,2026-08-31,0828,N20,VIIRS,n,2.0NRT,306.01,26.13,D
12.35043,79.22861,353.47,0.43,0.46,2026-08-31,0828,N20,VIIRS,n,2.0NRT,303.73,20.52,D
12.91149,79.43056,335.76,0.45,0.47,2026-08-31,0828,N20,VIIRS,n,2.0NRT,299.59,2.51,D
13.1221,79.9063,336.64,0.49,0.48,2026-08-31,0828,N20,VIIRS,n,2.0NRT,294.46,4.33,D
13.58984,78.21954,331.87,0.39,0.44,2026-08-31,0828,N20,VIIRS,n,2.0NRT,293.69,1.78,D
14.47482,78.26068,337.14,0.4,0.44,2026-08-31,0828,N20,VIIRS,n,2.0NRT,296.09,2.53,D
14.35068,77.20792,334.78,0.52,0.41,2026-08-31,0828,N20,VIIRS,n,2.0NRT,294.14,5.55,D
8.34184,77.54288,343.41,0.46,0.39,2026-08-31,0828,N20,VIIRS,n,2.0NRT,302.56,8.3,D
8.44717,77.58348,335.04,0.46,0.39,2026-08-31,0828,N20,VIIRS,n,2.0NRT,302.12,2.18,D
8.72286,77.91467,338.28,0.49,0.4,2026-08-31,0828,N20,VIIRS,n,2.0NRT,306.32,6.73,D
8.74155,77.75618,337.88,0.48,0.4,2026-08-31,0828,N20,VIIRS,n,2.0NRT,305.11,6.5,D
9.10032,78.18219,340.05,0.51,0.41,2026-08-31,0828,N20,VIIRS,n,2.0NRT,305.68,12.25,D
9.09946,77.59773,340.97,0.47,0.4,2026-08-31,0828,N20,VIIRS,n,2.0NRT,309.36,6.5,D
17.96539,75.48702,336.33,0.46,0.39,2026-08-31,0830,N20,VIIRS,n,2.0NRT,299.52,3.37,D
17.77075,75.83885,338.77,0.48,0.4,2026-08-31,0830,N20,VIIRS,n,2.0NRT,299.26,1.97,D
26.85779,72.11017,338.83,0.41,0.37,2026-08-31,0833,N20,VIIRS,l,2.0NRT,311.09,4.51,D
25.59085,72.62873,332.94,0.42,0.38,2026-08-31,0833,N20,VIIRS,n,2.0NRT,297.48,2.74,D
21.102,72.63538,337.48,0.39,0.37,2026-08-31,0833,N20,VIIRS,n,2.0NRT,299.47,9.17,D
21.10255,72.63916,337.23,0.39,0.37,2026-08-31,0833,N20,VIIRS,n,2.0NRT,296.08,7.44,D
31.41202,74.55347,330.68,0.39,0.44,2026-08-31,0835,N20,VIIRS,n,2.0NRT,299.58,1.49,D
28.34796,77.25802,308.08,0.51,0.41,2026-08-31,2057,N20,VIIRS,n,2.0NRT,290.84,2.59,N
27.28906,73.83814,309.89,0.4,0.37,2026-08-31,2057,N20,VIIRS,n,2.0NRT,294.14,1.08,N
26.87875,73.5166,305.81,0.39,0.36,2026-08-31,2057,N20,VIIRS,n,2.0NRT,293.32,1.52,N
26.87543,73.51593,309.98,0.39,0.36,2026-08-31,2057,N20,VIIRS,n,2.0NRT,293.26,1.34,N
26.60473,73.68454,305.84,0.4,0.37,2026-08-31,2057,N20,VIIRS,n,2.0NRT,293.13,0.89,N
26.25868,74.09715,310.54,0.41,0.37,2026-08-31,2057,N20,VIIRS,n,2.0NRT,290.76,1.08,N
25.94237,72.19138,308.51,0.38,0.36,2026-08-31,2057,N20,VIIRS,n,2.0NRT,292.63,1,N
30.25077,74.9136,308.85,0.4,0.37,2026-08-31,2057,N20,VIIRS,n,2.0NRT,296.36,1.01,N
30.18642,74.48694,311.31,0.39,0.36,2026-08-31,2057,N20,VIIRS,n,2.0NRT,294.97,2.35,N
29.46107,76.8892,307.39,0.47,0.4,2026-08-31,2057,N20,VIIRS,n,2.0NRT,292.41,3.12,N
28.37484,77.22419,310.89,0.51,0.41,2026-08-31,2057,N20,VIIRS,n,2.0NRT,291.18,2.22,N
28.3733,77.22678,310.67,0.51,0.41,2026-08-31,2057,N20,VIIRS,n,2.0NRT,291.11,2.65,N
24.6901,73.00169,313.08,0.39,0.36,2026-08-31,2059,N20,VIIRS,n,2.0NRT,290.52,1.11,N
22.9333,69.69547,319.81,0.4,0.37,2026-08-31,2059,N20,VIIRS,n,2.0NRT,288.73,3.34,N
22.93215,69.70328,304.41,0.4,0.37,2026-08-31,2059,N20,VIIRS,n,2.0NRT,291.76,1.67,N
21.10775,72.64704,312.17,0.41,0.37,2026-08-31,2059,N20,VIIRS,n,2.0NRT,281.09,1.67,N
21.10298,72.63417,330.34,0.41,0.37,2026-08-31,2059,N20,VIIRS,n,2.0NRT,284.89,2.63,N
21.10232,72.63803,306.19,0.41,0.37,2026-08-31,2059,N20,VIIRS,n,2.0NRT,282.98,2.63,N
20.91001,71.45766,306.84,0.39,0.36,2026-08-31,2059,N20,VIIRS,n,2.0NRT,292.26,1.23,N
20.90941,71.46135,307.93,0.39,0.36,2026-08-31,2059,N20,VIIRS,n,2.0NRT,292.29,1.31,N
23.26684,70.25716,302.45,0.39,0.36,2026-08-31,2059,N20,VIIRS,n,2.0NRT,291.01,1.26,N
24.76362,74.60734,304.43,0.44,0.38,2026-08-31,2059,N20,VIIRS,n,2.0NRT,284.22,1.04,N
24.69281,74.68075,300.04,0.44,0.38,2026-08-31,2059,N20,VIIRS,n,2.0NRT,281.62,0.54,N
24.65826,73.87632,305.2,0.41,0.37,2026-08-31,2059,N20,VIIRS,n,2.0NRT,285.77,0.81,N
11.28316,77.87854,300.36,0.38,0.58,2026-08-31,2101,N20,VIIRS,n,2.0NRT,283.12,0.23,N
13.11669,77.65411,321.12,0.34,0.56,2026-08-31,2101,N20,VIIRS,n,2.0NRT,283.66,2.26,N
11.18185,79.09965,306.88,0.46,0.63,2026-08-31,2101,N20,VIIRS,n,2.0NRT,286.8,1.49,N
9.13332,77.53674,314.12,0.39,0.59,2026-08-31,2104,N20,VIIRS,n,2.0NRT,292.41,1,N
9.208,78.37176,338.92,0.39,0.36,2026-09-01,0807,N20,VIIRS,n,2.0NRT,308.25,6.24,D
9.73185,78.95364,339.67,0.38,0.36,2026-09-01,0807,N20,VIIRS,n,2.0NRT,309.4,7.88,D
12.32043,79.67432,334.36,0.4,0.37,2026-09-01,0809,N20,VIIRS,l,2.0NRT,304.79,3.47,D
10.16487,79.23363,332.5,0.39,0.36,2026-09-01,0809,N20,VIIRS,l,2.0NRT,303.93,4.19,D
10.04949,77.92572,342.23,0.39,0.36,2026-09-01,0809,N20,VIIRS,l,2.0NRT,310.22,24.12,D
10.53186,79.39458,336.41,0.39,0.36,2026-09-01,0809,N20,VIIRS,l,2.0NRT,308.6,4.3,D
10.67378,79.27847,337.66,0.39,0.36,2026-09-01,0809,N20,VIIRS,n,2.0NRT,307.5,3.46,D
10.85916,79.8132,333.86,0.4,0.37,2026-09-01,0809,N20,VIIRS,n,2.0NRT,303.25,1.98,D
10.89396,79.54767,331.55,0.39,0.36,2026-09-01,0809,N20,VIIRS,l,2.0NRT,304.62,2.42,D
10.86964,79.29421,338.56,0.39,0.36,2026-09-01,0809,N20,VIIRS,l,2.0NRT,309.91,3.41,D
10.88104,79.32494,339.46,0.39,0.36,2026-09-01,0809,N20,VIIRS,l,2.0NRT,310.8,2.56,D
10.96822,79.74831,330.42,0.39,0.37,2026-09-01,0809,N20,VIIRS,l,2.0NRT,302.13,3.13,D
10.94656,79.55784,330.16,0.39,0.36,2026-09-01,0809,N20,VIIRS,l,2.0NRT,302.62,3.76,D
11.01856,79.83994,338.87,0.4,0.37,2026-09-01,0809,N20,VIIRS,n,2.0NRT,305.96,3.22,D
11.00979,79.4135,341.18,0.39,0.36,2026-09-01,0809,N20,VIIRS,n,2.0NRT,308.25,3.37,D
11.06238,79.42599,342.69,0.39,0.36,2026-09-01,0809,N20,VIIRS,n,2.0NRT,308.14,3.87,D
11.19052,79.69118,331.18,0.39,0.37,2026-09-01,0809,N20,VIIRS,l,2.0NRT,301.92,2.07,D
11.14982,78.03407,340.69,0.39,0.36,2026-09-01,0809,N20,VIIRS,n,2.0NRT,308.1,6.75,D
11.33965,79.0102,340.85,0.39,0.36,2026-09-01,0809,N20,VIIRS,n,2.0NRT,309.77,8.93,D
11.47595,79.2412,333.51,0.39,0.36,2026-09-01,0809,N20,VIIRS,l,2.0NRT,304.48,3.37,D
11.69631,79.12608,349.14,0.39,0.36,2026-09-01,0809,N20,VIIRS,n,2.0NRT,310.78,13.01,D
11.84283,78.90457,340.49,0.39,0.36,2026-09-01,0809,N20,VIIRS,l,2.0NRT,311.25,8.25,D
11.99543,79.53955,338.87,0.4,0.37,2026-09-01,0809,N20,VIIRS,n,2.0NRT,307.58,9.74,D
12.05794,79.8463,335.54,0.4,0.37,2026-09-01,0809,N20,VIIRS,n,2.0NRT,302.75,2.41,D
12.06666,79.58771,338.45,0.4,0.37,2026-09-01,0809,N20,VIIRS,n,2.0NRT,305.63,2.7,D
12.09079,79.56552,341.42,0.4,0.37,2026-09-01,0809,N20,VIIRS,n,2.0NRT,308.34,10.37,D
12.32097,79.67798,336.31,0.4,0.37,2026-09-01,0809,N20,VIIRS,n,2.0NRT,304.35,4.51,D
11.83702,75.93494,331.71,0.43,0.38,2026-09-01,0809,N20,VIIRS,n,2.0NRT,292.59,2.87,D
12.33565,78.99867,348.36,0.39,0.36,2026-09-01,0809,N20,VIIRS,n,2.0NRT,312.93,22.47,D
12.41561,79.51421,334.56,0.4,0.37,2026-09-01,0809,N20,VIIRS,n,2.0NRT,304.89,1.9,D
12.33323,78.84695,345.02,0.39,0.36,2026-09-01,0809,N20,VIIRS,n,2.0NRT,310.36,6.94,D
12.55405,79.97852,336.83,0.41,0.37,2026-09-01,0809,N20,VIIRS,n,2.0NRT,306.29,6.11,D
12.13971,77.07882,345.6,0.4,0.37,2026-09-01,0809,N20,VIIRS,l,2.0NRT,298.79,12.97,D
12.63377,79.85988,341.37,0.41,0.37,2026-09-01,0809,N20,VIIRS,n,2.0NRT,307,4.43,D
12.65339,79.39956,341.11,0.4,0.37,2026-09-01,0809,N20,VIIRS,n,2.0NRT,308.72,4.69,D
12.15436,75.98641,282.59,0.42,0.38,2026-09-01,0809,N20,VIIRS,l,2.0NRT,294.41,179.92,D
12.15781,75.98586,351.45,0.42,0.38,2026-09-01,0809,N20,VIIRS,n,2.0NRT,287.19,179.92,D
12.82766,79.75002,338.87,0.4,0.37,2026-09-01,0809,N20,VIIRS,n,2.0NRT,304.9,4.74,D
12.61144,77.64263,330.97,0.39,0.36,2026-09-01,0809,N20,VIIRS,l,2.0NRT,301.86,2.62,D
12.9165,79.43965,338.17,0.4,0.37,2026-09-01,0809,N20,VIIRS,n,2.0NRT,304.79,6.57,D
12.54359,76.83745,331.47,0.4,0.37,2026-09-01,0809,N20,VIIRS,n,2.0NRT,296.4,3.7,D
12.39398,75.85985,335.37,0.43,0.38,2026-09-01,0809,N20,VIIRS,n,2.0NRT,290.63,11.18,D
12.98432,79.59767,333.27,0.4,0.37,2026-09-01,0809,N20,VIIRS,n,2.0NRT,302.23,4.21,D
13.0373,79.91235,332.05,0.41,0.37,2026-09-01,0809,N20,VIIRS,l,2.0NRT,303.39,2.44,D
13.05037,79.42616,339.02,0.4,0.37,2026-09-01,0809,N20,VIIRS,n,2.0NRT,304.46,6.5,D
13.15914,79.90918,337.13,0.41,0.37,2026-09-01,0809,N20,VIIRS,n,2.0NRT,297.14,4.29,D
13.16089,79.89739,338.36,0.41,0.37,2026-09-01,0809,N20,VIIRS,n,2.0NRT,300.66,6.29,D
13.2257,80.26954,335.92,0.42,0.38,2026-09-01,0809,N20,VIIRS,n,2.0NRT,300.66,3.64,D
12.78816,76.8565,337.86,0.4,0.37,2026-09-01,0809,N20,VIIRS,n,2.0NRT,296.43,9.55,D
13.15988,79.22352,338.59,0.39,0.37,2026-09-01,0809,N20,VIIRS,n,2.0NRT,304.49,4.52,D
12.69653,75.9088,340.08,0.42,0.38,2026-09-01,0809,N20,VIIRS,l,2.0NRT,292.13,7.3,D
13.61584,78.73156,340.21,0.39,0.36,2026-09-01,0809,N20,VIIRS,n,2.0NRT,303.16,5.53,D
13.77332,79.77724,332.02,0.41,0.37,2026-09-01,0809,N20,VIIRS,n,2.0NRT,299.05,1.38,D
13.85828,79.33337,344.08,0.4,0.37,2026-09-01,0809,N20,VIIRS,n,2.0NRT,300.18,5.53,D
14.07877,80.00418,333.7,0.42,0.38,2026-09-01,0809,N20,VIIRS,n,2.0NRT,299.9,2.4,D
14.06871,78.78734,334.46,0.39,0.36,2026-09-01,0809,N20,VIIRS,n,2.0NRT,298.21,2.33,D
14.19711,79.17576,336.17,0.4,0.37,2026-09-01,0809,N20,VIIRS,n,2.0NRT,299.77,1.97,D
14.26449,79.09801,335.36,0.4,0.37,2026-09-01,0809,N20,VIIRS,n,2.0NRT,298.67,1.7,D
14.26657,79.09671,336.51,0.4,0.37,2026-09-01,0809,N20,VIIRS,n,2.0NRT,300,8.39,D
14.53993,79.6837,343.87,0.41,0.37,2026-09-01,0809,N20,VIIRS,n,2.0NRT,301.86,5.01,D
14.71761,79.5095,339.25,0.41,0.37,2026-09-01,0809,N20,VIIRS,n,2.0NRT,300.74,3.16,D
14.81743,79.59486,337.92,0.41,0.37,2026-09-01,0809,N20,VIIRS,n,2.0NRT,302.29,3.1,D
14.77542,78.97616,337.08,0.4,0.37,2026-09-01,0809,N20,VIIRS,n,2.0NRT,299.76,3.41,D
15.16986,80.03432,340.61,0.43,0.38,2026-09-01,0809,N20,VIIRS,n,2.0NRT,302.93,7.16,D
15.17334,80.03379,344.88,0.43,0.38,2026-09-01,0809,N20,VIIRS,n,2.0NRT,300.34,4.72,D
15.17278,80.02982,350.37,0.43,0.38,2026-09-01,0809,N20,VIIRS,n,2.0NRT,304.02,4.72,D
15.17682,80.03327,334.42,0.43,0.38,2026-09-01,0809,N20,VIIRS,n,2.0NRT,299.6,4.72,D
15.17626,80.0293,339.89,0.43,0.38,2026-09-01,0809,N20,VIIRS,n,2.0NRT,302.75,4.72,D
15.30314,78.21335,332.79,0.39,0.36,2026-09-01,0809,N20,VIIRS,n,2.0NRT,300.01,2.01,D
15.17819,77.3232,334.22,0.38,0.36,2026-09-01,0809,N20,VIIRS,n,2.0NRT,299.81,2.35,D
15.17716,76.65712,340.96,0.39,0.36,2026-09-01,0809,N20,VIIRS,n,2.0NRT,297.93,4.07,D
15.36116,76.70337,331.68,0.39,0.36,2026-09-01,0809,N20,VIIRS,l,2.0NRT,298.57,5.18,D
15.88581,79.82314,340.5,0.43,0.38,2026-09-01,0809,N20,VIIRS,n,2.0NRT,303.44,5.52,D
15.88524,79.81916,337.62,0.43,0.38,2026-09-01,0809,N20,VIIRS,n,2.0NRT,302.11,5.52,D
15.88765,79.82237,342.72,0.43,0.38,2026-09-01,0809,N20,VIIRS,n,2.0NRT,304.43,10.4,D
15.64317,77.96676,333.94,0.39,0.36,2026-09-01,0809,N20,VIIRS,n,2.0NRT,295.75,4.13,D
15.91319,79.80233,347.16,0.43,0.38,2026-09-01,0809,N20,VIIRS,n,2.0NRT,304.48,8.73,D
15.90596,79.6264,337.02,0.42,0.38,2026-09-01,0809,N20,VIIRS,n,2.0NRT,302.4,16.99,D
15.90541,79.62249,342.05,0.42,0.38,2026-09-01,0809,N20,VIIRS,n,2.0NRT,305.56,16.99,D
16.23223,80.54265,330.61,0.46,0.39,2026-09-01,0809,N20,VIIRS,n,2.0NRT,294.34,2.07,D
16.19392,80.10727,338.44,0.44,0.38,2026-09-01,0809,N20,VIIRS,n,2.0NRT,297.1,3.72,D
16.17905,80.00101,336.14,0.44,0.38,2026-09-01,0809,N20,VIIRS,n,2.0NRT,298.23,4.45,D
16.33996,77.79362,330.08,0.39,0.36,2026-09-01,0809,N20,VIIRS,n,2.0NRT,292.57,1.63,D
16.79762,80.1647,336.05,0.45,0.39,2026-09-01,0809,N20,VIIRS,n,2.0NRT,295.72,3.51,D
17.64225,82.57277,341.11,0.41,0.45,2026-09-01,0809,N20,VIIRS,n,2.0NRT,296.41,3.78,D
17.95593,80.79787,331.58,0.49,0.41,2026-09-01,0809,N20,VIIRS,n,2.0NRT,293.05,5.56,D
17.99069,74.74986,333.18,0.42,0.38,2026-09-01,0811,N20,VIIRS,n,2.0NRT,299.54,2.95,D
30.66109,76.31641,334.5,0.43,0.38,2026-09-01,0813,N20,VIIRS,n,2.0NRT,298.08,3.62,D
31.13703,74.91448,330.19,0.4,0.37,2026-09-01,0813,N20,VIIRS,l,2.0NRT,305.04,6.71,D
27.52248,72.41055,367,0.41,0.37,2026-09-01,0813,N20,VIIRS,h,2.0NRT,311.22,5.92,D
27.44247,72.41804,340.62,0.41,0.37,2026-09-01,0813,N20,VIIRS,n,2.0NRT,309.17,3.09,D
31.12613,74.62209,336.29,0.39,0.36,2026-09-01,0813,N20,VIIRS,n,2.0NRT,298.91,8,D
26.87395,73.51712,307.3,0.47,0.39,2026-09-01,2040,N20,VIIRS,n,2.0NRT,292.74,2.78,N
23.12223,70.08524,315.36,0.43,0.46,2026-09-01,2040,N20,VIIRS,n,2.0NRT,285.85,1.37,N
26.60596,73.68502,304.46,0.46,0.39,2026-09-01,2040,N20,VIIRS,n,2.0NRT,291.98,1.07,N
24.9335,74.63455,306.77,0.41,0.37,2026-09-01,2040,N20,VIIRS,n,2.0NRT,288.92,0.59,N
24.76563,74.60811,313.59,0.41,0.37,2026-09-01,2040,N20,VIIRS,n,2.0NRT,289.3,1.49,N
23.51416,72.41415,324.85,0.48,0.4,2026-09-01,2040,N20,VIIRS,n,2.0NRT,289.19,2.19,N
23.43207,68.71054,305.54,0.52,0.5,2026-09-01,2040,N20,VIIRS,n,2.0NRT,291.03,1.08,N
23.25649,70.26151,301.47,0.42,0.45,2026-09-01,2040,N20,VIIRS,n,2.0NRT,280.96,0.55,N
29.12574,75.77645,309.75,0.41,0.37,2026-09-01,2040,N20,VIIRS,n,2.0NRT,295.3,0.88,N
28.66423,77.57953,309.48,0.38,0.36,2026-09-01,2040,N20,VIIRS,n,2.0NRT,286.91,1.35,N
27.79342,75.33019,305.85,0.41,0.37,2026-09-01,2040,N20,VIIRS,n,2.0NRT,293.56,0.88,N
18.68157,73.03994,307.51,0.41,0.37,2026-09-01,2042,N20,VIIRS,n,2.0NRT,290.16,1.55,N
21.10774,72.64625,339.47,0.45,0.39,2026-09-01,2042,N20,VIIRS,n,2.0NRT,293.54,5.93,N
21.10893,72.63769,312.71,0.45,0.39,2026-09-01,2042,N20,VIIRS,n,2.0NRT,292.29,2.98,N
21.10419,72.64568,323.91,0.45,0.39,2026-09-01,2042,N20,VIIRS,n,2.0NRT,291.88,4.03,N
21.10184,72.63655,324.85,0.45,0.39,2026-09-01,2042,N20,VIIRS,n,2.0NRT,291.8,3.51,N
20.90987,71.45919,310.64,0.5,0.41,2026-09-01,2042,N20,VIIRS,n,2.0NRT,287.94,1.46,N
20.9094,71.45667,304.49,0.5,0.41,2026-09-01,2042,N20,VIIRS,n,2.0NRT,287.34,0.79,N
19.93619,73.71277,304.74,0.4,0.37,2026-09-01,2042,N20,VIIRS,n,2.0NRT,279.38,1,N
18.73721,74.40431,305.19,0.39,0.36,2026-09-01,2042,N20,VIIRS,n,2.0NRT,288.23,0.68,N
18.69181,73.0416,313.51,0.41,0.37,2026-09-01,2042,N20,VIIRS,n,2.0NRT,290.51,2.54,N
18.6867,73.02881,317.53,0.41,0.37,2026-09-01,2042,N20,VIIRS,n,2.0NRT,290.4,1.16,N
18.68613,73.0327,304.88,0.41,0.37,2026-09-01,2042,N20,VIIRS,n,2.0NRT,290.31,1.16,N
18.50696,74.2235,303.35,0.39,0.36,2026-09-01,2042,N20,VIIRS,n,2.0NRT,288.01,0.68,N
18.68271,73.03214,308.23,0.41,0.37,2026-09-01,2042,N20,VIIRS,n,2.0NRT,290.21,1.16,N
18.68214,73.03605,306.31,0.41,0.37,2026-09-01,2042,N20,VIIRS,n,2.0NRT,290.95,1.55,N
11.43284,77.16509,304.91,0.5,0.41,2026-09-01,2044,N20,VIIRS,n,2.0NRT,292.31,1.98,N
15.33847,76.27747,312.43,0.41,0.37,2026-09-01,2044,N20,VIIRS,n,2.0NRT,289.17,1.74,N
15.33782,76.2813,313.9,0.42,0.37,2026-09-01,2044,N20,VIIRS,n,2.0NRT,288.64,1.2,N
15.33378,76.28451,308.62,0.42,0.37,2026-09-01,2044,N20,VIIRS,n,2.0NRT,287.94,1.2,N
15.30256,76.21996,302.03,0.41,0.37,2026-09-01,2044,N20,VIIRS,n,2.0NRT,287.24,0.59,N
15.30218,76.2206,304.1,0.41,0.37,2026-09-01,2044,N20,VIIRS,n,2.0NRT,287.53,0.62,N
15.65856,73.98801,311.54,0.38,0.36,2026-09-01,2044,N20,VIIRS,n,2.0NRT,278.13,1.34,N
15.18178,76.66653,330.83,0.43,0.38,2026-09-01,2044,N20,VIIRS,n,2.0NRT,286.3,5.15,N
15.18044,76.67444,312.89,0.43,0.38,2026-09-01,2044,N20,VIIRS,n,2.0NRT,287.2,2.96,N
15.18232,76.6422,329.29,0.43,0.38,2026-09-01,2044,N20,VIIRS,n,2.0NRT,287.46,3.16,N
15.18032,76.65404,306.82,0.43,0.38,2026-09-01,2044,N20,VIIRS,n,2.0NRT,286.7,1.81,N
15.17631,76.67775,304.74,0.43,0.38,2026-09-01,2044,N20,VIIRS,n,2.0NRT,286.6,1.08,N
15.17364,76.69354,314.15,0.43,0.38,2026-09-01,2044,N20,VIIRS,n,2.0NRT,286.11,0.98,N
15.17686,76.65341,320.45,0.43,0.38,2026-09-01,2044,N20,VIIRS,n,2.0NRT,286.85,1.81,N
15.1762,76.65736,323.45,0.43,0.38,2026-09-01,2044,N20,VIIRS,n,2.0NRT,287.88,1.81,N
15.17021,76.37886,307.57,0.42,0.38,2026-09-01,2044,N20,VIIRS,n,2.0NRT,288.04,1.79,N
15.16355,76.37809,303.43,0.42,0.38,2026-09-01,2044,N20,VIIRS,n,2.0NRT,287.16,0.81,N
15.52438,73.99835,300.48,0.38,0.36,2026-09-01,2044,N20,VIIRS,n,2.0NRT,279.78,0.58,N
13.13984,80.18926,313.12,0.48,0.48,2026-09-01,2044,N20,VIIRS,n,2.0NRT,285.09,5.12,N
12.55545,76.66816,301.12,0.46,0.39,2026-09-01,2044,N20,VIIRS,n,2.0NRT,289.18,0.48,N
12.03402,79.0584,312.73,0.42,0.45,2026-09-01,2044,N20,VIIRS,n,2.0NRT,289.62,2.18,N
11.97294,78.38143,304.35,0.38,0.43,2026-09-01,2044,N20,VIIRS,n,2.0NRT,285.39,1.53,N
11.81575,77.91618,308.23,0.54,0.42,2026-09-01,2044,N20,VIIRS,n,2.0NRT,290.91,1.73,N
11.59199,77.27399,317.63,0.5,0.41,2026-09-01,2044,N20,VIIRS,n,2.0NRT,288.37,2.61,N
11.58907,77.26868,310.31,0.5,0.41,2026-09-01,2044,N20,VIIRS,n,2.0NRT,287.92,1.16,N
11.43157,77.16232,305.54,0.5,0.41,2026-09-01,2044,N20,VIIRS,n,2.0NRT,291.95,1.47,N
10.92422,78.5191,317.32,0.4,0.45,2026-09-01,2044,N20,VIIRS,n,2.0NRT,291.99,2.65,N
10.4508,77.30746,311.85,0.52,0.42,2026-09-01,2044,N20,VIIRS,n,2.0NRT,291.67,1.69,N
9.56806,77.53657,310.02,0.56,0.43,2026-09-01,2044,N20,VIIRS,n,2.0NRT,261.72,0.97,N
8.66958,77.99236,302.64,0.41,0.45,2026-09-01,2044,N20,VIIRS,n,2.0NRT,285.61,0.66,N
8.68932,78.05498,340.2,0.44,0.46,2026-09-02,0750,N20,VIIRS,n,2.0NRT,301.18,2.1,D
8.89923,78.11224,348.39,0.43,0.46,2026-09-02,0750,N20,VIIRS,n,2.0NRT,303.39,5.21,D
8.83889,77.73864,333.26,0.46,0.47,2026-09-02,0750,N20,VIIRS,n,2.0NRT,303.09,3.42,D
9.12443,78.19585,342.43,0.42,0.45,2026-09-02,0750,N20,VIIRS,n,2.0NRT,303.93,4.68,D
9.12683,78.19602,344.99,0.42,0.45,2026-09-02,0750,N20,VIIRS,n,2.0NRT,304.8,7.28,D
9.06449,76.54559,331.58,0.54,0.51,2026-09-02,0750,N20,VIIRS,n,2.0NRT,294.83,3.75,D
9.06309,76.54379,331.72,0.54,0.51,2026-09-02,0750,N20,VIIRS,n,2.0NRT,295.09,3.23,D
9.28854,77.59671,346.91,0.46,0.47,2026-09-02,0750,N20,VIIRS,n,2.0NRT,305.91,12.3,D
9.44911,77.67039,342.56,0.45,0.47,2026-09-02,0750,N20,VIIRS,n,2.0NRT,306.29,19.35,D
9.56955,77.54256,333.91,0.46,0.47,2026-09-02,0750,N20,VIIRS,n,2.0NRT,296.6,4.47,D
9.81357,78.67178,332.31,0.38,0.44,2026-09-02,0750,N20,VIIRS,n,2.0NRT,301.02,4.68,D
9.83309,78.53201,334.38,0.39,0.44,2026-09-02,0750,N20,VIIRS,n,2.0NRT,303.16,3.08,D
9.81627,78.26504,335.11,0.41,0.45,2026-09-02,0750,N20,VIIRS,n,2.0NRT,298.32,2.01,D
9.99262,79.18792,333.35,0.53,0.42,2026-09-02,0750,N20,VIIRS,n,2.0NRT,297.52,1.47,D
9.78422,77.80275,338.92,0.44,0.46,2026-09-02,0750,N20,VIIRS,n,2.0NRT,302.83,5.37,D
9.98763,77.44791,351.24,0.46,0.47,2026-09-02,0750,N20,VIIRS,n,2.0NRT,304.93,13.21,D
10.51527,78.92046,332.79,0.54,0.42,2026-09-02,0750,N20,VIIRS,n,2.0NRT,297,2.76,D
10.42062,77.4873,343.63,0.45,0.47,2026-09-02,0750,N20,VIIRS,n,2.0NRT,302.08,6.15,D
10.86362,77.56113,342.21,0.43,0.46,2026-09-02,0750,N20,VIIRS,n,2.0NRT,304.49,9.3,D
10.86017,77.56201,341.44,0.43,0.46,2026-09-02,0750,N20,VIIRS,n,2.0NRT,304.23,9.43,D
10.85615,77.46578,335.41,0.44,0.46,2026-09-02,0750,N20,VIIRS,n,2.0NRT,300.19,2.42,D
11.14817,78.0351,356.46,0.4,0.44,2026-09-02,0750,N20,VIIRS,n,2.0NRT,299.53,12.06,D
11.11218,77.13387,334.45,0.46,0.47,2026-09-02,0750,N20,VIIRS,n,2.0NRT,298.44,3.76,D
11.12016,76.91273,342.38,0.47,0.48,2026-09-02,0750,N20,VIIRS,n,2.0NRT,297.55,12.59,D
12.17468,79.01917,336.76,0.51,0.41,2026-09-02,0750,N20,VIIRS,l,2.0NRT,300.42,4.05,D
12.19443,78.03655,335.76,0.39,0.44,2026-09-02,0750,N20,VIIRS,n,2.0NRT,297.46,2.58,D
12.00362,76.78979,335.07,0.47,0.48,2026-09-02,0750,N20,VIIRS,n,2.0NRT,298.64,5.23,D
12.09333,76.95873,331.52,0.45,0.47,2026-09-02,0750,N20,VIIRS,n,2.0NRT,293.45,2.39,D
12.42062,78.77126,334.62,0.52,0.42,2026-09-02,0750,N20,VIIRS,n,2.0NRT,298.09,9.7,D
14.29297,77.98297,330.87,0.54,0.42,2026-09-02,0752,N20,VIIRS,n,2.0NRT,295.71,4.37,D
14.80575,77.70475,336.23,0.55,0.43,2026-09-02,0752,N20,VIIRS,n,2.0NRT,298.83,5.17,D
14.8058,77.7021,334.23,0.55,0.43,2026-09-02,0752,N20,VIIRS,n,2.0NRT,298.04,2,D
15.17519,76.65701,334.72,0.42,0.45,2026-09-02,0752,N20,VIIRS,n,2.0NRT,296.11,4.69,D
15.18141,76.66771,337.29,0.42,0.45,2026-09-02,0752,N20,VIIRS,n,2.0NRT,296.2,5.19,D
15.9894,78.40038,333.48,0.49,0.4,2026-09-02,0752,N20,VIIRS,n,2.0NRT,286.97,4.33,D
16.01283,78.38216,338.02,0.49,0.4,2026-09-02,0752,N20,VIIRS,n,2.0NRT,288.89,8.35,D
16.01212,78.38377,333.84,0.49,0.4,2026-09-02,0752,N20,VIIRS,l,2.0NRT,288.69,6.07,D
17.47544,76.39265,330.49,0.4,0.44,2026-09-02,0752,N20,VIIRS,n,2.0NRT,293.24,2.59,D
17.67695,75.30758,341.2,0.46,0.47,2026-09-02,0752,N20,VIIRS,n,2.0NRT,295.72,7.62,D
27.4374,70.85754,333.41,0.57,0.52,2026-09-02,0756,N20,VIIRS,l,2.0NRT,303.63,2.38,D
27.45672,70.78687,352.55,0.57,0.52,2026-09-02,0756,N20,VIIRS,n,2.0NRT,304.5,9.37,D
27.4573,70.78467,345.02,0.57,0.52,2026-09-02,0756,N20,VIIRS,n,2.0NRT,304.69,9.55,D
26.25158,73.33974,334.79,0.43,0.46,2026-09-02,0756,N20,VIIRS,n,2.0NRT,301.21,5.6,D
30.21693,76.76219,306.64,0.4,0.45,2026-09-02,2019,N20,VIIRS,n,2.0NRT,288.61,1.37,N
23.688,86.39345,309.56,0.39,0.44,2026-09-02,2021,N20,VIIRS,n,2.0NRT,288.21,1.84,N
23.77753,86.38976,306.42,0.38,0.44,2026-09-02,2021,N20,VIIRS,n,2.0NRT,289.01,2.34,N
23.77466,86.36218,316.43,0.38,0.43,2026-09-02,2021,N20,VIIRS,n,2.0NRT,288.7,2.38,N
23.77394,86.36584,305.7,0.38,0.43,2026-09-02,2021,N20,VIIRS,n,2.0NRT,288.5,1.97,N
23.76676,86.40286,312.11,0.39,0.44,2026-09-02,2021,N20,VIIRS,n,2.0NRT,288.95,1.76,N
23.76282,86.40197,325.48,0.39,0.44,2026-09-02,2021,N20,VIIRS,n,2.0NRT,289.28,1.76,N
23.76498,86.39088,302.84,0.38,0.44,2026-09-02,2021,N20,VIIRS,n,2.0NRT,288.14,2.05,N
23.76425,86.39459,305.18,0.38,0.44,2026-09-02,2021,N20,VIIRS,n,2.0NRT,288.97,1.45,N
23.76354,86.39828,306.61,0.39,0.44,2026-09-02,2021,N20,VIIRS,n,2.0NRT,288.49,1.45,N
23.76211,86.40564,303,0.39,0.44,2026-09-02,2021,N20,VIIRS,n,2.0NRT,288.27,1.76,N
23.75887,86.4011,316.14,0.39,0.44,2026-09-02,2021,N20,VIIRS,n,2.0NRT,289.04,2.32,N
23.75816,86.40479,315.88,0.39,0.44,2026-09-02,2021,N20,VIIRS,n,2.0NRT,288.62,2.32,N
23.75564,86.39656,306.11,0.39,0.44,2026-09-02,2021,N20,VIIRS,n,2.0NRT,288.67,2.29,N
23.77976,86.20955,321.04,0.56,0.43,2026-09-02,2021,N20,VIIRS,n,2.0NRT,289.08,3.74,N
23.77585,86.20872,307.93,0.56,0.43,2026-09-02,2021,N20,VIIRS,n,2.0NRT,289.18,3.74,N
23.77406,86.19703,311.24,0.56,0.43,2026-09-02,2021,N20,VIIRS,n,2.0NRT,288.97,4.58,N
23.77299,86.20249,303.04,0.56,0.43,2026-09-02,2021,N20,VIIRS,n,2.0NRT,288.91,3.5,N
23.6887,86.3898,304.81,0.39,0.44,2026-09-02,2021,N20,VIIRS,n,2.0NRT,288.67,2.16,N
23.68404,86.39259,319.58,0.39,0.44,2026-09-02,2021,N20,VIIRS,n,2.0NRT,288.78,1.58,N
23.68334,86.39626,310.63,0.39,0.44,2026-09-02,2021,N20,VIIRS,n,2.0NRT,288.78,1.58,N
23.68009,86.39173,306.7,0.39,0.44,2026-09-02,2021,N20,VIIRS,n,2.0NRT,288.16,1.58,N
23.67938,86.39541,309.72,0.39,0.44,2026-09-02,2021,N20,VIIRS,n,2.0NRT,288.63,1.58,N
23.67866,86.39913,309.46,0.39,0.44,2026-09-02,2021,N20,VIIRS,n,2.0NRT,288.44,2.48,N
23.69609,86.07645,303.17,0.56,0.43,2026-09-02,2021,N20,VIIRS,n,2.0NRT,283.9,1.8,N
23.68032,86.09521,295.21,0.56,0.43,2026-09-02,2021,N20,VIIRS,n,2.0NRT,281.17,1.58,N
23.67937,86.09851,295.04,0.56,0.43,2026-09-02,2021,N20,VIIRS,n,2.0NRT,280.45,1.02,N
24.71521,75.95151,303.49,0.39,0.44,2026-09-02,2021,N20,VIIRS,n,2.0NRT,290.19,0.78,N
24.76607,74.60828,302.43,0.46,0.47,2026-09-02,2021,N20,VIIRS,n,2.0NRT,280.72,1.31,N
24.76503,74.60659,304.69,0.46,0.47,2026-09-02,2021,N20,VIIRS,n,2.0NRT,280.16,1.36,N
24.6637,74.63227,299.05,0.46,0.47,2026-09-02,2021,N20,VIIRS,n,2.0NRT,279.41,1.44,N
23.33018,70.21295,303.22,0.42,0.61,2026-09-02,2021,N20,VIIRS,n,2.0NRT,290.83,0.47,N
20.95171,86.04486,300.84,0.41,0.45,2026-09-02,2021,N20,VIIRS,n,2.0NRT,279.72,0.75,N
20.95095,86.04876,311.4,0.41,0.45,2026-09-02,2021,N20,VIIRS,n,2.0NRT,282.08,0.75,N
20.94764,86.04403,299.83,0.41,0.45,2026-09-02,2021,N20,VIIRS,n,2.0NRT,277.34,1.03,N
21.10632,72.64294,338.93,0.55,0.51,2026-09-02,2021,N20,VIIRS,n,2.0NRT,291.19,5.46,N
21.10572,72.64827,307.52,0.55,0.51,2026-09-02,2021,N20,VIIRS,n,2.0NRT,290.68,5.46,N
20.83645,70.69326,299.22,0.37,0.58,2026-09-02,2021,N20,VIIRS,n,2.0NRT,281.06,0.6,N
23.78148,86.39063,307.3,0.38,0.44,2026-09-02,2021,N20,VIIRS,n,2.0NRT,288.51,1.74,N
23.7811,86.37132,303.51,0.38,0.43,2026-09-02,2021,N20,VIIRS,n,2.0NRT,288.48,1.38,N
23.77825,86.38604,304.61,0.38,0.44,2026-09-02,2021,N20,VIIRS,n,2.0NRT,289.01,2.32,N
15.18766,76.67159,311.27,0.42,0.38,2026-09-02,2023,N20,VIIRS,n,2.0NRT,288.07,1.29,N
15.18708,76.67549,304.11,0.42,0.38,2026-09-02,2023,N20,VIIRS,n,2.0NRT,287.53,1,N
15.18421,76.67104,307.15,0.42,0.38,2026-09-02,2023,N20,VIIRS,n,2.0NRT,287.73,1.93,N
15.18363,76.67496,304.17,0.42,0.38,2026-09-02,2023,N20,VIIRS,n,2.0NRT,288.26,1.49,N
15.18134,76.6666,323.6,0.42,0.38,2026-09-02,2023,N20,VIIRS,n,2.0NRT,287.62,1.93,N
15.18017,76.67442,312.62,0.42,0.38,2026-09-02,2023,N20,VIIRS,n,2.0NRT,286.62,1.49,N
15.17381,76.69349,309.9,0.42,0.38,2026-09-02,2023,N20,VIIRS,n,2.0NRT,287.59,1.19,N
15.17616,76.65379,312.81,0.42,0.38,2026-09-02,2023,N20,VIIRS,n,2.0NRT,288.41,2.39,N
15.17558,76.6577,319.62,0.42,0.38,2026-09-02,2023,N20,VIIRS,n,2.0NRT,289.15,2.78,N
15.16989,76.38091,299.16,0.43,0.38,2026-09-02,2023,N20,VIIRS,n,2.0NRT,283.74,0.52,N
13.39351,80.07467,307,0.4,0.37,2026-09-02,2023,N20,VIIRS,n,2.0NRT,285.9,1.28,N
13.89774,76.56654,300.92,0.42,0.37,2026-09-02,2023,N20,VIIRS,n,2.0NRT,286.08,1.13,N
13.16177,80.28377,320.68,0.41,0.37,2026-09-02,2023,N20,VIIRS,n,2.0NRT,289.13,2.78,N
12.8508,79.90537,340.95,0.4,0.37,2026-09-02,2023,N20,VIIRS,n,2.0NRT,289.95,8.05,N
13.14871,77.53867,300.09,0.39,0.36,2026-09-02,2023,N20,VIIRS,n,2.0NRT,285.94,0.19,N
12.97479,77.43371,302.76,0.39,0.36,2026-09-02,2023,N20,VIIRS,n,2.0NRT,288.41,0.54,N
12.59921,77.88294,319.53,0.39,0.36,2026-09-02,2023,N20,VIIRS,n,2.0NRT,289.84,1.79,N
15.17427,76.7852,308.11,0.42,0.38,2026-09-02,2023,N20,VIIRS,n,2.0NRT,288.96,1.08,N
15.33635,76.27782,307.79,0.44,0.38,2026-09-02,2023,N20,VIIRS,n,2.0NRT,274.67,1.05,N
16.87073,80.02078,304.58,0.39,0.36,2026-09-02,2023,N20,VIIRS,n,2.0NRT,286.09,1.03,N
11.59508,77.26291,332.16,0.39,0.36,2026-09-02,2025,N20,VIIRS,n,2.0NRT,274.37,3.05,N
11.59177,77.26229,297.35,0.39,0.36,2026-09-02,2025,N20,VIIRS,n,2.0NRT,272.69,0.44,N
9.56744,77.51945,308.43,0.38,0.36,2026-09-02,2025,N20,VIIRS,n,2.0NRT,283.59,1.41,N
9.5669,77.52291,312.26,0.38,0.36,2026-09-02,2025,N20,VIIRS,n,2.0NRT,284.65,1.61,N
9.5647,77.53674,311.02,0.38,0.36,2026-09-02,2025,N20,VIIRS,n,2.0NRT,285.37,0.91,N
9.56415,77.51893,324.02,0.38,0.36,2026-09-02,2025,N20,VIIRS,n,2.0NRT,285.03,1.41,N
9.56195,77.53275,309.24,0.38,0.36,2026-09-02,2025,N20,VIIRS,n,2.0NRT,286.62,1.62,N
9.5614,77.53619,316.03,0.38,0.36,2026-09-02,2025,N20,VIIRS,n,2.0NRT,285.93,0.91,N
9.56086,77.51841,328.06,0.38,0.36,2026-09-02,2025,N20,VIIRS,n,2.0NRT,285.83,1.76,N
9.55811,77.51443,309.54,0.38,0.36,2026-09-02,2025,N20,VIIRS,n,2.0NRT,284.56,1.76,N
9.55482,77.5139,324.17,0.38,0.36,2026-09-02,2025,N20,VIIRS,n,2.0NRT,285.49,2.42,N
9.55372,77.52083,321.43,0.38,0.36,2026-09-02,2025,N20,VIIRS,n,2.0NRT,286.47,1.52,N
9.55316,77.52426,315.45,0.38,0.36,2026-09-02,2025,N20,VIIRS,n,2.0NRT,287.14,1.52,N
12.08651,77.05036,296.31,0.39,0.37,2026-09-02,2025,N20,VIIRS,n,2.0NRT,274.71,0.68,N
11.81568,77.91785,302.56,0.38,0.36,2026-09-02,2025,N20,VIIRS,n,2.0NRT,273.32,1.16,N
11.81183,77.92081,299.39,0.38,0.36,2026-09-02,2025,N20,VIIRS,n,2.0NRT,272.09,1.04,N
8.49436,77.96617,330.46,0.47,0.64,2026-09-03,0731,N20,VIIRS,n,2.0NRT,294.43,3.34,D
8.86345,78.08493,338.14,0.46,0.63,2026-09-03,0731,N20,VIIRS,n,2.0NRT,294.83,2.28,D
8.995,78.11643,341.06,0.45,0.63,2026-09-03,0731,N20,VIIRS,n,2.0NRT,295.85,3.27,D
9.65053,78.06663,343.52,0.44,0.63,2026-09-03,0731,N20,VIIRS,n,2.0NRT,295.22,5.67,D
9.65259,78.06654,335.92,0.44,0.62,2026-09-03,0731,N20,VIIRS,n,2.0NRT,294.43,6.03,D
9.7496,78.01988,342.77,0.44,0.63,2026-09-03,0731,N20,VIIRS,n,2.0NRT,297.86,9.94,D
9.75129,78.01684,343.09,0.44,0.63,2026-09-03,0731,N20,VIIRS,n,2.0NRT,297.06,10.6,D
10.49617,79.46641,343.03,0.34,0.56,2026-09-03,0731,N20,VIIRS,n,2.0NRT,298.62,3.94,D
12.44623,79.14983,338.77,0.33,0.55,2026-09-03,0731,N20,VIIRS,n,2.0NRT,293.75,3.06,D
12.74508,78.65624,335.06,0.35,0.57,2026-09-03,0731,N20,VIIRS,n,2.0NRT,292.08,4.03,D
14.10816,77.59407,330.93,0.39,0.6,2026-09-03,0731,N20,VIIRS,n,2.0NRT,285.44,3.39,D
22.36557,87.30296,343.37,0.41,0.37,2026-09-03,0733,N20,VIIRS,n,2.0NRT,298.96,9.64,D
23.66255,87.15377,330.63,0.41,0.37,2026-09-03,0733,N20,VIIRS,n,2.0NRT,292.84,3.12,D
21.10291,72.64852,334.62,0.6,0.7,2026-09-03,0733,N20,VIIRS,n,2.0NRT,288.64,9.08,D
21.16354,72.67133,338.1,0.59,0.7,2026-09-03,0733,N20,VIIRS,n,2.0NRT,287.54,5.44,D
23.77833,86.3914,333.93,0.4,0.37,2026-09-03,0733,N20,VIIRS,n,2.0NRT,296.63,5.61,D
23.77443,86.36435,340.16,0.4,0.37,2026-09-03,0733,N20,VIIRS,n,2.0NRT,296.49,4.56,D
23.78466,85.55476,332.14,0.39,0.36,2026-09-03,0733,N20,VIIRS,n,2.0NRT,294.27,2.83,D
23.78796,85.55418,332.27,0.39,0.36,2026-09-03,0733,N20,VIIRS,n,2.0NRT,293.58,2.83,D
27.9844,95.93944,348.14,0.48,0.65,2026-09-03,0735,N20,VIIRS,n,2.0NRT,289.43,7.85,D
21.16206,72.674,341.15,0.56,0.68,2026-09-03,0915,N20,VIIRS,n,2.0NRT,289,6.29,D
23.68316,87.13036,310.17,0.4,0.37,2026-09-03,2002,N20,VIIRS,n,2.0NRT,289.84,1.98,N
23.78113,86.39088,309.56,0.39,0.36,2026-09-03,2002,N20,VIIRS,n,2.0NRT,287.67,1.05,N
23.77783,86.39025,303.92,0.39,0.36,2026-09-03,2002,N20,VIIRS,n,2.0NRT,286.71,1.05,N
23.77548,86.36273,301.78,0.39,0.36,2026-09-03,2002,N20,VIIRS,n,2.0NRT,279.86,0.87,N
23.76881,86.40401,303.73,0.39,0.36,2026-09-03,2002,N20,VIIRS,n,2.0NRT,286.4,0.93,N
23.76552,86.40339,312.99,0.39,0.36,2026-09-03,2002,N20,VIIRS,n,2.0NRT,286.42,1.1,N
23.76222,86.40276,308.28,0.39,0.36,2026-09-03,2002,N20,VIIRS,n,2.0NRT,285.25,1.1,N
23.75893,86.40212,302.01,0.39,0.36,2026-09-03,2002,N20,VIIRS,n,2.0NRT,284.55,0.96,N
23.7532,86.41651,307.79,0.39,0.36,2026-09-03,2002,N20,VIIRS,n,2.0NRT,288.53,1.06,N
23.77986,86.20908,318.46,0.39,0.36,2026-09-03,2002,N20,VIIRS,n,2.0NRT,288.61,2.21,N
23.66433,86.91784,306.56,0.39,0.36,2026-09-03,2002,N20,VIIRS,n,2.0NRT,289.42,1.07,N
23.74027,86.43341,309.02,0.39,0.36,2026-09-03,2002,N20,VIIRS,n,2.0NRT,290.24,3.28,N
23.73697,86.43278,341.06,0.39,0.36,2026-09-03,2002,N20,VIIRS,n,2.0NRT,292.07,3.28,N
23.73758,86.42902,312.53,0.39,0.36,2026-09-03,2002,N20,VIIRS,n,2.0NRT,289.72,1.41,N
23.77179,86.196,308.84,0.38,0.36,2026-09-03,2002,N20,VIIRS,n,2.0NRT,286.19,1.67,N
23.77119,86.19974,304.78,0.38,0.36,2026-09-03,2002,N20,VIIRS,n,2.0NRT,286.55,0.99,N
23.725,86.42276,313.03,0.39,0.36,2026-09-03,2002,N20,VIIRS,n,2.0NRT,290.96,1.75,N
23.72257,86.43778,308.92,0.39,0.36,2026-09-03,2002,N20,VIIRS,n,2.0NRT,289.46,2.16,N
23.71866,86.4409,314.11,0.39,0.36,2026-09-03,2002,N20,VIIRS,n,2.0NRT,289.64,1.28,N
23.71353,86.45154,330.73,0.39,0.36,2026-09-03,2002,N20,VIIRS,n,2.0NRT,291.4,2.89,N
23.71841,86.4215,305.64,0.39,0.36,2026-09-03,2002,N20,VIIRS,n,2.0NRT,289.83,1.67,N
23.71084,86.44715,322.03,0.39,0.36,2026-09-03,2002,N20,VIIRS,n,2.0NRT,290.78,2.49,N
23.71511,86.42087,306.05,0.39,0.36,2026-09-03,2002,N20,VIIRS,n,2.0NRT,289.26,1.27,N
23.71023,86.45091,306.45,0.39,0.36,2026-09-03,2002,N20,VIIRS,n,2.0NRT,290.01,1.04,N
23.71121,86.424,305.78,0.39,0.36,2026-09-03,2002,N20,VIIRS,n,2.0NRT,289.23,1.27,N
23.68547,86.39327,327.45,0.39,0.36,2026-09-03,2002,N20,VIIRS,n,2.0NRT,290.2,4.04,N
23.68607,86.38953,306.72,0.39,0.36,2026-09-03,2002,N20,VIIRS,n,2.0NRT,288.99,2.12,N
23.82467,85.49529,302.86,0.38,0.36,2026-09-03,2002,N20,VIIRS,n,2.0NRT,285.02,0.92,N
23.82409,85.49904,302.51,0.38,0.36,2026-09-03,2002,N20,VIIRS,n,2.0NRT,284.53,0.92,N
23.67887,86.39201,304.49,0.39,0.36,2026-09-03,2002,N20,VIIRS,n,2.0NRT,286.75,0.87,N
23.67827,86.39577,306.12,0.39,0.36,2026-09-03,2002,N20,VIIRS,n,2.0NRT,284.6,0.87,N
23.67766,86.39953,312.42,0.39,0.36,2026-09-03,2002,N20,VIIRS,n,2.0NRT,287.22,1.25,N
23.61443,86.78787,309.85,0.39,0.36,2026-09-03,2002,N20,VIIRS,n,2.0NRT,290.27,1.32,N
23.6138,86.7917,311.92,0.39,0.36,2026-09-03,2002,N20,VIIRS,n,2.0NRT,290.77,1.37,N
23.67437,86.3989,303.78,0.39,0.36,2026-09-03,2002,N20,VIIRS,n,2.0NRT,288.76,1.25,N
23.75844,85.8522,310.78,0.38,0.36,2026-09-03,2002,N20,VIIRS,n,2.0NRT,286.15,0.89,N
23.75785,85.85593,305.14,0.38,0.36,2026-09-03,2002,N20,VIIRS,n,2.0NRT,286.38,0.89,N
23.75515,85.85158,308.36,0.38,0.36,2026-09-03,2002,N20,VIIRS,n,2.0NRT,286.21,0.89,N
23.75456,85.85532,309.18,0.38,0.36,2026-09-03,2002,N20,VIIRS,n,2.0NRT,286.4,0.89,N
23.78841,85.55404,308.98,0.38,0.36,2026-09-03,2002,N20,VIIRS,n,2.0NRT,283.02,1.41,N
23.78512,85.55343,308.22,0.38,0.36,2026-09-03,2002,N20,VIIRS,n,2.0NRT,282.57,0.94,N
23.78161,85.57585,304.27,0.38,0.36,2026-09-03,2002,N20,VIIRS,n,2.0NRT,284.23,1.39,N
23.6953,86.07877,302.86,0.38,0.36,2026-09-03,2002,N20,VIIRS,n,2.0NRT,280.9,0.53,N
23.5834,86.7272,310.78,0.39,0.36,2026-09-03,2002,N20,VIIRS,n,2.0NRT,290.67,1.11,N
23.58009,86.72656,308.13,0.39,0.36,2026-09-03,2002,N20,VIIRS,n,2.0NRT,290.15,1.11,N
23.84097,84.94881,303.34,0.39,0.36,2026-09-03,2002,N20,VIIRS,n,2.0NRT,288.05,0.55,N
23.74545,85.50378,301.96,0.38,0.36,2026-09-03,2002,N20,VIIRS,n,2.0NRT,283.79,0.59,N
23.82555,84.93825,303.94,0.39,0.36,2026-09-03,2002,N20,VIIRS,n,2.0NRT,288.67,0.5,N
23.7255,85.52321,301.47,0.38,0.36,2026-09-03,2002,N20,VIIRS,n,2.0NRT,284.53,0.25,N
23.70932,85.42812,303.85,0.38,0.36,2026-09-03,2002,N20,VIIRS,n,2.0NRT,288.25,0.45,N
23.71049,85.2896,302.26,0.39,0.36,2026-09-03,2002,N20,VIIRS,n,2.0NRT,286.67,0.48,N
23.69829,85.36831,310.07,0.39,0.36,2026-09-03,2002,N20,VIIRS,n,2.0NRT,288.84,1.17,N
23.69674,85.35646,304.52,0.39,0.36,2026-09-03,2002,N20,VIIRS,n,2.0NRT,288.92,0.59,N
23.69442,85.37145,311.67,0.39,0.36,2026-09-03,2002,N20,VIIRS,n,2.0NRT,289.11,1.11,N
23.74007,85.00873,317.46,0.39,0.36,2026-09-03,2002,N20,VIIRS,n,2.0NRT,289.71,2.7,N
23.6973,85.28718,306.02,0.39,0.36,2026-09-03,2002,N20,VIIRS,n,2.0NRT,287.62,0.87,N
23.69672,85.29093,307.13,0.39,0.36,2026-09-03,2002,N20,VIIRS,n,2.0NRT,287.56,0.87,N
23.65641,85.50684,310.37,0.38,0.36,2026-09-03,2002,N20,VIIRS,n,2.0NRT,287.69,0.98,N
23.71965,85.0089,304.95,0.39,0.36,2026-09-03,2002,N20,VIIRS,n,2.0NRT,285.67,0.69,N
23.65043,85.43652,320.82,0.38,0.36,2026-09-03,2002,N20,VIIRS,n,2.0NRT,287.97,1.64,N
23.64655,85.43964,323.37,0.38,0.36,2026-09-03,2002,N20,VIIRS,n,2.0NRT,287.38,2.11,N
23.64714,85.43591,312.95,0.38,0.36,2026-09-03,2002,N20,VIIRS,n,2.0NRT,287.65,1.38,N
23.60976,85.67492,309.37,0.38,0.36,2026-09-03,2002,N20,VIIRS,n,2.0NRT,289.81,0.81,N
23.66732,84.99632,303.53,0.39,0.36,2026-09-03,2002,N20,VIIRS,n,2.0NRT,287.06,0.92,N
23.66344,84.99948,306.55,0.39,0.36,2026-09-03,2002,N20,VIIRS,n,2.0NRT,287.33,0.92,N
29.91132,74.94312,306.14,0.49,0.65,2026-09-03,2002,N20,VIIRS,n,2.0NRT,290.62,0.8,N
29.91007,74.94244,304.52,0.49,0.65,2026-09-03,2002,N20,VIIRS,n,2.0NRT,290.73,1.02,N
29.48014,76.85374,305.02,0.37,0.58,2026-09-03,2002,N20,VIIRS,n,2.0NRT,288.34,0.73,N
29.47475,76.85314,367,0.37,0.58,2026-09-03,2002,N20,VIIRS,h,2.0NRT,288.75,8.36,N
29.47446,76.85703,309.14,0.37,0.58,2026-09-03,2002,N20,VIIRS,n,2.0NRT,288.99,5.44,N
29.47757,76.85374,367,0.37,0.58,2026-09-03,2002,N20,VIIRS,h,2.0NRT,288.83,9.46,N
29.47725,76.85763,310.55,0.37,0.58,2026-09-03,2002,N20,VIIRS,n,2.0NRT,289.14,6.79,N
28.74499,76.92669,296.37,0.36,0.58,2026-09-03,2002,N20,VIIRS,n,2.0NRT,279.34,2.1,N
28.71685,76.8332,299.98,0.37,0.58,2026-09-03,2002,N20,VIIRS,n,2.0NRT,274.6,1.13,N
26.52291,90.5325,328.03,0.49,0.4,2026-09-03,2002,N20,VIIRS,n,2.0NRT,288.83,5.79,N
26.7609,83.19978,308.37,0.46,0.39,2026-09-03,2002,N20,VIIRS,n,2.0NRT,290.5,3.62,N
25.94085,72.18671,305.68,0.67,0.74,2026-09-03,2002,N20,VIIRS,n,2.0NRT,288.86,2,N
24.11976,86.86308,311.02,0.39,0.36,2026-09-03,2002,N20,VIIRS,n,2.0NRT,288.39,1.25,N
24.11708,86.85863,316.11,0.39,0.36,2026-09-03,2002,N20,VIIRS,n,2.0NRT,288.72,1.12,N
23.84145,86.50287,303.98,0.39,0.36,2026-09-03,2002,N20,VIIRS,n,2.0NRT,287.52,0.52,N
23.85833,86.33572,309.39,0.39,0.36,2026-09-03,2002,N20,VIIRS,n,2.0NRT,285.49,0.5,N
23.81538,86.57941,309.89,0.39,0.36,2026-09-03,2002,N20,VIIRS,n,2.0NRT,288.82,0.58,N
23.69766,87.10545,306.8,0.4,0.37,2026-09-03,2002,N20,VIIRS,n,2.0NRT,288.38,1.14,N
23.69508,87.1208,310.26,0.4,0.37,2026-09-03,2002,N20,VIIRS,n,2.0NRT,289.5,1.08,N
23.69444,87.12463,308.89,0.4,0.37,2026-09-03,2002,N20,VIIRS,n,2.0NRT,288.97,1.08,N
23.69626,87.09328,312.84,0.4,0.37,2026-09-03,2002,N20,VIIRS,n,2.0NRT,288.89,1.31,N
23.69433,87.10479,306.35,0.4,0.37,2026-09-03,2002,N20,VIIRS,n,2.0NRT,288.75,1.14,N
23.6924,87.11631,305.7,0.4,0.37,2026-09-03,2002,N20,VIIRS,n,2.0NRT,288.48,1.93,N
23.69175,87.12016,305.18,0.4,0.37,2026-09-03,2002,N20,VIIRS,n,2.0NRT,288.61,1.08,N
23.69164,87.1003,306.55,0.4,0.37,2026-09-03,2002,N20,VIIRS,n,2.0NRT,288.71,1.63,N
23.68842,87.11951,317.5,0.4,0.37,2026-09-03,2002,N20,VIIRS,n,2.0NRT,288.92,3.08,N
23.80459,86.32961,328.48,0.39,0.36,2026-09-03,2002,N20,VIIRS,n,2.0NRT,287.27,2.12,N
23.80129,86.32899,305.52,0.39,0.36,2026-09-03,2002,N20,VIIRS,n,2.0NRT,285.86,2.12,N
23.79767,86.3515,314.18,0.39,0.36,2026-09-03,2002,N20,VIIRS,n,2.0NRT,286.72,1.82,N
23.66618,87.15525,304.39,0.4,0.37,2026-09-03,2002,N20,VIIRS,n,2.0NRT,287.89,0.9,N
23.66554,87.1591,308.6,0.4,0.37,2026-09-03,2002,N20,VIIRS,n,2.0NRT,288.27,0.9,N
23.66284,87.15459,323.26,0.4,0.37,2026-09-03,2002,N20,VIIRS,n,2.0NRT,289.29,3.1,N
17.60372,83.19993,309.65,0.39,0.36,2026-09-03,2004,N20,VIIRS,n,2.0NRT,292.61,1.9,N
17.60705,83.20048,314.98,0.39,0.36,2026-09-03,2004,N20,VIIRS,n,2.0NRT,292.67,2.31,N
17.60983,83.20471,326.65,0.39,0.36,2026-09-03,2004,N20,VIIRS,n,2.0NRT,293.72,2.31,N
17.69188,83.24426,318.58,0.39,0.36,2026-09-03,2004,N20,VIIRS,n,2.0NRT,292.24,1.77,N
17.96308,83.15963,306.04,0.39,0.37,2026-09-03,2004,N20,VIIRS,n,2.0NRT,290.97,1.55,N
16.87099,80.02061,306.16,0.51,0.41,2026-09-03,2004,N20,VIIRS,n,2.0NRT,289.8,2.28,N
17.35811,76.87943,303.69,0.54,0.5,2026-09-03,2004,N20,VIIRS,n,2.0NRT,284.78,1.05,N
17.59818,83.19147,307.48,0.39,0.36,2026-09-03,2004,N20,VIIRS,n,2.0NRT,292.02,1.29,N
10.61815,77.42112,308.73,0.4,0.44,2026-09-03,2006,N20,VIIRS,n,2.0NRT,291.53,0.77,N
9.73645,77.55113,310.68,0.38,0.43,2026-09-03,2006,N20,VIIRS,n,2.0NRT,291.78,1.08,N
15.17583,76.65791,312.3,0.52,0.5,2026-09-03,2006,N20,VIIRS,n,2.0NRT,284.12,3.54,N
15.17644,76.6531,311.26,0.52,0.5,2026-09-03,2006,N20,VIIRS,n,2.0NRT,279.38,2.15,N
15.18254,76.67829,306.64,0.52,0.5,2026-09-03,2006,N20,VIIRS,n,2.0NRT,286.46,2.6,N
15.18315,76.67349,309.9,0.52,0.5,2026-09-03,2006,N20,VIIRS,n,2.0NRT,286.21,3.3,N
15.18376,76.66869,317.37,0.52,0.5,2026-09-03,2006,N20,VIIRS,n,2.0NRT,285.48,3.3,N
15.18437,76.66389,316.88,0.52,0.5,2026-09-03,2006,N20,VIIRS,n,2.0NRT,282.7,4.2,N
15.17367,76.78399,303.2,0.51,0.49,2026-09-03,2006,N20,VIIRS,n,2.0NRT,288.63,1.27,N
15.02147,78.0108,299.92,0.42,0.45,2026-09-03,2006,N20,VIIRS,n,2.0NRT,279.86,1.15,N
9.55857,77.51196,300.32,0.38,0.43,2026-09-03,2006,N20,VIIRS,n,2.0NRT,286.95,0.19,N
9.54893,77.52233,328.06,0.38,0.43,2026-09-03,2006,N20,VIIRS,n,2.0NRT,290.34,3,N
9.54934,77.51951,315.78,0.38,0.43,2026-09-03,2006,N20,VIIRS,n,2.0NRT,289.25,2.15,N
15.13724,76.70645,303.86,0.51,0.5,2026-09-03,2006,N20,VIIRS,n,2.0NRT,287.7,0.62,N
15.02509,78.01545,308.47,0.42,0.45,2026-09-03,2006,N20,VIIRS,n,2.0NRT,282.53,1.15,N
11.17709,79.08981,308.03,0.49,0.4,2026-09-03,2006,N20,VIIRS,n,2.0NRT,292.77,0.88,N
15.17711,77.10126,300.53,0.48,0.48,2026-09-03,2006,N20,VIIRS,n,2.0NRT,273.71,0.93,N
15.22415,76.75953,308.39,0.51,0.49,2026-09-03,2006,N20,VIIRS,n,2.0NRT,288.75,1.9,N
15.2287,76.76014,318.43,0.51,0.49,2026-09-03,2006,N20,VIIRS,n,2.0NRT,288.89,1.69,N
15.06992,76.86325,298.07,0.5,0.49,2026-09-03,2006,N20,VIIRS,n,2.0NRT,280.71,1.13,N
13.412,78.25958,303.36,0.39,0.44,2026-09-03,2006,N20,VIIRS,n,2.0NRT,288.87,0.43,N
25.94266,72.1937,315.55,0.43,0.62,2026-09-03,2142,N20,VIIRS,n,2.0NRT,292.06,1.66,N
25.94423,72.19559,310.82,0.43,0.62,2026-09-03,2142,N20,VIIRS,n,2.0NRT,292.21,1.92,N
29.47733,76.8575,334.66,0.66,0.73,2026-09-03,2142,N20,VIIRS,n,2.0NRT,288.13,5.4,N
29.47375,76.85448,316.52,0.66,0.73,2026-09-03,2142,N20,VIIRS,n,2.0NRT,287.5,3.16,N
29.47193,76.86103,313.99,0.66,0.73,2026-09-03,2142,N20,VIIRS,n,2.0NRT,287.4,3.16,N
29.90804,74.94972,304.42,0.5,0.66,2026-09-03,2142,N20,VIIRS,n,2.0NRT,290.39,0.96,N
21.11042,72.64252,302.58,0.58,0.7,2026-09-03,2144,N20,VIIRS,n,2.0NRT,286.94,1.64,N
21.1091,72.64794,303.32,0.58,0.7,2026-09-03,2144,N20,VIIRS,n,2.0NRT,287.57,1.64,N
21.10634,72.64722,303.47,0.58,0.7,2026-09-03,2144,N20,VIIRS,n,2.0NRT,287.36,1.48,N
20.36032,72.94863,300.96,0.63,0.72,2026-09-03,2144,N20,VIIRS,n,2.0NRT,283.78,1.27,N
21.10505,72.65266,303.05,0.58,0.7,2026-09-03,2144,N20,VIIRS,n,2.0NRT,287.14,1.48,N
23.49735,68.57843,305.16,0.57,0.52,2026-09-03,2144,N20,VIIRS,n,2.0NRT,292.28,1.13,N
21.1702,72.67035,302.88,0.58,0.7,2026-09-03,2144,N20,VIIRS,n,2.0NRT,287.41,2.07,N
21.16396,72.66865,320.12,0.58,0.7,2026-09-03,2144,N20,VIIRS,n,2.0NRT,287.33,2.07,N
17.60935,82.68137,336.49,0.32,0.55,2026-09-04,0714,N20,VIIRS,n,2.0NRT,292.41,4,D
23.71243,86.45306,334.05,0.46,0.39,2026-09-04,0716,N20,VIIRS,l,2.0NRT,295.19,6,D
23.69273,87.12243,331.45,0.43,0.38,2026-09-04,0716,N20,VIIRS,l,2.0NRT,296.84,5.66,D
21.74705,83.8432,333.02,0.45,0.47,2026-09-04,0716,N20,VIIRS,n,2.0NRT,290.19,7.19,D
20.88834,84.98114,329.15,0.4,0.44,2026-09-04,0716,N20,VIIRS,n,2.0NRT,289.91,2.35,D
8.53678,77.81892,339.01,0.41,0.61,2026-09-04,0852,N20,VIIRS,n,2.0NRT,295.86,5.15,D
8.73432,77.86235,336.58,0.42,0.61,2026-09-04,0852,N20,VIIRS,n,2.0NRT,294.95,1.87,D
8.83588,77.99625,330.84,0.43,0.62,2026-09-04,0852,N20,VIIRS,n,2.0NRT,295.53,2.09,D
8.84148,77.70094,352.84,0.41,0.6,2026-09-04,0852,N20,VIIRS,n,2.0NRT,300.24,8.48,D
8.84704,77.70026,350.85,0.41,0.6,2026-09-04,0852,N20,VIIRS,n,2.0NRT,299.87,10.59,D
9.227,77.50995,333.23,0.4,0.6,2026-09-04,0852,N20,VIIRS,n,2.0NRT,295.71,5.08,D
9.32813,77.77109,344.38,0.42,0.61,2026-09-04,0852,N20,VIIRS,n,2.0NRT,296.84,2.23,D
9.84708,78.08351,330.17,0.45,0.63,2026-09-04,0852,N20,VIIRS,n,2.0NRT,295.5,2.27,D
8.53726,77.82267,367,0.41,0.61,2026-09-04,0852,N20,VIIRS,h,2.0NRT,296.22,5.15,D
8.42327,77.67912,342.48,0.4,0.6,2026-09-04,0852,N20,VIIRS,n,2.0NRT,292.17,3.6,D
13.90252,78.07291,330.71,0.5,0.66,2026-09-04,0854,N20,VIIRS,n,2.0NRT,292.87,2.74,D
22.92564,70.10651,330.89,0.4,0.44,2026-09-04,0856,N20,VIIRS,l,2.0NRT,303.22,6.03,D
23.32104,68.85722,336.7,0.51,0.41,2026-09-04,0858,N20,VIIRS,n,2.0NRT,299.01,9.54,D
25.80554,72.25489,332.06,0.58,0.52,2026-09-04,0858,N20,VIIRS,n,2.0NRT,299.27,2.74,D
25.80458,72.25359,333.21,0.58,0.52,2026-09-04,0858,N20,VIIRS,n,2.0NRT,299.16,3.59,D
29.90779,74.95393,334.59,0.48,0.64,2026-09-04,0858,N20,VIIRS,n,2.0NRT,293.52,3.63,D
20.80639,85.25585,312.76,0.53,0.42,2026-09-04,1945,N20,VIIRS,n,2.0NRT,285.5,1.39,N
23.80306,86.33125,321.78,0.51,0.41,2026-09-04,1945,N20,VIIRS,n,2.0NRT,288.12,5.45,N
23.79674,86.35042,316.46,0.51,0.41,2026-09-04,1945,N20,VIIRS,n,2.0NRT,288.69,3.37,N
23.66457,87.15292,306.12,0.46,0.39,2026-09-04,1945,N20,VIIRS,n,2.0NRT,285.22,1.98,N
23.77746,85.9965,303.75,0.53,0.42,2026-09-04,1945,N20,VIIRS,n,2.0NRT,288.25,0.87,N
23.71379,86.45164,302.36,0.5,0.41,2026-09-04,1945,N20,VIIRS,n,2.0NRT,281.46,1.5,N
23.82189,85.4938,302.75,0.56,0.43,2026-09-04,1945,N20,VIIRS,n,2.0NRT,289.53,3,N
23.76024,85.85598,305.19,0.54,0.42,2026-09-04,1945,N20,VIIRS,n,2.0NRT,290.07,1.81,N
23.75705,85.85013,306.07,0.54,0.42,2026-09-04,1945,N20,VIIRS,n,2.0NRT,289.81,1.55,N
23.75638,85.85539,315.1,0.54,0.42,2026-09-04,1945,N20,VIIRS,n,2.0NRT,290.88,1.81,N
23.68725,86.39246,298.55,0.5,0.41,2026-09-04,1945,N20,VIIRS,n,2.0NRT,280.08,0.85,N
23.67913,86.39618,305.87,0.5,0.41,2026-09-04,1945,N20,VIIRS,n,2.0NRT,285.63,2.46,N
23.70133,86.07359,325.08,0.52,0.42,2026-09-04,1945,N20,VIIRS,n,2.0NRT,289.49,3.04,N
23.68351,86.09167,308.79,0.52,0.42,2026-09-04,1945,N20,VIIRS,n,2.0NRT,289.58,1.78,N
23.68287,86.09675,314.7,0.52,0.41,2026-09-04,1945,N20,VIIRS,n,2.0NRT,289.87,2.29,N
23.6797,86.09111,306.36,0.52,0.42,2026-09-04,1945,N20,VIIRS,n,2.0NRT,289.81,1.78,N
23.67653,86.08544,332.99,0.52,0.42,2026-09-04,1945,N20,VIIRS,n,2.0NRT,290.38,5.49,N
23.6727,86.11592,307.65,0.52,0.41,2026-09-04,1945,N20,VIIRS,n,2.0NRT,289.63,1.43,N
23.66828,86.08938,304.82,0.52,0.42,2026-09-04,1945,N20,VIIRS,n,2.0NRT,289.58,0.7,N
23.58349,86.72443,310.74,0.48,0.4,2026-09-04,1945,N20,VIIRS,n,2.0NRT,289.96,3.5,N
23.6769,86.08849,329.24,0.52,0.41,2026-09-04,1945,N20,VIIRS,n,2.0NRT,289.77,3.8,N
23.67757,86.0834,312.11,0.52,0.42,2026-09-04,1945,N20,VIIRS,n,2.0NRT,290.05,2.98,N
23.67355,86.11382,306.79,0.52,0.41,2026-09-04,1945,N20,VIIRS,n,2.0NRT,289.38,1.2,N
23.66861,86.09241,304.6,0.52,0.41,2026-09-04,1945,N20,VIIRS,n,2.0NRT,289.39,1.1,N
23.63086,86.29086,304.85,0.51,0.41,2026-09-04,1945,N20,VIIRS,n,2.0NRT,288.46,1.98,N
23.6271,86.29028,316.74,0.51,0.41,2026-09-04,1945,N20,VIIRS,n,2.0NRT,287.85,2.62,N
23.82713,84.57284,305.57,0.42,0.45,2026-09-04,1945,N20,VIIRS,n,2.0NRT,288.62,1.64,N
23.74095,85.01152,301.76,0.4,0.44,2026-09-04,1945,N20,VIIRS,n,2.0NRT,286.04,1.02,N
23.61143,85.67391,299.32,0.55,0.42,2026-09-04,1945,N20,VIIRS,n,2.0NRT,285.78,0.67,N
22.7957,86.19765,309.13,0.5,0.41,2026-09-04,1945,N20,VIIRS,n,2.0NRT,282.16,2.39,N
22.79195,86.19707,302.5,0.5,0.41,2026-09-04,1945,N20,VIIRS,n,2.0NRT,283.82,1.52,N
22.78821,86.19647,300.73,0.5,0.41,2026-09-04,1945,N20,VIIRS,n,2.0NRT,284.59,1.52,N
22.79802,86.20056,307.02,0.5,0.41,2026-09-04,1945,N20,VIIRS,n,2.0NRT,283.16,2.58,N
22.79119,86.19455,301.64,0.5,0.41,2026-09-04,1945,N20,VIIRS,n,2.0NRT,284.17,1.28,N
22.79053,86.19944,301.18,0.5,0.41,2026-09-04,1945,N20,VIIRS,n,2.0NRT,286.04,1.55,N
22.78679,86.19888,302.33,0.5,0.41,2026-09-04,1945,N20,VIIRS,n,2.0NRT,285.6,1.55,N
22.21227,84.86139,322.69,0.39,0.44,2026-09-04,1945,N20,VIIRS,n,2.0NRT,290.81,1.72,N
22.2256,84.75111,306.1,0.39,0.44,2026-09-04,1945,N20,VIIRS,n,2.0NRT,290.53,0.84,N
22.20825,84.86081,307.17,0.39,0.44,2026-09-04,1945,N20,VIIRS,n,2.0NRT,290.62,1.72,N
22.21096,84.862,323.3,0.39,0.44,2026-09-04,1945,N20,VIIRS,n,2.0NRT,290.84,2.77,N
22.22502,84.75196,306.08,0.39,0.44,2026-09-04,1945,N20,VIIRS,n,2.0NRT,290.33,0.79,N
22.22404,84.75963,304.25,0.39,0.44,2026-09-04,1945,N20,VIIRS,n,2.0NRT,290.23,1.29,N
22.21387,84.83931,303.66,0.39,0.44,2026-09-04,1945,N20,VIIRS,n,2.0NRT,290.17,0.71,N
22.20486,84.84573,311.23,0.39,0.44,2026-09-04,1945,N20,VIIRS,n,2.0NRT,290.26,1.05,N
22.20911,84.5486,304.1,0.41,0.45,2026-09-04,1945,N20,VIIRS,n,2.0NRT,290.19,1,N
22.05358,85.46653,303.4,0.54,0.42,2026-09-04,1945,N20,VIIRS,n,2.0NRT,289.87,0.57,N
22.32974,82.60709,313.55,0.54,0.51,2026-09-04,1945,N20,VIIRS,n,2.0NRT,288.71,1.69,N
22.35858,82.30212,306.68,0.56,0.52,2026-09-04,1945,N20,VIIRS,n,2.0NRT,288.32,1.72,N
22.32217,82.59026,309.99,0.54,0.51,2026-09-04,1945,N20,VIIRS,n,2.0NRT,288.49,1.83,N
22.3204,82.56351,312.32,0.54,0.51,2026-09-04,1945,N20,VIIRS,n,2.0NRT,288.91,2.95,N
21.9245,85.22453,309.84,0.55,0.43,2026-09-04,1945,N20,VIIRS,n,2.0NRT,290.6,2.47,N
21.80177,85.56622,303.26,0.53,0.42,2026-09-04,1945,N20,VIIRS,n,2.0NRT,290.29,0.77,N
21.76627,85.57944,303.93,0.53,0.42,2026-09-04,1945,N20,VIIRS,n,2.0NRT,290.72,0.84,N
21.98605,83.23032,306.78,0.49,0.48,2026-09-04,1945,N20,VIIRS,n,2.0NRT,288.47,1.53,N
22.00649,82.67026,310.55,0.53,0.5,2026-09-04,1945,N20,VIIRS,n,2.0NRT,289.28,1.58,N
21.80338,83.88976,304.01,0.44,0.46,2026-09-04,1945,N20,VIIRS,n,2.0NRT,285.71,3.25,N
21.98718,82.01293,302.84,0.58,0.52,2026-09-04,1945,N20,VIIRS,n,2.0NRT,287.69,1.66,N
21.67433,82.0772,305.67,0.57,0.52,2026-09-04,1945,N20,VIIRS,n,2.0NRT,288.67,1.64,N
21.00192,86.02525,307.05,0.49,0.4,2026-09-04,1945,N20,VIIRS,n,2.0NRT,291.38,1.34,N
21.48853,81.76635,306.61,0.59,0.53,2026-09-04,1945,N20,VIIRS,n,2.0NRT,288.09,1.58,N
20.97234,86.00415,319.52,0.49,0.4,2026-09-04,1945,N20,VIIRS,n,2.0NRT,292.37,3.98,N
20.96592,86.0509,311.63,0.49,0.4,2026-09-04,1945,N20,VIIRS,n,2.0NRT,291.46,2.15,N
20.96736,86.01295,308,0.49,0.4,2026-09-04,1945,N20,VIIRS,n,2.0NRT,291.76,2.65,N
20.9643,86.00772,330.58,0.49,0.4,2026-09-04,1945,N20,VIIRS,n,2.0NRT,291.99,3.71,N
20.96366,86.01239,313.49,0.49,0.4,2026-09-04,1945,N20,VIIRS,n,2.0NRT,291.22,2.1,N
20.95179,86.04398,324.77,0.49,0.4,2026-09-04,1945,N20,VIIRS,n,2.0NRT,291.43,4.11,N
20.95116,86.04861,332.74,0.49,0.4,2026-09-04,1945,N20,VIIRS,n,2.0NRT,292.2,5.36,N
21.07859,85.03478,308.23,0.55,0.43,2026-09-04,1945,N20,VIIRS,n,2.0NRT,292.05,1.72,N
21.0779,85.04008,307.91,0.55,0.43,2026-09-04,1945,N20,VIIRS,n,2.0NRT,291.62,1.72,N
21.07721,85.04541,308.77,0.55,0.43,2026-09-04,1945,N20,VIIRS,n,2.0NRT,291.34,1.64,N
21.07651,85.05077,304.98,0.55,0.43,2026-09-04,1945,N20,VIIRS,n,2.0NRT,291.01,1.64,N
20.94188,86.06137,306.31,0.49,0.4,2026-09-04,1945,N20,VIIRS,n,2.0NRT,291.96,1.95,N
21.07399,85.03953,310.03,0.55,0.43,2026-09-04,1945,N20,VIIRS,n,2.0NRT,291.36,1.72,N
20.97789,85.16972,317.03,0.54,0.42,2026-09-04,1945,N20,VIIRS,n,2.0NRT,290.96,2.91,N
20.97705,85.16749,307.31,0.54,0.42,2026-09-04,1945,N20,VIIRS,n,2.0NRT,290.62,1.92,N
20.97636,85.1727,312.88,0.54,0.42,2026-09-04,1945,N20,VIIRS,n,2.0NRT,290.97,2.26,N
20.97179,85.17737,313.35,0.54,0.42,2026-09-04,1945,N20,VIIRS,n,2.0NRT,291.08,2.26,N
20.96791,85.1768,322.99,0.54,0.42,2026-09-04,1945,N20,VIIRS,n,2.0NRT,291.23,2.3,N
20.97066,85.15594,308.38,0.54,0.42,2026-09-04,1945,N20,VIIRS,n,2.0NRT,290.93,1.76,N
20.9686,85.17159,315.88,0.54,0.42,2026-09-04,1945,N20,VIIRS,n,2.0NRT,291.21,2.3,N
20.96266,85.18659,326.48,0.54,0.42,2026-09-04,1945,N20,VIIRS,n,2.0NRT,291.44,5.54,N
20.96678,85.15539,305.04,0.54,0.42,2026-09-04,1945,N20,VIIRS,n,2.0NRT,290.62,1.76,N
20.96609,85.16059,309.4,0.54,0.42,2026-09-04,1945,N20,VIIRS,n,2.0NRT,290.98,2.21,N
20.9654,85.16582,312.97,0.54,0.42,2026-09-04,1945,N20,VIIRS,n,2.0NRT,291.2,2.21,N
20.96471,85.17104,316.58,0.54,0.42,2026-09-04,1945,N20,VIIRS,n,2.0NRT,291.65,2.3,N
20.96403,85.17625,307.09,0.54,0.42,2026-09-04,1945,N20,VIIRS,n,2.0NRT,291.54,2.3,N
20.95728,85.01494,305.05,0.55,0.43,2026-09-04,1945,N20,VIIRS,n,2.0NRT,290.78,2.65,N
21.31351,81.58866,300.4,0.61,0.53,2026-09-04,1945,N20,VIIRS,n,2.0NRT,286.7,2.88,N
20.88974,84.98213,306.9,0.55,0.43,2026-09-04,1945,N20,VIIRS,n,2.0NRT,290.82,1.59,N
20.88582,84.98159,307.64,0.55,0.43,2026-09-04,1945,N20,VIIRS,n,2.0NRT,291.13,2.05,N
20.872,84.9957,305.34,0.55,0.43,2026-09-04,1945,N20,VIIRS,n,2.0NRT,290.71,1.46,N
20.86484,84.98934,323.11,0.55,0.43,2026-09-04,1945,N20,VIIRS,n,2.0NRT,291.81,2.92,N
20.86552,84.9841,305.95,0.55,0.43,2026-09-04,1945,N20,VIIRS,n,2.0NRT,290.19,0.94,N
20.86416,84.99455,306.71,0.55,0.43,2026-09-04,1945,N20,VIIRS,n,2.0NRT,291.36,2.92,N
20.81025,85.25641,303.44,0.53,0.42,2026-09-04,1945,N20,VIIRS,n,2.0NRT,285.19,1.39,N
20.79802,85.25985,309.64,0.53,0.42,2026-09-04,1945,N20,VIIRS,n,2.0NRT,286.98,1.69,N
20.79482,85.25418,336.09,0.53,0.42,2026-09-04,1945,N20,VIIRS,n,2.0NRT,288.01,3.83,N
20.79032,85.25867,304.98,0.53,0.42,2026-09-04,1945,N20,VIIRS,n,2.0NRT,284.65,3.83,N
20.78966,85.26375,300.47,0.53,0.42,2026-09-04,1945,N20,VIIRS,n,2.0NRT,283.23,0.48,N
20.78581,85.26316,304.97,0.53,0.42,2026-09-04,1945,N20,VIIRS,n,2.0NRT,284.95,0.74,N
20.76198,85.29599,315.32,0.53,0.42,2026-09-04,1945,N20,VIIRS,n,2.0NRT,290.69,3.06,N
20.76009,85.29348,311.28,0.53,0.42,2026-09-04,1945,N20,VIIRS,n,2.0NRT,290.06,1.49,N
20.75939,85.29863,308.31,0.53,0.42,2026-09-04,1945,N20,VIIRS,n,2.0NRT,290.16,1.49,N
21.19856,81.41629,304.65,0.62,0.54,2026-09-04,1945,N20,VIIRS,n,2.0NRT,284.76,2.49,N
20.52115,85.7233,306.01,0.5,0.41,2026-09-04,1945,N20,VIIRS,n,2.0NRT,290.54,0.8,N
16.87441,80.02161,305.42,0.34,0.56,2026-09-04,1947,N20,VIIRS,n,2.0NRT,291.09,0.95,N
19.09895,82.16625,310.93,0.52,0.5,2026-09-04,1947,N20,VIIRS,n,2.0NRT,289.45,1.37,N
10.12954,77.52656,311.78,0.4,0.6,2026-09-04,1947,N20,VIIRS,n,2.0NRT,287.65,1.47,N
19.10384,82.16526,302.63,0.52,0.5,2026-09-04,1947,N20,VIIRS,n,2.0NRT,289.75,1.53,N
19.09925,82.16467,310.06,0.52,0.5,2026-09-04,1947,N20,VIIRS,n,2.0NRT,289.21,2.96,N
19.09347,82.17397,303.72,0.52,0.5,2026-09-04,1947,N20,VIIRS,n,2.0NRT,289.7,1.55,N
17.69568,83.24305,303.24,0.43,0.46,2026-09-04,1947,N20,VIIRS,n,2.0NRT,283.8,1.39,N
17.95983,80.79558,304.9,0.62,0.54,2026-09-04,1947,N20,VIIRS,n,2.0NRT,289.34,1.29,N
17.95862,80.79625,305.51,0.62,0.54,2026-09-04,1947,N20,VIIRS,n,2.0NRT,289.73,2.32,N
17.60224,83.1994,307.87,0.43,0.46,2026-09-04,1947,N20,VIIRS,n,2.0NRT,288.87,2.41,N
17.46647,80.65131,304.12,0.62,0.54,2026-09-04,1947,N20,VIIRS,n,2.0NRT,289.24,0.92,N
9.80491,77.56216,312.16,0.4,0.6,2026-09-04,1947,N20,VIIRS,n,2.0NRT,289,0.97,N
17.14758,78.22211,302.44,0.45,0.63,2026-09-04,1947,N20,VIIRS,n,2.0NRT,286.05,1.68,N
16.87649,80.11887,306.51,0.33,0.55,2026-09-04,1947,N20,VIIRS,n,2.0NRT,291.59,0.89,N
19.10354,82.16685,305.84,0.52,0.5,2026-09-04,1947,N20,VIIRS,n,2.0NRT,290.14,1.37,N
15.55391,79.64561,367,0.34,0.56,2026-09-04,1947,N20,VIIRS,h,2.0NRT,290.49,4.15,N
15.55355,79.64883,306.53,0.34,0.56,2026-09-04,1947,N20,VIIRS,n,2.0NRT,290.09,4.15,N
15.54873,79.64497,326.96,0.34,0.56,2026-09-04,1947,N20,VIIRS,n,2.0NRT,289.97,4.15,N
15.54836,79.64817,316.16,0.34,0.56,2026-09-04,1947,N20,VIIRS,n,2.0NRT,290.33,4.15,N
15.55236,79.64706,354.8,0.34,0.56,2026-09-04,1947,N20,VIIRS,n,2.0NRT,291.67,14.79,N
15.55275,79.64386,307.83,0.34,0.56,2026-09-04,1947,N20,VIIRS,n,2.0NRT,289.81,8.43,N
15.52532,79.6533,307.48,0.34,0.56,2026-09-04,1947,N20,VIIRS,n,2.0NRT,289.95,1.91,N
15.17453,77.09926,303.72,0.5,0.66,2026-09-04,1947,N20,VIIRS,n,2.0NRT,286.09,0.74,N
15.18375,76.66516,317.98,0.54,0.68,2026-09-04,1947,N20,VIIRS,n,2.0NRT,290.41,4.16,N
15.18323,76.6702,308.2,0.54,0.68,2026-09-04,1947,N20,VIIRS,n,2.0NRT,289.93,1.85,N
15.18269,76.67524,311.05,0.54,0.68,2026-09-04,1947,N20,VIIRS,n,2.0NRT,290.06,1.85,N
15.17856,76.65443,308.14,0.54,0.68,2026-09-04,1947,N20,VIIRS,n,2.0NRT,290.38,2.77,N
15.17644,76.67462,307.18,0.54,0.68,2026-09-04,1947,N20,VIIRS,n,2.0NRT,289.89,1.85,N
15.16905,76.37527,300.28,0.56,0.69,2026-09-04,1947,N20,VIIRS,n,2.0NRT,287.84,1.53,N
15.17254,76.37836,300.32,0.56,0.69,2026-09-04,1947,N20,VIIRS,n,2.0NRT,287.79,2.1,N
15.13655,76.70815,302.65,0.53,0.67,2026-09-04,1947,N20,VIIRS,n,2.0NRT,289.77,1.34,N
14.99631,76.8468,303.2,0.52,0.67,2026-09-04,1947,N20,VIIRS,n,2.0NRT,289.58,0.57,N
13.7129,79.61954,305.32,0.33,0.55,2026-09-04,1947,N20,VIIRS,n,2.0NRT,289.35,1.35,N
11.19646,79.05567,300.86,0.33,0.55,2026-09-04,1949,N20,VIIRS,n,2.0NRT,286.76,1.55,N
11.17693,79.08677,307.96,0.33,0.55,2026-09-04,1949,N20,VIIRS,n,2.0NRT,288.59,2.11,N
31.25797,76.92616,299.97,0.32,0.55,2026-09-04,2123,N20,VIIRS,n,2.0NRT,287.19,1,N
31.25863,76.92339,299.65,0.32,0.55,2026-09-04,2123,N20,VIIRS,n,2.0NRT,286.47,0.74,N
23.12135,70.08555,317.95,0.56,0.43,2026-09-04,2125,N20,VIIRS,n,2.0NRT,293.71,3.21,N
23.12136,70.08435,318.21,0.56,0.43,2026-09-04,2125,N20,VIIRS,n,2.0NRT,293.79,2.74,N
22.93045,70.10779,305.4,0.56,0.43,2026-09-04,2125,N20,VIIRS,n,2.0NRT,293.7,3.36,N
22.93466,69.69984,313.25,0.54,0.42,2026-09-04,2125,N20,VIIRS,n,2.0NRT,294.09,3.11,N
20.91111,71.4613,304.79,0.49,0.49,2026-09-04,2125,N20,VIIRS,n,2.0NRT,291.61,1.05,N
19.02249,72.89153,334,0.33,0.55,2026-09-04,2125,N20,VIIRS,n,2.0NRT,290.05,3.86,N
19.02186,72.89457,332.93,0.33,0.55,2026-09-04,2125,N20,VIIRS,n,2.0NRT,290.4,4.03,N
18.69118,73.03957,303.11,0.34,0.56,2026-09-04,2125,N20,VIIRS,n,2.0NRT,289.73,0.96,N
18.68741,73.03207,306.38,0.34,0.56,2026-09-04,2125,N20,VIIRS,n,2.0NRT,290.44,2.08,N
18.6861,73.0384,301.8,0.34,0.56,2026-09-04,2125,N20,VIIRS,n,2.0NRT,290.11,0.96,N
18.68169,73.03407,301.62,0.34,0.56,2026-09-04,2125,N20,VIIRS,n,2.0NRT,290.29,1.48,N
15.17813,77.10228,303.75,0.74,0.76,2026-09-04,2125,N20,VIIRS,n,2.0NRT,287.15,2.86,N
15.18306,76.66953,303.1,0.7,0.75,2026-09-04,2125,N20,VIIRS,n,2.0NRT,287.56,3.27,N
15.17927,76.65517,309.6,0.69,0.75,2026-09-04,2125,N20,VIIRS,n,2.0NRT,287.34,4.31,N
15.18014,76.6731,303.04,0.7,0.75,2026-09-04,2125,N20,VIIRS,n,2.0NRT,287.38,3.38,N
15.17767,76.65236,304.58,0.7,0.75,2026-09-04,2125,N20,VIIRS,n,2.0NRT,287.09,2.23,N
15.17627,76.65868,301.35,0.7,0.75,2026-09-04,2125,N20,VIIRS,n,2.0NRT,287.48,2.5,N
15.13675,76.70895,301.39,0.7,0.75,2026-09-04,2125,N20,VIIRS,n,2.0NRT,287.8,1.44,N
15.07344,76.86353,302.69,0.72,0.76,2026-09-04,2125,N20,VIIRS,n,2.0NRT,288.8,1.65,N
15.07322,76.86325,302.44,0.72,0.76,2026-09-04,2125,N20,VIIRS,n,2.0NRT,288.4,1.44,N
23.31587,70.48626,307.31,0.39,0.44,2026-09-04,2125,N20,VIIRS,n,2.0NRT,293.87,0.85,N
23.30543,70.47614,304.73,0.39,0.44,2026-09-04,2125,N20,VIIRS,n,2.0NRT,293.76,0.81,N
20.96189,86.00809,343.96,0.34,0.56,2026-09-05,0657,N20,VIIRS,n,2.0NRT,292.03,5.75,D
20.75933,85.29932,331.12,0.38,0.59,2026-09-05,0657,N20,VIIRS,n,2.0NRT,293.52,4.79,D
20.96386,86.00793,349.45,0.34,0.56,2026-09-05,0657,N20,VIIRS,n,2.0NRT,292.29,4.4,D
20.86409,84.99059,331.74,0.4,0.6,2026-09-05,0657,N20,VIIRS,n,2.0NRT,292.61,4.32,D
23.69259,87.12342,328.11,0.51,0.49,2026-09-05,0659,N20,VIIRS,n,2.0NRT,292.48,5.48,D
23.6451,85.44025,336.59,0.33,0.55,2026-09-05,0659,N20,VIIRS,n,2.0NRT,292.04,3.74,D
8.62201,77.91603,344.29,0.4,0.44,2026-09-05,0835,N20,VIIRS,n,2.0NRT,297.36,3.42,D
8.62524,77.79489,345.46,0.39,0.44,2026-09-05,0835,N20,VIIRS,n,2.0NRT,303.16,9.68,D
8.62617,77.79392,344.77,0.39,0.44,2026-09-05,0835,N20,VIIRS,n,2.0NRT,303.53,11.19,D
8.66335,77.85443,342.19,0.4,0.44,2026-09-05,0835,N20,VIIRS,n,2.0NRT,300.85,6.18,D
9.0026,77.52624,337.58,0.57,0.43,2026-09-05,0835,N20,VIIRS,n,2.0NRT,303.15,5.89,D
9.06088,77.72623,352.02,0.39,0.44,2026-09-05,0835,N20,VIIRS,n,2.0NRT,304.68,12.33,D
9.3083,78.79848,334.36,0.46,0.47,2026-09-05,0835,N20,VIIRS,n,2.0NRT,296.31,2.19,D
9.30978,78.79932,335.84,0.46,0.47,2026-09-05,0835,N20,VIIRS,n,2.0NRT,296.63,2.44,D
9.1435,77.5413,342.79,0.38,0.44,2026-09-05,0835,N20,VIIRS,n,2.0NRT,304.2,13.91,D
9.33417,77.69457,342.44,0.39,0.44,2026-09-05,0835,N20,VIIRS,n,2.0NRT,304.48,7.78,D
9.94851,78.64626,336.3,0.46,0.47,2026-09-05,0835,N20,VIIRS,n,2.0NRT,300.88,5.68,D
10.02841,78.05846,335.35,0.43,0.46,2026-09-05,0835,N20,VIIRS,n,2.0NRT,300.7,8.53,D
10.10579,77.83781,336.52,0.41,0.45,2026-09-05,0835,N20,VIIRS,n,2.0NRT,302.21,4.29,D
10.85424,78.68019,351.58,0.48,0.48,2026-09-05,0835,N20,VIIRS,n,2.0NRT,298.37,20.51,D
10.87593,77.97946,344.35,0.43,0.46,2026-09-05,0835,N20,VIIRS,n,2.0NRT,302.68,10.19,D
10.93433,77.19016,340.17,0.39,0.44,2026-09-05,0835,N20,VIIRS,n,2.0NRT,305.95,6.53,D
10.9785,76.98156,335.4,0.56,0.43,2026-09-05,0835,N20,VIIRS,n,2.0NRT,298.12,3.11,D
11.00253,77.12383,346.08,0.38,0.43,2026-09-05,0835,N20,VIIRS,n,2.0NRT,306.55,10.19,D
11.95854,78.75902,332.21,0.5,0.49,2026-09-05,0835,N20,VIIRS,n,2.0NRT,297.02,4.19,D
12.17388,78.93881,342.31,0.52,0.5,2026-09-05,0835,N20,VIIRS,n,2.0NRT,299.54,6.41,D
12.06562,77.03265,340.18,0.39,0.44,2026-09-05,0835,N20,VIIRS,n,2.0NRT,305.58,3.69,D
12.00694,76.52467,335.43,0.55,0.42,2026-09-05,0835,N20,VIIRS,n,2.0NRT,304.71,6.58,D
12.08199,76.8081,337.54,0.57,0.43,2026-09-05,0835,N20,VIIRS,l,2.0NRT,308.2,6.82,D
12.09133,76.81746,339.62,0.57,0.43,2026-09-05,0835,N20,VIIRS,n,2.0NRT,306.51,5.82,D
12.10958,76.89243,330.14,0.38,0.43,2026-09-05,0835,N20,VIIRS,l,2.0NRT,303.45,0.64,D
12.48486,77.34094,334.62,0.41,0.45,2026-09-05,0835,N20,VIIRS,l,2.0NRT,305.56,4.6,D
12.91732,76.07881,339.05,0.53,0.42,2026-09-05,0835,N20,VIIRS,n,2.0NRT,303.88,11.8,D
12.91621,76.08082,335.2,0.53,0.42,2026-09-05,0835,N20,VIIRS,n,2.0NRT,301.48,12.58,D
9.81357,77.32077,333.04,0.57,0.43,2026-09-05,0835,N20,VIIRS,l,2.0NRT,303.53,4.39,D
8.44955,77.58025,343.95,0.57,0.43,2026-09-05,0835,N20,VIIRS,n,2.0NRT,300.87,6.76,D
15.975,78.41002,330.59,0.54,0.51,2026-09-05,0835,N20,VIIRS,n,2.0NRT,297.04,3.64,D
16.44525,77.82963,341.96,0.5,0.49,2026-09-05,0835,N20,VIIRS,n,2.0NRT,298.94,8.84,D
16.17167,74.87211,335.74,0.5,0.41,2026-09-05,0835,N20,VIIRS,n,2.0NRT,300.34,3.47,D
18.5752,74.46596,332.15,0.5,0.41,2026-09-05,0835,N20,VIIRS,n,2.0NRT,297.06,1.68,D
18.69589,74.44584,334.58,0.5,0.41,2026-09-05,0835,N20,VIIRS,n,2.0NRT,296.48,3.78,D
14.68688,79.73868,351.12,0.32,0.54,2026-09-05,0837,N20,VIIRS,n,2.0NRT,299.83,5.85,D
14.43444,77.70826,342.64,0.46,0.47,2026-09-05,0837,N20,VIIRS,n,2.0NRT,301.6,10.4,D
14.68694,79.73945,339.5,0.32,0.54,2026-09-05,0837,N20,VIIRS,n,2.0NRT,299.13,2.39,D
14.6866,79.73649,332.88,0.32,0.54,2026-09-05,0837,N20,VIIRS,n,2.0NRT,299.25,2.21,D
14.77551,79.7985,336.79,0.32,0.55,2026-09-05,0837,N20,VIIRS,n,2.0NRT,293.93,3.53,D
14.90556,80.03411,331.57,0.34,0.56,2026-09-05,0837,N20,VIIRS,n,2.0NRT,295.05,3.66,D
14.6912,77.86673,332.75,0.48,0.48,2026-09-05,0837,N20,VIIRS,n,2.0NRT,301.16,3.67,D
14.58984,76.70616,342.71,0.4,0.44,2026-09-05,0837,N20,VIIRS,n,2.0NRT,300.07,1.09,D
14.82764,78.13876,334.05,0.5,0.49,2026-09-05,0837,N20,VIIRS,n,2.0NRT,299.55,6.95,D
15.08348,77.32135,348.9,0.45,0.47,2026-09-05,0837,N20,VIIRS,n,2.0NRT,301.12,8.48,D
15.59282,79.31487,335.87,0.61,0.54,2026-09-05,0837,N20,VIIRS,n,2.0NRT,298.05,4.19,D
22.93241,69.69872,333.68,0.38,0.36,2026-09-05,0837,N20,VIIRS,n,2.0NRT,297.33,4.1,D
14.21385,79.22749,331.31,0.58,0.52,2026-09-05,0837,N20,VIIRS,n,2.0NRT,296.92,2.16,D
14.30583,77.72722,344.62,0.46,0.47,2026-09-05,0837,N20,VIIRS,n,2.0NRT,304.58,12.16,D
14.61918,79.51504,331.84,0.61,0.54,2026-09-05,0837,N20,VIIRS,n,2.0NRT,297.9,2.49,D
14.43309,77.70782,345.74,0.46,0.47,2026-09-05,0837,N20,VIIRS,n,2.0NRT,300.74,5.09,D
22.41711,69.04068,332.95,0.39,0.36,2026-09-05,0837,N20,VIIRS,n,2.0NRT,302.11,3.14,D
22.7807,69.45878,347.66,0.38,0.36,2026-09-05,0837,N20,VIIRS,n,2.0NRT,304.55,5.93,D
13.97459,80.08726,332.92,0.33,0.55,2026-09-05,0837,N20,VIIRS,n,2.0NRT,294.68,1.05,D
27.4251,70.81876,340.09,0.43,0.38,2026-09-05,0839,N20,VIIRS,l,2.0NRT,310.94,4.51,D
27.43381,70.85704,345.35,0.43,0.38,2026-09-05,0839,N20,VIIRS,n,2.0NRT,309.37,7.71,D
27.43322,70.85271,339.12,0.43,0.38,2026-09-05,0839,N20,VIIRS,n,2.0NRT,307.31,7.71,D
30.48693,73.84731,333.33,0.43,0.46,2026-09-05,0839,N20,VIIRS,n,2.0NRT,296.03,3.47,D
23.7741,86.36582,303.37,0.32,0.55,2026-09-05,1923,N20,VIIRS,n,2.0NRT,270.96,0.63,N
27.46206,95.47509,309.11,0.39,0.36,2026-09-05,1923,N20,VIIRS,n,2.0NRT,288.95,1.46,N
23.80851,86.32807,297.19,0.33,0.55,2026-09-05,1923,N20,VIIRS,n,2.0NRT,269.18,0.61,N
23.80344,86.32746,299.3,0.33,0.55,2026-09-05,1923,N20,VIIRS,n,2.0NRT,267.35,0.61,N
23.80313,86.3307,299.64,0.33,0.55,2026-09-05,1923,N20,VIIRS,n,2.0NRT,265.41,0.58,N
23.80125,86.34982,307.24,0.32,0.55,2026-09-05,1923,N20,VIIRS,n,2.0NRT,274.81,1.36,N
23.79619,86.34912,302.05,0.32,0.55,2026-09-05,1923,N20,VIIRS,n,2.0NRT,270.94,0.48,N
23.79588,86.35237,300.11,0.32,0.55,2026-09-05,1923,N20,VIIRS,n,2.0NRT,272.03,0.48,N
23.78201,86.38963,311.6,0.32,0.55,2026-09-05,1923,N20,VIIRS,n,2.0NRT,272.85,0.96,N
23.77727,86.38577,305.92,0.32,0.55,2026-09-05,1923,N20,VIIRS,n,2.0NRT,273.47,0.96,N
23.77696,86.38895,300.37,0.32,0.55,2026-09-05,1923,N20,VIIRS,n,2.0NRT,273.43,0.96,N
23.77441,86.36259,311.34,0.32,0.55,2026-09-05,1923,N20,VIIRS,n,2.0NRT,271.28,0.78,N
23.77039,86.40411,302.92,0.32,0.55,2026-09-05,1923,N20,VIIRS,n,2.0NRT,273.27,1.07,N
23.76658,86.3907,303.87,0.32,0.55,2026-09-05,1923,N20,VIIRS,n,2.0NRT,277.18,1.54,N
23.76565,86.40026,300.97,0.32,0.55,2026-09-05,1923,N20,VIIRS,n,2.0NRT,272.02,1.82,N
23.76534,86.40349,315.82,0.32,0.55,2026-09-05,1923,N20,VIIRS,n,2.0NRT,272.15,1.07,N
23.69551,87.10785,307.48,0.58,0.52,2026-09-05,1923,N20,VIIRS,n,2.0NRT,289.12,2.3,N
23.69493,87.11353,307.16,0.58,0.52,2026-09-05,1923,N20,VIIRS,n,2.0NRT,289.52,2.3,N
23.69436,87.11919,314.37,0.58,0.52,2026-09-05,1923,N20,VIIRS,n,2.0NRT,289.79,5.74,N
23.7791,86.20641,307.37,0.33,0.55,2026-09-05,1923,N20,VIIRS,n,2.0NRT,281.14,2.63,N
23.77879,86.20972,305.14,0.33,0.55,2026-09-05,1923,N20,VIIRS,n,2.0NRT,281.73,1.72,N
23.76062,86.39961,302.62,0.32,0.55,2026-09-05,1923,N20,VIIRS,n,2.0NRT,270.63,1.06,N
23.7603,86.40284,299.74,0.32,0.55,2026-09-05,1923,N20,VIIRS,n,2.0NRT,270.26,0.47,N
23.68955,87.11856,310.49,0.58,0.52,2026-09-05,1923,N20,VIIRS,n,2.0NRT,289.7,4.93,N
23.77525,86.19253,297.06,0.33,0.55,2026-09-05,1923,N20,VIIRS,n,2.0NRT,273.71,0.94,N
23.77493,86.19585,299.12,0.33,0.55,2026-09-05,1923,N20,VIIRS,n,2.0NRT,274.71,1.82,N
23.75404,86.41497,303.62,0.32,0.55,2026-09-05,1923,N20,VIIRS,n,2.0NRT,272.33,0.77,N
23.66634,87.15578,317.36,0.57,0.52,2026-09-05,1923,N20,VIIRS,n,2.0NRT,290.2,4.75,N
23.64919,85.43445,316.86,0.37,0.58,2026-09-05,1925,N20,VIIRS,n,2.0NRT,285.85,1.69,N
23.68409,87.12768,308.02,0.58,0.52,2026-09-05,1925,N20,VIIRS,n,2.0NRT,289.24,2.17,N
23.75631,86.39796,299.4,0.32,0.55,2026-09-05,1925,N20,VIIRS,n,2.0NRT,275,0.77,N
23.75433,86.41714,301.97,0.32,0.55,2026-09-05,1925,N20,VIIRS,n,2.0NRT,273.02,1.2,N
23.8387,85.46757,300.7,0.37,0.58,2026-09-05,1925,N20,VIIRS,n,2.0NRT,280.21,0.52,N
23.66663,87.1541,313.19,0.57,0.52,2026-09-05,1925,N20,VIIRS,n,2.0NRT,290.34,4.14,N
23.73763,86.4309,300.79,0.32,0.55,2026-09-05,1925,N20,VIIRS,n,2.0NRT,264.87,0.39,N
23.7373,86.43405,300.68,0.32,0.55,2026-09-05,1925,N20,VIIRS,n,2.0NRT,264.62,0.39,N
23.8252,85.49538,298.88,0.37,0.58,2026-09-05,1925,N20,VIIRS,n,2.0NRT,278.12,0.74,N
23.84328,84.94684,298.18,0.4,0.6,2026-09-05,1925,N20,VIIRS,n,2.0NRT,278.39,0.52,N
23.75867,85.85409,299.35,0.35,0.57,2026-09-05,1925,N20,VIIRS,n,2.0NRT,273.16,1.02,N
23.6798,86.39781,304.47,0.32,0.55,2026-09-05,1925,N20,VIIRS,n,2.0NRT,269.34,0.55,N
23.70099,86.07278,318.05,0.34,0.56,2026-09-05,1925,N20,VIIRS,n,2.0NRT,276.9,1.13,N
23.65887,85.50546,303.29,0.37,0.58,2026-09-05,1925,N20,VIIRS,n,2.0NRT,281.76,0.63,N
23.64886,85.43806,325.92,0.37,0.58,2026-09-05,1925,N20,VIIRS,n,2.0NRT,286.51,1.69,N
23.68951,87.1226,309.86,0.58,0.52,2026-09-05,1925,N20,VIIRS,n,2.0NRT,290.08,2.17,N
23.67184,84.99578,302.86,0.4,0.6,2026-09-05,1925,N20,VIIRS,n,2.0NRT,286.5,0.76,N
23.61127,85.67277,299.22,0.36,0.57,2026-09-05,1925,N20,VIIRS,n,2.0NRT,278.63,0.36,N
23.666,84.999,310.1,0.4,0.6,2026-09-05,1925,N20,VIIRS,n,2.0NRT,287.88,1.49,N
23.61148,85.67413,303.14,0.36,0.57,2026-09-05,1925,N20,VIIRS,n,2.0NRT,280.36,0.55,N
23.67165,84.99418,304.73,0.4,0.6,2026-09-05,1925,N20,VIIRS,n,2.0NRT,285.84,1.6,N
23.66578,84.99745,310.52,0.39,0.6,2026-09-05,1925,N20,VIIRS,n,2.0NRT,287.52,2.08,N
22.96413,85.99792,304.65,0.33,0.56,2026-09-05,1925,N20,VIIRS,n,2.0NRT,289.82,0.55,N
22.87717,86.06215,314.57,0.33,0.55,2026-09-05,1925,N20,VIIRS,n,2.0NRT,290.6,1.64,N
22.79804,86.19794,313.33,0.32,0.55,2026-09-05,1925,N20,VIIRS,n,2.0NRT,290.93,1.39,N
22.80418,86.08908,310.46,0.33,0.55,2026-09-05,1925,N20,VIIRS,n,2.0NRT,290.64,1.47,N
22.79299,86.19738,307.98,0.32,0.55,2026-09-05,1925,N20,VIIRS,n,2.0NRT,290.96,1.39,N
22.7991,86.08846,311.78,0.33,0.55,2026-09-05,1925,N20,VIIRS,n,2.0NRT,290.22,1.15,N
22.57469,85.89632,320.47,0.34,0.56,2026-09-05,1925,N20,VIIRS,n,2.0NRT,290.51,1.77,N
22.57535,85.88969,306.07,0.34,0.56,2026-09-05,1925,N20,VIIRS,n,2.0NRT,289.82,2.01,N
22.37779,87.27859,328.67,0.54,0.51,2026-09-05,1925,N20,VIIRS,n,2.0NRT,291.7,6.52,N
22.37088,87.29912,306.66,0.54,0.51,2026-09-05,1925,N20,VIIRS,n,2.0NRT,290.45,3.46,N
22.3662,87.29851,318.82,0.54,0.51,2026-09-05,1925,N20,VIIRS,n,2.0NRT,290.71,3.46,N
22.38003,87.27818,327.43,0.54,0.51,2026-09-05,1925,N20,VIIRS,n,2.0NRT,291.55,7.26,N
22.36829,87.29809,316.01,0.54,0.51,2026-09-05,1925,N20,VIIRS,n,2.0NRT,290.77,4.82,N
22.36625,87.01411,309.08,0.57,0.52,2026-09-05,1925,N20,VIIRS,n,2.0NRT,290.54,1.75,N
22.3609,87.01897,305.71,0.56,0.52,2026-09-05,1925,N20,VIIRS,n,2.0NRT,290.54,1.23,N
22.05409,88.12331,313.14,0.48,0.48,2026-09-05,1925,N20,VIIRS,n,2.0NRT,291.68,4.8,N
22.21696,84.86906,310.3,0.39,0.59,2026-09-05,1925,N20,VIIRS,n,2.0NRT,287.88,1.33,N
22.21219,84.86086,306.85,0.39,0.59,2026-09-05,1925,N20,VIIRS,n,2.0NRT,288.28,1.75,N
22.21149,84.86848,302.74,0.39,0.59,2026-09-05,1925,N20,VIIRS,n,2.0NRT,287.69,1.33,N
22.211,84.86073,307.75,0.39,0.59,2026-09-05,1925,N20,VIIRS,n,2.0NRT,287.87,2.26,N
22.0543,85.46281,303.28,0.35,0.57,2026-09-05,1925,N20,VIIRS,n,2.0NRT,288.26,0.63,N
21.96817,85.31213,302.9,0.36,0.57,2026-09-05,1925,N20,VIIRS,n,2.0NRT,287.98,0.6,N
21.9302,85.21793,299.16,0.36,0.58,2026-09-05,1925,N20,VIIRS,n,2.0NRT,287.91,1,N
21.92986,85.22138,308.46,0.36,0.58,2026-09-05,1925,N20,VIIRS,n,2.0NRT,288.07,1,N
21.92455,85.22067,308,0.36,0.58,2026-09-05,1925,N20,VIIRS,n,2.0NRT,287.07,1,N
21.68499,85.43456,304.08,0.35,0.57,2026-09-05,1925,N20,VIIRS,n,2.0NRT,288.44,0.57,N
21.75904,84.0227,302.35,0.43,0.62,2026-09-05,1925,N20,VIIRS,n,2.0NRT,286.48,0.82,N
21.75756,84.02261,308.01,0.43,0.62,2026-09-05,1925,N20,VIIRS,n,2.0NRT,286.78,1.54,N
21.57263,85.64584,303.23,0.34,0.56,2026-09-05,1925,N20,VIIRS,n,2.0NRT,288.81,0.45,N
21.68121,84.0351,307.64,0.43,0.62,2026-09-05,1925,N20,VIIRS,n,2.0NRT,287.15,1.76,N
21.68082,84.03934,309.86,0.43,0.62,2026-09-05,1925,N20,VIIRS,n,2.0NRT,287.56,1.31,N
21.6751,84.03875,304.72,0.43,0.62,2026-09-05,1925,N20,VIIRS,n,2.0NRT,286.63,1.31,N
19.10137,82.16523,308.25,0.54,0.68,2026-09-05,1925,N20,VIIRS,n,2.0NRT,286.07,2.07,N
17.6948,83.24045,317.07,0.44,0.62,2026-09-05,1925,N20,VIIRS,n,2.0NRT,289.69,3.14,N
17.69332,83.24108,314.76,0.44,0.62,2026-09-05,1925,N20,VIIRS,n,2.0NRT,289.05,2.76,N
17.61015,83.20161,317.68,0.44,0.62,2026-09-05,1925,N20,VIIRS,n,2.0NRT,289.42,2.59,N
17.60911,83.20141,315.69,0.44,0.62,2026-09-05,1925,N20,VIIRS,n,2.0NRT,289.17,3.13,N
23.67914,86.08373,311.44,0.34,0.56,2026-09-05,1925,N20,VIIRS,n,2.0NRT,268.6,0.8,N
23.56106,87.23698,315.76,0.57,0.52,2026-09-05,1925,N20,VIIRS,n,2.0NRT,289.88,5.72,N
23.55573,87.24197,307.49,0.57,0.52,2026-09-05,1925,N20,VIIRS,n,2.0NRT,290.31,6.12,N
23.56203,87.08309,312.8,0.58,0.52,2026-09-05,1925,N20,VIIRS,n,2.0NRT,290.18,2.37,N
23.61385,86.78893,307.47,0.6,0.53,2026-09-05,1925,N20,VIIRS,n,2.0NRT,289.84,4.17,N
23.68207,86.08438,305.68,0.34,0.56,2026-09-05,1925,N20,VIIRS,n,2.0NRT,267.27,0.81,N
23.56073,87.23611,310.71,0.57,0.52,2026-09-05,1925,N20,VIIRS,n,2.0NRT,289.86,2.63,N
23.56012,87.24169,307.16,0.57,0.52,2026-09-05,1925,N20,VIIRS,n,2.0NRT,289.86,2.63,N
23.67692,86.08381,300.61,0.34,0.56,2026-09-05,1925,N20,VIIRS,n,2.0NRT,268.52,0.81,N
23.55536,87.2411,306.2,0.57,0.52,2026-09-05,1925,N20,VIIRS,n,2.0NRT,290.09,2.63,N
23.56278,87.0825,310.48,0.58,0.52,2026-09-05,1925,N20,VIIRS,n,2.0NRT,290.43,1.79,N
23.69889,85.36634,305.06,0.37,0.58,2026-09-05,1925,N20,VIIRS,n,2.0NRT,286.86,0.82,N
13.15991,80.27797,306.34,0.61,0.71,2026-09-05,1928,N20,VIIRS,n,2.0NRT,285.87,1.59,N
13.16012,80.28133,306.44,0.61,0.71,2026-09-05,1928,N20,VIIRS,n,2.0NRT,286.03,2.69,N
31.25992,76.92314,300.63,0.53,0.42,2026-09-05,2104,N20,VIIRS,n,2.0NRT,289.45,0.4,N
29.47778,76.85781,305.57,0.56,0.43,2026-09-05,2104,N20,VIIRS,n,2.0NRT,290.94,1.29,N
24.8199,73.09176,306.36,0.44,0.38,2026-09-05,2106,N20,VIIRS,n,2.0NRT,292.22,0.78,N
24.69006,73.00367,308.43,0.44,0.38,2026-09-05,2106,N20,VIIRS,n,2.0NRT,292.41,1.18,N
23.3177,70.48697,305.42,0.39,0.36,2026-09-05,2106,N20,VIIRS,n,2.0NRT,294.26,0.98,N
23.30572,70.47698,308.73,0.39,0.36,2026-09-05,2106,N20,VIIRS,n,2.0NRT,294.21,1.1,N
21.33948,78.96864,306.66,0.36,0.57,2026-09-05,2106,N20,VIIRS,n,2.0NRT,286.14,0.7,N
22.41734,69.04001,305.17,0.39,0.36,2026-09-05,2106,N20,VIIRS,n,2.0NRT,292.74,1.21,N
19.10254,82.16389,306.83,0.64,0.72,2026-09-05,2106,N20,VIIRS,n,2.0NRT,284.85,1.65,N
21.1022,72.63403,303,0.46,0.39,2026-09-05,2106,N20,VIIRS,n,2.0NRT,289.7,2.97,N
19.10114,82.16985,299.56,0.64,0.72,2026-09-05,2106,N20,VIIRS,n,2.0NRT,284.92,1.41,N
20.91168,71.4588,315.76,0.42,0.38,2026-09-05,2106,N20,VIIRS,n,2.0NRT,294.24,1.32,N
24.82338,73.09252,304.65,0.44,0.38,2026-09-05,2106,N20,VIIRS,n,2.0NRT,292.58,0.78,N
15.13699,76.71162,302.57,0.34,0.56,2026-09-05,2108,N20,VIIRS,n,2.0NRT,288.5,0.67,N
15.19864,76.37866,304.09,0.32,0.55,2026-09-05,2108,N20,VIIRS,n,2.0NRT,288.49,0.76,N
15.65885,73.98855,310.57,0.44,0.46,2026-09-05,2108,N20,VIIRS,n,2.0NRT,289.49,1.39,N
15.16696,76.37938,303.96,0.32,0.55,2026-09-05,2108,N20,VIIRS,n,2.0NRT,289.11,0.6,N
15.07157,76.86669,303.27,0.35,0.57,2026-09-05,2108,N20,VIIRS,n,2.0NRT,289.42,1.31,N
11.63562,77.6582,304.36,0.46,0.63,2026-09-05,2108,N20,VIIRS,n,2.0NRT,284.92,1.07,N
13.41738,75.9798,302.16,0.33,0.55,2026-09-05,2108,N20,VIIRS,n,2.0NRT,289.92,0.4,N
13.89865,76.5645,307.32,0.35,0.57,2026-09-05,2108,N20,VIIRS,n,2.0NRT,291.3,0.66,N
18.71488,79.53679,301.81,0.44,0.63,2026-09-05,2108,N20,VIIRS,n,2.0NRT,286.07,1.16,N
17.9612,80.79105,309.72,0.55,0.68,2026-09-05,2108,N20,VIIRS,n,2.0NRT,286.8,2.13,N
17.95665,80.78942,306.24,0.55,0.68,2026-09-05,2108,N20,VIIRS,n,2.0NRT,285.94,1.7,N
17.08617,79.32299,297.99,0.46,0.64,2026-09-05,2108,N20,VIIRS,n,2.0NRT,271.15,1.33,N
17.08589,79.32469,303.71,0.46,0.64,2026-09-05,2108,N20,VIIRS,n,2.0NRT,271.13,1.23,N
17.142,77.18357,304.72,0.33,0.56,2026-09-05,2108,N20,VIIRS,n,2.0NRT,289.48,0.53,N
15.86545,79.38067,326.38,0.49,0.65,2026-09-05,2108,N20,VIIRS,n,2.0NRT,278.45,2.76,N
15.07222,76.8634,304.51,0.35,0.57,2026-09-05,2108,N20,VIIRS,n,2.0NRT,289.46,1.18,N
15.86784,79.38237,317.85,0.49,0.65,2026-09-05,2108,N20,VIIRS,n,2.0NRT,278.42,1.71,N
15.86193,79.38101,300.06,0.49,0.65,2026-09-05,2108,N20,VIIRS,n,2.0NRT,278.62,1.73,N
15.1776,77.10127,312.62,0.36,0.57,2026-09-05,2108,N20,VIIRS,n,2.0NRT,289.71,1.56,N
15.33788,76.27744,309.63,0.63,0.54,2026-09-05,2108,N20,VIIRS,n,2.0NRT,289.55,2.58,N
15.2252,76.76069,303.33,0.34,0.56,2026-09-05,2108,N20,VIIRS,n,2.0NRT,288.64,0.86,N
14.15109,77.59263,304.87,0.41,0.6,2026-09-05,2108,N20,VIIRS,n,2.0NRT,290.68,1,N
15.22457,76.7638,306.29,0.34,0.56,2026-09-05,2108,N20,VIIRS,n,2.0NRT,289.33,0.92,N
15.17531,76.78477,303.99,0.34,0.56,2026-09-05,2108,N20,VIIRS,n,2.0NRT,289.4,0.99,N
15.18284,76.66691,308.78,0.34,0.56,2026-09-05,2108,N20,VIIRS,n,2.0NRT,289.42,1.37,N
15.18026,76.65346,304.16,0.34,0.56,2026-09-05,2108,N20,VIIRS,n,2.0NRT,288.74,0.73,N
14.15187,77.58869,308.89,0.41,0.6,2026-09-05,2108,N20,VIIRS,n,2.0NRT,290.73,1.17,N
15.17965,76.65654,312.82,0.34,0.56,2026-09-05,2108,N20,VIIRS,n,2.0NRT,289.26,2.34,N
15.17597,76.675,317.24,0.34,0.56,2026-09-05,2108,N20,VIIRS,n,2.0NRT,289.07,1.81,N
15.17523,76.65232,303.49,0.34,0.56,2026-09-05,2108,N20,VIIRS,n,2.0NRT,288.48,0.73,N
15.13762,76.70852,308.77,0.34,0.56,2026-09-05,2108,N20,VIIRS,n,2.0NRT,288.73,0.94,N
