latitude,longitude,brightness,scan,track,acq_date,acq_time,satellite,instrument,confidence,version,bright_t31,frp,daynight
19.49014,85.20157,329.54,0.34,0.56,2026-08-01,0657,N21,VIIRS,n,2.0NRT,290.5,3.14,D
23.80213,86.32997,333.41,0.47,0.48,2026-08-01,0659,N21,VIIRS,n,2.0NRT,291.28,5.27,D
11.88981,79.31049,330.05,0.34,0.56,2026-08-01,0837,N21,VIIRS,n,2.0NRT,290.51,1.68,D
11.29002,79.78289,331.9,0.36,0.58,2026-08-01,0837,N21,VIIRS,n,2.0NRT,290.24,3.65,D
11.95934,79.44656,332.88,0.35,0.57,2026-08-01,0837,N21,VIIRS,n,2.0NRT,291.39,2.4,D
11.96078,79.44628,333.69,0.35,0.57,2026-08-01,0837,N21,VIIRS,n,2.0NRT,291.08,2.33,D
12.0521,79.67383,334.67,0.37,0.58,2026-08-01,0837,N21,VIIRS,n,2.0NRT,291.39,3.22,D
12.05169,79.67051,332.24,0.37,0.58,2026-08-01,0837,N21,VIIRS,n,2.0NRT,290.7,3.22,D
12.32935,79.62632,341.51,0.37,0.58,2026-08-01,0837,N21,VIIRS,n,2.0NRT,288.58,7.9,D
11.21864,78.20132,331.58,0.56,0.52,2026-08-01,0837,N21,VIIRS,n,2.0NRT,292.81,4.35,D
11.32136,79.04636,333.21,0.32,0.55,2026-08-01,0837,N21,VIIRS,n,2.0NRT,291.71,3.44,D
10.93222,78.44296,337.15,0.58,0.52,2026-08-01,0837,N21,VIIRS,n,2.0NRT,293.31,6.47,D
11.80317,78.73422,340.2,0.63,0.54,2026-08-01,0837,N21,VIIRS,n,2.0NRT,291.02,15.02,D
27.51347,71.62677,343.41,0.54,0.42,2026-08-01,0839,N21,VIIRS,n,2.0NRT,301.17,16.12,D
22.31883,82.56562,300.18,0.45,0.63,2026-08-01,1925,N21,VIIRS,n,2.0NRT,264.33,0.94,N
23.7178,86.44274,299,0.52,0.5,2026-08-01,1925,N21,VIIRS,n,2.0NRT,273.94,2.09,N
24.11519,86.85891,315.68,0.49,0.49,2026-08-01,1925,N21,VIIRS,n,2.0NRT,285.9,2.16,N
23.68786,87.12221,297.45,0.47,0.48,2026-08-01,1925,N21,VIIRS,n,2.0NRT,267.35,1.43,N
23.75932,86.40166,299.18,0.52,0.5,2026-08-01,1925,N21,VIIRS,n,2.0NRT,268.23,1.53,N
23.73716,86.43492,310.45,0.52,0.5,2026-08-01,1925,N21,VIIRS,n,2.0NRT,273.46,2.08,N
23.72291,86.43824,302.22,0.52,0.5,2026-08-01,1925,N21,VIIRS,n,2.0NRT,275.43,1.63,N
21.96972,85.31415,298.3,0.58,0.52,2026-08-01,1925,N21,VIIRS,n,2.0NRT,276.84,1.78,N
21.80114,82.03998,304.74,0.48,0.64,2026-08-01,1925,N21,VIIRS,n,2.0NRT,280.59,1.56,N
21.62323,81.79317,299.31,0.49,0.65,2026-08-01,1925,N21,VIIRS,n,2.0NRT,277.38,0.64,N
20.86213,84.98734,299.02,0.59,0.53,2026-08-01,1925,N21,VIIRS,n,2.0NRT,269.11,1.64,N
20.79498,85.2541,324.05,0.57,0.52,2026-08-01,1925,N21,VIIRS,n,2.0NRT,275.08,6.33,N
20.7942,85.25123,321.61,0.57,0.52,2026-08-01,1925,N21,VIIRS,n,2.0NRT,275.64,5.54,N
20.79359,85.25661,303.71,0.57,0.52,2026-08-01,1925,N21,VIIRS,n,2.0NRT,274,2.1,N
21.33668,78.96526,298.71,0.75,0.77,2026-08-01,1925,N21,VIIRS,n,2.0NRT,277.39,3.32,N
23.71215,86.45232,306.47,0.52,0.5,2026-08-01,1925,N21,VIIRS,n,2.0NRT,273.32,0.93,N
23.68608,86.39214,297.12,0.52,0.5,2026-08-01,1925,N21,VIIRS,n,2.0NRT,270.8,1.34,N
23.68097,86.39668,304.24,0.52,0.5,2026-08-01,1925,N21,VIIRS,n,2.0NRT,279.84,1.95,N
23.67639,86.39605,306.27,0.52,0.5,2026-08-01,1925,N21,VIIRS,n,2.0NRT,279.87,1.95,N
23.67587,86.4011,308.72,0.52,0.5,2026-08-01,1925,N21,VIIRS,n,2.0NRT,283.26,1.95,N
23.6854,86.39404,298.67,0.52,0.5,2026-08-01,1925,N21,VIIRS,n,2.0NRT,271.76,0.53,N
23.68083,86.39339,300.39,0.52,0.5,2026-08-01,1925,N21,VIIRS,n,2.0NRT,276.06,0.53,N
23.67569,86.39787,308.54,0.52,0.5,2026-08-01,1925,N21,VIIRS,n,2.0NRT,282.12,1.87,N
23.67513,86.40295,305.11,0.52,0.5,2026-08-01,1925,N21,VIIRS,n,2.0NRT,283.45,1.87,N
23.7275,85.00492,301.25,0.32,0.55,2026-08-01,1925,N21,VIIRS,n,2.0NRT,275.98,0.69,N
23.6476,85.43916,307.3,0.6,0.53,2026-08-01,1925,N21,VIIRS,n,2.0NRT,266.16,2.09,N
23.66735,84.99706,301.58,0.32,0.55,2026-08-01,1925,N21,VIIRS,n,2.0NRT,275.72,1.18,N
23.66203,84.99958,311.85,0.32,0.55,2026-08-01,1925,N21,VIIRS,n,2.0NRT,277.33,1.4,N
22.37987,87.27727,304.11,0.44,0.46,2026-08-01,1925,N21,VIIRS,n,2.0NRT,273.93,1.16,N
22.37561,87.2767,304.21,0.44,0.46,2026-08-01,1925,N21,VIIRS,n,2.0NRT,275.1,1.52,N
22.37511,87.28098,308.59,0.44,0.46,2026-08-01,1925,N21,VIIRS,n,2.0NRT,274.64,1.47,N
22.36408,87.30119,309.23,0.44,0.46,2026-08-01,1925,N21,VIIRS,n,2.0NRT,270.27,1.9,N
22.3571,87.28727,295.35,0.44,0.46,2026-08-01,1925,N21,VIIRS,n,2.0NRT,266.92,0.35,N
22.3566,87.29153,295.14,0.44,0.46,2026-08-01,1925,N21,VIIRS,n,2.0NRT,266.47,0.35,N
22.24599,87.38873,303.48,0.43,0.46,2026-08-01,1925,N21,VIIRS,n,2.0NRT,276,1.16,N
22.32828,82.60777,297.45,0.44,0.63,2026-08-01,1925,N21,VIIRS,n,2.0NRT,268.11,1.58,N
22.3326,82.6057,296.22,0.44,0.63,2026-08-01,1925,N21,VIIRS,n,2.0NRT,267.94,1.59,N
22.32615,82.5489,295.48,0.45,0.63,2026-08-01,1925,N21,VIIRS,n,2.0NRT,265.9,0.76,N
21.96928,85.31577,299.15,0.58,0.52,2026-08-01,1925,N21,VIIRS,n,2.0NRT,276.77,1.5,N
8.82653,78.08564,322.58,0.61,0.71,2026-08-01,1930,N21,VIIRS,n,2.0NRT,280.8,5.65,N
8.82677,78.08688,335.43,0.61,0.71,2026-08-01,1930,N21,VIIRS,n,2.0NRT,281.34,7.1,N
9.14897,78.30833,307.01,0.59,0.7,2026-08-01,1930,N21,VIIRS,n,2.0NRT,279.2,5.14,N
26.64306,79.48007,298.97,0.37,0.58,2026-08-01,2106,N21,VIIRS,n,2.0NRT,265.88,0.43,N
26.87533,73.51517,307.6,0.5,0.41,2026-08-01,2106,N21,VIIRS,n,2.0NRT,290.26,2.89,N
21.18809,81.38752,301.08,0.64,0.72,2026-08-01,2106,N21,VIIRS,n,2.0NRT,280.51,1.76,N
22.9327,69.6986,302.59,0.4,0.37,2026-08-01,2108,N21,VIIRS,n,2.0NRT,273.49,1.15,N
21.24856,79.20657,297.73,0.47,0.64,2026-08-01,2108,N21,VIIRS,n,2.0NRT,267.31,0.74,N
8.90865,78.03073,335.95,0.42,0.37,2026-08-02,0816,N21,VIIRS,n,2.0NRT,285.79,6.96,D
9.29566,77.94614,331.31,0.42,0.37,2026-08-02,0816,N21,VIIRS,n,2.0NRT,282.97,4.7,D
11.41098,79.68989,333.04,0.53,0.42,2026-08-02,0816,N21,VIIRS,n,2.0NRT,295.35,4.76,D
11.41031,79.68512,334.76,0.53,0.42,2026-08-02,0816,N21,VIIRS,n,2.0NRT,296.28,4.76,D
11.41002,79.68708,337.58,0.53,0.42,2026-08-02,0816,N21,VIIRS,n,2.0NRT,296.39,9.41,D
12.06339,78.75342,334.98,0.48,0.4,2026-08-02,0816,N21,VIIRS,n,2.0NRT,298.31,3.61,D
12.45999,78.99902,332.43,0.5,0.41,2026-08-02,0816,N21,VIIRS,n,2.0NRT,297.9,2.19,D
12.82108,76.97945,330.87,0.41,0.37,2026-08-02,0816,N21,VIIRS,n,2.0NRT,290.7,1.65,D
13.78007,76.9473,334.73,0.42,0.37,2026-08-02,0818,N21,VIIRS,n,2.0NRT,296.14,3.16,D
13.93042,77.46671,340.84,0.44,0.38,2026-08-02,0818,N21,VIIRS,n,2.0NRT,297.22,6.94,D
14.1473,77.31364,340.31,0.43,0.38,2026-08-02,0818,N21,VIIRS,n,2.0NRT,298.79,4.65,D
14.25021,77.46139,346.32,0.44,0.38,2026-08-02,0818,N21,VIIRS,n,2.0NRT,298.17,6.45,D
14.24963,77.45737,348.53,0.44,0.38,2026-08-02,0818,N21,VIIRS,n,2.0NRT,298.14,6.45,D
14.25147,77.46172,336.97,0.44,0.38,2026-08-02,0818,N21,VIIRS,n,2.0NRT,297.48,7.82,D
14.25091,77.45769,354.81,0.44,0.38,2026-08-02,0818,N21,VIIRS,n,2.0NRT,298.61,7.82,D
14.28016,77.4369,355.66,0.44,0.38,2026-08-02,0818,N21,VIIRS,l,2.0NRT,297.77,5.58,D
14.2796,77.4329,355.65,0.44,0.38,2026-08-02,0818,N21,VIIRS,l,2.0NRT,297.2,7.53,D
14.28422,77.4404,339.75,0.44,0.38,2026-08-02,0818,N21,VIIRS,n,2.0NRT,296.54,5.58,D
14.28366,77.43639,339.4,0.44,0.38,2026-08-02,0818,N21,VIIRS,n,2.0NRT,296.78,5.58,D
14.2831,77.43237,337.28,0.44,0.38,2026-08-02,0818,N21,VIIRS,n,2.0NRT,294.58,7.53,D
14.28716,77.43586,339.95,0.44,0.38,2026-08-02,0818,N21,VIIRS,n,2.0NRT,297.05,5.01,D
14.29065,77.43534,345.25,0.44,0.38,2026-08-02,0818,N21,VIIRS,n,2.0NRT,297.18,5.01,D
14.29415,77.43482,335.4,0.44,0.38,2026-08-02,0818,N21,VIIRS,n,2.0NRT,295.67,5.22,D
14.41843,78.30199,335.73,0.48,0.4,2026-08-02,0818,N21,VIIRS,n,2.0NRT,301.23,3.92,D
14.44477,78.46677,337.66,0.49,0.4,2026-08-02,0818,N21,VIIRS,n,2.0NRT,301.21,5.81,D
14.30635,77.44534,345.39,0.44,0.38,2026-08-02,0818,N21,VIIRS,n,2.0NRT,297.56,6.31,D
14.31928,77.41059,340.78,0.44,0.38,2026-08-02,0818,N21,VIIRS,n,2.0NRT,294.4,11.28,D
14.32392,77.41814,339.29,0.44,0.38,2026-08-02,0818,N21,VIIRS,n,2.0NRT,291.18,8.53,D
14.32278,77.41007,355.7,0.44,0.38,2026-08-02,0818,N21,VIIRS,l,2.0NRT,297.21,11.28,D
14.32684,77.41357,350.11,0.44,0.38,2026-08-02,0818,N21,VIIRS,n,2.0NRT,297.61,8.01,D
14.32627,77.40955,355.76,0.44,0.38,2026-08-02,0818,N21,VIIRS,l,2.0NRT,298.03,7.03,D
14.33034,77.41304,342.3,0.44,0.38,2026-08-02,0818,N21,VIIRS,n,2.0NRT,298.02,8.01,D
14.32976,77.40903,349.66,0.44,0.38,2026-08-02,0818,N21,VIIRS,n,2.0NRT,297.77,7.03,D
14.32919,77.40501,337.21,0.44,0.38,2026-08-02,0818,N21,VIIRS,n,2.0NRT,298.23,7.03,D
14.71503,79.55192,334.21,0.57,0.43,2026-08-02,0818,N21,VIIRS,n,2.0NRT,299.54,2.24,D
15.17531,76.66013,331.73,0.42,0.37,2026-08-02,0818,N21,VIIRS,n,2.0NRT,296.86,1.57,D
15.17476,76.65627,332.61,0.42,0.37,2026-08-02,0818,N21,VIIRS,n,2.0NRT,298.29,1.57,D
15.18325,76.66679,337.63,0.42,0.37,2026-08-02,0818,N21,VIIRS,n,2.0NRT,299.54,5.73,D
16.27069,76.4569,335.55,0.42,0.38,2026-08-02,0818,N21,VIIRS,n,2.0NRT,297.13,4.17,D
17.35036,80.8483,335.36,0.49,0.49,2026-08-02,0818,N21,VIIRS,n,2.0NRT,292.48,2.69,D
17.79687,83.16254,331.55,0.36,0.57,2026-08-02,0818,N21,VIIRS,n,2.0NRT,290.3,1.93,D
17.58144,76.11646,339.62,0.42,0.37,2026-08-02,0818,N21,VIIRS,n,2.0NRT,287.32,2.48,D
21.74094,83.84197,343.05,0.44,0.63,2026-08-02,0820,N21,VIIRS,n,2.0NRT,288.35,9.01,D
21.74668,83.84146,355.66,0.44,0.63,2026-08-02,0820,N21,VIIRS,l,2.0NRT,287.8,20.84,D
21.75855,83.84472,329.58,0.44,0.63,2026-08-02,0820,N21,VIIRS,n,2.0NRT,286.2,6.3,D
21.74854,83.84187,356,0.44,0.63,2026-08-02,0820,N21,VIIRS,l,2.0NRT,288.2,23.16,D
21.75464,83.84567,328.33,0.44,0.63,2026-08-02,0820,N21,VIIRS,n,2.0NRT,286,13.4,D
22.36064,82.3024,345.05,0.36,0.57,2026-08-02,0820,N21,VIIRS,n,2.0NRT,290.92,7.07,D
22.36106,82.30148,338.37,0.36,0.57,2026-08-02,0820,N21,VIIRS,n,2.0NRT,290.58,7.08,D
31.07977,74.70936,330.43,0.49,0.4,2026-08-02,0822,N21,VIIRS,n,2.0NRT,300.29,5.24,D
31.14965,74.86246,330.78,0.5,0.41,2026-08-02,0822,N21,VIIRS,n,2.0NRT,300.58,7.07,D
23.80342,86.33029,298.77,0.54,0.68,2026-08-02,1906,N21,VIIRS,n,2.0NRT,265.08,0.84,N
23.79565,86.35047,304.07,0.53,0.67,2026-08-02,1906,N21,VIIRS,n,2.0NRT,265.31,1.62,N
23.78011,86.39131,302.76,0.53,0.67,2026-08-02,1906,N21,VIIRS,n,2.0NRT,265.14,2.19,N
23.77589,86.36446,295.69,0.53,0.67,2026-08-02,1906,N21,VIIRS,n,2.0NRT,265.53,0.6,N
23.7666,86.40562,300.1,0.53,0.67,2026-08-02,1906,N21,VIIRS,n,2.0NRT,259.22,0.99,N
23.76082,86.39972,295.1,0.53,0.67,2026-08-02,1906,N21,VIIRS,n,2.0NRT,260.72,0.99,N
23.76707,86.4069,295.17,0.53,0.67,2026-08-02,1906,N21,VIIRS,n,2.0NRT,258.09,0.96,N
23.76132,86.40104,295.28,0.53,0.67,2026-08-02,1906,N21,VIIRS,n,2.0NRT,260.3,2.03,N
23.67882,86.08529,304.22,0.55,0.68,2026-08-02,1906,N21,VIIRS,n,2.0NRT,273.11,3.1,N
23.68126,86.08372,301.66,0.55,0.68,2026-08-02,1906,N21,VIIRS,n,2.0NRT,272.94,1.58,N
23.67496,86.08327,300.1,0.55,0.68,2026-08-02,1906,N21,VIIRS,n,2.0NRT,273.07,1.58,N
20.96288,85.16257,302.68,0.6,0.7,2026-08-02,1908,N21,VIIRS,n,2.0NRT,272.26,2.71,N
22.05437,88.12376,307.49,0.39,0.59,2026-08-02,1908,N21,VIIRS,n,2.0NRT,271.85,1.77,N
20.95044,86.04678,303.22,0.52,0.67,2026-08-02,1908,N21,VIIRS,n,2.0NRT,266.07,0.92,N
20.95002,86.04748,305.04,0.52,0.67,2026-08-02,1908,N21,VIIRS,n,2.0NRT,265.4,1.77,N
20.96841,85.17459,300.94,0.6,0.7,2026-08-02,1908,N21,VIIRS,n,2.0NRT,272.35,4.71,N
20.88583,84.98076,308.88,0.61,0.71,2026-08-02,1908,N21,VIIRS,n,2.0NRT,267.64,2.57,N
20.86573,84.98525,309.26,0.61,0.71,2026-08-02,1908,N21,VIIRS,n,2.0NRT,271.8,2.27,N
20.79208,85.25346,315.02,0.59,0.7,2026-08-02,1908,N21,VIIRS,n,2.0NRT,276.01,4.6,N
20.78523,85.25827,306.93,0.59,0.7,2026-08-02,1908,N21,VIIRS,n,2.0NRT,275.92,4.37,N
20.79685,85.25352,309.33,0.59,0.7,2026-08-02,1908,N21,VIIRS,n,2.0NRT,275.63,2.82,N
20.76097,85.29532,303.32,0.58,0.7,2026-08-02,1908,N21,VIIRS,n,2.0NRT,270.25,2.13,N
17.60904,83.20269,308.19,0.74,0.76,2026-08-02,1908,N21,VIIRS,n,2.0NRT,286.27,2.72,N
23.802,86.32772,298.01,0.58,0.7,2026-08-02,2046,N21,VIIRS,n,2.0NRT,263.01,1.8,N
21.48706,81.76894,301.77,0.33,0.56,2026-08-02,2046,N21,VIIRS,n,2.0NRT,270.27,0.58,N
21.37593,81.67974,296.02,0.33,0.55,2026-08-02,2046,N21,VIIRS,n,2.0NRT,260.28,1.11,N
23.31381,70.48843,305.38,0.43,0.38,2026-08-02,2046,N21,VIIRS,n,2.0NRT,288.86,1.24,N
21.2485,79.20795,305.82,0.46,0.47,2026-08-02,2046,N21,VIIRS,n,2.0NRT,275.22,1.46,N
21.24589,79.22108,300.02,0.46,0.47,2026-08-02,2046,N21,VIIRS,n,2.0NRT,274.27,1.43,N
19.80054,78.86392,301.41,0.47,0.48,2026-08-02,2046,N21,VIIRS,n,2.0NRT,285.29,1.02,N
19.09667,82.1686,304.31,0.4,0.6,2026-08-02,2046,N21,VIIRS,n,2.0NRT,285.13,2.09,N
19.10094,82.16447,311.6,0.4,0.6,2026-08-02,2046,N21,VIIRS,n,2.0NRT,284.64,1.27,N
19.10018,82.16814,307.03,0.4,0.6,2026-08-02,2046,N21,VIIRS,n,2.0NRT,285.47,1.27,N
19.09483,82.16678,306.18,0.4,0.6,2026-08-02,2046,N21,VIIRS,n,2.0NRT,285.19,1.05,N
19.08717,82.17645,301.83,0.4,0.6,2026-08-02,2046,N21,VIIRS,n,2.0NRT,285.19,0.8,N
29.47461,76.85748,306.47,0.41,0.37,2026-08-02,2046,N21,VIIRS,n,2.0NRT,280.45,0.59,N
27.66697,76.12926,306.57,0.41,0.37,2026-08-02,2046,N21,VIIRS,n,2.0NRT,281.1,1.92,N
24.57784,74.80232,304.11,0.4,0.37,2026-08-02,2049,N21,VIIRS,n,2.0NRT,287.94,0.65,N
24.71447,75.95454,304.2,0.42,0.38,2026-08-02,2049,N21,VIIRS,n,2.0NRT,288.31,1.6,N
17.61058,83.20332,330.32,0.5,0.65,2026-08-02,2049,N21,VIIRS,n,2.0NRT,288.73,5.28,N
15.33446,76.28731,301.95,0.39,0.44,2026-08-02,2049,N21,VIIRS,n,2.0NRT,284.43,0.98,N
22.37991,87.27733,301.08,0.71,0.75,2026-08-02,2049,N21,VIIRS,n,2.0NRT,264.87,5.48,N
17.12715,81.31397,332.81,0.43,0.38,2026-08-03,0758,N21,VIIRS,n,2.0NRT,293.41,3.01,D
10.87581,79.09857,335.72,0.4,0.37,2026-08-03,0758,N21,VIIRS,n,2.0NRT,292.93,6.92,D
11.08548,79.41801,334.32,0.39,0.36,2026-08-03,0758,N21,VIIRS,l,2.0NRT,298.96,9.08,D
12.09229,79.56733,334.91,0.39,0.36,2026-08-03,0758,N21,VIIRS,l,2.0NRT,299.48,2.51,D
12.38051,79.98348,333.36,0.38,0.36,2026-08-03,0758,N21,VIIRS,n,2.0NRT,298.23,4.21,D
16.97776,81.59511,334.38,0.44,0.38,2026-08-03,0758,N21,VIIRS,n,2.0NRT,292.96,3.22,D
17.70182,82.58089,333.41,0.49,0.41,2026-08-03,0801,N21,VIIRS,n,2.0NRT,294.38,4.04,D
17.22134,81.39058,332.56,0.43,0.38,2026-08-03,0801,N21,VIIRS,n,2.0NRT,294.25,2.52,D
17.60866,83.20518,335.4,0.53,0.42,2026-08-03,0801,N21,VIIRS,n,2.0NRT,295.41,6.22,D
17.39471,81.24567,334.55,0.43,0.38,2026-08-03,0801,N21,VIIRS,n,2.0NRT,294.61,4.28,D
17.82471,83.11395,331.47,0.53,0.42,2026-08-03,0801,N21,VIIRS,n,2.0NRT,295.14,5.25,D
20.69543,78.63831,330.95,0.39,0.36,2026-08-03,0801,N21,VIIRS,n,2.0NRT,298.44,4.43,D
21.10393,72.6449,339.03,0.39,0.44,2026-08-03,0801,N21,VIIRS,n,2.0NRT,280.09,4.25,D
22.37511,87.27681,304.51,0.36,0.57,2026-08-03,2027,N21,VIIRS,n,2.0NRT,267.45,1.27,N
22.37437,87.28019,302.67,0.36,0.57,2026-08-03,2027,N21,VIIRS,n,2.0NRT,267.62,1.05,N
22.36401,87.30257,299.58,0.36,0.57,2026-08-03,2027,N21,VIIRS,n,2.0NRT,267.71,1.73,N
22.356,87.28971,295.41,0.36,0.57,2026-08-03,2027,N21,VIIRS,n,2.0NRT,265.09,0.36,N
22.36363,87.29984,299.05,0.36,0.57,2026-08-03,2027,N21,VIIRS,n,2.0NRT,267,1.71,N
22.36484,87.01883,302.53,0.34,0.56,2026-08-03,2027,N21,VIIRS,n,2.0NRT,274.48,0.7,N
22.35978,87.01757,304.33,0.34,0.56,2026-08-03,2027,N21,VIIRS,n,2.0NRT,275.66,0.7,N
22.87237,86.06178,297.77,0.58,0.52,2026-08-03,2027,N21,VIIRS,n,2.0NRT,267.63,1.32,N
22.38024,87.27814,299.57,0.36,0.57,2026-08-03,2027,N21,VIIRS,n,2.0NRT,267.83,0.89,N
19.09685,82.16862,300.24,0.39,0.44,2026-08-03,2029,N21,VIIRS,n,2.0NRT,253.89,1.28,N
17.61232,83.2044,308.24,0.48,0.48,2026-08-03,2029,N21,VIIRS,n,2.0NRT,282.93,2.5,N
17.60796,83.20346,321.6,0.48,0.48,2026-08-03,2029,N21,VIIRS,n,2.0NRT,283.97,2.5,N
17.61163,83.20602,314.34,0.48,0.48,2026-08-03,2029,N21,VIIRS,n,2.0NRT,283.58,3.08,N
17.60727,83.20505,323.43,0.48,0.48,2026-08-03,2029,N21,VIIRS,n,2.0NRT,283.72,3.08,N
17.60374,83.19969,304.48,0.48,0.48,2026-08-03,2029,N21,VIIRS,n,2.0NRT,283.45,1.48,N
15.02134,78.01474,307.59,0.42,0.38,2026-08-03,2032,N21,VIIRS,n,2.0NRT,281.7,1.5,N
8.77262,78.11182,346.79,0.57,0.52,2026-08-04,0737,N21,VIIRS,n,2.0NRT,288.05,16.78,D
9.26788,77.7543,330.3,0.59,0.53,2026-08-04,0737,N21,VIIRS,n,2.0NRT,293.23,1.97,D
9.26775,77.75093,332.06,0.59,0.53,2026-08-04,0737,N21,VIIRS,n,2.0NRT,291.92,2.1,D
12.21231,79.97163,334.84,0.57,0.43,2026-08-04,0739,N21,VIIRS,n,2.0NRT,297.73,7.02,D
13.47575,78.73293,330.9,0.43,0.46,2026-08-04,0739,N21,VIIRS,n,2.0NRT,295.31,3.36,D
14.42292,80.16588,338.51,0.51,0.41,2026-08-04,0739,N21,VIIRS,n,2.0NRT,296.4,7.64,D
14.46557,78.84572,330.57,0.41,0.45,2026-08-04,0739,N21,VIIRS,n,2.0NRT,291.13,5.01,D
14.46649,78.8485,331.93,0.41,0.45,2026-08-04,0739,N21,VIIRS,n,2.0NRT,291.75,6.32,D
22.21098,84.86469,331.67,0.43,0.38,2026-08-04,0741,N21,VIIRS,n,2.0NRT,279.21,3.46,D
20.79527,85.25335,332.4,0.43,0.38,2026-08-04,0741,N21,VIIRS,n,2.0NRT,273.68,6.25,D
20.96986,85.17702,334.02,0.43,0.38,2026-08-04,0741,N21,VIIRS,n,2.0NRT,279.54,5.22,D
20.9693,85.17296,336.85,0.43,0.38,2026-08-04,0741,N21,VIIRS,n,2.0NRT,279.86,7.04,D
22.57145,85.89578,330.71,0.47,0.4,2026-08-04,0741,N21,VIIRS,n,2.0NRT,289.32,6.38,D
22.358,82.30145,332.57,0.38,0.36,2026-08-04,0741,N21,VIIRS,n,2.0NRT,288.75,3.67,D
27.19168,79.73158,295,0.48,0.4,2026-08-04,2008,N21,VIIRS,n,2.0NRT,265.92,0.72,N
28.77298,76.6991,305.86,0.49,0.49,2026-08-04,2008,N21,VIIRS,n,2.0NRT,287.77,1.78,N
19.10033,82.16623,296.6,0.39,0.36,2026-08-04,2010,N21,VIIRS,n,2.0NRT,274.91,0.86,N
19.09704,82.16565,298.05,0.39,0.36,2026-08-04,2010,N21,VIIRS,n,2.0NRT,275.37,0.72,N
19.09317,82.16869,300.44,0.39,0.36,2026-08-04,2010,N21,VIIRS,n,2.0NRT,276.75,0.72,N
19.10362,82.16681,317.65,0.39,0.36,2026-08-04,2010,N21,VIIRS,n,2.0NRT,275.62,0.86,N
21.192,81.39223,297.26,0.39,0.36,2026-08-04,2010,N21,VIIRS,n,2.0NRT,267.97,1.25,N
19.10304,82.17044,297.57,0.39,0.36,2026-08-04,2010,N21,VIIRS,n,2.0NRT,274.83,0.86,N
15.33818,76.27869,302.18,0.53,0.42,2026-08-04,2012,N21,VIIRS,n,2.0NRT,286.56,1.73,N
15.33301,76.28802,302.55,0.53,0.42,2026-08-04,2012,N21,VIIRS,n,2.0NRT,286.03,0.91,N
15.17777,77.1018,302.82,0.48,0.4,2026-08-04,2012,N21,VIIRS,n,2.0NRT,283.18,0.9,N
15.17535,76.65519,312.48,0.51,0.41,2026-08-04,2012,N21,VIIRS,n,2.0NRT,286.57,3.15,N
15.17472,76.65987,308.26,0.51,0.41,2026-08-04,2012,N21,VIIRS,n,2.0NRT,287.32,3.66,N
17.95613,80.79372,304.69,0.39,0.36,2026-08-04,2012,N21,VIIRS,n,2.0NRT,268.81,1.1,N
17.46366,80.65296,304.88,0.39,0.36,2026-08-04,2012,N21,VIIRS,n,2.0NRT,275.95,0.84,N
9.28358,78.23943,334.36,0.58,0.7,2026-08-05,0720,N21,VIIRS,n,2.0NRT,288.01,8.3,D
9.28603,78.23457,340.3,0.58,0.69,2026-08-05,0720,N21,VIIRS,n,2.0NRT,286.69,6.23,D
9.68459,78.8849,334.14,0.51,0.66,2026-08-05,0720,N21,VIIRS,n,2.0NRT,289.72,6.74,D
9.55889,77.60223,342.66,0.63,0.72,2026-08-05,0720,N21,VIIRS,n,2.0NRT,288.02,17.21,D
13.3994,80.28709,346.61,0.35,0.57,2026-08-05,0720,N21,VIIRS,n,2.0NRT,291.03,5.49,D
14.67887,79.54193,338.81,0.37,0.58,2026-08-05,0720,N21,VIIRS,n,2.0NRT,288.77,3.21,D
15.31598,79.434,337.51,0.37,0.58,2026-08-05,0722,N21,VIIRS,n,2.0NRT,285.15,3.41,D
15.5178,79.46233,335,0.36,0.58,2026-08-05,0722,N21,VIIRS,n,2.0NRT,284.59,1.61,D
27.40973,70.82902,347.24,0.39,0.59,2026-08-05,0907,N21,VIIRS,n,2.0NRT,297.35,4.72,D
27.37692,95.08621,312.84,0.45,0.47,2026-08-05,1949,N21,VIIRS,n,2.0NRT,291.35,2.91,N
27.46,95.47563,308.05,0.47,0.48,2026-08-05,1949,N21,VIIRS,n,2.0NRT,290.77,0.78,N
27.37869,95.33633,317.73,0.46,0.47,2026-08-05,1949,N21,VIIRS,n,2.0NRT,291.13,3.95,N
27.31863,95.26627,305.84,0.46,0.47,2026-08-05,1949,N21,VIIRS,n,2.0NRT,290.49,2.04,N
15.17468,76.65333,298.71,0.34,0.56,2026-08-05,1953,N21,VIIRS,n,2.0NRT,281.29,1.13,N
15.3308,76.28545,303.98,0.36,0.58,2026-08-05,1953,N21,VIIRS,n,2.0NRT,280.82,0.92,N
15.33105,76.28522,303.86,0.36,0.57,2026-08-05,1953,N21,VIIRS,n,2.0NRT,280.36,0.88,N
15.18738,76.65887,301.84,0.34,0.56,2026-08-05,1953,N21,VIIRS,n,2.0NRT,281.43,1.85,N
15.1743,76.65644,312.1,0.34,0.56,2026-08-05,1953,N21,VIIRS,n,2.0NRT,281.64,1.13,N
15.18117,76.66769,306.29,0.34,0.56,2026-08-05,1953,N21,VIIRS,n,2.0NRT,277.94,1.61,N
15.17746,76.6546,307.47,0.34,0.56,2026-08-05,1953,N21,VIIRS,n,2.0NRT,282.08,1.46,N
15.1771,76.65773,309.85,0.34,0.56,2026-08-05,1953,N21,VIIRS,n,2.0NRT,281.32,1.46,N
15.18458,76.65756,304.58,0.34,0.56,2026-08-05,1953,N21,VIIRS,n,2.0NRT,281.86,1.07,N
15.18344,76.66692,313.64,0.34,0.56,2026-08-05,1953,N21,VIIRS,n,2.0NRT,278.19,2.02,N
15.17982,76.65388,301.36,0.34,0.56,2026-08-05,1953,N21,VIIRS,n,2.0NRT,281.36,1.07,N
9.46924,78.57292,319.4,0.42,0.45,2026-08-05,1955,N21,VIIRS,n,2.0NRT,287.01,2.72,N
9.89176,78.10775,310.6,0.46,0.47,2026-08-05,1955,N21,VIIRS,n,2.0NRT,280.63,1.55,N
31.25879,76.92562,299.13,0.49,0.65,2026-08-05,2129,N21,VIIRS,n,2.0NRT,279.51,0.95,N
25.94243,72.19208,355.4,0.34,0.56,2026-08-05,2131,N21,VIIRS,n,2.0NRT,283.35,5.3,N
26.25877,74.09599,304.69,0.43,0.62,2026-08-05,2131,N21,VIIRS,n,2.0NRT,286.16,1.37,N
25.94169,72.19534,328.87,0.34,0.56,2026-08-05,2131,N21,VIIRS,n,2.0NRT,283.89,7.97,N
25.94316,72.18882,307.88,0.34,0.56,2026-08-05,2131,N21,VIIRS,n,2.0NRT,280.82,5.3,N
24.94367,74.94578,303.76,0.52,0.67,2026-08-05,2131,N21,VIIRS,n,2.0NRT,280.4,1.09,N
27.69906,96.24122,336.95,0.4,0.44,2026-08-06,0703,N21,VIIRS,n,2.0NRT,296.56,4.19,D
27.69966,96.2416,330.18,0.4,0.44,2026-08-06,0703,N21,VIIRS,n,2.0NRT,296.37,4.05,D
21.10344,72.64756,332.9,0.42,0.45,2026-08-06,0843,N21,VIIRS,n,2.0NRT,296.6,3.89,D
21.102,72.63545,341.81,0.42,0.45,2026-08-06,0843,N21,VIIRS,n,2.0NRT,296.73,5.05,D
21.1076,72.647,346.94,0.42,0.45,2026-08-06,0843,N21,VIIRS,n,2.0NRT,298.29,17.01,D
23.30643,70.20004,336.67,0.49,0.4,2026-08-06,0845,N21,VIIRS,n,2.0NRT,298.33,4.63,D
23.30582,70.19529,330.6,0.49,0.4,2026-08-06,0845,N21,VIIRS,n,2.0NRT,293.93,4.63,D
23.51308,69.2734,337.8,0.45,0.39,2026-08-06,0845,N21,VIIRS,n,2.0NRT,298.2,5.87,D
28.26501,95.6101,319.72,0.41,0.37,2026-08-06,1930,N21,VIIRS,n,2.0NRT,287.99,4.74,N
27.46139,95.47704,319.72,0.42,0.37,2026-08-06,1930,N21,VIIRS,n,2.0NRT,291.57,4.27,N
23.69229,87.1048,304.72,0.57,0.43,2026-08-06,1932,N21,VIIRS,n,2.0NRT,289.62,2.61,N
25.43771,86.06867,305.29,0.46,0.47,2026-08-06,1932,N21,VIIRS,n,2.0NRT,289.76,2.35,N
24.11815,86.35008,306.14,0.42,0.45,2026-08-06,1932,N21,VIIRS,n,2.0NRT,289.63,2.39,N
23.69595,87.1012,301.83,0.57,0.43,2026-08-06,1932,N21,VIIRS,n,2.0NRT,289.81,2.93,N
23.69529,87.10673,303.84,0.57,0.43,2026-08-06,1932,N21,VIIRS,n,2.0NRT,289.28,4.06,N
23.69398,87.11777,302.47,0.57,0.43,2026-08-06,1932,N21,VIIRS,n,2.0NRT,288.29,2.22,N
23.69332,87.1233,301.74,0.57,0.43,2026-08-06,1932,N21,VIIRS,n,2.0NRT,287.69,2.22,N
23.69134,87.10617,302.05,0.57,0.43,2026-08-06,1932,N21,VIIRS,n,2.0NRT,289.56,3.4,N
23.68803,87.10007,303.95,0.57,0.43,2026-08-06,1932,N21,VIIRS,n,2.0NRT,289.61,4.11,N
23.69624,87.10535,304.04,0.57,0.43,2026-08-06,1932,N21,VIIRS,n,2.0NRT,289.46,2.61,N
23.69486,87.11637,303.18,0.57,0.43,2026-08-06,1932,N21,VIIRS,n,2.0NRT,288.22,3.9,N
23.69417,87.12189,300.78,0.57,0.43,2026-08-06,1932,N21,VIIRS,n,2.0NRT,288.12,2.28,N
23.68902,87.09872,304.86,0.57,0.43,2026-08-06,1932,N21,VIIRS,n,2.0NRT,289.41,4.05,N
23.62121,86.89039,305.7,0.39,0.44,2026-08-06,1932,N21,VIIRS,n,2.0NRT,289.03,1.9,N
26.25792,74.09449,307.13,0.45,0.47,2026-08-06,2112,N21,VIIRS,n,2.0NRT,290.7,1.22,N
26.25738,74.0966,308.1,0.45,0.47,2026-08-06,2112,N21,VIIRS,n,2.0NRT,290.65,1.39,N
25.94118,72.19417,306.24,0.53,0.42,2026-08-06,2112,N21,VIIRS,n,2.0NRT,294.11,2.22,N
24.69057,73.00171,304.96,0.41,0.45,2026-08-06,2112,N21,VIIRS,n,2.0NRT,292.22,1.05,N
22.99959,72.34648,338.06,0.4,0.44,2026-08-06,2114,N21,VIIRS,n,2.0NRT,289.27,5.79,N
18.95641,73.94267,295.04,0.6,0.53,2026-08-06,2114,N21,VIIRS,n,2.0NRT,269.55,1.2,N
22.97807,72.56618,308.43,0.42,0.45,2026-08-06,2114,N21,VIIRS,n,2.0NRT,287.9,1.16,N
27.95391,95.5974,330.46,0.39,0.36,2026-08-07,0646,N21,VIIRS,l,2.0NRT,304.25,7.99,D
8.57461,78.00533,337.4,0.48,0.4,2026-08-07,0822,N21,VIIRS,n,2.0NRT,298.03,6.19,D
8.75746,78.18224,345.81,0.49,0.41,2026-08-07,0822,N21,VIIRS,n,2.0NRT,292.94,11.02,D
8.76117,78.18171,339.41,0.49,0.41,2026-08-07,0822,N21,VIIRS,n,2.0NRT,292.86,11.02,D
8.76012,78.18311,346.37,0.5,0.41,2026-08-07,0822,N21,VIIRS,n,2.0NRT,293.28,20.04,D
25.43574,86.06752,304.88,0.46,0.63,2026-08-07,1910,N21,VIIRS,n,2.0NRT,287.92,1.48,N
23.77423,86.19609,302.55,0.43,0.62,2026-08-07,1913,N21,VIIRS,n,2.0NRT,286.64,2.23,N
23.77419,85.99416,299.81,0.44,0.63,2026-08-07,1913,N21,VIIRS,n,2.0NRT,286.48,1.57,N
23.72499,86.43662,299.92,0.41,0.61,2026-08-07,1913,N21,VIIRS,n,2.0NRT,286.38,3.52,N
23.72464,86.44072,303.87,0.41,0.61,2026-08-07,1913,N21,VIIRS,n,2.0NRT,286.39,4.21,N
23.71242,86.45171,304.08,0.41,0.61,2026-08-07,1913,N21,VIIRS,n,2.0NRT,285.74,2.94,N
23.70858,86.43064,301.44,0.41,0.61,2026-08-07,1913,N21,VIIRS,n,2.0NRT,286.06,3.04,N
22.78345,86.00488,300.33,0.43,0.62,2026-08-07,1913,N21,VIIRS,n,2.0NRT,282.88,2.4,N
27.46889,95.42281,305.61,0.43,0.38,2026-08-07,1913,N21,VIIRS,n,2.0NRT,290.48,1.97,N
27.32373,95.27661,310.36,0.43,0.38,2026-08-07,1913,N21,VIIRS,n,2.0NRT,291.56,2.43,N
27.37623,95.33397,312.13,0.43,0.38,2026-08-07,1913,N21,VIIRS,n,2.0NRT,291.01,1.99,N
24.11616,86.34906,298.6,0.42,0.61,2026-08-07,1913,N21,VIIRS,n,2.0NRT,287.38,2.15,N
23.79666,86.63983,308.5,0.4,0.6,2026-08-07,1913,N21,VIIRS,n,2.0NRT,286.42,0.95,N
23.78389,86.39212,298.82,0.42,0.61,2026-08-07,1913,N21,VIIRS,n,2.0NRT,286.49,2.51,N
23.78002,86.3892,327.33,0.42,0.61,2026-08-07,1913,N21,VIIRS,n,2.0NRT,287.19,3.54,N
23.77966,86.39324,307.65,0.42,0.61,2026-08-07,1913,N21,VIIRS,n,2.0NRT,286.9,3.54,N
23.77662,86.36382,310.34,0.42,0.61,2026-08-07,1913,N21,VIIRS,n,2.0NRT,286.87,2.29,N
23.77479,86.38445,304.63,0.42,0.61,2026-08-07,1913,N21,VIIRS,n,2.0NRT,286.63,2.56,N
23.77442,86.38854,301.25,0.42,0.61,2026-08-07,1913,N21,VIIRS,n,2.0NRT,286.92,3.47,N
23.771,86.36326,304.06,0.42,0.61,2026-08-07,1913,N21,VIIRS,n,2.0NRT,286.75,2.29,N
23.76774,86.40008,303.88,0.42,0.61,2026-08-07,1913,N21,VIIRS,n,2.0NRT,286.64,3.94,N
23.76737,86.40423,300.51,0.42,0.61,2026-08-07,1913,N21,VIIRS,n,2.0NRT,285.07,1.65,N
23.7788,86.20943,303.86,0.43,0.62,2026-08-07,1913,N21,VIIRS,n,2.0NRT,287.19,2.7,N
29.45735,76.87064,307.61,0.47,0.4,2026-08-07,2053,N21,VIIRS,n,2.0NRT,279.62,1.8,N
26.75785,83.19983,307.56,0.4,0.6,2026-08-07,2053,N21,VIIRS,n,2.0NRT,287.64,3.06,N
26.6412,79.48167,302.59,0.48,0.48,2026-08-07,2053,N21,VIIRS,n,2.0NRT,275.86,0.53,N
23.67704,86.40203,297.95,0.74,0.76,2026-08-07,2055,N21,VIIRS,n,2.0NRT,282.74,5.07,N
23.77619,86.20954,303.29,0.71,0.75,2026-08-07,2055,N21,VIIRS,n,2.0NRT,282.49,3.25,N
23.67698,86.4007,299.4,0.74,0.76,2026-08-07,2055,N21,VIIRS,n,2.0NRT,282.69,2.88,N
18.68641,73.03136,305.25,0.43,0.38,2026-08-07,2055,N21,VIIRS,n,2.0NRT,290.34,2.1,N
25.94341,72.19024,312.4,0.38,0.36,2026-08-07,2055,N21,VIIRS,n,2.0NRT,290.07,1.35,N
23.77923,86.20446,302.51,0.71,0.75,2026-08-07,2055,N21,VIIRS,n,2.0NRT,283.02,2.35,N
23.7775,86.21114,301.29,0.71,0.75,2026-08-07,2055,N21,VIIRS,n,2.0NRT,281.35,2.35,N
9.35078,78.64883,340.7,0.39,0.36,2026-08-08,0803,N21,VIIRS,n,2.0NRT,292.68,6.34,D
9.46694,78.60876,342.2,0.39,0.36,2026-08-08,0803,N21,VIIRS,n,2.0NRT,297.51,5.81,D
9.72193,77.87727,336.02,0.39,0.36,2026-08-08,0803,N21,VIIRS,l,2.0NRT,300.3,5.2,D
12.18139,79.57864,330.57,0.39,0.36,2026-08-08,0803,N21,VIIRS,n,2.0NRT,286.83,3.71,D
13.77714,79.96498,340.03,0.41,0.37,2026-08-08,0803,N21,VIIRS,n,2.0NRT,295.6,4.38,D
14.14061,79.64134,338.07,0.41,0.37,2026-08-08,0803,N21,VIIRS,n,2.0NRT,290.01,5.33,D
14.66399,80.13791,330.41,0.42,0.38,2026-08-08,0803,N21,VIIRS,n,2.0NRT,297.29,2.95,D
14.73576,79.83199,334.67,0.41,0.37,2026-08-08,0803,N21,VIIRS,n,2.0NRT,299.14,4.18,D
22.35898,87.0153,302.37,0.75,0.77,2026-08-08,1853,N21,VIIRS,n,2.0NRT,281.84,3.22,N
20.24184,86.60018,308.01,0.76,0.77,2026-08-08,1856,N21,VIIRS,n,2.0NRT,283.48,2.41,N
22.05463,88.12354,316.12,0.52,0.67,2026-08-08,2034,N21,VIIRS,n,2.0NRT,281.85,4.76,N
28.85394,77.1468,306.44,0.39,0.36,2026-08-08,2034,N21,VIIRS,n,2.0NRT,289.13,2.27,N
26.64261,79.47755,310.6,0.42,0.38,2026-08-08,2034,N21,VIIRS,n,2.0NRT,285.66,1.39,N
26.64189,79.4817,319.52,0.42,0.38,2026-08-08,2034,N21,VIIRS,n,2.0NRT,285.81,1.39,N
25.03664,87.38859,310.62,0.4,0.6,2026-08-08,2034,N21,VIIRS,n,2.0NRT,287.96,1.96,N
27.07989,73.8157,304.22,0.46,0.39,2026-08-08,2034,N21,VIIRS,n,2.0NRT,291.95,2.06,N
26.60358,73.68365,304.97,0.46,0.39,2026-08-08,2034,N21,VIIRS,n,2.0NRT,291.19,1.83,N
24.12002,86.86525,309.77,0.39,0.59,2026-08-08,2034,N21,VIIRS,n,2.0NRT,286.99,1.14,N
23.66246,87.1521,311.75,0.42,0.61,2026-08-08,2034,N21,VIIRS,n,2.0NRT,286.96,2.44,N
23.66155,87.15603,308.74,0.42,0.61,2026-08-08,2034,N21,VIIRS,n,2.0NRT,286.94,2.44,N
23.66804,86.92381,301.79,0.4,0.6,2026-08-08,2034,N21,VIIRS,n,2.0NRT,286.96,1.36,N
23.66546,86.93528,303.93,0.4,0.6,2026-08-08,2034,N21,VIIRS,n,2.0NRT,286.68,0.98,N
23.6635,86.91859,301.95,0.4,0.6,2026-08-08,2034,N21,VIIRS,n,2.0NRT,286.85,1.6,N
23.55595,87.23958,314.1,0.42,0.61,2026-08-08,2034,N21,VIIRS,n,2.0NRT,286.69,3.67,N
23.56249,87.08484,313.39,0.41,0.61,2026-08-08,2034,N21,VIIRS,n,2.0NRT,287.24,2.9,N
24.18275,82.65568,305.15,0.43,0.46,2026-08-08,2034,N21,VIIRS,n,2.0NRT,279.44,1.7,N
22.81087,86.08997,295.19,0.37,0.58,2026-08-08,2034,N21,VIIRS,n,2.0NRT,284.71,1.33,N
22.36584,87.29999,297.28,0.45,0.63,2026-08-08,2034,N21,VIIRS,n,2.0NRT,267.89,2.28,N
22.24258,87.38795,302.61,0.46,0.64,2026-08-08,2034,N21,VIIRS,n,2.0NRT,283.11,1.57,N
18.9574,73.94349,307.27,0.4,0.37,2026-08-08,2036,N21,VIIRS,n,2.0NRT,287.04,1.23,N
18.42307,73.94807,309.27,0.39,0.36,2026-08-08,2036,N21,VIIRS,n,2.0NRT,288.74,1.21,N
20.99624,86.02747,305.57,0.4,0.6,2026-08-08,2036,N21,VIIRS,n,2.0NRT,279.07,1.19,N
20.96559,86.01157,302.02,0.4,0.6,2026-08-08,2036,N21,VIIRS,n,2.0NRT,276.94,1.27,N
20.96444,85.18437,301.56,0.36,0.57,2026-08-08,2036,N21,VIIRS,n,2.0NRT,269.41,2.69,N
20.96373,85.18775,318.43,0.36,0.57,2026-08-08,2036,N21,VIIRS,n,2.0NRT,269.57,3.1,N
20.96215,85.16977,295.1,0.35,0.57,2026-08-08,2036,N21,VIIRS,n,2.0NRT,269.54,1.37,N
20.88721,84.98166,332.49,0.35,0.56,2026-08-08,2036,N21,VIIRS,n,2.0NRT,280.03,2.78,N
21.92552,85.22231,295.7,0.34,0.56,2026-08-08,2036,N21,VIIRS,n,2.0NRT,257.17,1.78,N
20.88652,84.98494,304.5,0.35,0.56,2026-08-08,2036,N21,VIIRS,n,2.0NRT,279.09,2.78,N
20.86419,84.98952,313.26,0.35,0.56,2026-08-08,2036,N21,VIIRS,n,2.0NRT,277.97,2.74,N
21.10472,72.63543,308.99,0.45,0.39,2026-08-08,2036,N21,VIIRS,n,2.0NRT,290.71,2.75,N
21.10116,72.63488,318.77,0.45,0.39,2026-08-08,2036,N21,VIIRS,n,2.0NRT,291.7,2.75,N
19.93574,73.7124,308.7,0.41,0.37,2026-08-08,2036,N21,VIIRS,n,2.0NRT,288.39,1.3,N
23.01004,70.10314,307.02,0.43,0.46,2026-08-08,2036,N21,VIIRS,n,2.0NRT,292.82,1.27,N
22.93208,69.69513,309.23,0.46,0.47,2026-08-08,2036,N21,VIIRS,n,2.0NRT,292.4,3.08,N
15.17359,76.66376,295.01,0.43,0.38,2026-08-08,2038,N21,VIIRS,n,2.0NRT,275.13,0.74,N
15.17553,76.65714,320.47,0.43,0.38,2026-08-08,2038,N21,VIIRS,n,2.0NRT,276.62,1.89,N
15.17617,76.65323,310.09,0.42,0.38,2026-08-08,2038,N21,VIIRS,n,2.0NRT,276.47,1.46,N
15.17488,76.66106,302.35,0.43,0.38,2026-08-08,2038,N21,VIIRS,n,2.0NRT,275.21,1.89,N
12.54925,77.32909,299.7,0.49,0.4,2026-08-08,2038,N21,VIIRS,n,2.0NRT,268.95,0.59,N
12.54902,77.33131,296.34,0.49,0.4,2026-08-08,2038,N21,VIIRS,n,2.0NRT,268.83,0.89,N
10.00389,78.03165,310.65,0.38,0.43,2026-08-08,2038,N21,VIIRS,n,2.0NRT,282.05,0.85,N
9.76219,77.6217,302.62,0.55,0.43,2026-08-08,2038,N21,VIIRS,n,2.0NRT,274.47,1.81,N
9.75829,77.62124,318.35,0.55,0.43,2026-08-08,2038,N21,VIIRS,n,2.0NRT,275.11,1.81,N
12.98322,74.85109,307.8,0.39,0.36,2026-08-08,2038,N21,VIIRS,n,2.0NRT,287.71,0.98,N
16.6499,74.31506,309.29,0.38,0.36,2026-08-08,2038,N21,VIIRS,n,2.0NRT,280.4,1.02,N
15.33955,76.27728,302.74,0.41,0.37,2026-08-08,2038,N21,VIIRS,n,2.0NRT,285.5,1.78,N
15.33554,76.28046,327.93,0.41,0.37,2026-08-08,2038,N21,VIIRS,n,2.0NRT,284.94,2.54,N
15.17838,77.10391,304.88,0.44,0.39,2026-08-08,2038,N21,VIIRS,n,2.0NRT,285.54,1.33,N
15.02414,78.01672,300.68,0.49,0.4,2026-08-08,2038,N21,VIIRS,n,2.0NRT,279.1,1.19,N
15.17556,77.09921,302.45,0.44,0.39,2026-08-08,2038,N21,VIIRS,n,2.0NRT,284.29,1.07,N
15.18523,76.6578,306.58,0.42,0.38,2026-08-08,2038,N21,VIIRS,n,2.0NRT,280.24,1.43,N
15.18391,76.66562,304.3,0.43,0.38,2026-08-08,2038,N21,VIIRS,n,2.0NRT,278.94,1.46,N
15.1785,76.67673,301.05,0.43,0.38,2026-08-08,2038,N21,VIIRS,n,2.0NRT,277.55,1.37,N
15.17835,76.65656,300.6,0.42,0.38,2026-08-08,2038,N21,VIIRS,n,2.0NRT,277.56,1.44,N
15.17506,76.67611,299.22,0.43,0.38,2026-08-08,2038,N21,VIIRS,n,2.0NRT,275.76,0.71,N
15.17243,76.69172,306.63,0.43,0.38,2026-08-08,2038,N21,VIIRS,n,2.0NRT,275.24,1.17,N
15.17557,76.65204,305.07,0.42,0.38,2026-08-08,2038,N21,VIIRS,n,2.0NRT,276.25,1.17,N
15.17491,76.65594,316.56,0.42,0.38,2026-08-08,2038,N21,VIIRS,n,2.0NRT,277.32,1.44,N
15.17425,76.65985,306.74,0.42,0.38,2026-08-08,2038,N21,VIIRS,n,2.0NRT,275.67,1.44,N
27.45892,95.47669,335.63,0.32,0.55,2026-08-09,0608,N21,VIIRS,n,2.0NRT,290.34,3.05,D
28.0676,95.37768,327.96,0.32,0.54,2026-08-09,0608,N21,VIIRS,n,2.0NRT,295.23,10.25,D
28.06259,95.35578,327.84,0.32,0.55,2026-08-09,0608,N21,VIIRS,n,2.0NRT,294.97,7.63,D
9.63756,77.60527,341.83,0.46,0.47,2026-08-09,0744,N21,VIIRS,n,2.0NRT,301.13,8.74,D
8.84041,78.0078,339.33,0.45,0.47,2026-08-09,0744,N21,VIIRS,n,2.0NRT,298.15,5.35,D
8.84773,77.97353,335.7,0.45,0.47,2026-08-09,0744,N21,VIIRS,n,2.0NRT,298.37,3.57,D
8.89873,78.04314,339.38,0.44,0.46,2026-08-09,0744,N21,VIIRS,n,2.0NRT,301.08,8.12,D
8.89804,78.03916,338.29,0.44,0.46,2026-08-09,0744,N21,VIIRS,n,2.0NRT,300.87,9,D
8.90703,77.70632,331.98,0.47,0.48,2026-08-09,0744,N21,VIIRS,n,2.0NRT,295.12,2.55,D
9.01122,77.96381,343.82,0.45,0.47,2026-08-09,0744,N21,VIIRS,n,2.0NRT,301.72,10.73,D
9.2356,78.68808,334.55,0.4,0.44,2026-08-09,0744,N21,VIIRS,n,2.0NRT,293.23,2.75,D
9.23963,78.68742,331,0.4,0.44,2026-08-09,0744,N21,VIIRS,n,2.0NRT,295.23,2.67,D
9.57627,78.52619,334.42,0.4,0.45,2026-08-09,0744,N21,VIIRS,n,2.0NRT,296.49,4.52,D
9.61507,78.63419,331.9,0.4,0.44,2026-08-09,0744,N21,VIIRS,n,2.0NRT,298.11,2.62,D
9.64483,78.78864,341.2,0.39,0.44,2026-08-09,0744,N21,VIIRS,n,2.0NRT,303.8,5.44,D
9.66437,78.79135,334.31,0.39,0.44,2026-08-09,0744,N21,VIIRS,n,2.0NRT,299.18,4.75,D
9.46624,77.55146,331.55,0.47,0.48,2026-08-09,0744,N21,VIIRS,n,2.0NRT,299.84,3.99,D
9.71018,77.92914,348.62,0.44,0.46,2026-08-09,0744,N21,VIIRS,n,2.0NRT,300.54,12.76,D
9.71438,77.92844,343.43,0.44,0.46,2026-08-09,0744,N21,VIIRS,n,2.0NRT,300.6,5.96,D
9.71372,77.9245,334.87,0.44,0.46,2026-08-09,0744,N21,VIIRS,n,2.0NRT,300.72,5.96,D
11.66286,78.62783,332.08,0.56,0.43,2026-08-09,0746,N21,VIIRS,n,2.0NRT,296.85,27.03,D
12.46548,79.024,333.21,0.51,0.41,2026-08-09,0746,N21,VIIRS,n,2.0NRT,295.24,6.97,D
11.65351,79.12866,336.89,0.52,0.42,2026-08-09,0746,N21,VIIRS,n,2.0NRT,298.4,6.5,D
10.96326,78.16092,335.63,0.41,0.45,2026-08-09,0746,N21,VIIRS,n,2.0NRT,298.8,2.54,D
23.79523,86.35397,333.56,0.42,0.45,2026-08-09,0748,N21,VIIRS,n,2.0NRT,291.97,6.79,D
22.78788,86.2058,330.24,0.4,0.44,2026-08-09,0748,N21,VIIRS,n,2.0NRT,296.14,4.86,D
23.80311,86.3294,339.03,0.42,0.45,2026-08-09,0748,N21,VIIRS,n,2.0NRT,291.48,10.59,D
23.80526,86.33165,330.93,0.42,0.45,2026-08-09,0748,N21,VIIRS,n,2.0NRT,291.62,2.31,D
25.94204,72.18732,331.32,0.52,0.5,2026-08-09,0750,N21,VIIRS,n,2.0NRT,292.64,2.84,D
25.9431,72.19236,341.14,0.52,0.5,2026-08-09,0750,N21,VIIRS,n,2.0NRT,292.55,3.6,D
28.81726,76.83368,304.86,0.39,0.44,2026-08-09,2014,N21,VIIRS,n,2.0NRT,284.45,2.41,N
15.17659,77.10351,304.72,0.41,0.37,2026-08-09,2017,N21,VIIRS,n,2.0NRT,292.47,1.59,N
15.17373,77.09916,308.41,0.41,0.37,2026-08-09,2017,N21,VIIRS,n,2.0NRT,292.27,0.94,N
15.02412,78.01555,312.63,0.39,0.36,2026-08-09,2017,N21,VIIRS,n,2.0NRT,291.86,2.14,N
15.02135,78.01138,306.52,0.39,0.36,2026-08-09,2017,N21,VIIRS,n,2.0NRT,291.28,0.8,N
15.18594,76.65729,313.81,0.43,0.38,2026-08-09,2017,N21,VIIRS,n,2.0NRT,292.07,2.04,N
15.18016,76.67254,305.1,0.43,0.38,2026-08-09,2017,N21,VIIRS,n,2.0NRT,290.29,1.25,N
15.17959,76.67648,306.26,0.43,0.38,2026-08-09,2017,N21,VIIRS,n,2.0NRT,290.66,1.25,N
15.179,76.65625,324.57,0.43,0.38,2026-08-09,2017,N21,VIIRS,n,2.0NRT,290.34,2.25,N
15.17957,76.6523,303.06,0.43,0.38,2026-08-09,2017,N21,VIIRS,n,2.0NRT,289.83,1.62,N
15.17612,76.67598,315.85,0.43,0.38,2026-08-09,2017,N21,VIIRS,n,2.0NRT,291.59,2.12,N
15.17381,76.69177,314.66,0.43,0.38,2026-08-09,2017,N21,VIIRS,n,2.0NRT,290.46,2.19,N
15.17094,76.71146,302.8,0.43,0.38,2026-08-09,2017,N21,VIIRS,n,2.0NRT,290.48,0.73,N
15.17553,76.65572,322.77,0.43,0.38,2026-08-09,2017,N21,VIIRS,n,2.0NRT,292,2.25,N
15.17495,76.65968,317.99,0.43,0.38,2026-08-09,2017,N21,VIIRS,n,2.0NRT,290.48,2.25,N
15.13577,76.71014,304.18,0.43,0.38,2026-08-09,2017,N21,VIIRS,n,2.0NRT,291.52,0.79,N
21.74818,83.84348,345.65,0.45,0.39,2026-08-09,2017,N21,VIIRS,n,2.0NRT,291.46,13.15,N
21.18186,81.3881,311.22,0.39,0.36,2026-08-09,2017,N21,VIIRS,n,2.0NRT,289.64,1.66,N
21.18246,81.38439,329.97,0.39,0.36,2026-08-09,2017,N21,VIIRS,n,2.0NRT,289.89,3.66,N
21.18517,81.3887,307,0.39,0.36,2026-08-09,2017,N21,VIIRS,n,2.0NRT,290.24,1.66,N
21.29962,81.60864,312.38,0.39,0.36,2026-08-09,2017,N21,VIIRS,n,2.0NRT,289.8,1.78,N
21.30926,81.5912,311.2,0.39,0.36,2026-08-09,2017,N21,VIIRS,n,2.0NRT,290.29,1.45,N
21.31799,81.55822,308.73,0.39,0.36,2026-08-09,2017,N21,VIIRS,n,2.0NRT,289.56,1.26,N
21.34482,81.66636,302.13,0.39,0.36,2026-08-09,2017,N21,VIIRS,n,2.0NRT,277.96,0.56,N
21.36383,81.65446,306.94,0.39,0.36,2026-08-09,2017,N21,VIIRS,n,2.0NRT,287.29,1.52,N
21.3762,81.64136,308.46,0.39,0.36,2026-08-09,2017,N21,VIIRS,n,2.0NRT,289.38,2.1,N
21.37224,81.68687,304.78,0.39,0.36,2026-08-09,2017,N21,VIIRS,n,2.0NRT,285.54,1.54,N
21.37677,81.67999,306.74,0.39,0.36,2026-08-09,2017,N21,VIIRS,n,2.0NRT,287.95,1.85,N
21.57609,82.02261,312.33,0.4,0.37,2026-08-09,2017,N21,VIIRS,n,2.0NRT,290.67,1.34,N
21.72969,82.21273,307.73,0.4,0.37,2026-08-09,2017,N21,VIIRS,n,2.0NRT,290.31,1.54,N
21.67697,84.03742,311.98,0.46,0.39,2026-08-09,2017,N21,VIIRS,n,2.0NRT,289.88,3.26,N
21.67975,84.04256,307.71,0.46,0.39,2026-08-09,2017,N21,VIIRS,n,2.0NRT,289.65,2.31,N
21.68054,84.03815,303.08,0.46,0.39,2026-08-09,2017,N21,VIIRS,n,2.0NRT,289.48,2.33,N
21.73757,83.84128,313.54,0.45,0.39,2026-08-09,2017,N21,VIIRS,n,2.0NRT,290.79,2.76,N
21.74111,83.842,316.6,0.45,0.39,2026-08-09,2017,N21,VIIRS,n,2.0NRT,290.84,2.76,N
21.74464,83.84274,343.32,0.45,0.39,2026-08-09,2017,N21,VIIRS,n,2.0NRT,291.97,13.15,N
26.64338,79.4809,295.12,0.42,0.38,2026-08-09,2017,N21,VIIRS,n,2.0NRT,260.67,1.26,N
24.44991,83.03921,309.22,0.4,0.37,2026-08-09,2017,N21,VIIRS,n,2.0NRT,292.04,1.62,N
23.68934,87.10021,301.61,0.42,0.45,2026-08-09,2017,N21,VIIRS,n,2.0NRT,275.5,1.73,N
23.66195,87.15304,304.01,0.42,0.45,2026-08-09,2017,N21,VIIRS,n,2.0NRT,282.43,1.55,N
23.78522,86.34442,304.76,0.57,0.43,2026-08-09,2017,N21,VIIRS,n,2.0NRT,289.13,2.35,N
23.77999,86.37169,304.48,0.57,0.43,2026-08-09,2017,N21,VIIRS,n,2.0NRT,286.14,1.37,N
23.78028,86.34899,308.01,0.57,0.43,2026-08-09,2017,N21,VIIRS,n,2.0NRT,287.83,2.35,N
23.76583,86.4028,305.76,0.57,0.43,2026-08-09,2017,N21,VIIRS,n,2.0NRT,289.21,2.75,N
23.79436,86.23342,308.27,0.56,0.43,2026-08-09,2017,N21,VIIRS,n,2.0NRT,290.13,3.24,N
23.76192,86.40192,312.59,0.57,0.43,2026-08-09,2017,N21,VIIRS,n,2.0NRT,287.86,2.75,N
23.758,86.40105,313.31,0.57,0.43,2026-08-09,2017,N21,VIIRS,n,2.0NRT,289.15,5.08,N
23.75694,86.40651,304.18,0.57,0.43,2026-08-09,2017,N21,VIIRS,n,2.0NRT,285.95,2.15,N
23.79399,86.23234,305.94,0.56,0.43,2026-08-09,2017,N21,VIIRS,n,2.0NRT,289.9,2.53,N
23.7587,86.40038,315.26,0.57,0.43,2026-08-09,2017,N21,VIIRS,n,2.0NRT,288.99,3.68,N
23.75768,86.40585,311.01,0.57,0.43,2026-08-09,2017,N21,VIIRS,n,2.0NRT,286.82,3.68,N
23.78251,86.20722,311.54,0.56,0.43,2026-08-09,2017,N21,VIIRS,n,2.0NRT,290.36,2.72,N
23.78151,86.2126,307.34,0.56,0.43,2026-08-09,2017,N21,VIIRS,n,2.0NRT,289.74,2.58,N
23.77864,86.20638,306.67,0.56,0.43,2026-08-09,2017,N21,VIIRS,n,2.0NRT,290.61,2.72,N
23.77763,86.21175,316.59,0.56,0.43,2026-08-09,2017,N21,VIIRS,n,2.0NRT,290.14,2.58,N
23.7363,86.43269,309.44,0.38,0.43,2026-08-09,2017,N21,VIIRS,n,2.0NRT,289.44,3.81,N
23.77375,86.21094,306.75,0.56,0.43,2026-08-09,2017,N21,VIIRS,n,2.0NRT,290.32,2.54,N
23.77288,86.19396,311.12,0.56,0.43,2026-08-09,2017,N21,VIIRS,n,2.0NRT,290.18,3.57,N
23.71249,86.45039,332.01,0.38,0.43,2026-08-09,2017,N21,VIIRS,n,2.0NRT,290.57,2.87,N
23.70926,86.44582,314.78,0.38,0.43,2026-08-09,2017,N21,VIIRS,n,2.0NRT,289.86,2.87,N
23.70856,86.44951,309.36,0.38,0.43,2026-08-09,2017,N21,VIIRS,n,2.0NRT,290,2.87,N
23.55644,87.24155,305.61,0.43,0.46,2026-08-09,2017,N21,VIIRS,n,2.0NRT,288.5,3.39,N
23.56122,87.08495,314.86,0.42,0.45,2026-08-09,2017,N21,VIIRS,n,2.0NRT,289.48,5.27,N
23.67824,86.39377,309.53,0.57,0.43,2026-08-09,2017,N21,VIIRS,n,2.0NRT,286.51,2.76,N
23.67718,86.39928,304.93,0.57,0.43,2026-08-09,2017,N21,VIIRS,n,2.0NRT,283.62,2.76,N
23.48136,87.35875,307.74,0.44,0.46,2026-08-09,2017,N21,VIIRS,n,2.0NRT,288.06,2.98,N
23.75745,85.85117,305.33,0.53,0.42,2026-08-09,2017,N21,VIIRS,n,2.0NRT,290.03,1.49,N
23.70716,86.07356,334.81,0.55,0.43,2026-08-09,2017,N21,VIIRS,n,2.0NRT,289.5,7.04,N
23.70331,86.0727,304.19,0.55,0.43,2026-08-09,2017,N21,VIIRS,n,2.0NRT,289.48,2.1,N
23.75513,85.84918,304.16,0.53,0.42,2026-08-09,2017,N21,VIIRS,n,2.0NRT,290.07,1.65,N
23.75419,85.8543,310.54,0.53,0.42,2026-08-09,2017,N21,VIIRS,n,2.0NRT,290.91,1.65,N
23.7062,86.07202,333.48,0.55,0.43,2026-08-09,2017,N21,VIIRS,n,2.0NRT,289.91,9.38,N
23.69753,86.07556,306.76,0.55,0.43,2026-08-09,2017,N21,VIIRS,n,2.0NRT,289.7,1.7,N
23.69654,86.08087,304.9,0.55,0.43,2026-08-09,2017,N21,VIIRS,n,2.0NRT,289.45,1.7,N
23.78346,85.56535,313.4,0.52,0.41,2026-08-09,2017,N21,VIIRS,n,2.0NRT,289.32,2.95,N
23.78163,85.57536,306.83,0.52,0.41,2026-08-09,2017,N21,VIIRS,n,2.0NRT,289.91,4.68,N
23.68204,86.09412,311.53,0.55,0.43,2026-08-09,2017,N21,VIIRS,n,2.0NRT,289.75,3.09,N
23.67533,86.08704,314.1,0.55,0.43,2026-08-09,2017,N21,VIIRS,n,2.0NRT,290.24,4.86,N
23.66664,86.09058,308.5,0.55,0.43,2026-08-09,2017,N21,VIIRS,n,2.0NRT,289.88,2.73,N
24.2066,82.7108,306.64,0.4,0.37,2026-08-09,2017,N21,VIIRS,n,2.0NRT,291.71,1.52,N
24.20391,82.70625,303.2,0.4,0.37,2026-08-09,2017,N21,VIIRS,n,2.0NRT,291.38,1.3,N
24.20326,82.71017,303.67,0.4,0.37,2026-08-09,2017,N21,VIIRS,n,2.0NRT,291.26,2.16,N
24.16215,82.63046,302.45,0.4,0.37,2026-08-09,2017,N21,VIIRS,n,2.0NRT,291,0.82,N
23.6972,85.28938,300.52,0.5,0.41,2026-08-09,2017,N21,VIIRS,n,2.0NRT,279.44,1.26,N
24.13941,82.70577,307.83,0.4,0.37,2026-08-09,2017,N21,VIIRS,n,2.0NRT,291.39,1.72,N
23.64726,85.43547,302.7,0.51,0.41,2026-08-09,2017,N21,VIIRS,n,2.0NRT,283.74,2.21,N
23.64635,85.4404,310.42,0.51,0.41,2026-08-09,2017,N21,VIIRS,n,2.0NRT,283.55,2.44,N
22.87217,86.06399,300.36,0.57,0.43,2026-08-09,2017,N21,VIIRS,n,2.0NRT,282.88,1.29,N
22.79713,86.20682,312.29,0.39,0.44,2026-08-09,2017,N21,VIIRS,n,2.0NRT,285.41,3.4,N
22.78533,86.20405,312.95,0.39,0.44,2026-08-09,2017,N21,VIIRS,n,2.0NRT,283.67,3.25,N
22.79818,86.0917,305.22,0.57,0.43,2026-08-09,2017,N21,VIIRS,n,2.0NRT,288.34,3.39,N
22.05323,88.12234,306.05,0.52,0.5,2026-08-09,2017,N21,VIIRS,n,2.0NRT,287.59,2.26,N
22.05223,88.12727,306.55,0.52,0.5,2026-08-09,2017,N21,VIIRS,n,2.0NRT,288.53,3.72,N
22.31491,82.5312,302.47,0.4,0.37,2026-08-09,2017,N21,VIIRS,n,2.0NRT,290.05,1.08,N
22.31155,82.53056,301.63,0.4,0.37,2026-08-09,2017,N21,VIIRS,n,2.0NRT,290.15,1.08,N
22.06409,83.70657,306.56,0.44,0.39,2026-08-09,2017,N21,VIIRS,n,2.0NRT,289.78,1.82,N
22.03818,83.35181,321.44,0.43,0.38,2026-08-09,2017,N21,VIIRS,n,2.0NRT,291.29,1.87,N
21.96498,83.7717,310.43,0.45,0.39,2026-08-09,2017,N21,VIIRS,n,2.0NRT,290.85,2.75,N
22.03401,83.35527,304.89,0.43,0.38,2026-08-09,2017,N21,VIIRS,n,2.0NRT,289.94,1.87,N
22.0284,83.367,307.3,0.43,0.38,2026-08-09,2017,N21,VIIRS,n,2.0NRT,290.78,2.14,N
22.01886,83.33949,306.07,0.43,0.38,2026-08-09,2017,N21,VIIRS,n,2.0NRT,290.77,1.92,N
21.92177,83.35161,310.23,0.43,0.38,2026-08-09,2017,N21,VIIRS,n,2.0NRT,280,3.25,N
22.00557,82.67142,313.48,0.41,0.37,2026-08-09,2017,N21,VIIRS,n,2.0NRT,290.84,3.81,N
21.7732,83.82612,317.49,0.45,0.39,2026-08-09,2017,N21,VIIRS,n,2.0NRT,290.69,3.92,N
21.76233,83.84638,315.45,0.45,0.39,2026-08-09,2017,N21,VIIRS,n,2.0NRT,290.65,2.51,N
21.76157,83.85073,306.28,0.45,0.39,2026-08-09,2017,N21,VIIRS,n,2.0NRT,290.09,2.71,N
21.75955,83.84133,312.37,0.45,0.39,2026-08-09,2017,N21,VIIRS,n,2.0NRT,290.3,2.51,N
21.75525,83.84494,332.52,0.45,0.39,2026-08-09,2017,N21,VIIRS,n,2.0NRT,291.23,8.65,N
18.68589,73.03109,315.77,0.5,0.49,2026-08-09,2017,N21,VIIRS,n,2.0NRT,291.94,3.07,N
18.68476,73.04045,304.49,0.5,0.49,2026-08-09,2017,N21,VIIRS,n,2.0NRT,291.52,2.63,N
18.68085,73.03519,306.58,0.5,0.49,2026-08-09,2017,N21,VIIRS,n,2.0NRT,291.99,2.48,N
17.14086,77.18326,300.11,0.42,0.38,2026-08-09,2017,N21,VIIRS,n,2.0NRT,276.77,0.75,N
17.06163,76.97942,301.97,0.43,0.38,2026-08-09,2017,N21,VIIRS,n,2.0NRT,281.51,0.96,N
16.63623,74.33961,300.41,0.39,0.44,2026-08-09,2017,N21,VIIRS,n,2.0NRT,286.96,0.6,N
15.33892,76.27649,326.83,0.44,0.39,2026-08-09,2017,N21,VIIRS,n,2.0NRT,289.1,3.1,N
15.33421,76.28419,304.69,0.44,0.39,2026-08-09,2017,N21,VIIRS,n,2.0NRT,289.37,1.3,N
15.33245,76.24616,303.98,0.45,0.39,2026-08-09,2017,N21,VIIRS,n,2.0NRT,287.03,0.86,N
15.226,76.76334,303.45,0.42,0.38,2026-08-09,2017,N21,VIIRS,n,2.0NRT,290.01,0.75,N
10.14223,78.34138,306.8,0.39,0.36,2026-08-09,2019,N21,VIIRS,n,2.0NRT,292.21,1.04,N
13.39307,80.1016,313.52,0.4,0.37,2026-08-09,2019,N21,VIIRS,n,2.0NRT,290.85,2.64,N
13.32148,78.35851,301.07,0.38,0.36,2026-08-09,2019,N21,VIIRS,n,2.0NRT,285.48,0.4,N
12.96904,77.32954,302.78,0.4,0.37,2026-08-09,2019,N21,VIIRS,n,2.0NRT,289.42,1.07,N
12.63012,76.94179,302.53,0.4,0.37,2026-08-09,2019,N21,VIIRS,n,2.0NRT,289.15,0.49,N
12.09458,79.06552,309.49,0.39,0.36,2026-08-09,2019,N21,VIIRS,n,2.0NRT,283.55,0.69,N
11.81484,77.9174,316.97,0.39,0.36,2026-08-09,2019,N21,VIIRS,n,2.0NRT,292.87,2.46,N
11.81046,77.92388,306.16,0.39,0.36,2026-08-09,2019,N21,VIIRS,n,2.0NRT,293.11,1.38,N
10.41522,77.10941,313.6,0.39,0.36,2026-08-09,2019,N21,VIIRS,n,2.0NRT,283.9,1.16,N
10.41245,77.10535,301.84,0.39,0.36,2026-08-09,2019,N21,VIIRS,n,2.0NRT,285.61,1.16,N
9.72229,77.6078,322.01,0.38,0.36,2026-08-09,2019,N21,VIIRS,n,2.0NRT,291.41,2.69,N
9.72176,77.61125,344.7,0.38,0.36,2026-08-09,2019,N21,VIIRS,n,2.0NRT,294.5,6.99,N
9.71847,77.61072,339.89,0.38,0.36,2026-08-09,2019,N21,VIIRS,n,2.0NRT,294.7,9.6,N
9.719,77.60725,307.95,0.38,0.36,2026-08-09,2019,N21,VIIRS,n,2.0NRT,292.07,1.35,N
9.71626,77.60326,311.9,0.38,0.36,2026-08-09,2019,N21,VIIRS,n,2.0NRT,292.21,1.35,N
9.7135,77.59925,346.16,0.38,0.36,2026-08-09,2019,N21,VIIRS,n,2.0NRT,303.34,21.87,N
9.71297,77.60271,331.82,0.38,0.36,2026-08-09,2019,N21,VIIRS,n,2.0NRT,293.94,3.92,N
9.70968,77.60219,330.98,0.38,0.36,2026-08-09,2019,N21,VIIRS,n,2.0NRT,293.91,3.92,N
9.71022,77.59872,311.92,0.38,0.36,2026-08-09,2019,N21,VIIRS,n,2.0NRT,292.43,21.87,N
9.58805,77.92776,306.26,0.38,0.36,2026-08-09,2019,N21,VIIRS,n,2.0NRT,293.07,0.85,N
21.10479,72.64441,304.5,0.56,0.52,2026-08-09,2019,N21,VIIRS,n,2.0NRT,259.33,3.77,N
19.99649,79.17857,304.91,0.39,0.36,2026-08-09,2019,N21,VIIRS,n,2.0NRT,287.7,1.13,N
19.96264,79.33604,323.2,0.39,0.36,2026-08-09,2019,N21,VIIRS,n,2.0NRT,290.66,2.57,N
9.87769,77.43696,337.35,0.5,0.66,2026-08-10,0726,N21,VIIRS,n,2.0NRT,292.2,5.76,D
10.39844,79.4175,344.61,0.36,0.57,2026-08-10,0726,N21,VIIRS,n,2.0NRT,293.66,4.2,D
10.39993,79.41699,344.62,0.35,0.57,2026-08-10,0726,N21,VIIRS,n,2.0NRT,293.34,4.29,D
11.99036,78.95662,334.23,0.36,0.57,2026-08-10,0726,N21,VIIRS,n,2.0NRT,293.82,4.44,D
12.06379,79.03509,336.54,0.35,0.57,2026-08-10,0726,N21,VIIRS,n,2.0NRT,294.75,5.7,D
12.06076,79.03645,338.62,0.35,0.57,2026-08-10,0726,N21,VIIRS,n,2.0NRT,294.49,2.54,D
9.20456,78.36428,330.95,0.44,0.62,2026-08-10,0726,N21,VIIRS,n,2.0NRT,293.21,3.77,D
13.50082,79.60096,339.29,0.61,0.53,2026-08-10,0726,N21,VIIRS,n,2.0NRT,295.45,22.49,D
9.31451,78.04694,330.23,0.46,0.64,2026-08-10,0726,N21,VIIRS,n,2.0NRT,293.63,3.82,D
9.51796,78.82596,331.44,0.4,0.6,2026-08-10,0726,N21,VIIRS,n,2.0NRT,291.8,1.86,D
9.76248,78.33206,331.55,0.43,0.62,2026-08-10,0726,N21,VIIRS,n,2.0NRT,294.26,3.31,D
9.98394,79.04431,336.01,0.38,0.59,2026-08-10,0726,N21,VIIRS,n,2.0NRT,293.72,5.35,D
9.72778,77.59988,338.48,0.49,0.65,2026-08-10,0726,N21,VIIRS,n,2.0NRT,292.15,4.03,D
9.86161,77.38474,330.94,0.5,0.66,2026-08-10,0726,N21,VIIRS,n,2.0NRT,293.01,5.81,D
9.33854,78.72203,333.44,0.41,0.61,2026-08-10,0726,N21,VIIRS,n,2.0NRT,294.26,2.84,D
15.24499,80.04926,331.15,0.53,0.5,2026-08-10,0729,N21,VIIRS,n,2.0NRT,298.52,2.85,D
15.29655,79.9203,332.49,0.54,0.5,2026-08-10,0729,N21,VIIRS,n,2.0NRT,299.57,4.51,D
15.31361,79.78432,337.27,0.55,0.51,2026-08-10,0729,N21,VIIRS,n,2.0NRT,298.1,4.76,D
15.52739,80.19402,335.57,0.51,0.49,2026-08-10,0729,N21,VIIRS,n,2.0NRT,296.91,7.02,D
15.41752,78.95675,343.75,0.62,0.54,2026-08-10,0729,N21,VIIRS,n,2.0NRT,294.6,7.34,D
15.65816,80.04972,336.47,0.52,0.5,2026-08-10,0729,N21,VIIRS,n,2.0NRT,300.65,3.89,D
15.75647,79.76901,354.72,0.54,0.51,2026-08-10,0729,N21,VIIRS,n,2.0NRT,298.73,12.35,D
15.78391,79.83963,342.6,0.53,0.5,2026-08-10,0729,N21,VIIRS,n,2.0NRT,300.26,6.58,D
15.86675,79.77457,342.33,0.54,0.5,2026-08-10,0729,N21,VIIRS,n,2.0NRT,299.43,5.8,D
16.62688,80.19164,353.11,0.49,0.48,2026-08-10,0729,N21,VIIRS,n,2.0NRT,296.77,15.58,D
15.99106,76.83946,351.18,0.42,0.61,2026-08-10,0729,N21,VIIRS,n,2.0NRT,290.36,4.87,D
15.99041,76.83838,341.63,0.42,0.61,2026-08-10,0729,N21,VIIRS,n,2.0NRT,287.11,10.14,D
17.73785,78.74373,332.53,0.58,0.52,2026-08-10,0729,N21,VIIRS,n,2.0NRT,295.18,9.04,D
20.865,84.98891,340.15,0.39,0.36,2026-08-10,0729,N21,VIIRS,n,2.0NRT,293.77,7.15,D
22.24657,87.38881,333.61,0.41,0.37,2026-08-10,0729,N21,VIIRS,n,2.0NRT,296.51,3.99,D
22.35876,87.29115,334.21,0.41,0.37,2026-08-10,0729,N21,VIIRS,n,2.0NRT,297.02,5.9,D
22.3638,87.30231,337.75,0.41,0.37,2026-08-10,0729,N21,VIIRS,n,2.0NRT,298.68,7.16,D
22.36717,87.30176,344.08,0.41,0.37,2026-08-10,0729,N21,VIIRS,n,2.0NRT,299.82,5.21,D
22.37055,87.3012,334.26,0.41,0.37,2026-08-10,0729,N21,VIIRS,n,2.0NRT,293.45,5.21,D
22.3779,87.28001,343.35,0.41,0.37,2026-08-10,0729,N21,VIIRS,n,2.0NRT,298.33,9.22,D
26.15964,93.67596,331.4,0.33,0.55,2026-08-10,0729,N21,VIIRS,n,2.0NRT,289.89,1.76,D
13.99597,79.86233,339.64,0.57,0.52,2026-08-10,0729,N21,VIIRS,n,2.0NRT,297.91,6.42,D
13.98913,79.8261,340.59,0.57,0.52,2026-08-10,0729,N21,VIIRS,n,2.0NRT,297.41,14.68,D
14.12223,79.97894,342.05,0.56,0.51,2026-08-10,0729,N21,VIIRS,n,2.0NRT,298.47,9.56,D
14.04673,79.23515,335.94,0.63,0.54,2026-08-10,0729,N21,VIIRS,n,2.0NRT,296.23,8.01,D
14.04347,79.23308,334.18,0.63,0.54,2026-08-10,0729,N21,VIIRS,n,2.0NRT,296.34,10.14,D
14.15374,79.6483,340.24,0.59,0.53,2026-08-10,0729,N21,VIIRS,n,2.0NRT,296.51,9.77,D
14.21367,79.15493,339.22,0.63,0.54,2026-08-10,0729,N21,VIIRS,n,2.0NRT,295.11,8.95,D
14.60677,79.58267,345.75,0.58,0.52,2026-08-10,0729,N21,VIIRS,n,2.0NRT,298.44,15.23,D
14.71236,79.8091,335.61,0.56,0.51,2026-08-10,0729,N21,VIIRS,n,2.0NRT,298.62,5.99,D
14.7102,79.80735,332.98,0.56,0.51,2026-08-10,0729,N21,VIIRS,n,2.0NRT,298.76,5.18,D
14.42585,77.91759,342.18,0.38,0.59,2026-08-10,0729,N21,VIIRS,n,2.0NRT,296.78,4.76,D
14.78906,79.7129,335.84,0.57,0.52,2026-08-10,0729,N21,VIIRS,n,2.0NRT,299.47,7.21,D
14.91595,79.59067,330,0.57,0.52,2026-08-10,0729,N21,VIIRS,n,2.0NRT,299.92,3.53,D
15.10113,79.99052,336.63,0.53,0.5,2026-08-10,0729,N21,VIIRS,n,2.0NRT,297.38,4.22,D
23.68788,87.12254,331.36,0.41,0.37,2026-08-10,0731,N21,VIIRS,n,2.0NRT,296.22,5.25,D
23.69127,87.12198,331.33,0.41,0.37,2026-08-10,0731,N21,VIIRS,n,2.0NRT,297.12,8.44,D
23.64833,85.44051,343.27,0.38,0.36,2026-08-10,0731,N21,VIIRS,n,2.0NRT,298.22,7.15,D
23.64777,85.43678,334.76,0.38,0.36,2026-08-10,0731,N21,VIIRS,n,2.0NRT,297.63,4.68,D
23.7799,86.21191,337.8,0.39,0.36,2026-08-10,0731,N21,VIIRS,n,2.0NRT,296.55,6.15,D
23.56004,87.2403,333.02,0.41,0.37,2026-08-10,0731,N21,VIIRS,n,2.0NRT,294.92,4.1,D
27.37786,95.08848,306.89,0.55,0.51,2026-08-10,1955,N21,VIIRS,n,2.0NRT,289.84,4.96,N
26.77069,94.50476,307,0.53,0.5,2026-08-10,1955,N21,VIIRS,n,2.0NRT,289.58,2.48,N
23.64509,85.44019,324.91,0.39,0.36,2026-08-10,1957,N21,VIIRS,n,2.0NRT,291.35,3.01,N
22.87397,86.06298,316.62,0.38,0.36,2026-08-10,1957,N21,VIIRS,n,2.0NRT,290.39,2.25,N
22.81188,86.0866,306.38,0.39,0.36,2026-08-10,1957,N21,VIIRS,n,2.0NRT,289.18,2.12,N
22.808,86.08971,306.19,0.39,0.36,2026-08-10,1957,N21,VIIRS,n,2.0NRT,288.87,1.88,N
22.7915,86.19377,306.76,0.39,0.36,2026-08-10,1957,N21,VIIRS,n,2.0NRT,282.36,1.67,N
22.36437,87.01758,303.06,0.4,0.37,2026-08-10,1957,N21,VIIRS,n,2.0NRT,281.37,0.83,N
22.36104,87.01694,305.68,0.4,0.37,2026-08-10,1957,N21,VIIRS,n,2.0NRT,278.32,0.83,N
22.21157,84.86518,304.41,0.39,0.36,2026-08-10,1957,N21,VIIRS,n,2.0NRT,281.65,1.61,N
22.21166,84.84229,305.07,0.39,0.36,2026-08-10,1957,N21,VIIRS,n,2.0NRT,273.71,1,N
22.20884,84.86089,301.49,0.39,0.36,2026-08-10,1957,N21,VIIRS,n,2.0NRT,276.5,0.88,N
17.9557,80.79392,304.46,0.48,0.4,2026-08-10,1957,N21,VIIRS,n,2.0NRT,277.39,1.63,N
18.68258,73.03286,308.24,0.51,0.66,2026-08-10,1957,N21,VIIRS,n,2.0NRT,288.29,3.46,N
23.60892,85.67542,308.2,0.38,0.36,2026-08-10,1957,N21,VIIRS,n,2.0NRT,291.09,1.35,N
23.68856,87.12273,315.81,0.39,0.36,2026-08-10,1957,N21,VIIRS,n,2.0NRT,289.44,2.97,N
23.689,87.09917,309.6,0.39,0.36,2026-08-10,1957,N21,VIIRS,n,2.0NRT,292,2.93,N
23.66297,87.15327,317.13,0.39,0.37,2026-08-10,1957,N21,VIIRS,n,2.0NRT,284.28,1.7,N
23.66234,87.1571,306.06,0.39,0.37,2026-08-10,1957,N21,VIIRS,n,2.0NRT,286.36,1.7,N
23.56183,87.22941,328.04,0.4,0.37,2026-08-10,1957,N21,VIIRS,n,2.0NRT,277.46,4.05,N
23.55993,87.24093,308.91,0.4,0.37,2026-08-10,1957,N21,VIIRS,n,2.0NRT,277.86,1.76,N
23.83799,85.47054,307.63,0.39,0.36,2026-08-10,1957,N21,VIIRS,n,2.0NRT,292.56,1.5,N
23.82411,85.49497,308.01,0.39,0.36,2026-08-10,1957,N21,VIIRS,n,2.0NRT,292.58,1.33,N
23.82354,85.49873,307.29,0.39,0.36,2026-08-10,1957,N21,VIIRS,n,2.0NRT,292.57,2.07,N
23.61301,86.79169,310.86,0.39,0.36,2026-08-10,1957,N21,VIIRS,n,2.0NRT,291.44,1.77,N
23.75841,85.85548,309.14,0.38,0.36,2026-08-10,1957,N21,VIIRS,n,2.0NRT,292.7,1.86,N
23.75571,85.85116,314.74,0.38,0.36,2026-08-10,1957,N21,VIIRS,n,2.0NRT,292.91,2.85,N
23.75513,85.85488,315.51,0.38,0.36,2026-08-10,1957,N21,VIIRS,n,2.0NRT,292.88,1.86,N
23.78728,85.55363,319.06,0.38,0.36,2026-08-10,1957,N21,VIIRS,n,2.0NRT,292.16,1.93,N
23.78168,85.56799,320.3,0.38,0.36,2026-08-10,1957,N21,VIIRS,n,2.0NRT,291.97,2.96,N
23.78053,85.57547,312.69,0.38,0.36,2026-08-10,1957,N21,VIIRS,n,2.0NRT,292.95,2.02,N
23.74367,85.50733,308.54,0.39,0.36,2026-08-10,1957,N21,VIIRS,n,2.0NRT,291.59,1.38,N
23.69662,85.36866,314.3,0.39,0.36,2026-08-10,1957,N21,VIIRS,n,2.0NRT,291.2,1.38,N
23.69605,85.37241,308.21,0.39,0.36,2026-08-10,1957,N21,VIIRS,n,2.0NRT,290.89,1.38,N
23.69545,85.28754,306.04,0.39,0.36,2026-08-10,1957,N21,VIIRS,n,2.0NRT,291.11,1.72,N
23.69488,85.29129,312.52,0.39,0.36,2026-08-10,1957,N21,VIIRS,n,2.0NRT,291.08,2.07,N
23.68402,85.36255,313.13,0.39,0.36,2026-08-10,1957,N21,VIIRS,n,2.0NRT,291.28,2.1,N
23.65509,85.50732,309.62,0.38,0.36,2026-08-10,1957,N21,VIIRS,n,2.0NRT,291.51,1.55,N
23.67598,85.32647,305.81,0.39,0.36,2026-08-10,1957,N21,VIIRS,n,2.0NRT,290.95,1.51,N
23.64895,85.43704,325.78,0.39,0.36,2026-08-10,1957,N21,VIIRS,n,2.0NRT,292,2.52,N
23.64838,85.44078,323.99,0.39,0.36,2026-08-10,1957,N21,VIIRS,n,2.0NRT,291.58,2.52,N
23.61509,85.65737,306.21,0.38,0.36,2026-08-10,1957,N21,VIIRS,n,2.0NRT,291.57,1.26,N
16.87159,80.02176,309.16,0.52,0.41,2026-08-10,2000,N21,VIIRS,n,2.0NRT,291.99,3.66,N
8.61773,77.95042,305.97,0.54,0.42,2026-08-10,2002,N21,VIIRS,n,2.0NRT,290.57,3.56,N
9.72094,77.61962,304.78,0.39,0.44,2026-08-10,2002,N21,VIIRS,n,2.0NRT,289.88,1.59,N
9.71671,77.59211,305.85,0.39,0.44,2026-08-10,2002,N21,VIIRS,n,2.0NRT,290.3,1.31,N
9.70789,77.59677,310.51,0.39,0.44,2026-08-10,2002,N21,VIIRS,n,2.0NRT,291.81,1.85,N
9.70502,77.5883,316.19,0.39,0.44,2026-08-10,2002,N21,VIIRS,n,2.0NRT,292.16,2.57,N
9.70394,77.59586,311.45,0.39,0.44,2026-08-10,2002,N21,VIIRS,n,2.0NRT,292.24,1.85,N
9.70103,77.58763,310.36,0.39,0.44,2026-08-10,2002,N21,VIIRS,n,2.0NRT,291.67,2.05,N
9.52916,77.44801,320.3,0.39,0.44,2026-08-10,2002,N21,VIIRS,n,2.0NRT,292.64,1.84,N
9.52524,77.44672,312.63,0.39,0.44,2026-08-10,2002,N21,VIIRS,n,2.0NRT,291.94,1.84,N
8.61557,77.95248,309.08,0.54,0.42,2026-08-10,2002,N21,VIIRS,n,2.0NRT,291.85,3.9,N
9.79602,77.71014,303.22,0.38,0.43,2026-08-10,2002,N21,VIIRS,n,2.0NRT,283.91,1.49,N
9.89888,77.68959,322.37,0.39,0.44,2026-08-10,2002,N21,VIIRS,n,2.0NRT,292.44,4.47,N
9.90871,77.29308,305.26,0.41,0.45,2026-08-10,2002,N21,VIIRS,n,2.0NRT,288.59,0.76,N
13.36684,80.15215,347.03,0.59,0.7,2026-08-11,0707,N21,VIIRS,n,2.0NRT,289.65,12.38,D
15.07768,79.50777,353.84,0.6,0.71,2026-08-11,0707,N21,VIIRS,n,2.0NRT,291.76,16.26,D
15.69567,79.26577,337.62,0.6,0.71,2026-08-11,0707,N21,VIIRS,n,2.0NRT,292.59,5.39,D
16.58618,80.65712,367,0.47,0.64,2026-08-11,0707,N21,VIIRS,h,2.0NRT,290.45,12.48,D
16.58698,80.65855,344.55,0.47,0.64,2026-08-11,0707,N21,VIIRS,n,2.0NRT,290.16,7.56,D
16.58605,80.65424,331.11,0.47,0.64,2026-08-11,0707,N21,VIIRS,n,2.0NRT,289.81,7.56,D
17.1208,79.64844,331.62,0.53,0.67,2026-08-11,0709,N21,VIIRS,n,2.0NRT,289.3,5.11,D
23.67569,86.39914,332.68,0.47,0.4,2026-08-11,0709,N21,VIIRS,l,2.0NRT,298.43,13.01,D
23.68565,86.39246,331.76,0.47,0.4,2026-08-11,0709,N21,VIIRS,l,2.0NRT,296.66,7.42,D
23.64727,85.43806,342.63,0.52,0.42,2026-08-11,0709,N21,VIIRS,n,2.0NRT,298.58,10.29,D
23.82465,84.57246,342.89,0.39,0.44,2026-08-11,0709,N21,VIIRS,n,2.0NRT,297.52,10.61,D
26.3854,93.8444,331.92,0.52,0.42,2026-08-11,0709,N21,VIIRS,n,2.0NRT,296.48,2.8,D
26.90926,93.12027,335.9,0.49,0.4,2026-08-11,0712,N21,VIIRS,n,2.0NRT,297.66,5.56,D
26.78612,90.26047,338.37,0.39,0.36,2026-08-11,0712,N21,VIIRS,n,2.0NRT,298.67,4.77,D
27.46919,95.4225,335.99,0.44,0.46,2026-08-11,0712,N21,VIIRS,n,2.0NRT,296.35,5.07,D
27.77261,95.53301,331.67,0.45,0.47,2026-08-11,0712,N21,VIIRS,l,2.0NRT,302.75,2.7,D
27.95418,95.59555,330.24,0.46,0.47,2026-08-11,0712,N21,VIIRS,l,2.0NRT,301.36,13.11,D
26.91881,82.54733,331.74,0.44,0.46,2026-08-11,0712,N21,VIIRS,n,2.0NRT,293.76,4.34,D
9.08864,77.73862,337.47,0.41,0.6,2026-08-11,0848,N21,VIIRS,n,2.0NRT,290.84,4.77,D
9.96719,78.07066,367,0.44,0.63,2026-08-11,0848,N21,VIIRS,h,2.0NRT,290.87,15.53,D
13.20075,78.67249,340.25,0.54,0.68,2026-08-11,0848,N21,VIIRS,n,2.0NRT,291.2,4.37,D
13.20042,78.67389,331.44,0.54,0.68,2026-08-11,0848,N21,VIIRS,n,2.0NRT,290.66,9.21,D
14.27528,77.99455,331.24,0.5,0.66,2026-08-11,0848,N21,VIIRS,n,2.0NRT,291.88,4.88,D
14.72327,79.55089,333.09,0.65,0.73,2026-08-11,0848,N21,VIIRS,n,2.0NRT,291.06,14.2,D
14.83705,77.94846,346.93,0.5,0.66,2026-08-11,0850,N21,VIIRS,n,2.0NRT,294.89,5.88,D
15.56153,79.95013,336.42,0.7,0.75,2026-08-11,0850,N21,VIIRS,n,2.0NRT,290.42,6.93,D
15.56281,79.95138,343.95,0.7,0.75,2026-08-11,0850,N21,VIIRS,n,2.0NRT,291.32,13.62,D
22.8725,88.21297,304.07,0.42,0.38,2026-08-11,1938,N21,VIIRS,n,2.0NRT,281.22,0.59,N
26.52052,90.53381,313.44,0.39,0.36,2026-08-11,1938,N21,VIIRS,n,2.0NRT,294.12,1.46,N
25.54083,91.23685,302.55,0.38,0.36,2026-08-11,1938,N21,VIIRS,n,2.0NRT,288.26,0.95,N
26.63957,79.47667,308.39,0.49,0.65,2026-08-11,1938,N21,VIIRS,n,2.0NRT,287.76,3.2,N
25.03493,87.38713,306.7,0.47,0.4,2026-08-11,1938,N21,VIIRS,n,2.0NRT,292.36,0.81,N
25.03308,87.3727,307.64,0.47,0.4,2026-08-11,1938,N21,VIIRS,n,2.0NRT,292.49,1.06,N
25.03251,87.3704,310.17,0.47,0.4,2026-08-11,1938,N21,VIIRS,n,2.0NRT,292.53,0.88,N
23.8064,86.32881,308.8,0.51,0.41,2026-08-11,1938,N21,VIIRS,n,2.0NRT,288.67,3.53,N
23.80262,86.32825,323.86,0.51,0.41,2026-08-11,1938,N21,VIIRS,n,2.0NRT,290.05,3.53,N
23.80198,86.33326,316.81,0.51,0.41,2026-08-11,1938,N21,VIIRS,n,2.0NRT,286.62,2.39,N
23.79569,86.35265,316.86,0.51,0.41,2026-08-11,1938,N21,VIIRS,n,2.0NRT,286.01,4.58,N
23.77495,86.3648,308.4,0.51,0.41,2026-08-11,1938,N21,VIIRS,n,2.0NRT,283.09,3.04,N
23.7786,86.21165,300.72,0.52,0.42,2026-08-11,1938,N21,VIIRS,n,2.0NRT,283.56,2.09,N
23.77945,86.2088,301.96,0.52,0.42,2026-08-11,1938,N21,VIIRS,n,2.0NRT,283.93,1.79,N
23.7582,85.85198,306.24,0.54,0.42,2026-08-11,1938,N21,VIIRS,n,2.0NRT,287.77,1.29,N
23.75754,85.85731,305.93,0.54,0.42,2026-08-11,1938,N21,VIIRS,n,2.0NRT,288.37,2.75,N
23.75433,85.85139,309.45,0.54,0.42,2026-08-11,1938,N21,VIIRS,n,2.0NRT,288.41,1.29,N
23.78668,85.55422,304.69,0.57,0.43,2026-08-11,1938,N21,VIIRS,n,2.0NRT,284.9,1.98,N
23.68305,86.08019,311.16,0.53,0.42,2026-08-11,1938,N21,VIIRS,n,2.0NRT,286.55,2.11,N
23.68242,86.08536,317.33,0.53,0.42,2026-08-11,1938,N21,VIIRS,n,2.0NRT,287.06,2.11,N
23.68116,86.09563,317.63,0.53,0.42,2026-08-11,1938,N21,VIIRS,n,2.0NRT,286.4,4.64,N
23.67859,86.0848,308.54,0.53,0.42,2026-08-11,1938,N21,VIIRS,n,2.0NRT,287.29,2.11,N
23.68363,86.08366,326.15,0.53,0.42,2026-08-11,1938,N21,VIIRS,n,2.0NRT,286.87,3.09,N
23.6823,86.09393,316.92,0.53,0.42,2026-08-11,1938,N21,VIIRS,n,2.0NRT,286.31,4.78,N
23.6798,86.08313,305.34,0.53,0.42,2026-08-11,1938,N21,VIIRS,n,2.0NRT,287.15,3.09,N
23.67532,86.08772,306.49,0.53,0.42,2026-08-11,1938,N21,VIIRS,n,2.0NRT,286.72,1.91,N
23.82899,84.57037,295.96,0.43,0.46,2026-08-11,1938,N21,VIIRS,n,2.0NRT,272.58,1.08,N
23.8285,84.5746,296.31,0.43,0.46,2026-08-11,1938,N21,VIIRS,n,2.0NRT,272.15,1.08,N
23.82479,84.56979,307.49,0.43,0.46,2026-08-11,1938,N21,VIIRS,n,2.0NRT,273.38,1.08,N
23.8243,84.574,308.76,0.43,0.46,2026-08-11,1938,N21,VIIRS,n,2.0NRT,272.21,1.08,N
23.82011,84.57342,296.93,0.43,0.46,2026-08-11,1938,N21,VIIRS,n,2.0NRT,272.23,0.67,N
22.79911,86.20488,308.11,0.51,0.41,2026-08-11,1938,N21,VIIRS,n,2.0NRT,277.32,1.78,N
22.79847,86.20977,306.86,0.51,0.41,2026-08-11,1938,N21,VIIRS,n,2.0NRT,278.22,2.07,N
22.79535,86.20437,329.04,0.51,0.41,2026-08-11,1938,N21,VIIRS,n,2.0NRT,277.06,3.03,N
22.79471,86.20924,324.38,0.51,0.41,2026-08-11,1938,N21,VIIRS,n,2.0NRT,277.9,2.59,N
22.79599,86.19947,301.74,0.51,0.41,2026-08-11,1938,N21,VIIRS,n,2.0NRT,276.71,3.03,N
22.79095,86.20874,300.27,0.51,0.41,2026-08-11,1938,N21,VIIRS,n,2.0NRT,276.82,2.59,N
22.78912,86.19343,302.03,0.51,0.41,2026-08-11,1938,N21,VIIRS,n,2.0NRT,278.7,0.77,N
22.79893,86.08892,305.93,0.51,0.41,2026-08-11,1938,N21,VIIRS,n,2.0NRT,273.27,2.12,N
22.57257,85.89838,302.9,0.52,0.42,2026-08-11,1938,N21,VIIRS,n,2.0NRT,283.89,1.17,N
22.37933,87.27896,316.6,0.45,0.39,2026-08-11,1938,N21,VIIRS,n,2.0NRT,289.47,2.93,N
22.37579,87.2784,316.74,0.45,0.39,2026-08-11,1938,N21,VIIRS,n,2.0NRT,286.76,2.68,N
22.36931,87.29943,310.35,0.45,0.39,2026-08-11,1938,N21,VIIRS,n,2.0NRT,287.06,2.15,N
22.36122,87.01827,309.3,0.46,0.39,2026-08-11,1938,N21,VIIRS,n,2.0NRT,284.65,2.12,N
21.92625,85.22292,298.38,0.56,0.43,2026-08-11,1938,N21,VIIRS,n,2.0NRT,268.88,0.95,N
21.07813,85.04013,310.36,0.56,0.43,2026-08-11,1940,N21,VIIRS,n,2.0NRT,289.49,2.88,N
21.07744,85.04552,307.24,0.56,0.43,2026-08-11,1940,N21,VIIRS,n,2.0NRT,288.77,2.88,N
15.82483,79.87877,295.87,0.34,0.56,2026-08-11,1940,N21,VIIRS,n,2.0NRT,285.76,1.82,N
15.82445,79.88194,296.25,0.34,0.56,2026-08-11,1940,N21,VIIRS,n,2.0NRT,286.19,3.55,N
15.17798,77.1003,305.63,0.52,0.67,2026-08-11,1940,N21,VIIRS,n,2.0NRT,285.48,1.84,N
15.17708,77.10262,305.21,0.52,0.67,2026-08-11,1940,N21,VIIRS,n,2.0NRT,285.59,2.34,N
20.98533,85.13896,303.64,0.55,0.43,2026-08-11,1940,N21,VIIRS,n,2.0NRT,282.72,1.25,N
20.97275,85.17474,307.19,0.55,0.43,2026-08-11,1940,N21,VIIRS,n,2.0NRT,286.01,2.59,N
20.96885,85.1742,321.09,0.55,0.43,2026-08-11,1940,N21,VIIRS,n,2.0NRT,286.26,3.82,N
20.96293,85.18935,321.55,0.55,0.43,2026-08-11,1940,N21,VIIRS,n,2.0NRT,286.34,5.15,N
20.96563,85.16841,307.63,0.55,0.43,2026-08-11,1940,N21,VIIRS,n,2.0NRT,286.48,3.82,N
20.9636,85.18417,314.97,0.55,0.43,2026-08-11,1940,N21,VIIRS,n,2.0NRT,285.63,4.72,N
20.96173,85.16788,308.17,0.55,0.43,2026-08-11,1940,N21,VIIRS,n,2.0NRT,286.81,2.11,N
20.96105,85.17313,309.47,0.55,0.43,2026-08-11,1940,N21,VIIRS,n,2.0NRT,285.33,2.11,N
21.36385,81.67879,302.52,0.61,0.53,2026-08-11,1940,N21,VIIRS,n,2.0NRT,283.08,3.31,N
21.35038,81.66521,306.13,0.61,0.54,2026-08-11,1940,N21,VIIRS,n,2.0NRT,286.28,3.89,N
21.1861,81.38841,306.12,0.64,0.54,2026-08-11,1940,N21,VIIRS,n,2.0NRT,287.02,4.36,N
21.18111,81.38785,307.76,0.64,0.54,2026-08-11,1940,N21,VIIRS,n,2.0NRT,286.86,6.91,N
19.10259,82.16623,296.83,0.53,0.5,2026-08-11,1940,N21,VIIRS,n,2.0NRT,271.18,0.8,N
16.36989,82.3166,308.57,0.48,0.48,2026-08-11,1940,N21,VIIRS,n,2.0NRT,273.54,2.94,N
15.82521,79.8756,296.09,0.34,0.56,2026-08-11,1940,N21,VIIRS,n,2.0NRT,285.9,1.82,N
9.5398,77.45322,304.77,0.41,0.61,2026-08-11,1942,N21,VIIRS,n,2.0NRT,285.87,1.35,N
12.74603,77.61998,303.38,0.45,0.63,2026-08-11,1942,N21,VIIRS,n,2.0NRT,280.68,1.11,N
28.34709,77.25639,304.01,0.39,0.59,2026-08-11,2118,N21,VIIRS,n,2.0NRT,288.06,0.49,N
23.82245,84.57461,327.65,0.38,0.58,2026-08-12,0652,N21,VIIRS,n,2.0NRT,279.24,7.46,D
9.49897,77.57352,344.37,0.38,0.44,2026-08-12,0828,N21,VIIRS,n,2.0NRT,306.16,12.36,D
10.54428,79.22142,334.24,0.51,0.49,2026-08-12,0828,N21,VIIRS,n,2.0NRT,298.97,3.76,D
10.68781,79.70799,334.81,0.55,0.51,2026-08-12,0828,N21,VIIRS,n,2.0NRT,298.56,6.39,D
10.87168,78.57549,330.5,0.47,0.47,2026-08-12,0828,N21,VIIRS,n,2.0NRT,298.34,1.83,D
10.81688,78.60809,336.99,0.47,0.47,2026-08-12,0828,N21,VIIRS,n,2.0NRT,301.22,2.32,D
10.88172,79.22351,342.04,0.51,0.5,2026-08-12,0828,N21,VIIRS,n,2.0NRT,300.56,8.97,D
10.75858,78.97378,342.07,0.49,0.49,2026-08-12,0828,N21,VIIRS,n,2.0NRT,299.74,5.24,D
10.77456,79.65791,333.56,0.55,0.51,2026-08-12,0828,N21,VIIRS,n,2.0NRT,298.13,6.21,D
8.58918,77.91875,343.59,0.39,0.44,2026-08-12,0828,N21,VIIRS,n,2.0NRT,304.03,48.72,D
8.90712,77.78218,343.67,0.39,0.44,2026-08-12,0828,N21,VIIRS,n,2.0NRT,303.58,9.93,D
8.90664,77.77869,339.52,0.39,0.44,2026-08-12,0828,N21,VIIRS,n,2.0NRT,301.49,6.02,D
8.98739,77.78809,335.97,0.39,0.44,2026-08-12,0828,N21,VIIRS,n,2.0NRT,301.96,4.5,D
9.42879,78.78382,331.89,0.46,0.47,2026-08-12,0828,N21,VIIRS,n,2.0NRT,293.96,3.39,D
9.38032,77.60553,345.29,0.38,0.44,2026-08-12,0828,N21,VIIRS,n,2.0NRT,308.58,13.05,D
9.46649,77.59328,344.86,0.39,0.44,2026-08-12,0828,N21,VIIRS,n,2.0NRT,303.59,5.23,D
9.50032,77.57422,343.54,0.38,0.44,2026-08-12,0828,N21,VIIRS,n,2.0NRT,305.5,5.85,D
9.64663,77.65572,341.87,0.39,0.44,2026-08-12,0828,N21,VIIRS,n,2.0NRT,305.97,9.7,D
14.31858,76.57759,340.13,0.39,0.44,2026-08-12,0830,N21,VIIRS,n,2.0NRT,291.47,3.79,D
14.21533,79.22138,330.46,0.57,0.52,2026-08-12,0830,N21,VIIRS,n,2.0NRT,287.01,2.86,D
12.08301,77.04526,331.82,0.39,0.44,2026-08-12,0830,N21,VIIRS,n,2.0NRT,289.79,3.23,D
11.65928,77.2301,341.05,0.39,0.44,2026-08-12,0830,N21,VIIRS,n,2.0NRT,300.41,11.75,D
27.37738,70.97624,336.5,0.43,0.38,2026-08-12,0835,N21,VIIRS,n,2.0NRT,300.32,6.73,D
27.37795,70.98054,339.4,0.43,0.38,2026-08-12,0835,N21,VIIRS,n,2.0NRT,301.02,6.73,D
27.46125,95.47672,303.32,0.39,0.36,2026-08-12,1917,N21,VIIRS,n,2.0NRT,288.33,1.45,N
26.08573,93.95238,301.27,0.41,0.37,2026-08-12,1917,N21,VIIRS,n,2.0NRT,284.33,1.25,N
27.31904,95.2666,305.08,0.39,0.36,2026-08-12,1917,N21,VIIRS,n,2.0NRT,287.65,1.82,N
21.37454,81.64083,303.61,0.63,0.72,2026-08-12,1919,N21,VIIRS,n,2.0NRT,283.57,3.58,N
21.80354,82.03912,298.4,0.6,0.71,2026-08-12,1919,N21,VIIRS,n,2.0NRT,275.57,2.72,N
22.03716,83.34946,302.43,0.5,0.65,2026-08-12,1919,N21,VIIRS,n,2.0NRT,270.62,2.21,N
21.37605,81.64108,305.16,0.63,0.72,2026-08-12,1919,N21,VIIRS,n,2.0NRT,283.39,3.01,N
31.25021,76.92845,303.9,0.52,0.42,2026-08-12,2057,N21,VIIRS,n,2.0NRT,291.35,0.83,N
28.37061,77.26281,306.87,0.41,0.45,2026-08-12,2057,N21,VIIRS,n,2.0NRT,291.6,2.43,N
31.25867,76.92541,304.18,0.52,0.42,2026-08-12,2057,N21,VIIRS,n,2.0NRT,291.42,1.43,N
28.19945,76.90763,307.02,0.39,0.44,2026-08-12,2057,N21,VIIRS,n,2.0NRT,290.56,1.13,N
25.94309,72.19233,295.66,0.4,0.37,2026-08-12,2059,N21,VIIRS,n,2.0NRT,269.83,0.51,N
21.24663,79.20609,302.92,0.37,0.58,2026-08-12,2059,N21,VIIRS,n,2.0NRT,277.66,1.02,N
26.6419,79.47903,313.1,0.6,0.53,2026-08-12,2059,N21,VIIRS,n,2.0NRT,290.46,1.97,N
21.30816,81.58989,300.24,0.53,0.67,2026-08-12,2059,N21,VIIRS,n,2.0NRT,282.47,2.03,N
21.501,81.81009,297.09,0.54,0.68,2026-08-12,2059,N21,VIIRS,n,2.0NRT,273.28,0.54,N
22.35673,82.30051,306.78,0.55,0.68,2026-08-12,2059,N21,VIIRS,n,2.0NRT,270.3,2.54,N
23.16554,82.33848,297.78,0.53,0.67,2026-08-12,2059,N21,VIIRS,n,2.0NRT,263.37,2.31,N
23.16588,82.33901,301.79,0.53,0.67,2026-08-12,2059,N21,VIIRS,n,2.0NRT,264.42,1.26,N
21.29765,81.6077,303.09,0.53,0.67,2026-08-12,2059,N21,VIIRS,n,2.0NRT,278.52,1.46,N
21.24735,79.20563,302.76,0.37,0.58,2026-08-12,2059,N21,VIIRS,n,2.0NRT,277.3,1.23,N
16.42131,79.32549,295.02,0.47,0.64,2026-08-12,2101,N21,VIIRS,n,2.0NRT,281.89,4.25,N
12.8527,79.90166,295.89,0.61,0.71,2026-08-12,2104,N21,VIIRS,n,2.0NRT,259.57,1.75,N
11.81464,77.91698,295.48,0.47,0.64,2026-08-12,2104,N21,VIIRS,n,2.0NRT,266.43,0.75,N
11.81451,77.91617,295.43,0.47,0.64,2026-08-12,2104,N21,VIIRS,n,2.0NRT,266.51,0.74,N
12.85319,79.90437,301.93,0.61,0.71,2026-08-12,2104,N21,VIIRS,n,2.0NRT,259.75,1.47,N
27.95773,95.60609,331.77,0.43,0.38,2026-08-13,0633,N21,VIIRS,l,2.0NRT,304.08,7.46,D
27.95698,95.60178,331.25,0.43,0.38,2026-08-13,0633,N21,VIIRS,l,2.0NRT,303.84,12.39,D
27.96461,95.6046,331.27,0.43,0.38,2026-08-13,0633,N21,VIIRS,l,2.0NRT,303.75,12.19,D
26.88691,93.05493,341.06,0.39,0.44,2026-08-13,0633,N21,VIIRS,n,2.0NRT,295.2,5.03,D
8.66256,77.86464,335.69,0.38,0.36,2026-08-13,0809,N21,VIIRS,n,2.0NRT,304.07,1.94,D
9.14321,78.50316,339.89,0.39,0.36,2026-08-13,0809,N21,VIIRS,n,2.0NRT,300.79,4.71,D
9.82755,78.48745,335.85,0.39,0.36,2026-08-13,0809,N21,VIIRS,n,2.0NRT,304.35,2.22,D
9.86046,78.54808,338.11,0.4,0.37,2026-08-13,0809,N21,VIIRS,n,2.0NRT,304.41,2.79,D
9.97572,79.07961,338.9,0.41,0.37,2026-08-13,0809,N21,VIIRS,n,2.0NRT,301.82,5.99,D
10.04801,78.53002,339.68,0.4,0.37,2026-08-13,0809,N21,VIIRS,n,2.0NRT,304.16,10.32,D
10.77482,79.65644,337.38,0.43,0.38,2026-08-13,0809,N21,VIIRS,n,2.0NRT,297.9,3.48,D
10.77733,78.9091,352.69,0.41,0.37,2026-08-13,0809,N21,VIIRS,n,2.0NRT,301.95,12.87,D
11.05683,78.87433,337.61,0.41,0.37,2026-08-13,0809,N21,VIIRS,n,2.0NRT,295.94,4.14,D
11.01841,78.15247,334.04,0.39,0.36,2026-08-13,0809,N21,VIIRS,n,2.0NRT,292.98,1.59,D
11.81037,77.923,335.58,0.39,0.36,2026-08-13,0809,N21,VIIRS,n,2.0NRT,285.03,2.99,D
8.53019,78.08766,337.3,0.39,0.36,2026-08-13,0809,N21,VIIRS,n,2.0NRT,303.26,4.93,D
30.8752,76.01562,331.42,0.47,0.4,2026-08-13,0816,N21,VIIRS,n,2.0NRT,299.34,3.37,D
31.15114,74.8723,330.75,0.43,0.38,2026-08-13,0816,N21,VIIRS,l,2.0NRT,305.45,7.15,D
30.59028,74.81104,332.2,0.42,0.38,2026-08-13,0816,N21,VIIRS,n,2.0NRT,300.42,3.41,D
31.2496,76.92681,302.25,0.38,0.36,2026-08-13,2040,N21,VIIRS,n,2.0NRT,288.06,0.73,N
29.1239,75.77663,310.57,0.39,0.36,2026-08-13,2040,N21,VIIRS,n,2.0NRT,291.49,1.07,N
28.66194,77.57907,311.79,0.4,0.37,2026-08-13,2040,N21,VIIRS,n,2.0NRT,282.72,1.33,N
28.64995,77.58897,306.76,0.4,0.37,2026-08-13,2040,N21,VIIRS,n,2.0NRT,280.16,0.82,N
28.13188,76.89797,316.67,0.39,0.36,2026-08-13,2040,N21,VIIRS,n,2.0NRT,283.88,1.3,N
26.2557,74.09644,304.59,0.4,0.37,2026-08-13,2040,N21,VIIRS,n,2.0NRT,288.02,1.13,N
26.30337,72.90213,304.93,0.43,0.38,2026-08-13,2040,N21,VIIRS,n,2.0NRT,291.55,1.36,N
25.94138,72.18976,310.18,0.45,0.39,2026-08-13,2040,N21,VIIRS,n,2.0NRT,291.24,1.91,N
31.32669,76.89336,305.92,0.38,0.36,2026-08-13,2040,N21,VIIRS,n,2.0NRT,289.85,0.97,N
22.06039,88.12177,367,0.65,0.73,2026-08-13,2042,N21,VIIRS,h,2.0NRT,284.21,17.81,N
22.05045,88.1057,298.14,0.65,0.73,2026-08-13,2042,N21,VIIRS,n,2.0NRT,283.94,3.37,N
23.31552,70.48516,305.93,0.51,0.41,2026-08-13,2042,N21,VIIRS,n,2.0NRT,289.89,1.95,N
22.06686,88.12373,330.36,0.65,0.73,2026-08-13,2042,N21,VIIRS,n,2.0NRT,284.05,9.21,N
22.06537,88.12983,300.66,0.65,0.73,2026-08-13,2042,N21,VIIRS,n,2.0NRT,283.8,5.76,N
22.0589,88.1279,304.57,0.65,0.73,2026-08-13,2042,N21,VIIRS,n,2.0NRT,283.94,10.63,N
15.17558,76.65949,298.78,0.5,0.41,2026-08-13,2044,N21,VIIRS,n,2.0NRT,272.52,0.85,N
18.43314,74.12675,302.22,0.39,0.36,2026-08-13,2044,N21,VIIRS,n,2.0NRT,286.57,0.5,N
15.33282,76.28719,296.83,0.48,0.4,2026-08-13,2044,N21,VIIRS,n,2.0NRT,273.93,0.79,N
15.17349,77.10117,295.67,0.53,0.42,2026-08-13,2044,N21,VIIRS,n,2.0NRT,272.47,1.22,N
15.65776,73.99023,303.71,0.39,0.36,2026-08-13,2044,N21,VIIRS,n,2.0NRT,273.26,0.56,N
15.18193,76.67715,300,0.5,0.41,2026-08-13,2044,N21,VIIRS,n,2.0NRT,273.07,1.93,N
15.17822,76.67643,304.48,0.5,0.41,2026-08-13,2044,N21,VIIRS,n,2.0NRT,274.83,2.17,N
15.17451,76.67571,302.01,0.5,0.41,2026-08-13,2044,N21,VIIRS,n,2.0NRT,274.52,2.17,N
15.18064,76.67478,299.57,0.5,0.41,2026-08-13,2044,N21,VIIRS,n,2.0NRT,273.85,2.93,N
15.17692,76.67406,310.03,0.5,0.41,2026-08-13,2044,N21,VIIRS,n,2.0NRT,274.04,1.98,N
15.17614,76.67867,300.04,0.5,0.41,2026-08-13,2044,N21,VIIRS,n,2.0NRT,274.73,1.98,N
15.17636,76.65489,300.15,0.5,0.41,2026-08-13,2044,N21,VIIRS,n,2.0NRT,275.86,0.85,N
9.30709,77.43063,301.39,0.46,0.47,2026-08-13,2046,N21,VIIRS,n,2.0NRT,277.06,0.82,N
25.06572,93.99839,347.14,0.36,0.57,2026-08-14,0614,N21,VIIRS,n,2.0NRT,294.3,5.26,D
25.06441,93.99954,347.64,0.36,0.57,2026-08-14,0614,N21,VIIRS,n,2.0NRT,293.68,5.98,D
28.51908,95.82986,334.78,0.47,0.48,2026-08-14,0616,N21,VIIRS,n,2.0NRT,293.55,3.11,D
9.43115,78.27111,337.53,0.51,0.41,2026-08-14,0750,N21,VIIRS,n,2.0NRT,301.74,7.25,D
9.49129,78.61803,336.21,0.49,0.4,2026-08-14,0750,N21,VIIRS,n,2.0NRT,301.61,12.14,D
9.19533,78.4641,334.2,0.5,0.41,2026-08-14,0750,N21,VIIRS,n,2.0NRT,299.74,4.26,D
9.12011,77.84572,343.81,0.54,0.42,2026-08-14,0750,N21,VIIRS,n,2.0NRT,302.12,11.29,D
9.36281,78.79712,338.52,0.48,0.4,2026-08-14,0750,N21,VIIRS,n,2.0NRT,302.49,4.93,D
9.50622,78.77958,332.95,0.48,0.4,2026-08-14,0750,N21,VIIRS,n,2.0NRT,293.65,4.88,D
8.72674,77.83636,334.57,0.55,0.43,2026-08-14,0750,N21,VIIRS,n,2.0NRT,297.43,1.74,D
8.90293,77.7048,331.99,0.56,0.43,2026-08-14,0750,N21,VIIRS,n,2.0NRT,299.06,2.92,D
15.18235,76.66698,334.88,0.52,0.41,2026-08-14,0752,N21,VIIRS,n,2.0NRT,295.06,4.36,D
15.18152,76.66567,335.68,0.52,0.41,2026-08-14,0752,N21,VIIRS,n,2.0NRT,295.83,4.43,D
15.17615,76.65688,330.16,0.52,0.42,2026-08-14,0752,N21,VIIRS,n,2.0NRT,297.02,4.84,D
15.17319,76.66232,335.42,0.52,0.41,2026-08-14,0752,N21,VIIRS,n,2.0NRT,295.22,5.73,D
10.22275,78.3579,335.27,0.49,0.4,2026-08-14,0752,N21,VIIRS,n,2.0NRT,298.04,5.02,D
10.32337,79.36299,334.7,0.44,0.38,2026-08-14,0752,N21,VIIRS,n,2.0NRT,298.81,6.63,D
9.82805,78.29053,334.35,0.5,0.41,2026-08-14,0752,N21,VIIRS,n,2.0NRT,297.64,3.12,D
16.98302,81.56271,338.91,0.39,0.36,2026-08-14,0752,N21,VIIRS,n,2.0NRT,291.54,9.67,D
15.99327,76.8434,333.71,0.49,0.41,2026-08-14,0752,N21,VIIRS,n,2.0NRT,282.62,2.92,D
27.26173,95.1496,299.67,0.4,0.6,2026-08-14,1841,N21,VIIRS,n,2.0NRT,288.13,3.16,N
27.00496,94.63396,297.18,0.43,0.62,2026-08-14,1841,N21,VIIRS,n,2.0NRT,287.16,4.28,N
29.12209,75.77994,305.7,0.55,0.43,2026-08-14,2021,N21,VIIRS,n,2.0NRT,286.54,1.66,N
28.77656,76.94697,309.26,0.48,0.4,2026-08-14,2021,N21,VIIRS,n,2.0NRT,283.83,1.01,N
28.77631,76.95009,309.9,0.48,0.4,2026-08-14,2021,N21,VIIRS,n,2.0NRT,283.92,1.33,N
23.78111,86.20776,302.91,0.46,0.47,2026-08-14,2021,N21,VIIRS,n,2.0NRT,266.36,1,N
23.78022,86.21217,302.71,0.46,0.47,2026-08-14,2021,N21,VIIRS,n,2.0NRT,263.72,1,N
23.69793,86.07546,310.07,0.45,0.47,2026-08-14,2021,N21,VIIRS,n,2.0NRT,265.7,2.22,N
23.68088,86.09412,298.85,0.45,0.47,2026-08-14,2021,N21,VIIRS,n,2.0NRT,264.4,0.73,N
22.36108,87.01765,299.81,0.55,0.51,2026-08-14,2021,N21,VIIRS,n,2.0NRT,273.09,1.08,N
23.3117,70.19884,296.28,0.34,0.56,2026-08-14,2021,N21,VIIRS,n,2.0NRT,278.56,1.04,N
21.7299,82.21591,301.56,0.45,0.39,2026-08-14,2021,N21,VIIRS,n,2.0NRT,281.85,1.24,N
17.36994,77.44634,302.25,0.39,0.36,2026-08-14,2023,N21,VIIRS,n,2.0NRT,283.63,1.09,N
15.91339,77.36324,301.26,0.38,0.36,2026-08-14,2023,N21,VIIRS,n,2.0NRT,281.92,0.63,N
22.33806,69.85318,301.63,0.35,0.57,2026-08-14,2023,N21,VIIRS,n,2.0NRT,287.78,2.08,N
15.18756,76.65977,308.31,0.39,0.36,2026-08-14,2025,N21,VIIRS,n,2.0NRT,292.07,1.66,N
15.33663,76.27954,306.53,0.4,0.37,2026-08-14,2025,N21,VIIRS,n,2.0NRT,288.26,1.23,N
15.33766,76.24979,314.96,0.4,0.37,2026-08-14,2025,N21,VIIRS,n,2.0NRT,290.03,1.87,N
15.3322,76.28632,309.72,0.4,0.37,2026-08-14,2025,N21,VIIRS,n,2.0NRT,288.92,1.39,N
15.18315,76.66641,336.19,0.39,0.36,2026-08-14,2025,N21,VIIRS,n,2.0NRT,291.06,3.57,N
15.18533,76.65205,304.95,0.39,0.36,2026-08-14,2025,N21,VIIRS,n,2.0NRT,290.93,1.4,N
15.18311,76.64435,330.63,0.39,0.36,2026-08-14,2025,N21,VIIRS,n,2.0NRT,291.69,7.91,N
15.17984,76.66589,307.06,0.39,0.36,2026-08-14,2025,N21,VIIRS,n,2.0NRT,291.25,3.57,N
15.17875,76.67307,305.99,0.39,0.36,2026-08-14,2025,N21,VIIRS,n,2.0NRT,290.94,2.57,N
15.17438,76.70177,305.85,0.39,0.36,2026-08-14,2025,N21,VIIRS,n,2.0NRT,290.27,0.49,N
15.17816,76.65459,323.15,0.39,0.36,2026-08-14,2025,N21,VIIRS,n,2.0NRT,290.91,1.85,N
15.17762,76.65818,316.18,0.39,0.36,2026-08-14,2025,N21,VIIRS,n,2.0NRT,290.81,1.85,N
15.17489,76.67612,305.4,0.39,0.36,2026-08-14,2025,N21,VIIRS,n,2.0NRT,290.78,1.19,N
15.1727,76.69048,319.58,0.39,0.36,2026-08-14,2025,N21,VIIRS,n,2.0NRT,290.51,1.54,N
15.17216,76.69408,309.58,0.39,0.36,2026-08-14,2025,N21,VIIRS,n,2.0NRT,290.41,1.54,N
15.16943,76.71198,304.01,0.39,0.36,2026-08-14,2025,N21,VIIRS,n,2.0NRT,290.34,0.75,N
15.17485,76.65406,327.9,0.39,0.36,2026-08-14,2025,N21,VIIRS,n,2.0NRT,290.9,1.85,N
15.17376,76.66125,320.71,0.39,0.36,2026-08-14,2025,N21,VIIRS,n,2.0NRT,291.03,1.57,N
15.1743,76.65765,310.65,0.39,0.36,2026-08-14,2025,N21,VIIRS,n,2.0NRT,290.8,1.85,N
15.17321,76.66483,307.47,0.39,0.36,2026-08-14,2025,N21,VIIRS,n,2.0NRT,290.17,1.57,N
15.16881,76.67149,313.67,0.39,0.36,2026-08-14,2025,N21,VIIRS,n,2.0NRT,290.93,1.76,N
15.07114,76.86419,304.21,0.39,0.36,2026-08-14,2025,N21,VIIRS,n,2.0NRT,287.39,1.78,N
12.96664,77.33076,307.6,0.39,0.36,2026-08-14,2025,N21,VIIRS,n,2.0NRT,276.07,1.16,N
12.12039,78.81626,330.59,0.57,0.52,2026-08-15,0731,N21,VIIRS,n,2.0NRT,287.88,6.52,D
14.42142,79.66338,332.09,0.45,0.47,2026-08-15,0733,N21,VIIRS,n,2.0NRT,291.7,4.17,D
17.46508,79.2121,333.24,0.43,0.46,2026-08-15,0733,N21,VIIRS,n,2.0NRT,293.94,3.73,D
17.46703,79.2114,331.08,0.43,0.46,2026-08-15,0733,N21,VIIRS,n,2.0NRT,293.72,4.98,D
28.161,95.59473,347.52,0.57,0.69,2026-08-15,0735,N21,VIIRS,n,2.0NRT,286.38,23.76,D
27.26608,88.32048,329.65,0.4,0.44,2026-08-15,0735,N21,VIIRS,n,2.0NRT,290.17,1.72,D
27.39476,70.4882,335.01,0.48,0.65,2026-08-15,0737,N21,VIIRS,n,2.0NRT,292.69,3.22,D
23.68891,86.08664,309.32,0.41,0.37,2026-08-15,2004,N21,VIIRS,n,2.0NRT,274.64,1.72,N
23.7556,86.40281,301.35,0.41,0.37,2026-08-15,2004,N21,VIIRS,n,2.0NRT,267.61,1.28,N
23.78097,86.21037,314.57,0.41,0.37,2026-08-15,2004,N21,VIIRS,n,2.0NRT,269.06,1.81,N
23.77826,86.20576,295.41,0.41,0.37,2026-08-15,2004,N21,VIIRS,n,2.0NRT,269.02,1.26,N
23.77759,86.20972,303.54,0.41,0.37,2026-08-15,2004,N21,VIIRS,n,2.0NRT,268.91,1.81,N
23.77422,86.20907,296.75,0.41,0.37,2026-08-15,2004,N21,VIIRS,n,2.0NRT,269.44,1.37,N
23.77284,86.19653,298.99,0.41,0.37,2026-08-15,2004,N21,VIIRS,n,2.0NRT,270.23,1.2,N
23.56034,87.08199,298.46,0.44,0.38,2026-08-15,2004,N21,VIIRS,n,2.0NRT,269.75,0.3,N
23.68087,86.09315,301.73,0.41,0.37,2026-08-15,2004,N21,VIIRS,n,2.0NRT,275.42,1.2,N
23.67553,86.10428,298.55,0.41,0.37,2026-08-15,2004,N21,VIIRS,n,2.0NRT,274.35,0.92,N
23.67487,86.10822,307.29,0.41,0.37,2026-08-15,2004,N21,VIIRS,n,2.0NRT,274.98,0.86,N
23.6748,86.08788,300.76,0.41,0.37,2026-08-15,2004,N21,VIIRS,n,2.0NRT,275.89,1.64,N
24.18051,82.64401,299.92,0.4,0.37,2026-08-15,2004,N21,VIIRS,n,2.0NRT,271.81,0.71,N
24.13888,82.70657,297.09,0.4,0.37,2026-08-15,2004,N21,VIIRS,n,2.0NRT,267.82,0.47,N
22.7903,86.21149,304.71,0.42,0.37,2026-08-15,2004,N21,VIIRS,n,2.0NRT,278.59,1.16,N
22.7896,86.19486,303.96,0.41,0.37,2026-08-15,2004,N21,VIIRS,n,2.0NRT,274.91,1.93,N
22.80027,86.09014,314.02,0.41,0.37,2026-08-15,2004,N21,VIIRS,n,2.0NRT,285.76,1.94,N
22.60765,85.91538,303.87,0.41,0.37,2026-08-15,2004,N21,VIIRS,n,2.0NRT,286.49,0.99,N
22.5921,85.90424,305.4,0.41,0.37,2026-08-15,2004,N21,VIIRS,n,2.0NRT,286.7,1.28,N
25.94142,72.18773,302.88,0.55,0.68,2026-08-15,2004,N21,VIIRS,n,2.0NRT,282.11,0.81,N
23.69623,87.09511,301.89,0.44,0.38,2026-08-15,2004,N21,VIIRS,n,2.0NRT,275.93,0.55,N
23.694,87.1078,300.63,0.44,0.38,2026-08-15,2004,N21,VIIRS,n,2.0NRT,276.68,0.75,N
23.69326,87.11204,299.87,0.44,0.38,2026-08-15,2004,N21,VIIRS,n,2.0NRT,277.17,0.72,N
23.69252,87.11627,303.55,0.44,0.38,2026-08-15,2004,N21,VIIRS,n,2.0NRT,279.41,0.72,N
23.69178,87.12051,311.83,0.44,0.38,2026-08-15,2004,N21,VIIRS,n,2.0NRT,281.6,1.2,N
23.69104,87.12474,304.85,0.44,0.38,2026-08-15,2004,N21,VIIRS,n,2.0NRT,280.89,1.2,N
23.6883,87.1198,308.36,0.44,0.38,2026-08-15,2004,N21,VIIRS,n,2.0NRT,280.97,1.2,N
23.68853,87.0979,298,0.44,0.38,2026-08-15,2004,N21,VIIRS,n,2.0NRT,275.06,0.71,N
23.66418,87.15434,318.53,0.44,0.38,2026-08-15,2004,N21,VIIRS,n,2.0NRT,275.81,2.82,N
23.66343,87.15858,305.82,0.44,0.38,2026-08-15,2004,N21,VIIRS,n,2.0NRT,274.29,1.18,N
23.80388,86.3287,315.04,0.41,0.37,2026-08-15,2004,N21,VIIRS,n,2.0NRT,268.47,1.54,N
23.8032,86.33268,303.78,0.41,0.37,2026-08-15,2004,N21,VIIRS,n,2.0NRT,266.45,1.54,N
23.80117,86.32407,311.36,0.41,0.37,2026-08-15,2004,N21,VIIRS,n,2.0NRT,267.94,1.89,N
23.79641,86.35195,305.87,0.41,0.37,2026-08-15,2004,N21,VIIRS,n,2.0NRT,269.92,1.27,N
23.77864,86.39085,305.66,0.41,0.37,2026-08-15,2004,N21,VIIRS,n,2.0NRT,267.05,1.37,N
23.78329,86.34228,301.4,0.41,0.37,2026-08-15,2004,N21,VIIRS,n,2.0NRT,269.38,1.02,N
23.77592,86.38617,296.63,0.41,0.37,2026-08-15,2004,N21,VIIRS,n,2.0NRT,267.2,0.99,N
23.7725,86.36485,297.12,0.41,0.37,2026-08-15,2004,N21,VIIRS,n,2.0NRT,266.94,0.48,N
23.76645,86.40085,297.18,0.41,0.37,2026-08-15,2004,N21,VIIRS,n,2.0NRT,264.94,0.87,N
23.76577,86.40484,299.35,0.41,0.37,2026-08-15,2004,N21,VIIRS,n,2.0NRT,265,0.68,N
23.76238,86.40415,303.35,0.41,0.37,2026-08-15,2004,N21,VIIRS,n,2.0NRT,264.89,1.05,N
23.75966,86.3995,295.89,0.41,0.37,2026-08-15,2004,N21,VIIRS,n,2.0NRT,265.79,1.04,N
23.75899,86.40348,308.39,0.41,0.37,2026-08-15,2004,N21,VIIRS,n,2.0NRT,266.17,1.05,N
15.18153,76.6717,301.14,0.42,0.45,2026-08-15,2006,N21,VIIRS,n,2.0NRT,283.97,0.91,N
15.18103,76.67553,301.52,0.42,0.45,2026-08-15,2006,N21,VIIRS,n,2.0NRT,280.76,2.24,N
15.17528,76.65529,303.63,0.42,0.45,2026-08-15,2006,N21,VIIRS,n,2.0NRT,283.91,2.21,N
13.60485,76.79096,298.68,0.39,0.44,2026-08-15,2006,N21,VIIRS,n,2.0NRT,279.2,0.43,N
12.8923,79.8503,307.39,0.41,0.37,2026-08-15,2006,N21,VIIRS,n,2.0NRT,283.07,1.16,N
12.28897,78.93392,302.16,0.44,0.38,2026-08-15,2006,N21,VIIRS,n,2.0NRT,275.11,1.08,N
15.02366,78.01456,315.9,0.52,0.41,2026-08-15,2006,N21,VIIRS,n,2.0NRT,288.07,2.22,N
18.68459,73.04036,324.75,0.4,0.6,2026-08-15,2006,N21,VIIRS,n,2.0NRT,287.55,5.13,N
15.18204,76.66786,300.67,0.42,0.45,2026-08-15,2006,N21,VIIRS,n,2.0NRT,281.88,0.91,N
18.68574,73.02896,310.28,0.4,0.6,2026-08-15,2006,N21,VIIRS,n,2.0NRT,287.37,1.63,N
18.67984,73.03214,305.58,0.4,0.6,2026-08-15,2006,N21,VIIRS,n,2.0NRT,287.28,1.39,N
10.62463,79.11826,330.62,0.42,0.37,2026-08-15,2008,N21,VIIRS,n,2.0NRT,269.35,4.52,N
9.33689,78.60879,312.96,0.42,0.38,2026-08-15,2008,N21,VIIRS,n,2.0NRT,277.63,0.99,N
8.84948,78.13552,301.57,0.44,0.38,2026-08-15,2008,N21,VIIRS,n,2.0NRT,278.13,0.4,N
11.85533,79.07175,303.95,0.43,0.38,2026-08-15,2008,N21,VIIRS,n,2.0NRT,278.72,0.53,N
9.99166,77.401,300.49,0.49,0.4,2026-08-15,2008,N21,VIIRS,n,2.0NRT,276.8,0.64,N
22.93069,69.69711,303.82,0.43,0.62,2026-08-15,2144,N21,VIIRS,n,2.0NRT,284.85,2.21,N
25.94344,72.19431,304.75,0.53,0.67,2026-08-15,2144,N21,VIIRS,n,2.0NRT,287.73,1.05,N
12.04138,79.50053,330.89,0.54,0.68,2026-08-16,0714,N21,VIIRS,n,2.0NRT,293.41,2.99,D
9.32025,79.30572,339.31,0.62,0.72,2026-08-16,0714,N21,VIIRS,n,2.0NRT,289.57,8.23,D
12.54379,79.81878,332.84,0.5,0.66,2026-08-16,0714,N21,VIIRS,n,2.0NRT,291.18,2.73,D
22.79004,86.20013,335.59,0.42,0.38,2026-08-16,0716,N21,VIIRS,l,2.0NRT,295.98,8.88,D
30.65581,74.16112,330.51,0.46,0.64,2026-08-16,0720,N21,VIIRS,n,2.0NRT,289.65,4.09,D
10.78027,78.65516,330.25,0.64,0.72,2026-08-16,0854,N21,VIIRS,n,2.0NRT,290.49,6.49,D
10.98471,77.71185,332.97,0.56,0.69,2026-08-16,0854,N21,VIIRS,n,2.0NRT,293.54,3.62,D
11.82039,78.73884,367,0.67,0.74,2026-08-16,0854,N21,VIIRS,h,2.0NRT,291.8,25.54,D
9.8602,78.09454,336.21,0.57,0.69,2026-08-16,0854,N21,VIIRS,n,2.0NRT,293.09,5.02,D
11.81638,78.73512,339.76,0.67,0.74,2026-08-16,0854,N21,VIIRS,n,2.0NRT,291.69,17.18,D
11.8171,78.74201,351.81,0.67,0.74,2026-08-16,0854,N21,VIIRS,n,2.0NRT,291.89,17.18,D
10.78192,78.65462,333.66,0.64,0.72,2026-08-16,0854,N21,VIIRS,n,2.0NRT,290.93,10.84,D
15.34949,76.66209,339.72,0.54,0.68,2026-08-16,0856,N21,VIIRS,n,2.0NRT,267.37,9.27,D
26.66642,72.53803,342.67,0.39,0.59,2026-08-16,0858,N21,VIIRS,n,2.0NRT,293.11,4.49,D
27.32211,71.15809,331.95,0.32,0.55,2026-08-16,0858,N21,VIIRS,n,2.0NRT,297.31,1.24,D
23.71148,86.4525,300.44,0.43,0.38,2026-08-16,1945,N21,VIIRS,n,2.0NRT,274.7,1.42,N
23.70859,86.44773,298.14,0.43,0.38,2026-08-16,1945,N21,VIIRS,n,2.0NRT,273.93,0.99,N
23.75659,85.8548,307.66,0.45,0.39,2026-08-16,1945,N21,VIIRS,n,2.0NRT,278.76,2.79,N
23.75303,85.85423,304.48,0.45,0.39,2026-08-16,1945,N21,VIIRS,n,2.0NRT,278.2,1.52,N
23.55814,87.24041,305.45,0.41,0.37,2026-08-16,1945,N21,VIIRS,n,2.0NRT,270.21,0.71,N
23.55757,87.24435,296.81,0.4,0.37,2026-08-16,1945,N21,VIIRS,n,2.0NRT,270.33,0.71,N
23.55419,87.24378,296.68,0.4,0.37,2026-08-16,1945,N21,VIIRS,n,2.0NRT,269.67,0.71,N
23.78634,85.55292,303.98,0.47,0.4,2026-08-16,1945,N21,VIIRS,n,2.0NRT,276.06,0.88,N
23.78091,85.56597,300.19,0.47,0.4,2026-08-16,1945,N21,VIIRS,n,2.0NRT,275.75,0.87,N
23.7797,85.57503,299.88,0.47,0.39,2026-08-16,1945,N21,VIIRS,n,2.0NRT,275.12,1.46,N
23.68196,86.08386,316.5,0.44,0.39,2026-08-16,1945,N21,VIIRS,n,2.0NRT,279.61,2.1,N
23.68079,86.0925,309.97,0.44,0.39,2026-08-16,1945,N21,VIIRS,n,2.0NRT,276.14,1.39,N
23.67433,86.08707,300.96,0.44,0.39,2026-08-16,1945,N21,VIIRS,n,2.0NRT,277.22,1.85,N
23.74472,85.50453,302.03,0.47,0.4,2026-08-16,1945,N21,VIIRS,n,2.0NRT,277.42,0.79,N
23.66669,86.09028,300.02,0.44,0.39,2026-08-16,1945,N21,VIIRS,n,2.0NRT,275.03,0.47,N
23.63182,86.29402,303.6,0.43,0.38,2026-08-16,1945,N21,VIIRS,n,2.0NRT,275.99,0.56,N
23.82553,84.57439,302.71,0.52,0.42,2026-08-16,1945,N21,VIIRS,n,2.0NRT,280.19,1.56,N
23.82172,84.57381,312.73,0.52,0.42,2026-08-16,1945,N21,VIIRS,n,2.0NRT,280.57,2.21,N
23.69549,85.36719,299.67,0.48,0.4,2026-08-16,1945,N21,VIIRS,n,2.0NRT,273.95,1,N
23.71972,85.00926,300.77,0.5,0.41,2026-08-16,1945,N21,VIIRS,n,2.0NRT,278.71,0.81,N
23.64938,85.43539,301.78,0.47,0.4,2026-08-16,1945,N21,VIIRS,n,2.0NRT,267.73,1.23,N
23.64878,85.43997,305.99,0.47,0.4,2026-08-16,1945,N21,VIIRS,n,2.0NRT,268.92,1.23,N
23.64515,85.43939,311.53,0.47,0.4,2026-08-16,1945,N21,VIIRS,n,2.0NRT,267.75,1.23,N
23.61046,85.67487,306.4,0.46,0.39,2026-08-16,1945,N21,VIIRS,n,2.0NRT,285.48,1.15,N
22.943,85.96716,299.72,0.44,0.38,2026-08-16,1945,N21,VIIRS,n,2.0NRT,275.76,0.48,N
23.80384,86.32544,299.72,0.43,0.38,2026-08-16,1945,N21,VIIRS,n,2.0NRT,270.99,0.64,N
27.60651,95.3998,306.05,0.56,0.43,2026-08-16,1945,N21,VIIRS,n,2.0NRT,286.01,1.33,N
25.03663,87.39027,306.75,0.41,0.37,2026-08-16,1945,N21,VIIRS,n,2.0NRT,278.08,1.15,N
23.78436,87.08208,298.61,0.41,0.37,2026-08-16,1945,N21,VIIRS,n,2.0NRT,277.82,1.1,N
23.80443,86.32117,296.07,0.44,0.38,2026-08-16,1945,N21,VIIRS,n,2.0NRT,268.39,0.64,N
23.80324,86.32969,301.39,0.43,0.38,2026-08-16,1945,N21,VIIRS,n,2.0NRT,271.54,0.97,N
23.80093,86.32062,295.85,0.44,0.38,2026-08-16,1945,N21,VIIRS,n,2.0NRT,270.62,0.64,N
23.78059,86.20853,309.33,0.44,0.38,2026-08-16,1945,N21,VIIRS,n,2.0NRT,278.21,1.8,N
23.78,86.21283,308.95,0.44,0.38,2026-08-16,1945,N21,VIIRS,n,2.0NRT,276.91,1.3,N
23.77708,86.20795,302.66,0.44,0.38,2026-08-16,1945,N21,VIIRS,n,2.0NRT,278.09,1.66,N
23.77124,86.19823,306.72,0.44,0.38,2026-08-16,1945,N21,VIIRS,n,2.0NRT,277.76,1.31,N
23.77694,85.99603,304,0.45,0.39,2026-08-16,1945,N21,VIIRS,n,2.0NRT,281.01,1.29,N
17.60533,83.20322,304.52,0.52,0.42,2026-08-16,1947,N21,VIIRS,n,2.0NRT,281.01,1.92,N
17.60915,83.20374,313.98,0.52,0.42,2026-08-16,1947,N21,VIIRS,n,2.0NRT,280.71,1.92,N
15.17715,76.65617,297.93,0.43,0.62,2026-08-16,1949,N21,VIIRS,n,2.0NRT,269.87,1.88,N
9.11447,78.39108,315.86,0.54,0.51,2026-08-16,1949,N21,VIIRS,n,2.0NRT,291.54,5.24,N
9.11096,78.39349,314.8,0.54,0.51,2026-08-16,1949,N21,VIIRS,n,2.0NRT,291.48,4.95,N
15.18195,76.6647,296.28,0.43,0.62,2026-08-16,1949,N21,VIIRS,n,2.0NRT,269.91,1.99,N
27.08006,73.81753,306.1,0.32,0.55,2026-08-16,2123,N21,VIIRS,n,2.0NRT,289.66,0.76,N
31.25765,76.92495,305.34,0.4,0.6,2026-08-16,2125,N21,VIIRS,n,2.0NRT,287.95,0.88,N
30.31607,74.10844,306.72,0.57,0.52,2026-08-16,2125,N21,VIIRS,n,2.0NRT,293.38,1.19,N
15.65921,73.99104,300.34,0.57,0.69,2026-08-16,2127,N21,VIIRS,n,2.0NRT,286.55,2.43,N
13.83939,79.28998,353.64,0.37,0.58,2026-08-17,0835,N21,VIIRS,n,2.0NRT,282.12,9.85,D
13.8013,76.19715,329.29,0.45,0.47,2026-08-17,0835,N21,VIIRS,n,2.0NRT,280.06,3.24,D
13.79972,76.19382,334.03,0.45,0.47,2026-08-17,0835,N21,VIIRS,n,2.0NRT,280.2,3.27,D
9.24176,77.44679,341.82,0.48,0.48,2026-08-17,0835,N21,VIIRS,n,2.0NRT,296.61,5.09,D
10.03546,78.13702,337.73,0.54,0.51,2026-08-17,0835,N21,VIIRS,n,2.0NRT,298.43,6.1,D
22.92817,70.10563,336.46,0.42,0.37,2026-08-17,0837,N21,VIIRS,n,2.0NRT,300.52,7.37,D
27.031,94.89075,309.57,0.38,0.36,2026-08-17,1923,N21,VIIRS,n,2.0NRT,289.41,1.18,N
13.16142,80.28265,304.07,0.49,0.65,2026-08-17,1928,N21,VIIRS,n,2.0NRT,287.6,3.98,N
10.35987,77.14751,327.12,0.73,0.76,2026-08-17,1930,N21,VIIRS,n,2.0NRT,286.32,6.74,N
10.35939,77.14571,296.3,0.74,0.76,2026-08-17,1930,N21,VIIRS,n,2.0NRT,284.66,5.3,N
10.35903,77.1489,319.67,0.74,0.76,2026-08-17,1930,N21,VIIRS,n,2.0NRT,286.21,6.91,N
24.65676,73.87511,298.79,0.57,0.43,2026-08-17,2106,N21,VIIRS,n,2.0NRT,286.3,1.59,N
26.87534,73.51603,306.1,0.5,0.41,2026-08-17,2106,N21,VIIRS,n,2.0NRT,294.46,1.97,N
24.69074,73.00394,303.84,0.51,0.41,2026-08-17,2106,N21,VIIRS,n,2.0NRT,292.14,1.37,N
21.10417,72.63689,314.85,0.55,0.43,2026-08-17,2108,N21,VIIRS,n,2.0NRT,286.34,3.49,N
18.80348,74.25902,305.8,0.5,0.49,2026-08-17,2108,N21,VIIRS,n,2.0NRT,286.35,1.36,N
18.95518,73.94185,317.44,0.48,0.48,2026-08-17,2108,N21,VIIRS,n,2.0NRT,284.94,4.07,N
8.74016,78.05225,338.98,0.42,0.37,2026-08-18,0816,N21,VIIRS,l,2.0NRT,310.04,8.91,D
8.79578,77.95259,339.91,0.41,0.37,2026-08-18,0816,N21,VIIRS,n,2.0NRT,309.78,2.07,D
8.75613,77.47073,335.69,0.4,0.37,2026-08-18,0816,N21,VIIRS,l,2.0NRT,307.87,3.22,D
8.86771,78.15748,336.8,0.42,0.38,2026-08-18,0816,N21,VIIRS,n,2.0NRT,306.04,6.09,D
8.82405,77.53445,337.3,0.4,0.37,2026-08-18,0816,N21,VIIRS,n,2.0NRT,306.47,2.98,D
8.88104,77.79141,346.42,0.41,0.37,2026-08-18,0816,N21,VIIRS,n,2.0NRT,309.68,14.99,D
8.94777,77.65709,339.88,0.41,0.37,2026-08-18,0816,N21,VIIRS,n,2.0NRT,307.83,3.06,D
8.94722,77.65343,336.49,0.41,0.37,2026-08-18,0816,N21,VIIRS,l,2.0NRT,308.69,3.06,D
9.00249,77.50302,336.85,0.4,0.37,2026-08-18,0816,N21,VIIRS,n,2.0NRT,306.51,2.49,D
9.2184,78.6481,337.96,0.44,0.39,2026-08-18,0816,N21,VIIRS,n,2.0NRT,303.79,10.25,D
9.27162,78.79281,338.38,0.45,0.39,2026-08-18,0816,N21,VIIRS,n,2.0NRT,304.73,4.59,D
9.33808,78.25658,345.42,0.43,0.38,2026-08-18,0816,N21,VIIRS,n,2.0NRT,312.7,20.06,D
9.27322,77.54752,339.11,0.41,0.37,2026-08-18,0816,N21,VIIRS,l,2.0NRT,309.76,5.64,D
9.31469,77.47774,341.65,0.4,0.37,2026-08-18,0816,N21,VIIRS,n,2.0NRT,311.2,8.24,D
9.31806,77.47723,341.94,0.4,0.37,2026-08-18,0816,N21,VIIRS,n,2.0NRT,313.03,8.24,D
9.3862,77.38913,345.19,0.4,0.37,2026-08-18,0816,N21,VIIRS,n,2.0NRT,309.38,5.73,D
9.52024,78.23438,339.51,0.43,0.38,2026-08-18,0816,N21,VIIRS,n,2.0NRT,308.66,4.29,D
9.51968,78.23049,354.26,0.43,0.38,2026-08-18,0816,N21,VIIRS,n,2.0NRT,309.04,4.29,D
9.51911,78.22663,338.14,0.43,0.38,2026-08-18,0816,N21,VIIRS,n,2.0NRT,307.81,3.37,D
9.51855,78.22275,338.13,0.43,0.38,2026-08-18,0816,N21,VIIRS,n,2.0NRT,307.69,3.37,D
9.52314,78.22998,346.02,0.43,0.38,2026-08-18,0816,N21,VIIRS,n,2.0NRT,309.9,4.29,D
9.52258,78.2261,342.9,0.43,0.38,2026-08-18,0816,N21,VIIRS,n,2.0NRT,308,3.37,D
9.52202,78.22223,355.27,0.43,0.38,2026-08-18,0816,N21,VIIRS,l,2.0NRT,308.62,3.37,D
9.52605,78.22559,351.49,0.43,0.38,2026-08-18,0816,N21,VIIRS,n,2.0NRT,308.63,5.78,D
9.52549,78.22171,348.73,0.43,0.38,2026-08-18,0816,N21,VIIRS,n,2.0NRT,308.93,5.78,D
9.44497,77.50709,334.97,0.41,0.37,2026-08-18,0816,N21,VIIRS,l,2.0NRT,307.68,3.29,D
9.57502,78.31775,346.04,0.43,0.38,2026-08-18,0816,N21,VIIRS,n,2.0NRT,304.92,8.2,D
9.57445,78.31384,341.46,0.43,0.38,2026-08-18,0816,N21,VIIRS,n,2.0NRT,304.39,4.52,D
9.57388,78.30993,339.87,0.43,0.38,2026-08-18,0816,N21,VIIRS,n,2.0NRT,305.08,4.52,D
9.58084,78.3089,338.78,0.43,0.38,2026-08-18,0816,N21,VIIRS,n,2.0NRT,305.32,6.77,D
9.83649,78.466,336.28,0.44,0.39,2026-08-18,0816,N21,VIIRS,n,2.0NRT,302.95,3.48,D
9.97945,79.0864,337.5,0.47,0.4,2026-08-18,0816,N21,VIIRS,n,2.0NRT,301.04,1.42,D
9.94499,78.7189,345.34,0.45,0.39,2026-08-18,0816,N21,VIIRS,n,2.0NRT,303.91,3.75,D
9.94439,78.71479,342.61,0.45,0.39,2026-08-18,0816,N21,VIIRS,n,2.0NRT,303.33,3.75,D
9.94795,78.71426,339.63,0.45,0.39,2026-08-18,0816,N21,VIIRS,n,2.0NRT,303.02,3.75,D
10.08933,79.01897,337.66,0.47,0.4,2026-08-18,0816,N21,VIIRS,n,2.0NRT,304.58,4.38,D
9.96622,78.06999,334.38,0.43,0.38,2026-08-18,0816,N21,VIIRS,n,2.0NRT,302.78,2.89,D
9.99415,78.07372,339.1,0.43,0.38,2026-08-18,0816,N21,VIIRS,n,2.0NRT,307.49,5.2,D
10.10702,78.53771,335.82,0.45,0.39,2026-08-18,0816,N21,VIIRS,n,2.0NRT,302.42,3.8,D
10.20446,78.83449,336.57,0.46,0.39,2026-08-18,0816,N21,VIIRS,n,2.0NRT,305.2,5.11,D
10.12364,77.9013,337.46,0.42,0.38,2026-08-18,0816,N21,VIIRS,l,2.0NRT,308.95,6.96,D
10.10463,77.69885,343.44,0.42,0.37,2026-08-18,0816,N21,VIIRS,n,2.0NRT,305.52,11.17,D
10.50352,79.42883,337.6,0.5,0.41,2026-08-18,0816,N21,VIIRS,n,2.0NRT,302.37,4.35,D
10.55074,79.59185,339.79,0.51,0.41,2026-08-18,0816,N21,VIIRS,n,2.0NRT,303.18,9.65,D
10.47384,78.95833,330.34,0.47,0.4,2026-08-18,0816,N21,VIIRS,l,2.0NRT,300.46,1.15,D
10.56157,79.44977,336.39,0.5,0.41,2026-08-18,0816,N21,VIIRS,n,2.0NRT,303.88,9.6,D
10.60196,79.33324,333.99,0.5,0.41,2026-08-18,0816,N21,VIIRS,n,2.0NRT,301.31,2.86,D
10.60031,79.33021,336.51,0.5,0.41,2026-08-18,0816,N21,VIIRS,n,2.0NRT,303.52,3.94,D
10.78029,79.6581,347.67,0.52,0.41,2026-08-18,0816,N21,VIIRS,n,2.0NRT,304.61,16.8,D
10.51628,77.66093,345.72,0.42,0.37,2026-08-18,0816,N21,VIIRS,n,2.0NRT,306.56,8.8,D
10.80497,79.66894,337.91,0.52,0.41,2026-08-18,0816,N21,VIIRS,n,2.0NRT,301.98,3.94,D
10.72695,78.74613,339.14,0.46,0.39,2026-08-18,0816,N21,VIIRS,n,2.0NRT,303.16,7.34,D
10.79064,79.03044,339.71,0.48,0.4,2026-08-18,0816,N21,VIIRS,n,2.0NRT,305.43,12,D
10.77713,78.64549,334.53,0.46,0.39,2026-08-18,0816,N21,VIIRS,n,2.0NRT,302.12,3.61,D
11.00285,79.80775,334.54,0.53,0.42,2026-08-18,0816,N21,VIIRS,n,2.0NRT,299.87,4,D
11.00132,79.80522,334.94,0.53,0.42,2026-08-18,0816,N21,VIIRS,n,2.0NRT,299.72,2.77,D
10.90672,78.53823,342.43,0.46,0.39,2026-08-18,0816,N21,VIIRS,n,2.0NRT,300.87,7.58,D
10.94335,78.44159,338.42,0.45,0.39,2026-08-18,0816,N21,VIIRS,n,2.0NRT,303.11,5.07,D
11.02236,78.84486,339.64,0.47,0.4,2026-08-18,0816,N21,VIIRS,n,2.0NRT,299.45,6.18,D
10.87752,77.78307,338.59,0.42,0.38,2026-08-18,0816,N21,VIIRS,n,2.0NRT,301.43,3.77,D
10.98373,78.245,338.95,0.44,0.39,2026-08-18,0816,N21,VIIRS,n,2.0NRT,303.35,7.09,D
11.1788,79.24069,331.52,0.5,0.41,2026-08-18,0816,N21,VIIRS,n,2.0NRT,296.73,3.13,D
11.12323,78.68747,341.71,0.47,0.39,2026-08-18,0816,N21,VIIRS,n,2.0NRT,304.01,11.37,D
11.04446,77.91675,347.55,0.43,0.38,2026-08-18,0816,N21,VIIRS,n,2.0NRT,302.18,8.44,D
11.14468,78.58139,343.39,0.46,0.39,2026-08-18,0816,N21,VIIRS,n,2.0NRT,303.98,6.13,D
11.21398,78.13076,342.98,0.44,0.38,2026-08-18,0816,N21,VIIRS,n,2.0NRT,306.1,13.42,D
11.45509,79.44886,333.17,0.51,0.41,2026-08-18,0816,N21,VIIRS,n,2.0NRT,299.03,3.69,D
11.47091,78.7398,336.52,0.47,0.4,2026-08-18,0816,N21,VIIRS,n,2.0NRT,301.87,2.9,D
11.35102,77.54483,340.72,0.42,0.38,2026-08-18,0816,N21,VIIRS,n,2.0NRT,303.19,8.73,D
11.69411,78.67997,339.28,0.47,0.4,2026-08-18,0816,N21,VIIRS,n,2.0NRT,293.29,11.29,D
11.69771,78.67934,330.63,0.47,0.4,2026-08-18,0816,N21,VIIRS,n,2.0NRT,294.82,46.2,D
11.65042,78.09669,330.36,0.44,0.39,2026-08-18,0816,N21,VIIRS,n,2.0NRT,299.96,2,D
11.84067,79.0536,335.6,0.49,0.41,2026-08-18,0816,N21,VIIRS,n,2.0NRT,292.23,3.63,D
11.85452,78.7256,342.68,0.48,0.4,2026-08-18,0816,N21,VIIRS,n,2.0NRT,297.23,15.32,D
11.97706,78.90929,333.62,0.49,0.4,2026-08-18,0816,N21,VIIRS,n,2.0NRT,293.64,6.83,D
12.21201,79.72424,333.1,0.54,0.42,2026-08-18,0816,N21,VIIRS,n,2.0NRT,297.22,2.57,D
12.51428,80.06317,337.69,0.38,0.43,2026-08-18,0816,N21,VIIRS,n,2.0NRT,297,3.75,D
12.51825,80.06261,343.53,0.38,0.43,2026-08-18,0816,N21,VIIRS,n,2.0NRT,295.02,4.32,D
12.21527,76.73492,332.83,0.4,0.37,2026-08-18,0816,N21,VIIRS,n,2.0NRT,296.83,1.72,D
12.3312,76.78513,334.66,0.4,0.37,2026-08-18,0816,N21,VIIRS,n,2.0NRT,296.79,3.38,D
12.57514,76.66086,336.42,0.4,0.37,2026-08-18,0816,N21,VIIRS,n,2.0NRT,295.43,4.91,D
12.78902,77.06596,334.04,0.41,0.37,2026-08-18,0816,N21,VIIRS,n,2.0NRT,296.73,3.01,D
13.17715,78.80562,332.46,0.5,0.41,2026-08-18,0816,N21,VIIRS,n,2.0NRT,287.87,7.28,D
13.2674,78.15524,334.54,0.46,0.39,2026-08-18,0816,N21,VIIRS,n,2.0NRT,296.18,4.26,D
13.37138,78.61485,335.28,0.49,0.4,2026-08-18,0816,N21,VIIRS,n,2.0NRT,293.83,3.76,D
9.57736,78.30942,342.87,0.43,0.38,2026-08-18,0816,N21,VIIRS,n,2.0NRT,304.24,4.52,D
8.50197,77.86375,339.94,0.41,0.37,2026-08-18,0816,N21,VIIRS,l,2.0NRT,311.27,14.87,D
8.62125,77.95941,334.1,0.41,0.37,2026-08-18,0816,N21,VIIRS,l,2.0NRT,307.95,3.37,D
13.82595,79.28137,346.03,0.54,0.42,2026-08-18,0818,N21,VIIRS,n,2.0NRT,297.64,12.42,D
13.18419,76.22767,336.3,0.4,0.37,2026-08-18,0818,N21,VIIRS,n,2.0NRT,299.45,3.37,D
13.66248,76.38867,332.38,0.4,0.37,2026-08-18,0818,N21,VIIRS,n,2.0NRT,296.52,2.67,D
13.95422,78.15399,336.75,0.47,0.4,2026-08-18,0818,N21,VIIRS,n,2.0NRT,299.91,2.08,D
13.90555,77.54816,330.75,0.44,0.38,2026-08-18,0818,N21,VIIRS,n,2.0NRT,296.39,3.56,D
13.80109,76.19495,337.36,0.4,0.37,2026-08-18,0818,N21,VIIRS,n,2.0NRT,298.07,4.55,D
14.24791,79.03074,332.04,0.53,0.42,2026-08-18,0818,N21,VIIRS,n,2.0NRT,290.39,3.48,D
14.2471,79.02876,336.91,0.53,0.42,2026-08-18,0818,N21,VIIRS,n,2.0NRT,291.53,3.32,D
14.14881,77.24423,336.94,0.43,0.38,2026-08-18,0818,N21,VIIRS,n,2.0NRT,299.55,2.81,D
14.15228,77.2437,337.29,0.43,0.38,2026-08-18,0818,N21,VIIRS,n,2.0NRT,299.27,2.81,D
14.15172,77.23974,336.44,0.43,0.38,2026-08-18,0818,N21,VIIRS,n,2.0NRT,299.78,4.77,D
14.1506,77.23183,344.31,0.43,0.38,2026-08-18,0818,N21,VIIRS,n,2.0NRT,299.27,5.29,D
14.15406,77.2313,342.85,0.43,0.38,2026-08-18,0818,N21,VIIRS,n,2.0NRT,298.92,3.81,D
14.1535,77.22734,335.47,0.43,0.38,2026-08-18,0818,N21,VIIRS,n,2.0NRT,299.24,3.81,D
14.28449,77.43665,338.21,0.44,0.38,2026-08-18,0818,N21,VIIRS,n,2.0NRT,300.56,6.07,D
14.288,77.43612,342.89,0.44,0.38,2026-08-18,0818,N21,VIIRS,n,2.0NRT,299.62,6.07,D
14.4102,78.20934,337.1,0.48,0.4,2026-08-18,0818,N21,VIIRS,n,2.0NRT,294.02,6.66,D
14.30259,77.43807,340.33,0.44,0.38,2026-08-18,0818,N21,VIIRS,n,2.0NRT,297.94,7.33,D
14.86726,79.52043,330.19,0.57,0.43,2026-08-18,0818,N21,VIIRS,n,2.0NRT,282.24,3.58,D
15.08577,76.082,331.41,0.4,0.37,2026-08-18,0818,N21,VIIRS,n,2.0NRT,296.3,2.09,D
18.46759,74.2318,333.29,0.39,0.36,2026-08-18,0818,N21,VIIRS,n,2.0NRT,298.87,3.92,D
27.6057,95.40222,307.84,0.49,0.41,2026-08-18,1906,N21,VIIRS,n,2.0NRT,290.42,1.4,N
27.46843,95.42434,306.82,0.49,0.4,2026-08-18,1906,N21,VIIRS,n,2.0NRT,290.68,0.58,N
27.45964,95.47533,309.32,0.49,0.4,2026-08-18,1906,N21,VIIRS,n,2.0NRT,290.29,1.64,N
27.32405,95.27495,313.61,0.5,0.41,2026-08-18,1906,N21,VIIRS,n,2.0NRT,291,1.25,N
28.37118,77.22666,309.32,0.43,0.38,2026-08-18,2046,N21,VIIRS,n,2.0NRT,291.63,2.47,N
21.11055,72.63491,304.04,0.38,0.36,2026-08-18,2046,N21,VIIRS,n,2.0NRT,291.02,2.07,N
28.77098,77.56678,309.81,0.44,0.38,2026-08-18,2046,N21,VIIRS,n,2.0NRT,285.72,1.1,N
27.52979,77.66254,329.59,0.46,0.39,2026-08-18,2046,N21,VIIRS,n,2.0NRT,291.77,6.28,N
27.66689,76.13504,302.42,0.41,0.37,2026-08-18,2046,N21,VIIRS,n,2.0NRT,288.35,0.69,N
27.79099,75.33077,305.17,0.39,0.36,2026-08-18,2046,N21,VIIRS,n,2.0NRT,294.07,0.99,N
27.28793,73.83944,306.99,0.38,0.36,2026-08-18,2046,N21,VIIRS,n,2.0NRT,294.12,1,N
26.25689,74.0946,305.94,0.38,0.36,2026-08-18,2049,N21,VIIRS,n,2.0NRT,286.2,0.88,N
11.81033,77.92142,305.99,0.57,0.52,2026-08-18,2049,N21,VIIRS,n,2.0NRT,289.27,3.21,N
8.66845,77.99213,309.6,0.33,0.55,2026-08-18,2051,N21,VIIRS,n,2.0NRT,291.55,0.69,N
9.31414,77.44081,310.19,0.58,0.52,2026-08-18,2051,N21,VIIRS,n,2.0NRT,291.21,4.48,N
11.02996,76.90656,307.91,0.5,0.49,2026-08-18,2051,N21,VIIRS,n,2.0NRT,286.09,1.58,N
27.82257,95.50542,332.09,0.41,0.45,2026-08-19,0622,N21,VIIRS,n,2.0NRT,289.61,4.27,D
10.96018,76.78088,331.84,0.48,0.4,2026-08-19,0758,N21,VIIRS,n,2.0NRT,296.12,5.99,D
9.38254,78.68787,337.2,0.41,0.37,2026-08-19,0758,N21,VIIRS,l,2.0NRT,302.15,4.57,D
8.88693,78.10458,335.91,0.44,0.38,2026-08-19,0758,N21,VIIRS,l,2.0NRT,302.4,9.25,D
8.88492,78.10483,336.28,0.44,0.38,2026-08-19,0758,N21,VIIRS,l,2.0NRT,303.21,7.56,D
9.36143,78.66453,340.4,0.41,0.37,2026-08-19,0758,N21,VIIRS,l,2.0NRT,303.02,8.62,D
9.49461,78.04112,342.19,0.44,0.38,2026-08-19,0758,N21,VIIRS,l,2.0NRT,304.09,14.71,D
10.95938,76.78011,331.65,0.48,0.4,2026-08-19,0758,N21,VIIRS,n,2.0NRT,295.71,5.83,D
20.96184,86.00768,330.47,0.59,0.53,2026-08-19,0801,N21,VIIRS,n,2.0NRT,286.25,7.16,D
27.37795,95.08804,304.48,0.32,0.55,2026-08-19,1845,N21,VIIRS,n,2.0NRT,285.09,0.58,N
26.77066,94.50631,308.8,0.35,0.56,2026-08-19,1845,N21,VIIRS,n,2.0NRT,287.51,1.52,N
27.32586,95.27505,304.88,0.63,0.54,2026-08-19,1845,N21,VIIRS,n,2.0NRT,280.26,3.36,N
31.24827,76.92823,305.05,0.44,0.38,2026-08-19,2025,N21,VIIRS,n,2.0NRT,289.04,0.76,N
22.7908,86.1967,310.77,0.6,0.53,2026-08-19,2027,N21,VIIRS,n,2.0NRT,289.37,3.8,N
29.47554,76.85881,304.25,0.42,0.38,2026-08-19,2027,N21,VIIRS,n,2.0NRT,280.44,0.93,N
23.66281,87.15319,302.53,0.33,0.55,2026-08-19,2027,N21,VIIRS,n,2.0NRT,283.34,1.14,N
23.80446,86.33112,306.85,0.59,0.53,2026-08-19,2027,N21,VIIRS,n,2.0NRT,277.33,3.63,N
23.7949,86.35249,303.64,0.59,0.53,2026-08-19,2027,N21,VIIRS,n,2.0NRT,274.8,3.33,N
23.76379,86.40408,307.13,0.59,0.53,2026-08-19,2027,N21,VIIRS,n,2.0NRT,280.81,4.33,N
23.75904,86.40292,310.23,0.59,0.53,2026-08-19,2027,N21,VIIRS,n,2.0NRT,280.91,4.33,N
23.80087,86.32375,300.02,0.59,0.53,2026-08-19,2027,N21,VIIRS,n,2.0NRT,278.51,0.62,N
23.79503,86.35194,303.87,0.59,0.53,2026-08-19,2027,N21,VIIRS,n,2.0NRT,275.02,2.05,N
23.782,86.34277,301,0.59,0.53,2026-08-19,2027,N21,VIIRS,n,2.0NRT,277.71,0.8,N
23.78083,86.34837,301.04,0.59,0.53,2026-08-19,2027,N21,VIIRS,n,2.0NRT,275.51,2.27,N
23.77258,86.36404,305,0.59,0.53,2026-08-19,2027,N21,VIIRS,n,2.0NRT,282.37,1.65,N
23.76667,86.3924,300.94,0.59,0.53,2026-08-19,2027,N21,VIIRS,n,2.0NRT,280.81,4.66,N
23.76431,86.40368,308.02,0.59,0.53,2026-08-19,2027,N21,VIIRS,n,2.0NRT,280.76,2.48,N
23.75956,86.40249,309.02,0.59,0.53,2026-08-19,2027,N21,VIIRS,n,2.0NRT,281.88,2.48,N
23.73811,86.43312,312.99,0.6,0.53,2026-08-19,2027,N21,VIIRS,n,2.0NRT,283.7,6.07,N
23.7806,86.2069,313.86,0.58,0.52,2026-08-19,2027,N21,VIIRS,n,2.0NRT,285.35,3.24,N
23.77945,86.21242,307.59,0.58,0.52,2026-08-19,2027,N21,VIIRS,n,2.0NRT,285.49,3.24,N
23.56305,87.08371,299.13,0.33,0.55,2026-08-19,2027,N21,VIIRS,n,2.0NRT,281.54,2.02,N
23.51684,87.27125,305.73,0.34,0.56,2026-08-19,2027,N21,VIIRS,n,2.0NRT,287.18,3.24,N
23.69736,86.07976,299.58,0.57,0.52,2026-08-19,2027,N21,VIIRS,n,2.0NRT,269.38,1.08,N
23.8231,84.57227,304.64,0.46,0.47,2026-08-19,2027,N21,VIIRS,n,2.0NRT,288.22,1.34,N
22.94316,85.96852,302.4,0.58,0.52,2026-08-19,2027,N21,VIIRS,n,2.0NRT,288.57,1.22,N
22.87371,86.06281,309.15,0.59,0.53,2026-08-19,2027,N21,VIIRS,n,2.0NRT,289.27,4.38,N
22.78961,86.20239,307.71,0.6,0.53,2026-08-19,2027,N21,VIIRS,n,2.0NRT,288.96,2.33,N
22.78841,86.2081,302.64,0.6,0.53,2026-08-19,2027,N21,VIIRS,n,2.0NRT,289.28,2.33,N
22.78364,86.20684,311.14,0.6,0.53,2026-08-19,2027,N21,VIIRS,n,2.0NRT,288.91,2.33,N
22.37474,87.27907,325.07,0.36,0.57,2026-08-19,2027,N21,VIIRS,n,2.0NRT,287.01,4.04,N
22.3755,87.27567,308.33,0.36,0.57,2026-08-19,2027,N21,VIIRS,n,2.0NRT,286.99,2.38,N
22.3643,87.30159,313.09,0.36,0.57,2026-08-19,2027,N21,VIIRS,n,2.0NRT,285.95,3.31,N
22.37883,87.28122,322.85,0.36,0.57,2026-08-19,2027,N21,VIIRS,n,2.0NRT,286.54,3.48,N
22.37956,87.2778,318.52,0.36,0.57,2026-08-19,2027,N21,VIIRS,n,2.0NRT,286.8,2.95,N
22.36413,87.29903,304.74,0.36,0.57,2026-08-19,2027,N21,VIIRS,n,2.0NRT,285.95,1.58,N
22.3634,87.30245,307.18,0.36,0.57,2026-08-19,2027,N21,VIIRS,n,2.0NRT,285.56,1.58,N
22.35531,87.28946,304.85,0.36,0.57,2026-08-19,2027,N21,VIIRS,n,2.0NRT,286.03,1.62,N
22.36007,87.01799,306.93,0.35,0.56,2026-08-19,2027,N21,VIIRS,n,2.0NRT,287.5,1.92,N
22.57461,85.8969,305.7,0.58,0.52,2026-08-19,2027,N21,VIIRS,n,2.0NRT,288.65,2.16,N
22.24621,87.38834,305.74,0.37,0.58,2026-08-19,2027,N21,VIIRS,n,2.0NRT,280.88,0.81,N
22.57429,85.89625,309.85,0.58,0.52,2026-08-19,2027,N21,VIIRS,n,2.0NRT,288.3,3.17,N
22.24631,87.38953,302.36,0.37,0.58,2026-08-19,2027,N21,VIIRS,n,2.0NRT,280.59,0.2,N
22.05219,88.1251,313.64,0.41,0.61,2026-08-19,2027,N21,VIIRS,n,2.0NRT,285.13,3.45,N
20.95032,86.04649,314.01,0.32,0.55,2026-08-19,2029,N21,VIIRS,n,2.0NRT,288.43,2.18,N
17.95848,80.78828,324.37,0.52,0.41,2026-08-19,2029,N21,VIIRS,n,2.0NRT,288.81,4.28,N
17.95761,80.79309,330.42,0.52,0.41,2026-08-19,2029,N21,VIIRS,n,2.0NRT,289.71,5.58,N
17.95841,80.78658,325.33,0.52,0.41,2026-08-19,2029,N21,VIIRS,n,2.0NRT,288.71,2.92,N
17.95672,80.79622,325.58,0.52,0.41,2026-08-19,2029,N21,VIIRS,n,2.0NRT,287.88,3.3,N
17.95757,80.7914,307.04,0.52,0.41,2026-08-19,2029,N21,VIIRS,n,2.0NRT,289.13,2.92,N
21.00181,86.02744,304.39,0.32,0.54,2026-08-19,2029,N21,VIIRS,n,2.0NRT,288.32,1.87,N
20.99883,86.01723,303.7,0.32,0.54,2026-08-19,2029,N21,VIIRS,n,2.0NRT,288.47,1.16,N
21.00072,86.02725,305.34,0.32,0.55,2026-08-19,2029,N21,VIIRS,n,2.0NRT,288.28,0.72,N
20.99829,86.01398,312.3,0.32,0.54,2026-08-19,2029,N21,VIIRS,n,2.0NRT,288.23,1.72,N
20.99767,86.017,304.18,0.32,0.54,2026-08-19,2029,N21,VIIRS,n,2.0NRT,288.34,1.18,N
20.96764,86.01283,341.73,0.32,0.54,2026-08-19,2029,N21,VIIRS,n,2.0NRT,289.2,2.99,N
20.9695,86.00383,305.74,0.32,0.54,2026-08-19,2029,N21,VIIRS,n,2.0NRT,288.9,0.97,N
20.96462,86.00256,306.47,0.32,0.54,2026-08-19,2029,N21,VIIRS,n,2.0NRT,288.86,0.97,N
20.96274,86.0116,308.79,0.32,0.54,2026-08-19,2029,N21,VIIRS,n,2.0NRT,288.59,2.99,N
20.96212,86.01457,303.95,0.32,0.55,2026-08-19,2029,N21,VIIRS,n,2.0NRT,288.19,3.42,N
20.95094,86.0435,319.75,0.32,0.55,2026-08-19,2029,N21,VIIRS,n,2.0NRT,288.39,2.18,N
17.98248,80.82807,304.47,0.52,0.41,2026-08-19,2029,N21,VIIRS,n,2.0NRT,287.66,2.05,N
20.94967,86.04959,307.92,0.32,0.55,2026-08-19,2029,N21,VIIRS,n,2.0NRT,288.26,1.72,N
20.97748,85.16819,307.85,0.56,0.52,2026-08-19,2029,N21,VIIRS,n,2.0NRT,288.09,2.25,N
20.97639,85.17344,307.23,0.56,0.52,2026-08-19,2029,N21,VIIRS,n,2.0NRT,287.96,1.88,N
20.97935,85.13543,313.09,0.56,0.51,2026-08-19,2029,N21,VIIRS,n,2.0NRT,288.38,5.2,N
20.97175,85.17229,315.94,0.56,0.52,2026-08-19,2029,N21,VIIRS,n,2.0NRT,288.47,3.41,N
20.97067,85.17754,312.37,0.56,0.52,2026-08-19,2029,N21,VIIRS,n,2.0NRT,288.16,3.41,N
20.96711,85.17114,328.2,0.56,0.52,2026-08-19,2029,N21,VIIRS,n,2.0NRT,288.78,3.41,N
20.96382,85.18706,330.59,0.56,0.52,2026-08-19,2029,N21,VIIRS,n,2.0NRT,288.87,4.67,N
20.96602,85.1764,309.77,0.56,0.52,2026-08-19,2029,N21,VIIRS,n,2.0NRT,288.43,3.41,N
20.96493,85.1817,310.11,0.56,0.52,2026-08-19,2029,N21,VIIRS,n,2.0NRT,288.39,4.67,N
20.96356,85.16472,323.89,0.56,0.52,2026-08-19,2029,N21,VIIRS,n,2.0NRT,288.95,4.4,N
20.96247,85.17,313.47,0.56,0.52,2026-08-19,2029,N21,VIIRS,n,2.0NRT,288.86,5.18,N
20.96918,85.17496,342.47,0.56,0.52,2026-08-19,2029,N21,VIIRS,n,2.0NRT,289.12,5.96,N
20.97758,85.13268,312.39,0.56,0.52,2026-08-19,2029,N21,VIIRS,n,2.0NRT,288.76,3.66,N
20.96558,85.16853,323.35,0.56,0.52,2026-08-19,2029,N21,VIIRS,n,2.0NRT,288.44,8.27,N
20.96241,85.18444,327.9,0.57,0.52,2026-08-19,2029,N21,VIIRS,n,2.0NRT,288.8,4.95,N
20.96873,85.1527,308.23,0.56,0.52,2026-08-19,2029,N21,VIIRS,n,2.0NRT,288.16,2.12,N
20.96453,85.1738,310.19,0.56,0.52,2026-08-19,2029,N21,VIIRS,n,2.0NRT,288.44,5.96,N
20.96134,85.18983,314.1,0.57,0.52,2026-08-19,2029,N21,VIIRS,n,2.0NRT,288.67,4.95,N
20.96094,85.16736,308.04,0.56,0.52,2026-08-19,2029,N21,VIIRS,n,2.0NRT,288.57,2.2,N
20.95988,85.17266,304.86,0.56,0.52,2026-08-19,2029,N21,VIIRS,n,2.0NRT,288.3,1.71,N
20.88644,84.98445,330.03,0.55,0.51,2026-08-19,2029,N21,VIIRS,n,2.0NRT,288.59,4.04,N
20.88752,84.97923,317.33,0.55,0.51,2026-08-19,2029,N21,VIIRS,n,2.0NRT,288.37,4.04,N
20.88902,84.97868,309.65,0.55,0.51,2026-08-19,2029,N21,VIIRS,n,2.0NRT,288.05,2.75,N
20.88798,84.98393,318.63,0.55,0.51,2026-08-19,2029,N21,VIIRS,n,2.0NRT,288.05,3.33,N
20.8834,84.98273,312.96,0.55,0.51,2026-08-19,2029,N21,VIIRS,n,2.0NRT,288.69,3.33,N
20.86646,84.99509,307.84,0.55,0.51,2026-08-19,2029,N21,VIIRS,n,2.0NRT,288.79,2.61,N
20.8629,84.98873,316.21,0.55,0.51,2026-08-19,2029,N21,VIIRS,n,2.0NRT,288.47,2.61,N
20.86184,84.99403,314.66,0.55,0.51,2026-08-19,2029,N21,VIIRS,n,2.0NRT,288.24,2.61,N
20.79439,85.25645,326.47,0.58,0.52,2026-08-19,2029,N21,VIIRS,n,2.0NRT,288.69,5.71,N
20.79549,85.25102,317.46,0.57,0.52,2026-08-19,2029,N21,VIIRS,n,2.0NRT,288.47,5.71,N
20.78388,85.25973,304.54,0.58,0.52,2026-08-19,2029,N21,VIIRS,n,2.0NRT,288.79,2.13,N
20.76206,85.29421,309.18,0.58,0.52,2026-08-19,2029,N21,VIIRS,n,2.0NRT,288.7,2.32,N
17.96787,83.15147,305.75,0.48,0.48,2026-08-19,2029,N21,VIIRS,n,2.0NRT,286.92,1.1,N
15.16805,76.37964,302.05,0.39,0.36,2026-08-19,2032,N21,VIIRS,n,2.0NRT,276.49,1.51,N
11.42396,77.4256,304.77,0.43,0.38,2026-08-19,2032,N21,VIIRS,n,2.0NRT,277.28,1.06,N
8.74104,77.59702,330.52,0.47,0.39,2026-08-19,2032,N21,VIIRS,n,2.0NRT,295.83,17.22,N
8.74035,77.6012,344.45,0.47,0.39,2026-08-19,2032,N21,VIIRS,n,2.0NRT,305.11,27.52,N
8.73967,77.60538,317.62,0.47,0.39,2026-08-19,2032,N21,VIIRS,n,2.0NRT,294.05,27.52,N
8.73676,77.60059,314.17,0.47,0.39,2026-08-19,2032,N21,VIIRS,n,2.0NRT,295.12,3.34,N
8.73922,77.60026,352.24,0.61,0.53,2026-08-20,0737,N21,VIIRS,n,2.0NRT,282.23,8.25,D
9.14139,77.53202,335.88,0.61,0.53,2026-08-20,0737,N21,VIIRS,n,2.0NRT,294.16,3.72,D
9.14298,77.53522,333.19,0.61,0.53,2026-08-20,0737,N21,VIIRS,n,2.0NRT,293.66,6.2,D
9.0671,77.75063,345.56,0.59,0.53,2026-08-20,0737,N21,VIIRS,n,2.0NRT,295.33,10.05,D
9.06641,77.74824,340.86,0.59,0.53,2026-08-20,0737,N21,VIIRS,n,2.0NRT,295.6,13.45,D
8.74019,77.60567,330.51,0.61,0.53,2026-08-20,0737,N21,VIIRS,n,2.0NRT,281.6,8.25,D
16.19041,78.37185,339.8,0.41,0.45,2026-08-20,0739,N21,VIIRS,n,2.0NRT,290.86,5.61,D
15.18291,76.66628,335.93,0.54,0.51,2026-08-20,0739,N21,VIIRS,n,2.0NRT,287.75,8.31,D
17.5076,82.95037,367,0.39,0.36,2026-08-20,0739,N21,VIIRS,h,2.0NRT,299.58,17.21,D
17.51089,82.94982,348.7,0.39,0.36,2026-08-20,0739,N21,VIIRS,l,2.0NRT,298.49,8.97,D
17.53239,83.00151,330.1,0.39,0.36,2026-08-20,0739,N21,VIIRS,l,2.0NRT,300.25,3.38,D
17.60865,83.20535,332.41,0.38,0.36,2026-08-20,0739,N21,VIIRS,n,2.0NRT,298.32,5.91,D
16.97086,77.69366,330.17,0.43,0.46,2026-08-20,0739,N21,VIIRS,n,2.0NRT,295.34,3.18,D
18.64043,74.56492,340.74,0.32,0.55,2026-08-20,0739,N21,VIIRS,n,2.0NRT,293.78,4.3,D
22.37798,87.28054,335,0.56,0.43,2026-08-20,0741,N21,VIIRS,n,2.0NRT,288.97,8.68,D
20.75885,85.29925,332.16,0.43,0.38,2026-08-20,0741,N21,VIIRS,n,2.0NRT,295.81,5.65,D
20.79548,85.25578,335.11,0.43,0.38,2026-08-20,0741,N21,VIIRS,n,2.0NRT,296.34,11.08,D
20.79951,85.25935,331.28,0.43,0.38,2026-08-20,0741,N21,VIIRS,n,2.0NRT,296.26,5.42,D
20.9649,85.1677,334.74,0.43,0.38,2026-08-20,0741,N21,VIIRS,n,2.0NRT,289.33,4.19,D
21.10398,72.64554,367,0.38,0.59,2026-08-20,0741,N21,VIIRS,h,2.0NRT,292.84,12.56,D
21.10167,72.6348,336.17,0.38,0.59,2026-08-20,0741,N21,VIIRS,n,2.0NRT,292.3,7.3,D
23.77916,86.21287,333.94,0.51,0.41,2026-08-20,0741,N21,VIIRS,n,2.0NRT,296.94,5.8,D
23.77984,86.21015,338.66,0.51,0.41,2026-08-20,0741,N21,VIIRS,n,2.0NRT,298.09,9.99,D
23.80199,86.32909,336.98,0.52,0.41,2026-08-20,0741,N21,VIIRS,n,2.0NRT,296.23,6.43,D
23.80139,86.32409,332.78,0.52,0.41,2026-08-20,0741,N21,VIIRS,n,2.0NRT,294.67,6.43,D
30.36296,74.2361,331.16,0.4,0.44,2026-08-20,0744,N21,VIIRS,n,2.0NRT,298.43,2.27,D
29.47335,76.85711,305.34,0.49,0.48,2026-08-20,2008,N21,VIIRS,n,2.0NRT,288.66,3.76,N
29.45779,76.86746,324.8,0.49,0.48,2026-08-20,2008,N21,VIIRS,n,2.0NRT,288.1,11.33,N
28.13022,76.89521,307.03,0.47,0.47,2026-08-20,2008,N21,VIIRS,n,2.0NRT,287.76,0.92,N
28.71263,76.83237,301.89,0.48,0.48,2026-08-20,2008,N21,VIIRS,n,2.0NRT,285.65,1.57,N
28.71234,76.83447,303.17,0.48,0.48,2026-08-20,2008,N21,VIIRS,n,2.0NRT,286.02,2.32,N
28.74317,76.92706,301.97,0.47,0.48,2026-08-20,2008,N21,VIIRS,n,2.0NRT,288.1,2.47,N
29.45455,76.86482,306.95,0.49,0.48,2026-08-20,2008,N21,VIIRS,n,2.0NRT,288.8,4.5,N
29.45899,76.86539,343.34,0.49,0.48,2026-08-20,2008,N21,VIIRS,n,2.0NRT,288.53,13.66,N
33.43012,78.19984,302.75,0.46,0.47,2026-08-20,2008,N21,VIIRS,n,2.0NRT,281.21,1.48,N
27.32581,95.27686,313.3,0.45,0.63,2026-08-20,2008,N21,VIIRS,n,2.0NRT,285.79,1.74,N
27.31682,95.26463,306.24,0.45,0.63,2026-08-20,2008,N21,VIIRS,n,2.0NRT,285.46,1.25,N
29.45827,76.86245,339.56,0.49,0.48,2026-08-20,2008,N21,VIIRS,n,2.0NRT,289.43,11.33,N
26.75916,83.19909,303.84,0.38,0.36,2026-08-20,2008,N21,VIIRS,n,2.0NRT,280.28,1.13,N
23.80141,86.33147,304.54,0.47,0.4,2026-08-20,2010,N21,VIIRS,n,2.0NRT,285.5,1.7,N
24.92798,84.14663,309.02,0.39,0.36,2026-08-20,2010,N21,VIIRS,n,2.0NRT,291.35,3.33,N
24.92358,84.15446,309.65,0.39,0.36,2026-08-20,2010,N21,VIIRS,n,2.0NRT,291.57,2.59,N
23.69586,87.09464,310.56,0.52,0.41,2026-08-20,2010,N21,VIIRS,n,2.0NRT,289.92,2.37,N
23.69402,87.10461,310.53,0.52,0.41,2026-08-20,2010,N21,VIIRS,n,2.0NRT,289.83,2.63,N
23.69309,87.10959,306.56,0.52,0.41,2026-08-20,2010,N21,VIIRS,n,2.0NRT,289.73,1.5,N
23.69217,87.11459,308.03,0.52,0.41,2026-08-20,2010,N21,VIIRS,n,2.0NRT,289.97,1.5,N
23.69119,87.0988,307.7,0.52,0.41,2026-08-20,2010,N21,VIIRS,n,2.0NRT,289.91,3.12,N
23.68657,87.12376,306.1,0.52,0.41,2026-08-20,2010,N21,VIIRS,n,2.0NRT,289.56,2,N
23.6819,87.12791,309.82,0.52,0.41,2026-08-20,2010,N21,VIIRS,n,2.0NRT,289.81,1.37,N
23.66505,87.15543,308.46,0.52,0.41,2026-08-20,2010,N21,VIIRS,n,2.0NRT,290.54,1.8,N
23.66412,87.16042,311.05,0.52,0.41,2026-08-20,2010,N21,VIIRS,n,2.0NRT,290,1.8,N
23.6613,87.1546,318.36,0.52,0.41,2026-08-20,2010,N21,VIIRS,n,2.0NRT,290.45,1.8,N
23.76533,86.40251,309.3,0.48,0.4,2026-08-20,2010,N21,VIIRS,n,2.0NRT,287.56,2.34,N
23.76171,86.40175,326.99,0.48,0.4,2026-08-20,2010,N21,VIIRS,n,2.0NRT,289.94,2.4,N
23.7609,86.40632,302.07,0.48,0.4,2026-08-20,2010,N21,VIIRS,n,2.0NRT,285.87,2.4,N
23.7581,86.40099,314.97,0.48,0.4,2026-08-20,2010,N21,VIIRS,n,2.0NRT,290.15,2.4,N
23.75729,86.40557,315.89,0.48,0.4,2026-08-20,2010,N21,VIIRS,n,2.0NRT,287.86,2.4,N
23.66539,86.91727,309.68,0.51,0.41,2026-08-20,2010,N21,VIIRS,n,2.0NRT,287.72,2.82,N
23.73705,86.43478,312.29,0.48,0.4,2026-08-20,2010,N21,VIIRS,n,2.0NRT,287.16,2.89,N
23.72423,86.42248,309.72,0.48,0.4,2026-08-20,2010,N21,VIIRS,n,2.0NRT,290.33,3.56,N
23.71616,86.42556,306.37,0.48,0.4,2026-08-20,2010,N21,VIIRS,n,2.0NRT,290.44,4.23,N
23.71254,86.42478,305.15,0.48,0.4,2026-08-20,2010,N21,VIIRS,n,2.0NRT,288.87,3.71,N
23.55925,87.24075,311.41,0.53,0.42,2026-08-20,2010,N21,VIIRS,n,2.0NRT,288.16,2.45,N
23.55074,87.24416,303.92,0.53,0.42,2026-08-20,2010,N21,VIIRS,n,2.0NRT,285.57,1.82,N
23.6886,86.39101,315.84,0.48,0.4,2026-08-20,2010,N21,VIIRS,n,2.0NRT,290.84,2.54,N
23.56099,87.08415,313.51,0.52,0.41,2026-08-20,2010,N21,VIIRS,n,2.0NRT,290.18,3.43,N
23.68499,86.39027,305.18,0.48,0.4,2026-08-20,2010,N21,VIIRS,n,2.0NRT,288.39,2.54,N
23.68416,86.39481,311.34,0.48,0.4,2026-08-20,2010,N21,VIIRS,n,2.0NRT,288.93,3.11,N
23.67692,86.39332,305.64,0.48,0.4,2026-08-20,2010,N21,VIIRS,n,2.0NRT,287.99,1.94,N
23.67608,86.39792,306.97,0.48,0.4,2026-08-20,2010,N21,VIIRS,n,2.0NRT,288.01,1.94,N
23.82633,85.49837,305.02,0.44,0.38,2026-08-20,2010,N21,VIIRS,n,2.0NRT,284.8,1.07,N
23.82286,85.49767,305.53,0.44,0.38,2026-08-20,2010,N21,VIIRS,n,2.0NRT,285.43,1.07,N
23.82524,85.49557,301.84,0.44,0.38,2026-08-20,2010,N21,VIIRS,n,2.0NRT,284.86,0.87,N
23.82452,85.4998,302.72,0.44,0.38,2026-08-20,2010,N21,VIIRS,n,2.0NRT,284.85,0.87,N
23.82177,85.49487,304.98,0.44,0.38,2026-08-20,2010,N21,VIIRS,n,2.0NRT,286.16,0.87,N
23.75942,85.85556,309.48,0.45,0.39,2026-08-20,2010,N21,VIIRS,n,2.0NRT,290.62,2.06,N
23.75665,85.85047,309.93,0.45,0.39,2026-08-20,2010,N21,VIIRS,n,2.0NRT,290.4,2.03,N
23.7559,85.85481,313.75,0.45,0.39,2026-08-20,2010,N21,VIIRS,n,2.0NRT,291.47,3.42,N
23.80334,85.5392,303.92,0.44,0.38,2026-08-20,2010,N21,VIIRS,n,2.0NRT,287.55,0.98,N
23.78648,85.55334,317.54,0.44,0.38,2026-08-20,2010,N21,VIIRS,n,2.0NRT,289.69,2.36,N
23.77931,85.57391,306.79,0.44,0.38,2026-08-20,2010,N21,VIIRS,n,2.0NRT,291.13,2.3,N
23.68058,86.09518,309.33,0.46,0.39,2026-08-20,2010,N21,VIIRS,n,2.0NRT,288.29,2.25,N
23.679,86.10411,318.72,0.46,0.39,2026-08-20,2010,N21,VIIRS,n,2.0NRT,289.66,3.68,N
23.74444,85.50512,305.57,0.44,0.38,2026-08-20,2010,N21,VIIRS,n,2.0NRT,289.87,0.87,N
23.55139,86.54254,305.38,0.49,0.4,2026-08-20,2010,N21,VIIRS,n,2.0NRT,286.48,1.88,N
23.69462,85.36964,322.14,0.43,0.38,2026-08-20,2010,N21,VIIRS,n,2.0NRT,291.01,2.69,N
23.66319,85.5509,305.72,0.44,0.38,2026-08-20,2010,N21,VIIRS,n,2.0NRT,290.82,1.52,N
23.69721,85.29251,305.06,0.43,0.38,2026-08-20,2010,N21,VIIRS,n,2.0NRT,290.94,1.33,N
23.69448,85.28766,307.33,0.43,0.38,2026-08-20,2010,N21,VIIRS,n,2.0NRT,291.26,1.44,N
23.73912,85.00741,310.68,0.42,0.38,2026-08-20,2010,N21,VIIRS,n,2.0NRT,288.69,1.92,N
23.65031,85.43877,305.48,0.44,0.38,2026-08-20,2010,N21,VIIRS,n,2.0NRT,290.05,1.2,N
23.64684,85.43806,326.78,0.44,0.38,2026-08-20,2010,N21,VIIRS,n,2.0NRT,290.76,3.8,N
23.72135,85.00805,303.88,0.42,0.38,2026-08-20,2010,N21,VIIRS,n,2.0NRT,288.22,0.94,N
23.66311,84.99789,304.41,0.42,0.38,2026-08-20,2010,N21,VIIRS,n,2.0NRT,288.81,0.61,N
24.7619,74.60608,298.2,0.59,0.53,2026-08-20,2010,N21,VIIRS,n,2.0NRT,276.94,0.52,N
22.87224,86.06081,306.17,0.47,0.4,2026-08-20,2010,N21,VIIRS,n,2.0NRT,284.64,1.14,N
22.79629,86.2084,339.22,0.48,0.4,2026-08-20,2010,N21,VIIRS,n,2.0NRT,290.46,4.63,N
22.79431,86.19839,310.02,0.48,0.4,2026-08-20,2010,N21,VIIRS,n,2.0NRT,290.58,5.16,N
22.79184,86.21223,306.09,0.48,0.4,2026-08-20,2010,N21,VIIRS,n,2.0NRT,289.27,4.63,N
22.79068,86.19763,330.28,0.48,0.4,2026-08-20,2010,N21,VIIRS,n,2.0NRT,291.04,4.25,N
22.78706,86.19686,311.46,0.48,0.4,2026-08-20,2010,N21,VIIRS,n,2.0NRT,289.85,4.25,N
22.06585,83.70532,313.22,0.4,0.37,2026-08-20,2010,N21,VIIRS,n,2.0NRT,289.64,1.34,N
22.04119,83.73617,306.18,0.4,0.37,2026-08-20,2010,N21,VIIRS,n,2.0NRT,290.15,1.59,N
22.0391,83.72788,312.31,0.4,0.37,2026-08-20,2010,N21,VIIRS,n,2.0NRT,289.86,1.42,N
22.03848,83.7317,307.47,0.4,0.37,2026-08-20,2010,N21,VIIRS,n,2.0NRT,289.7,1.63,N
22.01404,83.75465,308.83,0.4,0.37,2026-08-20,2010,N21,VIIRS,n,2.0NRT,287.74,1.7,N
21.96282,83.77252,306.73,0.4,0.37,2026-08-20,2010,N21,VIIRS,n,2.0NRT,288.21,0.97,N
21.8591,83.96842,304.7,0.4,0.37,2026-08-20,2010,N21,VIIRS,n,2.0NRT,291.23,1.31,N
21.79336,83.9878,305.66,0.41,0.37,2026-08-20,2010,N21,VIIRS,n,2.0NRT,291.11,1.61,N
21.80221,83.89371,305.17,0.4,0.37,2026-08-20,2010,N21,VIIRS,n,2.0NRT,290.04,1.19,N
21.80106,83.89022,305.92,0.4,0.37,2026-08-20,2010,N21,VIIRS,n,2.0NRT,288.97,1.43,N
21.76922,84.01998,300.88,0.41,0.37,2026-08-20,2010,N21,VIIRS,n,2.0NRT,290.44,1.59,N
21.76586,84.01934,304.85,0.41,0.37,2026-08-20,2010,N21,VIIRS,n,2.0NRT,290.56,1.82,N
21.75037,83.84077,300.67,0.4,0.37,2026-08-20,2010,N21,VIIRS,n,2.0NRT,288.68,2.1,N
21.74638,83.84399,326.34,0.4,0.37,2026-08-20,2010,N21,VIIRS,n,2.0NRT,289.81,1.82,N
21.74702,83.84013,309.34,0.4,0.37,2026-08-20,2010,N21,VIIRS,n,2.0NRT,289.45,3.43,N
21.74303,83.84335,304.43,0.4,0.37,2026-08-20,2010,N21,VIIRS,n,2.0NRT,288.23,1.82,N
20.97016,86.00092,312.49,0.5,0.41,2026-08-20,2010,N21,VIIRS,n,2.0NRT,283.12,2.74,N
20.95068,86.04578,300.59,0.5,0.41,2026-08-20,2010,N21,VIIRS,n,2.0NRT,270.61,1.14,N
20.94982,86.05055,299.85,0.5,0.41,2026-08-20,2010,N21,VIIRS,n,2.0NRT,268.88,0.86,N
21.10216,72.6443,305.35,0.36,0.57,2026-08-20,2010,N21,VIIRS,n,2.0NRT,279.48,2.06,N
19.92169,79.11499,303.53,0.43,0.38,2026-08-20,2010,N21,VIIRS,n,2.0NRT,287.62,0.63,N
13.39201,80.10139,313.52,0.38,0.36,2026-08-20,2012,N21,VIIRS,n,2.0NRT,293.14,2.74,N
15.17435,76.65977,304.97,0.5,0.41,2026-08-20,2012,N21,VIIRS,n,2.0NRT,290.84,3.04,N
15.175,76.65512,311.85,0.5,0.41,2026-08-20,2012,N21,VIIRS,n,2.0NRT,292.12,3.48,N
15.17594,76.65845,313.18,0.5,0.41,2026-08-20,2012,N21,VIIRS,n,2.0NRT,291.77,4.29,N
17.96913,83.15405,305.12,0.41,0.37,2026-08-20,2012,N21,VIIRS,n,2.0NRT,286.79,2.23,N
17.95719,80.79021,310.95,0.39,0.36,2026-08-20,2012,N21,VIIRS,n,2.0NRT,288.65,1.85,N
17.95664,80.79382,317.42,0.39,0.36,2026-08-20,2012,N21,VIIRS,n,2.0NRT,286.31,1.85,N
17.95608,80.79744,305.05,0.39,0.36,2026-08-20,2012,N21,VIIRS,n,2.0NRT,283.97,1.41,N
18.68787,73.02982,299.67,0.63,0.54,2026-08-20,2012,N21,VIIRS,n,2.0NRT,286.97,2.22,N
18.6829,73.02922,304.41,0.63,0.54,2026-08-20,2012,N21,VIIRS,n,2.0NRT,290.29,2.22,N
16.35903,81.28316,312.12,0.39,0.36,2026-08-20,2012,N21,VIIRS,n,2.0NRT,291.7,2.97,N
15.17508,77.10185,306.65,0.48,0.4,2026-08-20,2012,N21,VIIRS,n,2.0NRT,291.37,1.02,N
15.17873,77.10238,306.46,0.48,0.4,2026-08-20,2012,N21,VIIRS,n,2.0NRT,291.4,1.25,N
15.33131,76.28654,307.73,0.53,0.42,2026-08-20,2012,N21,VIIRS,n,2.0NRT,290.18,1.93,N
15.3342,76.2842,308.27,0.53,0.42,2026-08-20,2012,N21,VIIRS,n,2.0NRT,290.18,1.35,N
15.18217,76.66879,310.68,0.5,0.41,2026-08-20,2012,N21,VIIRS,n,2.0NRT,286.69,2.89,N
15.17657,76.65381,315.11,0.5,0.41,2026-08-20,2012,N21,VIIRS,n,2.0NRT,292.56,3.37,N
12.91629,77.42502,301.72,0.44,0.38,2026-08-20,2014,N21,VIIRS,n,2.0NRT,288.99,0.65,N
8.73815,77.60192,305.13,0.4,0.37,2026-08-20,2014,N21,VIIRS,n,2.0NRT,271.98,1.11,N
8.73869,77.59828,315.6,0.4,0.37,2026-08-20,2014,N21,VIIRS,n,2.0NRT,272.63,1.11,N
8.74152,77.60243,299.08,0.4,0.37,2026-08-20,2014,N21,VIIRS,n,2.0NRT,268.76,1.11,N
8.74207,77.59879,303.05,0.4,0.37,2026-08-20,2014,N21,VIIRS,n,2.0NRT,270.13,1.11,N
9.27709,78.06376,305.94,0.4,0.37,2026-08-20,2014,N21,VIIRS,n,2.0NRT,276.75,0.86,N
12.03978,79.0528,296.42,0.39,0.36,2026-08-20,2014,N21,VIIRS,n,2.0NRT,276.78,0.65,N
12.04919,79.05791,307.8,0.39,0.36,2026-08-20,2014,N21,VIIRS,n,2.0NRT,277.73,1.4,N
12.68491,76.4514,311.27,0.48,0.4,2026-08-20,2014,N21,VIIRS,n,2.0NRT,282.46,1.91,N
12.74548,77.62041,311.39,0.43,0.38,2026-08-20,2014,N21,VIIRS,n,2.0NRT,286.21,1.3,N
29.91009,74.95052,314.37,0.76,0.77,2026-08-20,2148,N21,VIIRS,n,2.0NRT,284.39,4.09,N
29.9104,74.95412,317.88,0.76,0.77,2026-08-20,2148,N21,VIIRS,n,2.0NRT,284.31,4.68,N
25.93938,72.19437,309.92,0.66,0.73,2026-08-20,2150,N21,VIIRS,n,2.0NRT,290.38,2.26,N
14.6885,79.73643,335.87,0.36,0.57,2026-08-21,0720,N21,VIIRS,n,2.0NRT,291.89,2.77,D
9.46023,77.93821,336.12,0.6,0.7,2026-08-21,0720,N21,VIIRS,n,2.0NRT,297.78,5.13,D
9.46267,77.93827,334.28,0.6,0.7,2026-08-21,0720,N21,VIIRS,n,2.0NRT,296.67,4.1,D
9.55699,78.28705,331.02,0.56,0.69,2026-08-21,0720,N21,VIIRS,n,2.0NRT,283.98,2.68,D
9.91547,77.8808,330.27,0.59,0.7,2026-08-21,0720,N21,VIIRS,n,2.0NRT,297.11,5.53,D
10.0502,77.95194,367,0.58,0.7,2026-08-21,0720,N21,VIIRS,h,2.0NRT,294.07,13.76,D
10.02387,77.57968,350.54,0.62,0.71,2026-08-21,0720,N21,VIIRS,n,2.0NRT,297.52,13.65,D
10.01859,77.58141,343.03,0.62,0.71,2026-08-21,0720,N21,VIIRS,n,2.0NRT,296.89,17.06,D
10.40672,77.98721,336.6,0.57,0.69,2026-08-21,0720,N21,VIIRS,n,2.0NRT,291.87,3.91,D
11.71467,79.12849,333.78,0.45,0.63,2026-08-21,0720,N21,VIIRS,n,2.0NRT,294.15,6.81,D
11.77683,78.67175,345.59,0.48,0.65,2026-08-21,0720,N21,VIIRS,n,2.0NRT,291.44,6.7,D
11.7761,78.67162,339.85,0.48,0.65,2026-08-21,0720,N21,VIIRS,n,2.0NRT,291.28,5.95,D
12.3086,79.8354,331.79,0.39,0.59,2026-08-21,0720,N21,VIIRS,n,2.0NRT,291.55,2.32,D
13.40486,80.21468,330.46,0.35,0.57,2026-08-21,0720,N21,VIIRS,n,2.0NRT,284.92,3.1,D
14.6078,79.66063,342.95,0.36,0.58,2026-08-21,0720,N21,VIIRS,n,2.0NRT,294.46,6.46,D
14.67207,79.82387,330.08,0.35,0.57,2026-08-21,0720,N21,VIIRS,n,2.0NRT,293.88,2.82,D
14.68743,79.7369,336.25,0.36,0.57,2026-08-21,0720,N21,VIIRS,n,2.0NRT,292.67,3.61,D
14.78502,79.98163,334.18,0.34,0.56,2026-08-21,0720,N21,VIIRS,n,2.0NRT,294.46,2.91,D
14.75264,79.70685,332.97,0.36,0.57,2026-08-21,0720,N21,VIIRS,n,2.0NRT,291.83,3.81,D
14.52584,77.43586,367,0.52,0.67,2026-08-21,0722,N21,VIIRS,h,2.0NRT,290.84,15.67,D
14.52769,77.43334,338.86,0.52,0.67,2026-08-21,0722,N21,VIIRS,n,2.0NRT,290.86,7.56,D
15.10624,79.37469,344.85,0.37,0.58,2026-08-21,0722,N21,VIIRS,n,2.0NRT,290.84,6.03,D
15.81428,80.01816,330.86,0.33,0.55,2026-08-21,0722,N21,VIIRS,n,2.0NRT,294.34,2.83,D
15.74401,79.29642,350.7,0.37,0.58,2026-08-21,0722,N21,VIIRS,n,2.0NRT,296.12,7.04,D
16.60639,79.74261,332.67,0.33,0.55,2026-08-21,0722,N21,VIIRS,n,2.0NRT,295.56,2.15,D
17.49645,82.98081,339.61,0.39,0.44,2026-08-21,0722,N21,VIIRS,n,2.0NRT,295.66,3.86,D
17.23297,79.42318,333.05,0.34,0.56,2026-08-21,0722,N21,VIIRS,n,2.0NRT,294.1,2.64,D
22.24823,87.38765,331.95,0.38,0.36,2026-08-21,0722,N21,VIIRS,n,2.0NRT,292.07,3.08,D
23.48346,87.3627,337.08,0.39,0.36,2026-08-21,0722,N21,VIIRS,n,2.0NRT,297.47,5.06,D
23.66353,87.1547,340.74,0.39,0.36,2026-08-21,0722,N21,VIIRS,n,2.0NRT,298.79,6.18,D
23.67512,86.4021,330.3,0.38,0.36,2026-08-21,0722,N21,VIIRS,n,2.0NRT,296.81,5.73,D
23.67783,86.39777,338.05,0.38,0.36,2026-08-21,0722,N21,VIIRS,n,2.0NRT,296.2,8.01,D
23.68382,86.39285,330.91,0.38,0.36,2026-08-21,0722,N21,VIIRS,n,2.0NRT,292.82,5.77,D
23.70941,86.44951,331.8,0.38,0.36,2026-08-21,0722,N21,VIIRS,n,2.0NRT,291.54,3.16,D
23.7604,86.4017,335.74,0.38,0.36,2026-08-21,0722,N21,VIIRS,n,2.0NRT,293.96,5.92,D
23.76426,86.40483,342.4,0.38,0.36,2026-08-21,0722,N21,VIIRS,n,2.0NRT,294.13,5.37,D
23.76754,86.40423,332.34,0.38,0.36,2026-08-21,0722,N21,VIIRS,n,2.0NRT,293.08,2.7,D
23.77894,86.39065,339.02,0.38,0.36,2026-08-21,0722,N21,VIIRS,n,2.0NRT,293,5.67,D
23.77802,86.21037,333.93,0.39,0.36,2026-08-21,0722,N21,VIIRS,n,2.0NRT,295.58,4.46,D
23.78723,85.55419,331.56,0.39,0.36,2026-08-21,0724,N21,VIIRS,l,2.0NRT,297.75,5.91,D
25.79926,94.77165,330.64,0.61,0.53,2026-08-21,0724,N21,VIIRS,n,2.0NRT,292.82,5.49,D
23.7813,86.20977,339.27,0.39,0.36,2026-08-21,0724,N21,VIIRS,n,2.0NRT,296.76,4.46,D
23.75637,85.85545,331.17,0.39,0.36,2026-08-21,0724,N21,VIIRS,l,2.0NRT,298.73,9.23,D
27.68631,72.68755,335.23,0.54,0.68,2026-08-21,0726,N21,VIIRS,n,2.0NRT,294.36,2.79,D
29.04118,75.70134,349.66,0.33,0.55,2026-08-21,0726,N21,VIIRS,n,2.0NRT,291.73,6.91,D
26.37232,71.21835,330.16,0.4,0.6,2026-08-21,0905,N21,VIIRS,n,2.0NRT,294.38,2.65,D
27.43703,70.86094,345.55,0.39,0.59,2026-08-21,0907,N21,VIIRS,n,2.0NRT,300.8,3.58,D
23.72436,86.44046,306.09,0.39,0.36,2026-08-21,1949,N21,VIIRS,n,2.0NRT,278.36,2.41,N
23.64766,85.43689,313.62,0.41,0.37,2026-08-21,1949,N21,VIIRS,n,2.0NRT,281.92,1.65,N
23.64708,85.44088,321.18,0.41,0.37,2026-08-21,1949,N21,VIIRS,n,2.0NRT,283.61,1.65,N
23.6559,85.50668,315.01,0.41,0.37,2026-08-21,1949,N21,VIIRS,n,2.0NRT,288.54,1.53,N
23.5531,86.53947,305.74,0.39,0.36,2026-08-21,1949,N21,VIIRS,n,2.0NRT,285.35,2.72,N
23.6673,86.09382,309.03,0.4,0.37,2026-08-21,1949,N21,VIIRS,n,2.0NRT,290.14,3.18,N
23.67513,86.08725,315.89,0.4,0.37,2026-08-21,1949,N21,VIIRS,n,2.0NRT,290.53,4.09,N
23.67765,86.08691,310.23,0.4,0.37,2026-08-21,1949,N21,VIIRS,n,2.0NRT,290.24,3.81,N
23.67986,86.09519,319.22,0.4,0.37,2026-08-21,1949,N21,VIIRS,n,2.0NRT,290.36,4.94,N
23.68155,86.08361,333.34,0.4,0.37,2026-08-21,1949,N21,VIIRS,n,2.0NRT,289.93,3.81,N
23.56226,87.08412,315.95,0.38,0.36,2026-08-21,1949,N21,VIIRS,n,2.0NRT,288.09,3.93,N
23.68358,86.39426,309.69,0.39,0.36,2026-08-21,1949,N21,VIIRS,n,2.0NRT,287.44,2.39,N
23.70938,86.44955,318.48,0.39,0.36,2026-08-21,1949,N21,VIIRS,n,2.0NRT,282.9,2.5,N
23.7127,86.45013,316.83,0.39,0.36,2026-08-21,1949,N21,VIIRS,n,2.0NRT,279.57,2.39,N
25.5407,91.23618,306.25,0.46,0.39,2026-08-21,1949,N21,VIIRS,n,2.0NRT,287.63,1.3,N
23.73866,86.43509,306.43,0.39,0.36,2026-08-21,1949,N21,VIIRS,n,2.0NRT,264.86,1.37,N
23.73534,86.4345,304.61,0.39,0.36,2026-08-21,1949,N21,VIIRS,n,2.0NRT,270,1.37,N
22.35882,87.29031,307.56,0.38,0.36,2026-08-21,1951,N21,VIIRS,n,2.0NRT,280,1.11,N
22.36365,87.30258,316.32,0.38,0.36,2026-08-21,1951,N21,VIIRS,n,2.0NRT,281.78,2.29,N
22.36423,87.29889,310.36,0.38,0.36,2026-08-21,1951,N21,VIIRS,n,2.0NRT,281.16,1.55,N
22.36752,87.29948,316.76,0.38,0.36,2026-08-21,1951,N21,VIIRS,n,2.0NRT,281.16,1.55,N
22.377,87.2822,310.92,0.38,0.36,2026-08-21,1951,N21,VIIRS,n,2.0NRT,280.1,1.55,N
22.37758,87.2785,330.19,0.38,0.36,2026-08-21,1951,N21,VIIRS,n,2.0NRT,281.17,3.97,N
22.0553,88.1225,308.18,0.39,0.36,2026-08-21,1951,N21,VIIRS,n,2.0NRT,281.43,1.3,N
22.24465,87.3873,313.65,0.38,0.36,2026-08-21,1951,N21,VIIRS,n,2.0NRT,280.42,1.69,N
22.36418,87.01775,304.88,0.38,0.36,2026-08-21,1951,N21,VIIRS,n,2.0NRT,279.03,0.94,N
22.35824,87.294,304.88,0.38,0.36,2026-08-21,1951,N21,VIIRS,n,2.0NRT,280.46,0.73,N
22.36089,87.01716,311.46,0.38,0.36,2026-08-21,1951,N21,VIIRS,n,2.0NRT,280.02,0.94,N
18.57163,74.18153,310.06,0.54,0.68,2026-08-21,1951,N21,VIIRS,n,2.0NRT,284.01,2.1,N
18.80127,74.25323,300.25,0.54,0.68,2026-08-21,1951,N21,VIIRS,n,2.0NRT,277.53,1.25,N
22.00436,82.67083,309.23,0.52,0.41,2026-08-21,1951,N21,VIIRS,n,2.0NRT,290.14,2.28,N
22.35731,82.30456,298.19,0.55,0.42,2026-08-21,1951,N21,VIIRS,n,2.0NRT,283.77,1.99,N
22.05469,88.12626,310.4,0.39,0.36,2026-08-21,1951,N21,VIIRS,n,2.0NRT,280.81,1.51,N
15.17781,76.67696,316.7,0.34,0.56,2026-08-21,1953,N21,VIIRS,n,2.0NRT,291.22,1.37,N
15.33372,76.2864,298.59,0.36,0.57,2026-08-21,1953,N21,VIIRS,n,2.0NRT,280.53,0.61,N
15.3342,76.2795,298.65,0.36,0.57,2026-08-21,1953,N21,VIIRS,n,2.0NRT,283.65,0.52,N
15.33343,76.28597,296.04,0.36,0.57,2026-08-21,1953,N21,VIIRS,n,2.0NRT,280.46,0.47,N
15.17971,77.10136,301.43,0.63,0.54,2026-08-21,1953,N21,VIIRS,n,2.0NRT,288.26,2,N
15.18433,76.66511,307.18,0.34,0.56,2026-08-21,1953,N21,VIIRS,n,2.0NRT,289.77,2.1,N
15.18398,76.66821,309.62,0.34,0.56,2026-08-21,1953,N21,VIIRS,n,2.0NRT,289.94,3.21,N
15.18328,76.67441,308.65,0.34,0.56,2026-08-21,1953,N21,VIIRS,n,2.0NRT,291.07,1.37,N
15.18292,76.67751,315.24,0.34,0.56,2026-08-21,1953,N21,VIIRS,n,2.0NRT,290.85,1.37,N
15.17816,76.67384,307.54,0.34,0.56,2026-08-21,1953,N21,VIIRS,n,2.0NRT,291.07,1.37,N
15.02195,78.01622,304.53,0.54,0.51,2026-08-21,1953,N21,VIIRS,n,2.0NRT,287.99,1.8,N
15.02365,78.01412,306.23,0.54,0.51,2026-08-21,1953,N21,VIIRS,n,2.0NRT,288,1.89,N
15.18721,76.65808,305.95,0.34,0.56,2026-08-21,1953,N21,VIIRS,n,2.0NRT,291.46,1.44,N
15.18496,76.67664,314.14,0.34,0.56,2026-08-21,1953,N21,VIIRS,n,2.0NRT,290.49,1.6,N
15.18097,76.6668,326.66,0.34,0.56,2026-08-21,1953,N21,VIIRS,n,2.0NRT,290.73,3.3,N
15.18022,76.67299,317.38,0.34,0.56,2026-08-21,1953,N21,VIIRS,n,2.0NRT,291.75,2.05,N
15.17734,76.65386,317.14,0.34,0.56,2026-08-21,1953,N21,VIIRS,n,2.0NRT,290.91,1.96,N
15.17696,76.65696,317.6,0.34,0.56,2026-08-21,1953,N21,VIIRS,n,2.0NRT,290.55,1.96,N
15.17473,76.67556,315.83,0.34,0.56,2026-08-21,1953,N21,VIIRS,n,2.0NRT,290.09,2.05,N
15.13456,76.70862,308.41,0.33,0.56,2026-08-21,1953,N21,VIIRS,n,2.0NRT,290.28,0.9,N
15.168,76.37878,310.47,0.35,0.57,2026-08-21,1953,N21,VIIRS,n,2.0NRT,289.63,2.12,N
15.06977,76.86726,303.67,0.32,0.55,2026-08-21,1953,N21,VIIRS,n,2.0NRT,288.87,1,N
14.87368,78.0514,299.72,0.54,0.51,2026-08-21,1953,N21,VIIRS,n,2.0NRT,280.11,0.81,N
10.24561,77.22022,316.46,0.53,0.5,2026-08-21,1955,N21,VIIRS,n,2.0NRT,268.57,4.27,N
10.08932,77.23553,328.87,0.52,0.5,2026-08-21,1955,N21,VIIRS,n,2.0NRT,274.16,6.03,N
10.24649,77.21374,324.08,0.53,0.5,2026-08-21,1955,N21,VIIRS,n,2.0NRT,269.9,4.27,N
10.08887,77.23895,301.37,0.52,0.5,2026-08-21,1955,N21,VIIRS,n,2.0NRT,273.74,2.42,N
10.24489,77.22552,305.91,0.53,0.5,2026-08-21,1955,N21,VIIRS,n,2.0NRT,268.29,2.37,N
10.05098,77.95471,305.12,0.47,0.48,2026-08-21,1955,N21,VIIRS,n,2.0NRT,277.48,2.58,N
10.09406,77.23496,335.92,0.52,0.5,2026-08-21,1955,N21,VIIRS,n,2.0NRT,274.33,6.03,N
10.09354,77.23885,300.13,0.52,0.5,2026-08-21,1955,N21,VIIRS,n,2.0NRT,273.45,2.42,N
27.0781,73.81679,303.14,0.4,0.6,2026-08-21,2129,N21,VIIRS,n,2.0NRT,289.48,0.74,N
24.82004,73.09278,298.63,0.41,0.6,2026-08-21,2131,N21,VIIRS,n,2.0NRT,277.9,0.92,N
26.25637,74.09545,295.33,0.44,0.62,2026-08-21,2131,N21,VIIRS,n,2.0NRT,268.73,0.37,N
23.66538,87.15651,332.25,0.51,0.41,2026-08-22,0703,N21,VIIRS,n,2.0NRT,296.03,4.52,D
23.67692,86.3983,332.68,0.56,0.43,2026-08-22,0703,N21,VIIRS,n,2.0NRT,294.29,7.84,D
23.64585,85.43987,332.83,0.42,0.46,2026-08-22,0703,N21,VIIRS,n,2.0NRT,289.32,8.73,D
22.37735,87.28273,330.92,0.53,0.42,2026-08-22,0703,N21,VIIRS,n,2.0NRT,293.4,9.32,D
22.37667,87.27975,338.08,0.53,0.42,2026-08-22,0703,N21,VIIRS,n,2.0NRT,293.11,8.72,D
23.66378,87.15511,333.81,0.51,0.41,2026-08-22,0703,N21,VIIRS,n,2.0NRT,295.92,6.29,D
29.45864,76.85911,330.26,0.53,0.67,2026-08-22,0705,N21,VIIRS,n,2.0NRT,290.01,30.37,D
27.1462,88.45207,340.92,0.41,0.37,2026-08-22,0705,N21,VIIRS,n,2.0NRT,295.38,5.8,D
29.45838,76.86343,367,0.53,0.67,2026-08-22,0705,N21,VIIRS,h,2.0NRT,291.86,44.95,D
29.46,76.86426,367,0.53,0.67,2026-08-22,0705,N21,VIIRS,h,2.0NRT,290.49,52.02,D
9.18167,78.42713,335.64,0.36,0.57,2026-08-22,0839,N21,VIIRS,n,2.0NRT,295.68,1.39,D
9.45034,78.84183,352.32,0.38,0.59,2026-08-22,0841,N21,VIIRS,n,2.0NRT,298.5,5.93,D
9.2724,77.87881,331.47,0.33,0.55,2026-08-22,0841,N21,VIIRS,n,2.0NRT,272.12,2.79,D
9.42338,78.84542,336.06,0.38,0.59,2026-08-22,0841,N21,VIIRS,n,2.0NRT,295.17,3,D
21.10395,72.64455,338.21,0.43,0.46,2026-08-22,0843,N21,VIIRS,n,2.0NRT,290.65,5.3,D
29.45823,76.87273,350.27,0.49,0.65,2026-08-22,0845,N21,VIIRS,n,2.0NRT,291.98,24.83,D
29.45762,76.86265,329.18,0.49,0.65,2026-08-22,0845,N21,VIIRS,n,2.0NRT,292.79,12.13,D
27.43514,70.78793,340.31,0.4,0.44,2026-08-22,0845,N21,VIIRS,n,2.0NRT,305.64,3.19,D
29.45525,76.87004,329.19,0.49,0.65,2026-08-22,0845,N21,VIIRS,n,2.0NRT,292.01,9.06,D
29.45792,76.86768,352.46,0.49,0.65,2026-08-22,0845,N21,VIIRS,n,2.0NRT,292.96,24.83,D
27.90663,95.66188,307.39,0.42,0.38,2026-08-22,1930,N21,VIIRS,n,2.0NRT,292.62,3.67,N
27.46791,95.42184,303.96,0.42,0.37,2026-08-22,1930,N21,VIIRS,n,2.0NRT,277.22,0.75,N
23.73342,86.43871,304.54,0.41,0.45,2026-08-22,1932,N21,VIIRS,n,2.0NRT,282.81,1.14,N
23.7768,85.99547,299.36,0.44,0.46,2026-08-22,1932,N21,VIIRS,n,2.0NRT,276.54,0.83,N
23.72473,86.44157,305.43,0.41,0.45,2026-08-22,1932,N21,VIIRS,n,2.0NRT,282.04,1.93,N
23.7721,85.99903,295.9,0.44,0.46,2026-08-22,1932,N21,VIIRS,n,2.0NRT,272.08,0.33,N
23.71888,86.42031,306.78,0.41,0.45,2026-08-22,1932,N21,VIIRS,n,2.0NRT,282.13,1.36,N
23.71651,86.44041,305.07,0.41,0.45,2026-08-22,1932,N21,VIIRS,n,2.0NRT,281.79,2.13,N
23.71429,86.42374,308.97,0.41,0.45,2026-08-22,1932,N21,VIIRS,n,2.0NRT,282.45,2.23,N
23.71099,86.45187,316.91,0.41,0.45,2026-08-22,1932,N21,VIIRS,n,2.0NRT,282.31,2.74,N
23.75422,85.85241,313.16,0.45,0.47,2026-08-22,1932,N21,VIIRS,n,2.0NRT,283.22,1.81,N
23.68464,86.39088,309.15,0.41,0.45,2026-08-22,1932,N21,VIIRS,n,2.0NRT,280.8,1.83,N
23.68417,86.39498,313.06,0.41,0.45,2026-08-22,1932,N21,VIIRS,n,2.0NRT,280.8,1.83,N
23.67959,86.3984,306.08,0.41,0.45,2026-08-22,1932,N21,VIIRS,n,2.0NRT,278.54,1.17,N
23.67594,86.39375,300.5,0.41,0.45,2026-08-22,1932,N21,VIIRS,n,2.0NRT,277.19,0.43,N
23.67548,86.39777,310.03,0.41,0.45,2026-08-22,1932,N21,VIIRS,n,2.0NRT,277.49,1.28,N
23.67502,86.40179,305.32,0.41,0.45,2026-08-22,1932,N21,VIIRS,n,2.0NRT,276.58,1.28,N
23.67658,86.39794,313.83,0.41,0.45,2026-08-22,1932,N21,VIIRS,n,2.0NRT,277.05,1.76,N
23.67609,86.40195,304.23,0.41,0.45,2026-08-22,1932,N21,VIIRS,n,2.0NRT,275.82,1.76,N
23.616,86.79124,295.4,0.39,0.44,2026-08-22,1932,N21,VIIRS,n,2.0NRT,268,0.82,N
23.68847,86.08707,304.31,0.43,0.46,2026-08-22,1932,N21,VIIRS,n,2.0NRT,280.98,1.1,N
23.67586,86.08545,305.7,0.43,0.46,2026-08-22,1932,N21,VIIRS,n,2.0NRT,282.55,1.83,N
23.66648,86.09274,303.66,0.43,0.46,2026-08-22,1932,N21,VIIRS,n,2.0NRT,282.02,1.05,N
23.82208,84.5723,300.45,0.54,0.51,2026-08-22,1932,N21,VIIRS,n,2.0NRT,271.34,1.33,N
23.65716,85.50877,305.01,0.47,0.47,2026-08-22,1932,N21,VIIRS,n,2.0NRT,280.24,1.5,N
23.64755,85.43784,327.96,0.47,0.48,2026-08-22,1932,N21,VIIRS,n,2.0NRT,283.15,5.55,N
23.60728,85.67543,305.11,0.45,0.47,2026-08-22,1932,N21,VIIRS,n,2.0NRT,281.7,1.5,N
23.66484,84.99831,307.18,0.5,0.49,2026-08-22,1932,N21,VIIRS,n,2.0NRT,279.12,1.88,N
22.87479,86.06349,310.39,0.42,0.45,2026-08-22,1932,N21,VIIRS,n,2.0NRT,278.8,1.19,N
22.79656,86.20597,303.93,0.41,0.45,2026-08-22,1932,N21,VIIRS,n,2.0NRT,278.65,1.51,N
22.79196,86.20944,304.11,0.41,0.45,2026-08-22,1932,N21,VIIRS,n,2.0NRT,279.24,1.56,N
22.79764,86.09138,299.01,0.42,0.45,2026-08-22,1932,N21,VIIRS,n,2.0NRT,274.78,1.16,N
22.58739,85.90622,295.89,0.43,0.46,2026-08-22,1932,N21,VIIRS,n,2.0NRT,270.98,0.5,N
22.57158,85.89577,304.16,0.43,0.46,2026-08-22,1932,N21,VIIRS,n,2.0NRT,280.21,1.74,N
20.97333,86.00673,303.25,0.4,0.44,2026-08-22,1932,N21,VIIRS,n,2.0NRT,276.26,1.48,N
20.96878,86.01003,321.97,0.4,0.44,2026-08-22,1932,N21,VIIRS,n,2.0NRT,275.97,1.48,N
20.95187,86.04675,310.45,0.4,0.44,2026-08-22,1932,N21,VIIRS,n,2.0NRT,275.47,2.11,N
20.86294,84.98755,302.98,0.46,0.47,2026-08-22,1932,N21,VIIRS,n,2.0NRT,277.99,1.6,N
23.72299,86.42089,307,0.41,0.45,2026-08-22,1932,N21,VIIRS,n,2.0NRT,283.06,1.36,N
25.54005,91.23735,298.55,0.4,0.37,2026-08-22,1932,N21,VIIRS,n,2.0NRT,280.35,0.48,N
24.12137,86.86515,302.81,0.39,0.44,2026-08-22,1932,N21,VIIRS,n,2.0NRT,281.78,0.37,N
24.11378,86.86015,315.62,0.39,0.44,2026-08-22,1932,N21,VIIRS,n,2.0NRT,282.24,2.06,N
23.8035,86.32822,322.66,0.42,0.45,2026-08-22,1932,N21,VIIRS,n,2.0NRT,283.66,2.73,N
23.80397,86.32408,318.77,0.42,0.45,2026-08-22,1932,N21,VIIRS,n,2.0NRT,283.04,2.73,N
23.80303,86.33231,315.43,0.42,0.45,2026-08-22,1932,N21,VIIRS,n,2.0NRT,283.14,2.69,N
23.79657,86.35204,321.86,0.42,0.45,2026-08-22,1932,N21,VIIRS,n,2.0NRT,283.16,4,N
23.77953,86.39101,321.81,0.41,0.45,2026-08-22,1932,N21,VIIRS,n,2.0NRT,283.06,2.34,N
23.77999,86.38698,305.25,0.41,0.45,2026-08-22,1932,N21,VIIRS,n,2.0NRT,282.07,2.34,N
23.78133,86.38822,307.36,0.41,0.45,2026-08-22,1932,N21,VIIRS,n,2.0NRT,282.54,1.36,N
23.78085,86.39223,312.07,0.41,0.45,2026-08-22,1932,N21,VIIRS,n,2.0NRT,283.04,1.36,N
23.77721,86.38763,321.98,0.41,0.45,2026-08-22,1932,N21,VIIRS,n,2.0NRT,283.63,2.26,N
23.77917,86.37136,304.31,0.41,0.45,2026-08-22,1932,N21,VIIRS,n,2.0NRT,282.56,1.09,N
23.77673,86.39163,304.84,0.41,0.45,2026-08-22,1932,N21,VIIRS,n,2.0NRT,283.2,2.26,N
23.77603,86.36266,307.98,0.42,0.45,2026-08-22,1932,N21,VIIRS,n,2.0NRT,282.62,1.14,N
23.77553,86.36674,306.45,0.41,0.45,2026-08-22,1932,N21,VIIRS,n,2.0NRT,282.87,1.14,N
23.77189,86.36209,303.78,0.42,0.45,2026-08-22,1932,N21,VIIRS,n,2.0NRT,282.53,0.79,N
23.7714,86.36617,305.57,0.41,0.45,2026-08-22,1932,N21,VIIRS,n,2.0NRT,283.03,0.79,N
23.76703,86.40255,317.39,0.41,0.45,2026-08-22,1932,N21,VIIRS,n,2.0NRT,283.71,1.81,N
23.76654,86.40663,314.25,0.41,0.45,2026-08-22,1932,N21,VIIRS,n,2.0NRT,283.42,1.81,N
23.76388,86.39387,307.45,0.41,0.45,2026-08-22,1932,N21,VIIRS,n,2.0NRT,284.08,3.06,N
23.76291,86.40199,314.31,0.41,0.45,2026-08-22,1932,N21,VIIRS,n,2.0NRT,283.6,1.81,N
23.76242,86.40607,310.94,0.41,0.45,2026-08-22,1932,N21,VIIRS,n,2.0NRT,283.46,1.81,N
23.78165,86.20951,308.3,0.42,0.45,2026-08-22,1932,N21,VIIRS,n,2.0NRT,283.19,1.8,N
23.75879,86.40139,311.84,0.41,0.45,2026-08-22,1932,N21,VIIRS,n,2.0NRT,283.66,1.76,N
23.7583,86.40547,308.8,0.41,0.45,2026-08-22,1932,N21,VIIRS,n,2.0NRT,283.33,1.76,N
23.77748,86.20891,307.56,0.42,0.45,2026-08-22,1932,N21,VIIRS,n,2.0NRT,283.22,1.8,N
23.75516,86.39672,306.59,0.41,0.45,2026-08-22,1932,N21,VIIRS,n,2.0NRT,283.74,2.24,N
23.75273,86.41698,310.47,0.41,0.45,2026-08-22,1932,N21,VIIRS,n,2.0NRT,282.96,1.62,N
23.73801,86.43526,321.21,0.41,0.45,2026-08-22,1932,N21,VIIRS,n,2.0NRT,282.21,1.76,N
23.73849,86.43127,305.03,0.41,0.45,2026-08-22,1932,N21,VIIRS,n,2.0NRT,281.43,1.76,N
23.73438,86.43067,304.46,0.41,0.45,2026-08-22,1932,N21,VIIRS,n,2.0NRT,281.98,1.76,N
10.59398,78.44864,308.07,0.47,0.64,2026-08-22,1936,N21,VIIRS,n,2.0NRT,288.38,1.01,N
10.08148,77.23804,303.41,0.56,0.69,2026-08-22,1936,N21,VIIRS,n,2.0NRT,288.31,1.61,N
10.0775,77.2383,302.68,0.56,0.69,2026-08-22,1936,N21,VIIRS,n,2.0NRT,288.38,1.41,N
26.25694,74.09481,309.59,0.45,0.47,2026-08-22,2112,N21,VIIRS,n,2.0NRT,293.38,1.3,N
24.9345,74.6351,305.76,0.51,0.49,2026-08-22,2112,N21,VIIRS,n,2.0NRT,292.62,1.22,N
24.93308,74.63296,307.26,0.51,0.5,2026-08-22,2112,N21,VIIRS,n,2.0NRT,292.86,1.44,N
24.66185,74.63312,307.91,0.52,0.5,2026-08-22,2112,N21,VIIRS,n,2.0NRT,292.76,2.01,N
24.6572,73.87634,304.12,0.47,0.47,2026-08-22,2112,N21,VIIRS,n,2.0NRT,293.14,1.08,N
23.40824,72.41575,303.37,0.4,0.44,2026-08-22,2114,N21,VIIRS,n,2.0NRT,292.03,0.72,N
21.43299,72.97752,310.47,0.47,0.48,2026-08-22,2114,N21,VIIRS,n,2.0NRT,291.75,2.15,N
21.43188,72.97569,307.25,0.47,0.48,2026-08-22,2114,N21,VIIRS,n,2.0NRT,291.64,1.58,N
21.1023,72.63681,321.2,0.46,0.47,2026-08-22,2114,N21,VIIRS,n,2.0NRT,289.79,3,N
9.62576,77.42727,295.09,0.78,0.78,2026-08-22,2116,N21,VIIRS,n,2.0NRT,280.75,3.12,N
27.96467,96.95645,331.24,0.41,0.37,2026-08-23,0646,N21,VIIRS,n,2.0NRT,296.94,10.19,D
28.08151,95.72957,337.37,0.39,0.36,2026-08-23,0646,N21,VIIRS,n,2.0NRT,296.07,3.99,D
8.90358,77.85583,348.69,0.48,0.4,2026-08-23,0822,N21,VIIRS,n,2.0NRT,302.48,9.02,D
8.42499,77.62149,336.79,0.46,0.39,2026-08-23,0822,N21,VIIRS,l,2.0NRT,307.22,8.42,D
8.44418,77.65283,338.54,0.46,0.39,2026-08-23,0822,N21,VIIRS,l,2.0NRT,309.99,6.03,D
8.73994,77.59967,336.65,0.47,0.39,2026-08-23,0822,N21,VIIRS,n,2.0NRT,302.47,3.45,D
8.8975,77.86558,347.98,0.48,0.4,2026-08-23,0822,N21,VIIRS,n,2.0NRT,302.76,7.04,D
8.90116,77.86504,342.45,0.48,0.4,2026-08-23,0822,N21,VIIRS,n,2.0NRT,302.95,7.04,D
8.90054,77.86071,349.93,0.48,0.4,2026-08-23,0822,N21,VIIRS,n,2.0NRT,302.74,7.04,D
8.89992,77.85637,346.67,0.48,0.4,2026-08-23,0822,N21,VIIRS,n,2.0NRT,302.13,6.53,D
8.90481,77.86451,338.87,0.48,0.4,2026-08-23,0822,N21,VIIRS,n,2.0NRT,303.44,3.82,D
8.90419,77.86017,346.76,0.48,0.4,2026-08-23,0822,N21,VIIRS,n,2.0NRT,303.21,3.82,D
8.9486,77.96073,336.94,0.49,0.4,2026-08-23,0822,N21,VIIRS,n,2.0NRT,303.48,4,D
9.2187,77.62897,339.64,0.47,0.4,2026-08-23,0822,N21,VIIRS,n,2.0NRT,307.61,10.49,D
9.193,77.37519,336.48,0.46,0.39,2026-08-23,0822,N21,VIIRS,n,2.0NRT,302.74,3.7,D
9.22068,77.46474,338.5,0.46,0.39,2026-08-23,0822,N21,VIIRS,n,2.0NRT,307.26,3.71,D
9.28461,77.43481,335.92,0.46,0.39,2026-08-23,0822,N21,VIIRS,n,2.0NRT,303.08,1.94,D
9.2728,77.32723,332.55,0.46,0.39,2026-08-23,0822,N21,VIIRS,n,2.0NRT,300.12,3.22,D
9.44357,78.05501,341.41,0.5,0.41,2026-08-23,0822,N21,VIIRS,n,2.0NRT,303.99,12.43,D
9.90945,78.20588,336.58,0.52,0.41,2026-08-23,0822,N21,VIIRS,n,2.0NRT,302.09,12.59,D
9.91635,78.2001,341.27,0.52,0.41,2026-08-23,0822,N21,VIIRS,n,2.0NRT,302.38,14.59,D
9.89958,77.78525,339.16,0.49,0.4,2026-08-23,0822,N21,VIIRS,n,2.0NRT,303.59,13.81,D
10.10984,77.73901,332.03,0.49,0.4,2026-08-23,0822,N21,VIIRS,n,2.0NRT,289.06,3,D
10.66683,78.1728,335.13,0.52,0.42,2026-08-23,0822,N21,VIIRS,n,2.0NRT,300.09,2.35,D
11.0347,77.14651,335.06,0.47,0.4,2026-08-23,0822,N21,VIIRS,n,2.0NRT,298.72,3.86,D
16.113,78.21188,331.67,0.41,0.45,2026-08-23,0824,N21,VIIRS,n,2.0NRT,288.08,3.53,D
15.36111,78.60121,337.47,0.43,0.46,2026-08-23,0824,N21,VIIRS,n,2.0NRT,292.24,4.05,D
14.26653,79.79261,333.38,0.49,0.49,2026-08-23,0824,N21,VIIRS,n,2.0NRT,284.37,2.2,D
22.92903,70.10583,337.17,0.39,0.36,2026-08-23,0826,N21,VIIRS,n,2.0NRT,303.9,7.97,D
21.10555,72.64699,341.5,0.39,0.36,2026-08-23,0826,N21,VIIRS,n,2.0NRT,294.7,6.06,D
29.45938,76.8674,332.56,0.5,0.49,2026-08-23,0828,N21,VIIRS,n,2.0NRT,293.24,3.56,D
29.47683,76.85993,341.77,0.5,0.49,2026-08-23,0828,N21,VIIRS,n,2.0NRT,293.84,11.04,D
31.38597,74.54482,332.51,0.39,0.44,2026-08-23,0828,N21,VIIRS,n,2.0NRT,296.87,2.77,D
24.11958,86.35051,302.42,0.42,0.61,2026-08-23,1913,N21,VIIRS,n,2.0NRT,282.55,1.21,N
23.78184,86.38814,296.29,0.41,0.61,2026-08-23,1913,N21,VIIRS,n,2.0NRT,281.44,1.27,N
23.7815,86.39215,302.41,0.41,0.61,2026-08-23,1913,N21,VIIRS,n,2.0NRT,282.18,1.27,N
23.77752,86.38899,314.19,0.41,0.61,2026-08-23,1913,N21,VIIRS,n,2.0NRT,281.5,1.9,N
23.77716,86.39299,300.96,0.41,0.61,2026-08-23,1913,N21,VIIRS,n,2.0NRT,280.75,1.9,N
23.76707,86.37955,301.3,0.41,0.61,2026-08-23,1913,N21,VIIRS,n,2.0NRT,282.87,1.8,N
23.7649,86.40394,305.66,0.41,0.61,2026-08-23,1913,N21,VIIRS,n,2.0NRT,281.22,0.73,N
23.7541,86.39857,300.5,0.41,0.61,2026-08-23,1913,N21,VIIRS,n,2.0NRT,281.19,1.4,N
23.75265,86.41494,300.55,0.41,0.61,2026-08-23,1913,N21,VIIRS,n,2.0NRT,280.09,1.31,N
23.73973,86.43378,308.15,0.41,0.61,2026-08-23,1913,N21,VIIRS,n,2.0NRT,281.62,1.43,N
23.73451,86.42915,300.72,0.41,0.61,2026-08-23,1913,N21,VIIRS,n,2.0NRT,279.93,1.86,N
23.73416,86.43314,310.8,0.41,0.61,2026-08-23,1913,N21,VIIRS,n,2.0NRT,280.59,2.99,N
23.72406,86.41985,301.15,0.41,0.61,2026-08-23,1913,N21,VIIRS,n,2.0NRT,278.41,1.28,N
23.72372,86.42384,299.81,0.41,0.61,2026-08-23,1913,N21,VIIRS,n,2.0NRT,278.08,1.41,N
23.72231,86.44004,307.72,0.41,0.61,2026-08-23,1913,N21,VIIRS,n,2.0NRT,280.41,1.38,N
23.71639,86.44345,302.59,0.41,0.61,2026-08-23,1913,N21,VIIRS,n,2.0NRT,280.95,1.38,N
23.71256,86.42266,304.64,0.41,0.61,2026-08-23,1913,N21,VIIRS,n,2.0NRT,278.41,1.87,N
23.71013,86.4509,313.27,0.41,0.61,2026-08-23,1913,N21,VIIRS,n,2.0NRT,280.99,2.59,N
23.68113,86.39481,304.32,0.41,0.61,2026-08-23,1913,N21,VIIRS,n,2.0NRT,281.36,1.89,N
23.67522,86.39812,310.65,0.41,0.61,2026-08-23,1913,N21,VIIRS,n,2.0NRT,282.19,1.89,N
23.61102,87.14495,296.59,0.37,0.58,2026-08-23,1913,N21,VIIRS,n,2.0NRT,282.12,1.75,N
23.6107,87.14855,296.84,0.37,0.58,2026-08-23,1913,N21,VIIRS,n,2.0NRT,282.29,2.08,N
23.68246,86.39201,301.55,0.41,0.61,2026-08-23,1913,N21,VIIRS,n,2.0NRT,280.19,2.7,N
23.68209,86.39613,302.18,0.41,0.61,2026-08-23,1913,N21,VIIRS,n,2.0NRT,280.93,1.68,N
23.67651,86.39543,302.59,0.41,0.61,2026-08-23,1913,N21,VIIRS,n,2.0NRT,281.37,1.87,N
23.67615,86.39944,309.56,0.41,0.61,2026-08-23,1913,N21,VIIRS,n,2.0NRT,281.61,1.87,N
23.56032,87.24065,314.83,0.36,0.58,2026-08-23,1913,N21,VIIRS,n,2.0NRT,279.56,2.5,N
23.55503,87.2401,311.8,0.36,0.58,2026-08-23,1913,N21,VIIRS,n,2.0NRT,278.82,1.65,N
22.37616,87.27859,325.24,0.35,0.57,2026-08-23,1913,N21,VIIRS,n,2.0NRT,283.28,4.3,N
23.54908,87.2466,298.31,0.36,0.58,2026-08-23,1913,N21,VIIRS,n,2.0NRT,277.37,1.92,N
22.37584,87.28196,305.92,0.35,0.57,2026-08-23,1913,N21,VIIRS,n,2.0NRT,282.73,2.63,N
22.36402,87.01662,312.78,0.36,0.58,2026-08-23,1913,N21,VIIRS,n,2.0NRT,278.07,2.27,N
22.3645,87.0169,310.71,0.36,0.58,2026-08-23,1913,N21,VIIRS,n,2.0NRT,278.18,1.1,N
22.35921,87.01627,303.4,0.36,0.58,2026-08-23,1913,N21,VIIRS,n,2.0NRT,277.71,1.1,N
22.24316,87.38877,306.4,0.34,0.56,2026-08-23,1913,N21,VIIRS,n,2.0NRT,285.23,1.74,N
27.53554,95.39848,302.84,0.43,0.38,2026-08-23,1913,N21,VIIRS,n,2.0NRT,279.41,0.28,N
24.11502,86.86157,301.13,0.39,0.59,2026-08-23,1913,N21,VIIRS,n,2.0NRT,267.96,1.18,N
31.2488,76.9297,300.72,0.45,0.39,2026-08-23,2053,N21,VIIRS,n,2.0NRT,290.7,0.38,N
29.47537,76.8596,306.94,0.47,0.4,2026-08-23,2053,N21,VIIRS,n,2.0NRT,292.43,0.83,N
29.45843,76.89032,307.74,0.47,0.4,2026-08-23,2053,N21,VIIRS,n,2.0NRT,291.53,0.61,N
29.45481,76.86952,332.79,0.47,0.4,2026-08-23,2053,N21,VIIRS,n,2.0NRT,292.29,4.23,N
29.35825,76.95921,307.37,0.48,0.4,2026-08-23,2053,N21,VIIRS,n,2.0NRT,290.96,1.47,N
29.12311,75.77846,310.56,0.43,0.38,2026-08-23,2053,N21,VIIRS,n,2.0NRT,291.34,2.22,N
24.81994,73.09312,315.29,0.39,0.36,2026-08-23,2053,N21,VIIRS,n,2.0NRT,294.73,1.72,N
24.65842,73.87619,309.35,0.41,0.37,2026-08-23,2053,N21,VIIRS,n,2.0NRT,294.33,1.25,N
24.69098,73.00512,304.11,0.39,0.36,2026-08-23,2053,N21,VIIRS,n,2.0NRT,293.03,0.98,N
24.68829,73.00064,305.3,0.39,0.36,2026-08-23,2053,N21,VIIRS,n,2.0NRT,292.89,0.98,N
23.3138,70.48741,307.62,0.39,0.36,2026-08-23,2053,N21,VIIRS,n,2.0NRT,294.43,1.24,N
22.57408,70.22664,303.8,0.39,0.36,2026-08-23,2053,N21,VIIRS,n,2.0NRT,292.27,1.72,N
23.67958,86.39573,302.14,0.74,0.76,2026-08-23,2055,N21,VIIRS,n,2.0NRT,272.16,4.46,N
26.25788,74.09489,310.07,0.41,0.37,2026-08-23,2055,N21,VIIRS,n,2.0NRT,292.99,1.23,N
25.94286,72.19045,307.37,0.38,0.36,2026-08-23,2055,N21,VIIRS,n,2.0NRT,294.51,0.97,N
24.93355,74.63254,311.44,0.43,0.38,2026-08-23,2055,N21,VIIRS,n,2.0NRT,291.35,1.37,N
23.7934,86.34972,300.21,0.73,0.76,2026-08-23,2055,N21,VIIRS,n,2.0NRT,269.16,1.44,N
23.75898,86.39871,299.33,0.74,0.76,2026-08-23,2055,N21,VIIRS,n,2.0NRT,268.99,2.42,N
23.80548,86.33092,299.17,0.73,0.76,2026-08-23,2055,N21,VIIRS,n,2.0NRT,268.63,1.82,N
23.76476,86.40518,301.18,0.74,0.76,2026-08-23,2055,N21,VIIRS,n,2.0NRT,267.33,2.22,N
23.8,86.32664,300.61,0.73,0.76,2026-08-23,2055,N21,VIIRS,n,2.0NRT,268.36,3.28,N
26.87672,73.51546,306.5,0.39,0.36,2026-08-23,2055,N21,VIIRS,n,2.0NRT,293.53,1.63,N
27.28774,73.83964,308.69,0.4,0.37,2026-08-23,2055,N21,VIIRS,n,2.0NRT,293.64,1.09,N
21.10867,72.64659,303.22,0.4,0.37,2026-08-23,2055,N21,VIIRS,n,2.0NRT,290.55,2.23,N
21.10531,72.64595,338.88,0.4,0.37,2026-08-23,2055,N21,VIIRS,n,2.0NRT,293.86,3.85,N
21.1066,72.63825,305.43,0.4,0.37,2026-08-23,2055,N21,VIIRS,n,2.0NRT,292.27,1.31,N
21.10596,72.6421,309.75,0.4,0.37,2026-08-23,2055,N21,VIIRS,n,2.0NRT,292.21,3.85,N
21.10467,72.6498,306.47,0.4,0.37,2026-08-23,2055,N21,VIIRS,n,2.0NRT,291.48,3.09,N
21.10388,72.63377,303.36,0.4,0.37,2026-08-23,2055,N21,VIIRS,n,2.0NRT,290.85,1.31,N
21.10324,72.63761,310.96,0.4,0.37,2026-08-23,2055,N21,VIIRS,n,2.0NRT,291.45,1.31,N
21.10195,72.64531,303.51,0.4,0.37,2026-08-23,2055,N21,VIIRS,n,2.0NRT,289.49,3.85,N
23.77993,86.34556,297.78,0.73,0.76,2026-08-23,2055,N21,VIIRS,n,2.0NRT,268.37,1.34,N
23.76575,86.40074,300.08,0.74,0.76,2026-08-23,2055,N21,VIIRS,n,2.0NRT,268.31,2.42,N
19.93539,73.71249,301.45,0.45,0.39,2026-08-23,2055,N21,VIIRS,n,2.0NRT,290.77,0.55,N
19.04779,73.11804,307.42,0.44,0.38,2026-08-23,2055,N21,VIIRS,n,2.0NRT,292.09,1.71,N
19.04974,73.11978,305.42,0.44,0.38,2026-08-23,2055,N21,VIIRS,n,2.0NRT,292.19,1.5,N
11.13734,77.35052,308.69,0.34,0.56,2026-08-23,2057,N21,VIIRS,n,2.0NRT,287.11,1.5,N
10.07067,77.25338,296.24,0.35,0.57,2026-08-23,2057,N21,VIIRS,n,2.0NRT,284.9,1.7,N
10.06989,77.25764,295.88,0.35,0.57,2026-08-23,2057,N21,VIIRS,n,2.0NRT,283.55,1.09,N
9.04358,78.21024,332.46,0.39,0.36,2026-08-24,0803,N21,VIIRS,l,2.0NRT,295.91,3.33,D
9.13882,78.25266,338.62,0.39,0.36,2026-08-24,0803,N21,VIIRS,l,2.0NRT,298.43,6.03,D
10.44382,79.63159,332.01,0.39,0.36,2026-08-24,0803,N21,VIIRS,n,2.0NRT,288.22,3.01,D
10.44329,79.62807,335.68,0.39,0.36,2026-08-24,0803,N21,VIIRS,n,2.0NRT,288.58,3.01,D
10.44661,79.62756,332.75,0.39,0.36,2026-08-24,0803,N21,VIIRS,n,2.0NRT,289.12,3.01,D
15.17561,76.65761,342.81,0.39,0.36,2026-08-24,0805,N21,VIIRS,n,2.0NRT,296.54,8.73,D
15.18392,76.6673,336.44,0.39,0.36,2026-08-24,0805,N21,VIIRS,l,2.0NRT,295.62,5.39,D
30.69707,74.18148,335.91,0.39,0.36,2026-08-24,0809,N21,VIIRS,n,2.0NRT,301.56,3.82,D
30.69473,74.03057,333.1,0.38,0.36,2026-08-24,0809,N21,VIIRS,n,2.0NRT,301.78,0.84,D
31.30223,75.0976,331.03,0.4,0.37,2026-08-24,0809,N21,VIIRS,n,2.0NRT,300.39,2.69,D
31.99993,78.53543,342.79,0.54,0.42,2026-08-24,0809,N21,VIIRS,n,2.0NRT,306.47,20.93,D
22.37771,87.28072,313.4,0.71,0.75,2026-08-24,1853,N21,VIIRS,n,2.0NRT,284.51,4.8,N
22.37808,87.27341,305.13,0.71,0.75,2026-08-24,1853,N21,VIIRS,n,2.0NRT,284.62,3.57,N
22.37762,87.28032,313.01,0.71,0.75,2026-08-24,1853,N21,VIIRS,n,2.0NRT,284.39,3.57,N
22.36239,87.29989,303.55,0.71,0.75,2026-08-24,1853,N21,VIIRS,n,2.0NRT,284.66,2.58,N
22.36675,87.01879,301.37,0.74,0.76,2026-08-24,1853,N21,VIIRS,n,2.0NRT,284.57,1.66,N
22.37821,87.27383,305.16,0.71,0.75,2026-08-24,1853,N21,VIIRS,n,2.0NRT,284.54,4.15,N
22.36235,87.30032,303.61,0.71,0.75,2026-08-24,1853,N21,VIIRS,n,2.0NRT,284.88,2.75,N
26.25869,74.09478,306.44,0.44,0.38,2026-08-24,2034,N21,VIIRS,n,2.0NRT,293.61,1.29,N
23.66204,87.15504,306.74,0.42,0.61,2026-08-24,2034,N21,VIIRS,n,2.0NRT,277.33,2.54,N
23.5561,87.23985,302.88,0.43,0.62,2026-08-24,2034,N21,VIIRS,n,2.0NRT,277.95,1,N
23.69767,85.35781,302.44,0.32,0.55,2026-08-24,2034,N21,VIIRS,n,2.0NRT,286.23,1.08,N
25.94196,72.19294,305.95,0.53,0.42,2026-08-24,2034,N21,VIIRS,n,2.0NRT,294.78,1.97,N
23.6974,85.3561,298.78,0.32,0.55,2026-08-24,2034,N21,VIIRS,n,2.0NRT,286.16,0.9,N
22.37958,87.27782,319.11,0.45,0.63,2026-08-24,2034,N21,VIIRS,n,2.0NRT,288.07,3.83,N
22.37859,87.28209,315.76,0.45,0.63,2026-08-24,2034,N21,VIIRS,n,2.0NRT,288.26,3.83,N
22.36792,87.30201,304.48,0.46,0.63,2026-08-24,2034,N21,VIIRS,n,2.0NRT,287.91,1.87,N
22.37782,87.28007,329.41,0.45,0.63,2026-08-24,2034,N21,VIIRS,n,2.0NRT,288.78,6.44,N
22.37879,87.27578,304.5,0.45,0.63,2026-08-24,2034,N21,VIIRS,n,2.0NRT,288,3.39,N
22.3673,87.3,308.18,0.46,0.63,2026-08-24,2034,N21,VIIRS,n,2.0NRT,288.31,2.55,N
22.36633,87.30431,305.57,0.46,0.63,2026-08-24,2034,N21,VIIRS,n,2.0NRT,287.65,1.78,N
22.36615,87.01677,304.84,0.44,0.62,2026-08-24,2034,N21,VIIRS,n,2.0NRT,285.86,2.41,N
31.25072,76.92702,304.62,0.4,0.37,2026-08-24,2034,N21,VIIRS,n,2.0NRT,291.29,0.46,N
31.32664,76.89409,303.53,0.4,0.37,2026-08-24,2034,N21,VIIRS,n,2.0NRT,291.91,0.76,N
29.12299,75.77946,309.56,0.41,0.37,2026-08-24,2034,N21,VIIRS,n,2.0NRT,295.69,0.55,N
21.1012,72.63512,343.9,0.45,0.39,2026-08-24,2036,N21,VIIRS,n,2.0NRT,286.91,6.84,N
21.1006,72.63942,303.78,0.45,0.39,2026-08-24,2036,N21,VIIRS,n,2.0NRT,284.69,6.84,N
20.91008,71.45858,304.73,0.51,0.41,2026-08-24,2036,N21,VIIRS,n,2.0NRT,291.81,1.97,N
23.31523,70.48663,306.28,0.41,0.45,2026-08-24,2036,N21,VIIRS,n,2.0NRT,294.42,1.6,N
22.93522,69.69798,309.2,0.45,0.47,2026-08-24,2036,N21,VIIRS,n,2.0NRT,293.68,1.47,N
22.93092,69.6974,305.22,0.45,0.47,2026-08-24,2036,N21,VIIRS,n,2.0NRT,293.62,1.29,N
19.93503,73.71155,317.95,0.4,0.37,2026-08-24,2036,N21,VIIRS,n,2.0NRT,290.33,2.2,N
22.34392,69.86665,339.9,0.43,0.46,2026-08-24,2036,N21,VIIRS,n,2.0NRT,293.84,7.01,N
22.3444,69.86245,308.11,0.44,0.46,2026-08-24,2036,N21,VIIRS,n,2.0NRT,293.06,2.37,N
22.34343,69.87085,313.73,0.43,0.46,2026-08-24,2036,N21,VIIRS,n,2.0NRT,293.41,7.01,N
22.34017,69.86192,307.83,0.44,0.46,2026-08-24,2036,N21,VIIRS,n,2.0NRT,293.93,3.82,N
22.33969,69.86611,315.85,0.43,0.46,2026-08-24,2036,N21,VIIRS,n,2.0NRT,294.07,2.69,N
22.33921,69.8703,309.15,0.43,0.46,2026-08-24,2036,N21,VIIRS,n,2.0NRT,293.54,2.69,N
21.11155,72.63502,306.84,0.45,0.39,2026-08-24,2036,N21,VIIRS,n,2.0NRT,285.95,2.62,N
21.11185,72.63676,305.79,0.45,0.39,2026-08-24,2036,N21,VIIRS,n,2.0NRT,286.44,2.38,N
21.1071,72.6448,333.63,0.45,0.39,2026-08-24,2036,N21,VIIRS,n,2.0NRT,286.64,5.21,N
21.1083,72.63621,314.67,0.45,0.39,2026-08-24,2036,N21,VIIRS,n,2.0NRT,287.72,1.32,N
21.1077,72.6405,305.03,0.45,0.39,2026-08-24,2036,N21,VIIRS,n,2.0NRT,286.38,1.32,N
21.10649,72.64909,309.21,0.45,0.39,2026-08-24,2036,N21,VIIRS,n,2.0NRT,287.92,5.21,N
21.10355,72.64426,333.39,0.45,0.39,2026-08-24,2036,N21,VIIRS,n,2.0NRT,286.73,5.21,N
21.10475,72.63566,311.84,0.45,0.39,2026-08-24,2036,N21,VIIRS,n,2.0NRT,286.77,1.32,N
21.10415,72.63996,305.3,0.45,0.39,2026-08-24,2036,N21,VIIRS,n,2.0NRT,285.08,1.32,N
21.10295,72.64854,306.06,0.45,0.39,2026-08-24,2036,N21,VIIRS,n,2.0NRT,287.19,5.21,N
15.14153,76.96049,331.71,0.41,0.45,2026-08-25,0746,N21,VIIRS,n,2.0NRT,289.56,1.82,D
28.70671,76.85614,306.17,0.39,0.44,2026-08-25,2014,N21,VIIRS,n,2.0NRT,283.28,1.35,N
21.18644,81.39273,307.39,0.39,0.36,2026-08-25,2017,N21,VIIRS,n,2.0NRT,290.17,2.81,N
18.80414,74.25832,314.73,0.41,0.45,2026-08-25,2017,N21,VIIRS,n,2.0NRT,290.13,1.88,N
18.69251,73.03823,306.34,0.49,0.49,2026-08-25,2017,N21,VIIRS,n,2.0NRT,291.2,3.2,N
18.69194,73.04287,307.97,0.49,0.49,2026-08-25,2017,N21,VIIRS,n,2.0NRT,291.16,2.48,N
18.67913,73.0365,304.98,0.49,0.49,2026-08-25,2017,N21,VIIRS,n,2.0NRT,290.52,4,N
17.46485,80.65231,308.11,0.39,0.36,2026-08-25,2017,N21,VIIRS,n,2.0NRT,286.21,1.05,N
15.68491,78.45717,305.93,0.39,0.36,2026-08-25,2017,N21,VIIRS,n,2.0NRT,291.89,2.33,N
15.65657,73.98945,298.34,0.39,0.44,2026-08-25,2017,N21,VIIRS,n,2.0NRT,286.54,1.7,N
15.17786,77.10236,309.04,0.41,0.37,2026-08-25,2017,N21,VIIRS,n,2.0NRT,292.29,1.05,N
15.22395,76.76291,305.15,0.42,0.38,2026-08-25,2017,N21,VIIRS,n,2.0NRT,292.43,1.23,N
15.17445,77.10182,308.87,0.41,0.37,2026-08-25,2017,N21,VIIRS,n,2.0NRT,292.14,1.05,N
15.02173,78.0117,302.82,0.39,0.36,2026-08-25,2017,N21,VIIRS,n,2.0NRT,285.54,0.71,N
15.02118,78.01533,305.27,0.39,0.36,2026-08-25,2017,N21,VIIRS,n,2.0NRT,286.28,0.71,N
15.18715,76.6579,302.1,0.43,0.38,2026-08-25,2017,N21,VIIRS,n,2.0NRT,288.92,2.19,N
15.18253,76.66524,319.43,0.43,0.38,2026-08-25,2017,N21,VIIRS,n,2.0NRT,286.59,2.35,N
15.18196,76.66917,306.06,0.43,0.38,2026-08-25,2017,N21,VIIRS,n,2.0NRT,287.83,2.35,N
15.17503,76.69223,311.77,0.42,0.38,2026-08-25,2017,N21,VIIRS,n,2.0NRT,290.27,2.07,N
15.17676,76.65635,320.65,0.43,0.38,2026-08-25,2017,N21,VIIRS,n,2.0NRT,291.17,2.56,N
15.17734,76.65241,311.91,0.43,0.38,2026-08-25,2017,N21,VIIRS,n,2.0NRT,290.79,3.24,N
15.17156,76.69174,316.27,0.42,0.38,2026-08-25,2017,N21,VIIRS,n,2.0NRT,291.73,2.76,N
15.1733,76.65583,308.24,0.43,0.38,2026-08-25,2017,N21,VIIRS,n,2.0NRT,290.83,2.56,N
26.75887,83.20107,310.96,0.4,0.37,2026-08-25,2017,N21,VIIRS,n,2.0NRT,289.53,1.19,N
25.94452,72.18851,300.18,0.34,0.56,2026-08-25,2017,N21,VIIRS,n,2.0NRT,277.97,0.85,N
23.55735,87.24048,308.03,0.43,0.46,2026-08-25,2017,N21,VIIRS,n,2.0NRT,279.43,1.85,N
22.37963,87.27699,300.96,0.46,0.47,2026-08-25,2017,N21,VIIRS,n,2.0NRT,278.05,1.96,N
22.37453,87.28033,298.06,0.46,0.47,2026-08-25,2017,N21,VIIRS,n,2.0NRT,274.56,1.31,N
23.16651,82.34164,303.04,0.4,0.37,2026-08-25,2017,N21,VIIRS,n,2.0NRT,266.14,0.75,N
23.16381,82.33716,304.82,0.4,0.37,2026-08-25,2017,N21,VIIRS,n,2.0NRT,266.63,1.46,N
23.16317,82.34101,299.79,0.4,0.37,2026-08-25,2017,N21,VIIRS,n,2.0NRT,265.73,0.75,N
22.35787,82.30326,311.19,0.4,0.37,2026-08-25,2017,N21,VIIRS,n,2.0NRT,264.88,1.31,N
21.74682,83.84542,303.7,0.46,0.39,2026-08-25,2017,N21,VIIRS,n,2.0NRT,279.88,2.91,N
21.73116,82.21548,306.81,0.4,0.37,2026-08-25,2017,N21,VIIRS,n,2.0NRT,287.73,1.19,N
21.37509,81.68103,314.57,0.39,0.36,2026-08-25,2017,N21,VIIRS,n,2.0NRT,290.19,3.85,N
21.37116,81.68417,308.19,0.39,0.36,2026-08-25,2017,N21,VIIRS,n,2.0NRT,289.83,2.32,N
21.37453,81.64227,309,0.39,0.36,2026-08-25,2017,N21,VIIRS,n,2.0NRT,289.59,2.78,N
21.36512,81.67917,306.52,0.39,0.36,2026-08-25,2017,N21,VIIRS,n,2.0NRT,289.6,1.98,N
21.31093,81.59187,307.1,0.39,0.36,2026-08-25,2017,N21,VIIRS,n,2.0NRT,290.05,1.29,N
21.24484,81.76915,304.63,0.4,0.37,2026-08-25,2017,N21,VIIRS,n,2.0NRT,289.61,1.21,N
21.19608,81.41749,317.2,0.39,0.36,2026-08-25,2017,N21,VIIRS,n,2.0NRT,289.77,1.76,N
21.19365,81.39023,312.39,0.39,0.36,2026-08-25,2017,N21,VIIRS,n,2.0NRT,290.55,1.27,N
21.19034,81.38962,306.42,0.39,0.36,2026-08-25,2017,N21,VIIRS,n,2.0NRT,289.59,1.27,N
21.18432,81.38468,308.6,0.39,0.36,2026-08-25,2017,N21,VIIRS,n,2.0NRT,290.35,1.61,N
21.18102,81.38407,309.56,0.39,0.36,2026-08-25,2017,N21,VIIRS,n,2.0NRT,290.28,2.19,N
21.19039,81.19882,308.46,0.39,0.36,2026-08-25,2017,N21,VIIRS,n,2.0NRT,290.78,1.32,N
12.91749,79.11784,304.36,0.39,0.36,2026-08-25,2019,N21,VIIRS,n,2.0NRT,281.42,0.7,N
12.2171,79.00295,299.01,0.39,0.36,2026-08-25,2019,N21,VIIRS,n,2.0NRT,272.29,0.9,N
20.91191,71.45881,305.05,0.33,0.55,2026-08-25,2019,N21,VIIRS,n,2.0NRT,290.37,0.96,N
19.82038,79.23856,322.73,0.39,0.36,2026-08-25,2019,N21,VIIRS,n,2.0NRT,286.31,1.6,N
10.77575,78.88298,305.38,0.39,0.36,2026-08-25,2019,N21,VIIRS,n,2.0NRT,283.61,1.6,N
17.95628,80.79455,329.1,0.39,0.36,2026-08-25,2019,N21,VIIRS,n,2.0NRT,292.45,5.23,N
17.95747,80.7872,309.77,0.39,0.36,2026-08-25,2019,N21,VIIRS,n,2.0NRT,291.44,3.33,N
9.39075,78.88336,336.06,0.4,0.6,2026-08-26,0726,N21,VIIRS,n,2.0NRT,291.74,2.89,D
10.38894,79.17622,330.34,0.37,0.58,2026-08-26,0726,N21,VIIRS,n,2.0NRT,292.83,5,D
11.7447,79.05466,333.07,0.35,0.57,2026-08-26,0726,N21,VIIRS,n,2.0NRT,295.21,1.51,D
11.74077,78.97653,347.16,0.36,0.57,2026-08-26,0726,N21,VIIRS,n,2.0NRT,294.02,3.99,D
17.60913,83.20387,331.24,0.47,0.4,2026-08-26,0729,N21,VIIRS,l,2.0NRT,296.24,9.96,D
15.62631,79.17872,330.99,0.59,0.53,2026-08-26,0729,N21,VIIRS,n,2.0NRT,291.27,4.14,D
15.62259,79.18162,334.29,0.59,0.53,2026-08-26,0729,N21,VIIRS,n,2.0NRT,292.53,6.57,D
16.40067,79.36681,335.24,0.55,0.51,2026-08-26,0729,N21,VIIRS,n,2.0NRT,293.52,8.29,D
16.83534,79.16514,330.52,0.56,0.51,2026-08-26,0729,N21,VIIRS,n,2.0NRT,291.87,3.28,D
21.67331,84.0409,329.78,0.4,0.37,2026-08-26,0729,N21,VIIRS,l,2.0NRT,295.02,4.73,D
21.67999,84.03966,332.83,0.4,0.37,2026-08-26,0729,N21,VIIRS,l,2.0NRT,296.61,9.21,D
22.21023,84.86258,331.63,0.39,0.36,2026-08-26,0729,N21,VIIRS,n,2.0NRT,293.69,3.63,D
22.21468,84.8694,334.29,0.39,0.36,2026-08-26,0729,N21,VIIRS,n,2.0NRT,293.07,5.23,D
22.21391,84.84286,330.93,0.39,0.36,2026-08-26,0729,N21,VIIRS,n,2.0NRT,291.89,3.38,D
22.21333,84.83915,330.66,0.39,0.36,2026-08-26,0729,N21,VIIRS,n,2.0NRT,291.48,2.79,D
30.34867,74.23013,338.78,0.6,0.53,2026-08-26,0731,N21,VIIRS,n,2.0NRT,299.85,6.85,D
21.10038,72.63611,334.04,0.61,0.71,2026-08-26,0731,N21,VIIRS,n,2.0NRT,287.11,6.31,D
21.10633,72.64521,332.78,0.55,0.68,2026-08-26,0909,N21,VIIRS,n,2.0NRT,288.69,6.43,D
21.10424,72.64529,332.55,0.55,0.68,2026-08-26,0909,N21,VIIRS,n,2.0NRT,288.95,7.18,D
23.68759,87.12062,303.46,0.39,0.37,2026-08-26,1957,N21,VIIRS,n,2.0NRT,283.41,2.11,N
22.37905,87.27782,312.36,0.41,0.37,2026-08-26,1957,N21,VIIRS,n,2.0NRT,283.16,1.47,N
22.37841,87.28172,302.42,0.41,0.37,2026-08-26,1957,N21,VIIRS,n,2.0NRT,281.42,1.97,N
22.37569,87.27717,308.06,0.41,0.37,2026-08-26,1957,N21,VIIRS,n,2.0NRT,288.14,1.47,N
22.35626,87.28948,309.68,0.41,0.37,2026-08-26,1957,N21,VIIRS,n,2.0NRT,289.94,1.98,N
22.24414,87.38998,323.61,0.41,0.37,2026-08-26,1957,N21,VIIRS,n,2.0NRT,290.59,5.3,N
20.98991,85.12567,300.84,0.38,0.36,2026-08-26,1957,N21,VIIRS,n,2.0NRT,285.29,0.71,N
20.86524,84.98709,310.12,0.38,0.36,2026-08-26,1957,N21,VIIRS,n,2.0NRT,288.65,2.02,N
20.88999,84.98014,310.5,0.38,0.36,2026-08-26,1957,N21,VIIRS,n,2.0NRT,286.79,1.28,N
20.88613,84.98322,326.31,0.38,0.36,2026-08-26,1957,N21,VIIRS,n,2.0NRT,287.05,4.18,N
20.86797,84.99133,305.97,0.38,0.36,2026-08-26,1957,N21,VIIRS,n,2.0NRT,288.27,1.49,N
20.86195,84.98651,328.95,0.38,0.36,2026-08-26,1957,N21,VIIRS,n,2.0NRT,288.09,2.02,N
20.79946,85.25735,306.59,0.38,0.36,2026-08-26,1957,N21,VIIRS,n,2.0NRT,278.15,0.78,N
20.86468,84.99075,316.09,0.38,0.36,2026-08-26,1957,N21,VIIRS,n,2.0NRT,289.13,2.02,N
20.86411,84.99441,322.59,0.38,0.36,2026-08-26,1957,N21,VIIRS,n,2.0NRT,289.01,3.46,N
24.14523,86.33312,317.53,0.38,0.36,2026-08-26,1957,N21,VIIRS,n,2.0NRT,288.81,3.46,N
15.17911,77.10237,305.35,0.49,0.49,2026-08-26,2000,N21,VIIRS,n,2.0NRT,288.52,1.45,N
17.02574,81.12362,305.54,0.45,0.39,2026-08-26,2000,N21,VIIRS,n,2.0NRT,291.23,1.64,N
17.02656,81.12515,305.65,0.45,0.39,2026-08-26,2000,N21,VIIRS,n,2.0NRT,291,1.45,N
15.84632,80.17049,316.79,0.49,0.4,2026-08-26,2000,N21,VIIRS,n,2.0NRT,292.15,6.76,N
15.01244,79.80169,322.25,0.5,0.41,2026-08-26,2000,N21,VIIRS,n,2.0NRT,291.52,6.81,N
15.65726,73.98717,305.45,0.4,0.6,2026-08-26,2000,N21,VIIRS,n,2.0NRT,290.46,1.46,N
15.65695,73.98811,308.16,0.4,0.6,2026-08-26,2000,N21,VIIRS,n,2.0NRT,290.45,1.29,N
15.33406,76.28747,307.41,0.56,0.51,2026-08-26,2000,N21,VIIRS,n,2.0NRT,290.89,2,N
15.17996,77.10442,304.53,0.49,0.49,2026-08-26,2000,N21,VIIRS,n,2.0NRT,288.03,1.88,N
15.1761,77.09933,304.79,0.49,0.49,2026-08-26,2000,N21,VIIRS,n,2.0NRT,288.41,1.4,N
15.18324,76.64272,309.38,0.53,0.5,2026-08-26,2000,N21,VIIRS,n,2.0NRT,285.39,2.15,N
15.18025,76.66698,302.76,0.52,0.5,2026-08-26,2000,N21,VIIRS,n,2.0NRT,287.54,2.13,N
15.17965,76.67181,304.26,0.52,0.5,2026-08-26,2000,N21,VIIRS,n,2.0NRT,288.23,3.57,N
15.17745,76.65191,305.61,0.52,0.5,2026-08-26,2000,N21,VIIRS,n,2.0NRT,286.41,1.92,N
15.17685,76.65675,314.98,0.52,0.5,2026-08-26,2000,N21,VIIRS,n,2.0NRT,287.7,1.92,N
15.17625,76.66158,302.46,0.52,0.5,2026-08-26,2000,N21,VIIRS,n,2.0NRT,286.37,2.16,N
15.17265,76.69075,305.8,0.52,0.5,2026-08-26,2000,N21,VIIRS,n,2.0NRT,287.56,1.27,N
15.17225,76.6562,303.66,0.52,0.5,2026-08-26,2000,N21,VIIRS,n,2.0NRT,286.09,1.92,N
14.60618,78.52363,308.46,0.39,0.44,2026-08-26,2000,N21,VIIRS,n,2.0NRT,292.48,2.22,N
11.81676,77.91685,300.49,0.39,0.44,2026-08-26,2000,N21,VIIRS,n,2.0NRT,280.09,0.64,N
11.80773,77.92281,307.55,0.39,0.44,2026-08-26,2000,N21,VIIRS,n,2.0NRT,279.96,1.42,N
22.4143,69.03838,306.35,0.32,0.55,2026-08-26,2138,N21,VIIRS,n,2.0NRT,290.09,0.72,N
20.96798,85.17476,339.3,0.39,0.44,2026-08-27,0709,N21,VIIRS,n,2.0NRT,293.99,9.02,D
20.96261,85.16816,330.87,0.39,0.44,2026-08-27,0709,N21,VIIRS,n,2.0NRT,293.93,5.52,D
20.79259,85.25351,339.62,0.39,0.44,2026-08-27,0709,N21,VIIRS,n,2.0NRT,293.3,11.26,D
27.50346,91.71323,333.87,0.44,0.38,2026-08-27,0712,N21,VIIRS,n,2.0NRT,299.61,6.5,D
34.31184,76.76282,367,0.33,0.55,2026-08-27,0714,N21,VIIRS,h,2.0NRT,307.05,11.73,D
10.05289,77.95028,355.42,0.44,0.62,2026-08-27,0848,N21,VIIRS,n,2.0NRT,292.05,11.04,D
10.87824,77.60252,332.96,0.43,0.62,2026-08-27,0848,N21,VIIRS,n,2.0NRT,294.52,1.69,D
10.97389,77.72894,330.9,0.44,0.62,2026-08-27,0848,N21,VIIRS,n,2.0NRT,295.82,4.69,D
9.20358,77.94232,343.32,0.43,0.62,2026-08-27,0848,N21,VIIRS,n,2.0NRT,296.38,4.47,D
9.18647,77.63859,330.03,0.41,0.6,2026-08-27,0848,N21,VIIRS,n,2.0NRT,292.53,0.83,D
9.20698,77.93936,332,0.43,0.62,2026-08-27,0848,N21,VIIRS,n,2.0NRT,296.61,9.27,D
9.18691,77.63944,331.4,0.41,0.6,2026-08-27,0848,N21,VIIRS,n,2.0NRT,291.35,1.26,D
9.38556,77.56399,330.37,0.4,0.6,2026-08-27,0848,N21,VIIRS,n,2.0NRT,292.71,4.92,D
9.91148,78.28306,333.73,0.46,0.64,2026-08-27,0848,N21,VIIRS,n,2.0NRT,291.88,3.22,D
9.08281,77.96626,331.57,0.43,0.62,2026-08-27,0848,N21,VIIRS,n,2.0NRT,294.28,3.55,D
26.63483,70.38657,342.14,0.45,0.47,2026-08-27,0852,N21,VIIRS,n,2.0NRT,303.32,4.72,D
29.90769,74.95112,324.48,0.53,0.5,2026-08-27,2118,N21,VIIRS,n,2.0NRT,295.82,4.03,N
29.45728,76.87041,308.61,0.35,0.57,2026-08-27,2118,N21,VIIRS,n,2.0NRT,291.22,1.12,N
21.10197,72.63417,314.93,0.57,0.52,2026-08-27,2121,N21,VIIRS,n,2.0NRT,273.63,6.06,N
18.40169,74.43215,301.42,0.43,0.62,2026-08-27,2121,N21,VIIRS,n,2.0NRT,286.53,1.29,N
22.92664,70.10658,313.67,0.56,0.43,2026-08-27,2121,N21,VIIRS,n,2.0NRT,293.11,2.39,N
21.10285,72.63518,315.13,0.57,0.52,2026-08-27,2121,N21,VIIRS,n,2.0NRT,274.69,3.87,N
21.10449,72.64615,317.36,0.58,0.52,2026-08-27,2121,N21,VIIRS,n,2.0NRT,274.79,5.35,N
21.1053,72.64713,317.47,0.58,0.52,2026-08-27,2121,N21,VIIRS,n,2.0NRT,275.42,5.51,N
28.11855,95.48516,332.86,0.41,0.37,2026-08-28,0652,N21,VIIRS,n,2.0NRT,295.18,3,D
10.44864,79.65552,335.25,0.55,0.51,2026-08-28,0828,N21,VIIRS,n,2.0NRT,294.59,3.77,D
8.56604,78.08351,332.18,0.41,0.45,2026-08-28,0828,N21,VIIRS,l,2.0NRT,303.65,1.94,D
8.60969,77.83566,339.17,0.39,0.44,2026-08-28,0828,N21,VIIRS,n,2.0NRT,306.85,6.03,D
8.71279,77.97305,343,0.4,0.44,2026-08-28,0828,N21,VIIRS,n,2.0NRT,308.96,7.52,D
8.86089,77.99239,337.56,0.4,0.44,2026-08-28,0828,N21,VIIRS,l,2.0NRT,308.96,3.92,D
8.8614,77.99268,337.88,0.4,0.44,2026-08-28,0828,N21,VIIRS,l,2.0NRT,308.55,3.59,D
8.99345,77.86612,337.63,0.4,0.44,2026-08-28,0828,N21,VIIRS,n,2.0NRT,307.56,4.63,D
9.06493,77.68907,340.71,0.39,0.44,2026-08-28,0828,N21,VIIRS,n,2.0NRT,305.91,4.13,D
9.07731,77.57346,342.45,0.38,0.43,2026-08-28,0828,N21,VIIRS,n,2.0NRT,305.29,4.03,D
9.0767,77.56914,338.85,0.57,0.43,2026-08-28,0828,N21,VIIRS,n,2.0NRT,306.27,4.9,D
9.18652,77.78751,350.7,0.4,0.44,2026-08-28,0828,N21,VIIRS,n,2.0NRT,307.2,15.58,D
9.27803,78.39629,348.85,0.43,0.46,2026-08-28,0828,N21,VIIRS,n,2.0NRT,302.26,4.12,D
9.2775,78.39238,332.61,0.43,0.46,2026-08-28,0828,N21,VIIRS,n,2.0NRT,300.75,4.12,D
9.28223,78.3957,342.73,0.43,0.46,2026-08-28,0828,N21,VIIRS,n,2.0NRT,301.7,3.85,D
9.33282,78.42058,341.42,0.44,0.46,2026-08-28,0828,N21,VIIRS,n,2.0NRT,303.56,6.56,D
9.26581,77.91255,344.05,0.4,0.44,2026-08-28,0828,N21,VIIRS,n,2.0NRT,295.15,5.95,D
9.37401,78.6227,341.48,0.45,0.47,2026-08-28,0828,N21,VIIRS,n,2.0NRT,302.93,5.53,D
9.40914,78.81119,334.12,0.46,0.47,2026-08-28,0828,N21,VIIRS,n,2.0NRT,300.42,1.73,D
9.40697,78.81196,338.76,0.46,0.47,2026-08-28,0828,N21,VIIRS,n,2.0NRT,301.08,3.78,D
9.37102,77.52661,334.6,0.38,0.43,2026-08-28,0828,N21,VIIRS,l,2.0NRT,305.85,3.24,D
9.55345,78.51564,341.09,0.45,0.47,2026-08-28,0828,N21,VIIRS,n,2.0NRT,308.43,54.45,D
9.4172,77.50932,337.26,0.38,0.43,2026-08-28,0828,N21,VIIRS,l,2.0NRT,307.6,3.45,D
9.53326,78.18642,344.34,0.42,0.45,2026-08-28,0828,N21,VIIRS,n,2.0NRT,307.81,11.28,D
9.53541,78.18616,344.4,0.42,0.46,2026-08-28,0828,N21,VIIRS,n,2.0NRT,306.73,7.91,D
9.68469,78.36857,345.19,0.44,0.46,2026-08-28,0828,N21,VIIRS,n,2.0NRT,307.1,13.95,D
9.71987,77.97552,346.61,0.41,0.45,2026-08-28,0828,N21,VIIRS,n,2.0NRT,304.06,8.76,D
9.88012,78.4716,335.03,0.45,0.47,2026-08-28,0828,N21,VIIRS,n,2.0NRT,303.66,2.73,D
9.8426,78.13952,339.23,0.42,0.46,2026-08-28,0828,N21,VIIRS,n,2.0NRT,305.62,6.3,D
10.03975,77.97247,338,0.42,0.45,2026-08-28,0828,N21,VIIRS,n,2.0NRT,304.45,5.07,D
10.53212,78.34332,334.17,0.45,0.47,2026-08-28,0828,N21,VIIRS,n,2.0NRT,295.99,4.64,D
10.53153,78.34397,332.5,0.45,0.47,2026-08-28,0828,N21,VIIRS,n,2.0NRT,295.32,2.69,D
11.23093,78.85033,335.32,0.49,0.49,2026-08-28,0828,N21,VIIRS,n,2.0NRT,296.68,1.73,D
11.16639,78.01994,337.01,0.44,0.46,2026-08-28,0828,N21,VIIRS,n,2.0NRT,299.49,3.13,D
14.35824,77.18724,332.19,0.42,0.46,2026-08-28,0830,N21,VIIRS,l,2.0NRT,302.46,3.29,D
12.41271,77.18036,340.01,0.4,0.44,2026-08-28,0830,N21,VIIRS,n,2.0NRT,289.55,6.76,D
13.32397,76.02139,332.09,0.53,0.42,2026-08-28,0830,N21,VIIRS,n,2.0NRT,294.29,6.95,D
14.50818,76.59798,339.54,0.39,0.44,2026-08-28,0830,N21,VIIRS,n,2.0NRT,297.38,3.88,D
14.50992,76.59728,333.2,0.39,0.44,2026-08-28,0830,N21,VIIRS,n,2.0NRT,299.81,3.17,D
15.00715,79.72668,340.51,0.32,0.55,2026-08-28,0830,N21,VIIRS,n,2.0NRT,296.22,2.82,D
15.00776,79.72642,339.73,0.32,0.55,2026-08-28,0830,N21,VIIRS,n,2.0NRT,296.21,1.83,D
15.08967,79.7764,355.18,0.32,0.55,2026-08-28,0830,N21,VIIRS,n,2.0NRT,299.22,7.39,D
15.08932,79.77341,333.03,0.32,0.55,2026-08-28,0830,N21,VIIRS,n,2.0NRT,298.89,6.01,D
14.80563,76.7702,330.63,0.41,0.45,2026-08-28,0830,N21,VIIRS,n,2.0NRT,298.49,2.35,D
14.65814,75.65547,337.4,0.52,0.42,2026-08-28,0830,N21,VIIRS,n,2.0NRT,294.19,5.13,D
15.39007,80.13628,330.71,0.34,0.56,2026-08-28,0830,N21,VIIRS,n,2.0NRT,296.28,3.37,D
15.56243,79.89336,338.27,0.33,0.56,2026-08-28,0830,N21,VIIRS,n,2.0NRT,294.8,2.59,D
15.17567,76.67754,337.31,0.4,0.45,2026-08-28,0830,N21,VIIRS,n,2.0NRT,294.89,4.38,D
15.23541,76.44022,333.74,0.39,0.44,2026-08-28,0830,N21,VIIRS,n,2.0NRT,295.41,3.65,D
15.84844,79.11243,333.77,0.6,0.53,2026-08-28,0830,N21,VIIRS,n,2.0NRT,297.24,4.29,D
16.03076,79.71768,342.17,0.33,0.55,2026-08-28,0830,N21,VIIRS,n,2.0NRT,297.93,3.48,D
16.99839,79.08223,331.13,0.61,0.54,2026-08-28,0830,N21,VIIRS,n,2.0NRT,291.49,3.54,D
14.16654,79.82394,342.83,0.63,0.54,2026-08-28,0830,N21,VIIRS,n,2.0NRT,295.62,8.73,D
11.09134,76.9546,332.31,0.56,0.43,2026-08-28,0830,N21,VIIRS,n,2.0NRT,299.78,5.04,D
11.48553,79.03905,333.95,0.51,0.5,2026-08-28,0830,N21,VIIRS,n,2.0NRT,293.93,1.84,D
11.48213,79.03663,337.21,0.51,0.5,2026-08-28,0830,N21,VIIRS,n,2.0NRT,293.55,2.53,D
12.65077,79.52586,340.98,0.58,0.52,2026-08-28,0830,N21,VIIRS,n,2.0NRT,297.05,18.17,D
22.92856,70.10652,343.86,0.39,0.36,2026-08-28,0833,N21,VIIRS,n,2.0NRT,308.24,12.98,D
23.12482,70.94032,336.71,0.4,0.37,2026-08-28,0833,N21,VIIRS,n,2.0NRT,301.49,3.33,D
18.69099,73.04218,333.21,0.43,0.38,2026-08-28,0833,N21,VIIRS,n,2.0NRT,292.56,2.95,D
21.7424,83.8442,327.67,0.72,0.76,2026-08-28,0833,N21,VIIRS,n,2.0NRT,281.35,7.46,D
21.74194,83.84369,327.14,0.73,0.76,2026-08-28,0833,N21,VIIRS,n,2.0NRT,280.41,7.65,D
21.10448,72.6461,337.3,0.44,0.38,2026-08-28,0833,N21,VIIRS,n,2.0NRT,295.3,5.25,D
31.53816,75.11701,339.95,0.52,0.5,2026-08-28,0835,N21,VIIRS,n,2.0NRT,297.84,5.36,D
31.53888,75.11586,337.82,0.52,0.5,2026-08-28,0835,N21,VIIRS,n,2.0NRT,297.31,7.68,D
25.9435,72.19397,337.43,0.47,0.39,2026-08-28,0835,N21,VIIRS,n,2.0NRT,303.78,4.28,D
27.43725,70.85397,340.27,0.43,0.38,2026-08-28,0835,N21,VIIRS,l,2.0NRT,313.15,3.56,D
30.43859,73.86054,342.03,0.43,0.46,2026-08-28,0835,N21,VIIRS,n,2.0NRT,304.05,3.39,D
26.90533,93.00866,332.56,0.39,0.44,2026-08-29,0633,N21,VIIRS,n,2.0NRT,288.37,1.84,D
11.45934,79.18013,331.81,0.42,0.38,2026-08-29,0809,N21,VIIRS,l,2.0NRT,304.5,1.85,D
8.60741,77.97129,337.16,0.39,0.36,2026-08-29,0809,N21,VIIRS,n,2.0NRT,294.04,5.38,D
8.64932,77.84006,343.62,0.38,0.36,2026-08-29,0809,N21,VIIRS,n,2.0NRT,300.52,3.29,D
8.75016,78.08366,337.4,0.39,0.36,2026-08-29,0809,N21,VIIRS,n,2.0NRT,300.03,6.22,D
8.75985,77.6738,337.27,0.38,0.36,2026-08-29,0809,N21,VIIRS,n,2.0NRT,304.89,1.58,D
8.8745,77.98587,338.37,0.39,0.36,2026-08-29,0809,N21,VIIRS,n,2.0NRT,303.04,5.31,D
8.96052,77.90134,337.09,0.39,0.36,2026-08-29,0809,N21,VIIRS,n,2.0NRT,300.26,2.91,D
9.42272,78.75917,331.63,0.4,0.37,2026-08-29,0809,N21,VIIRS,n,2.0NRT,290.73,3.76,D
9.49544,78.76971,340.22,0.4,0.37,2026-08-29,0809,N21,VIIRS,n,2.0NRT,281.45,4.96,D
9.6286,78.5695,330.03,0.4,0.37,2026-08-29,0809,N21,VIIRS,n,2.0NRT,290.39,1.55,D
9.63193,78.56899,332.81,0.4,0.37,2026-08-29,0809,N21,VIIRS,n,2.0NRT,289.55,1.55,D
9.69329,77.82059,338.36,0.39,0.36,2026-08-29,0809,N21,VIIRS,n,2.0NRT,305.19,5.11,D
9.8565,78.18187,331.13,0.39,0.36,2026-08-29,0809,N21,VIIRS,l,2.0NRT,302.4,2.82,D
9.98556,78.31762,342.21,0.39,0.36,2026-08-29,0809,N21,VIIRS,n,2.0NRT,309.43,6.83,D
9.96644,78.03188,340.46,0.39,0.36,2026-08-29,0809,N21,VIIRS,n,2.0NRT,301.39,3.67,D
10.40814,79.51502,345.82,0.43,0.38,2026-08-29,0809,N21,VIIRS,n,2.0NRT,303.98,4.87,D
10.40263,79.35952,336.63,0.42,0.38,2026-08-29,0809,N21,VIIRS,n,2.0NRT,304.48,3.41,D
10.51079,79.66752,337.73,0.43,0.38,2026-08-29,0809,N21,VIIRS,n,2.0NRT,302.68,6.97,D
10.52717,79.34861,335.93,0.42,0.38,2026-08-29,0809,N21,VIIRS,n,2.0NRT,305.39,2.96,D
10.85161,78.75615,340.1,0.41,0.37,2026-08-29,0809,N21,VIIRS,n,2.0NRT,307.17,8.61,D
10.98005,79.4278,332.11,0.43,0.38,2026-08-29,0809,N21,VIIRS,n,2.0NRT,293,2.61,D
10.95573,78.87653,347.12,0.41,0.37,2026-08-29,0809,N21,VIIRS,n,2.0NRT,305.99,9.96,D
10.93597,78.47108,339.62,0.4,0.37,2026-08-29,0809,N21,VIIRS,n,2.0NRT,301.67,6.07,D
10.93779,78.20586,337.13,0.39,0.36,2026-08-29,0809,N21,VIIRS,n,2.0NRT,302.71,4,D
11.12129,78.68881,340.11,0.41,0.37,2026-08-29,0809,N21,VIIRS,n,2.0NRT,305.97,7.72,D
11.38602,78.86941,337.84,0.41,0.37,2026-08-29,0809,N21,VIIRS,n,2.0NRT,306.96,3.92,D
11.63834,77.61632,332.91,0.39,0.36,2026-08-29,0809,N21,VIIRS,n,2.0NRT,301.31,3.44,D
12.03421,79.08394,335.8,0.42,0.38,2026-08-29,0809,N21,VIIRS,n,2.0NRT,305.53,5.09,D
12.03365,79.08008,335.61,0.42,0.38,2026-08-29,0809,N21,VIIRS,n,2.0NRT,304.57,6,D
12.15724,79.71613,336.86,0.45,0.39,2026-08-29,0809,N21,VIIRS,n,2.0NRT,304.83,5.78,D
12.17855,79.73819,345.4,0.45,0.39,2026-08-29,0809,N21,VIIRS,n,2.0NRT,305.64,11.61,D
12.17833,79.73863,346.04,0.45,0.39,2026-08-29,0809,N21,VIIRS,n,2.0NRT,305.27,12.19,D
12.46093,79.10439,332.34,0.43,0.38,2026-08-29,0809,N21,VIIRS,l,2.0NRT,303.76,2.1,D
12.78404,79.31249,338.53,0.44,0.38,2026-08-29,0809,N21,VIIRS,n,2.0NRT,300.19,8.47,D
12.8281,79.57608,338.2,0.45,0.39,2026-08-29,0809,N21,VIIRS,n,2.0NRT,302.42,9.18,D
12.81844,79.32784,330.65,0.44,0.38,2026-08-29,0809,N21,VIIRS,n,2.0NRT,298.71,2.38,D
12.62554,77.69179,330.23,0.39,0.36,2026-08-29,0809,N21,VIIRS,l,2.0NRT,301.16,2.07,D
13.38702,78.08879,333.31,0.4,0.37,2026-08-29,0809,N21,VIIRS,n,2.0NRT,301.85,1.87,D
13.73211,78.2689,337.15,0.41,0.37,2026-08-29,0809,N21,VIIRS,n,2.0NRT,304.6,8.58,D
13.58733,76.33072,335.08,0.38,0.36,2026-08-29,0809,N21,VIIRS,n,2.0NRT,296.88,3.1,D
13.59061,76.3302,334.05,0.38,0.36,2026-08-29,0809,N21,VIIRS,n,2.0NRT,301.06,4.77,D
14.91997,79.67854,330.97,0.48,0.4,2026-08-29,0811,N21,VIIRS,n,2.0NRT,296.32,3,D
14.65362,77.66443,338.32,0.4,0.37,2026-08-29,0811,N21,VIIRS,n,2.0NRT,300.86,4.3,D
14.8166,78.35658,337.68,0.42,0.38,2026-08-29,0811,N21,VIIRS,n,2.0NRT,304.28,2.79,D
15.06239,79.87417,339.86,0.49,0.4,2026-08-29,0811,N21,VIIRS,n,2.0NRT,304.15,7.63,D
15.08718,79.47825,336.48,0.47,0.4,2026-08-29,0811,N21,VIIRS,n,2.0NRT,297.95,6.38,D
14.98676,76.88111,336.84,0.39,0.36,2026-08-29,0811,N21,VIIRS,n,2.0NRT,297.67,6.37,D
15.65413,80.13641,337.27,0.52,0.41,2026-08-29,0811,N21,VIIRS,n,2.0NRT,300.91,4.69,D
16.03253,78.70424,338.63,0.44,0.39,2026-08-29,0811,N21,VIIRS,n,2.0NRT,298.3,8.58,D
16.40797,79.41428,337.76,0.48,0.4,2026-08-29,0811,N21,VIIRS,n,2.0NRT,300.39,4.87,D
16.70544,78.78356,335.05,0.45,0.39,2026-08-29,0811,N21,VIIRS,n,2.0NRT,297.09,5.01,D
16.7619,79.13581,341.31,0.47,0.4,2026-08-29,0811,N21,VIIRS,n,2.0NRT,296.11,5.96,D
14.79919,79.08913,336.6,0.45,0.39,2026-08-29,0811,N21,VIIRS,n,2.0NRT,298.41,4.9,D
18.12482,75.44324,330.11,0.38,0.36,2026-08-29,0811,N21,VIIRS,n,2.0NRT,294.34,2.86,D
29.45856,76.89088,334.02,0.5,0.41,2026-08-29,0816,N21,VIIRS,n,2.0NRT,295.66,4.19,D
29.90875,74.95228,338.01,0.42,0.38,2026-08-29,0816,N21,VIIRS,n,2.0NRT,303.3,6.19,D
31.35996,74.52962,330.29,0.42,0.38,2026-08-29,0816,N21,VIIRS,l,2.0NRT,301.52,3.94,D
31.3634,74.529,331.33,0.42,0.38,2026-08-29,0816,N21,VIIRS,n,2.0NRT,299.83,2.79,D
31.53692,75.11433,330.56,0.44,0.39,2026-08-29,0816,N21,VIIRS,n,2.0NRT,297.72,2.62,D
31.65866,74.43478,335.9,0.42,0.38,2026-08-29,0816,N21,VIIRS,n,2.0NRT,300.84,3.13,D
26.41152,89.41228,295.54,0.45,0.63,2026-08-29,1900,N21,VIIRS,n,2.0NRT,284.45,2.71,N
27.37929,95.33325,317.58,0.4,0.44,2026-08-29,1900,N21,VIIRS,n,2.0NRT,285.78,2.06,N
27.32357,95.2765,309.66,0.4,0.44,2026-08-29,1900,N21,VIIRS,n,2.0NRT,291.31,3.6,N
27.31635,95.26728,308.66,0.4,0.44,2026-08-29,1900,N21,VIIRS,n,2.0NRT,290.67,3.49,N
27.03239,94.89097,318.81,0.42,0.45,2026-08-29,1900,N21,VIIRS,n,2.0NRT,289.44,2.51,N
26.41217,89.40324,295.44,0.45,0.63,2026-08-29,1900,N21,VIIRS,n,2.0NRT,284.36,5.25,N
26.41184,89.40777,295.73,0.45,0.63,2026-08-29,1900,N21,VIIRS,n,2.0NRT,284.54,2.71,N
22.2442,87.38879,296.84,0.55,0.68,2026-08-29,1902,N21,VIIRS,n,2.0NRT,270.16,2.16,N
26.29747,74.12477,303.83,0.39,0.37,2026-08-29,2040,N21,VIIRS,n,2.0NRT,288.53,0.64,N
26.87269,73.51617,312.82,0.41,0.37,2026-08-29,2040,N21,VIIRS,n,2.0NRT,293.62,2.18,N
26.88006,73.51327,306.75,0.41,0.37,2026-08-29,2040,N21,VIIRS,n,2.0NRT,293.71,1.88,N
28.35046,77.2559,305.23,0.39,0.37,2026-08-29,2040,N21,VIIRS,n,2.0NRT,282.68,0.81,N
28.37196,77.2264,322.5,0.39,0.36,2026-08-29,2040,N21,VIIRS,n,2.0NRT,285.43,2.13,N
28.74562,76.92708,301.37,0.39,0.36,2026-08-29,2040,N21,VIIRS,n,2.0NRT,281.89,0.66,N
29.43284,77.00395,329.48,0.39,0.36,2026-08-29,2040,N21,VIIRS,n,2.0NRT,286.1,3.7,N
29.45788,76.89092,321.48,0.39,0.36,2026-08-29,2040,N21,VIIRS,n,2.0NRT,291.28,4.24,N
29.46117,76.89161,328.7,0.39,0.36,2026-08-29,2040,N21,VIIRS,n,2.0NRT,287.95,4.24,N
26.25701,74.09737,304.69,0.39,0.37,2026-08-29,2040,N21,VIIRS,n,2.0NRT,288.98,1.17,N
21.10088,72.63794,326.61,0.4,0.37,2026-08-29,2042,N21,VIIRS,n,2.0NRT,292.55,2.39,N
21.10201,72.63033,302.99,0.4,0.37,2026-08-29,2042,N21,VIIRS,n,2.0NRT,291.01,3,N
21.10031,72.64175,304.8,0.4,0.37,2026-08-29,2042,N21,VIIRS,n,2.0NRT,291.14,2.39,N
21.09809,72.63358,304.5,0.4,0.37,2026-08-29,2042,N21,VIIRS,n,2.0NRT,291.35,3,N
21.09752,72.6374,303.42,0.4,0.37,2026-08-29,2042,N21,VIIRS,n,2.0NRT,290.67,2.39,N
24.68999,73.00279,303.15,0.41,0.37,2026-08-29,2042,N21,VIIRS,n,2.0NRT,289.02,0.98,N
24.69039,74.67906,299.8,0.38,0.36,2026-08-29,2042,N21,VIIRS,n,2.0NRT,280.34,0.43,N
24.76296,74.6066,295.01,0.39,0.36,2026-08-29,2042,N21,VIIRS,n,2.0NRT,261.21,0.41,N
21.10646,72.64668,328.62,0.4,0.37,2026-08-29,2042,N21,VIIRS,n,2.0NRT,293.11,4.56,N
21.10815,72.63525,307.06,0.4,0.37,2026-08-29,2042,N21,VIIRS,n,2.0NRT,292.54,1.21,N
21.10758,72.63906,308.44,0.4,0.37,2026-08-29,2042,N21,VIIRS,n,2.0NRT,293.06,1.33,N
21.10702,72.64287,304.47,0.4,0.37,2026-08-29,2042,N21,VIIRS,n,2.0NRT,292.99,1.33,N
21.1031,72.64612,335.99,0.4,0.37,2026-08-29,2042,N21,VIIRS,n,2.0NRT,293.69,4.56,N
21.10536,72.63088,301.49,0.4,0.37,2026-08-29,2042,N21,VIIRS,n,2.0NRT,289.49,1.21,N
21.10479,72.63469,312.83,0.4,0.37,2026-08-29,2042,N21,VIIRS,n,2.0NRT,290.99,1.21,N
21.10423,72.6385,312.79,0.4,0.37,2026-08-29,2042,N21,VIIRS,n,2.0NRT,291.45,1.33,N
21.10367,72.64231,306.36,0.4,0.37,2026-08-29,2042,N21,VIIRS,n,2.0NRT,291.88,1.33,N
21.10144,72.63414,333.85,0.4,0.37,2026-08-29,2042,N21,VIIRS,n,2.0NRT,293.5,3,N
11.58347,77.52039,316.58,0.43,0.46,2026-08-29,2044,N21,VIIRS,n,2.0NRT,287.12,1.7,N
18.77779,73.7496,321.51,0.38,0.36,2026-08-29,2044,N21,VIIRS,n,2.0NRT,289.43,1.86,N
18.6821,73.03259,305.51,0.39,0.36,2026-08-29,2044,N21,VIIRS,n,2.0NRT,293.75,2.8,N
18.68155,73.03622,310.04,0.39,0.36,2026-08-29,2044,N21,VIIRS,n,2.0NRT,293.71,2.4,N
18.67714,73.04291,304.94,0.39,0.36,2026-08-29,2044,N21,VIIRS,n,2.0NRT,293.04,1.8,N
12.98313,74.85271,296.84,0.44,0.38,2026-08-29,2044,N21,VIIRS,n,2.0NRT,278.07,0.62,N
10.94139,78.46842,329.14,0.5,0.49,2026-08-29,2044,N21,VIIRS,n,2.0NRT,289.92,4.22,N
10.93692,78.46759,317.71,0.5,0.49,2026-08-29,2044,N21,VIIRS,n,2.0NRT,290.06,2.94,N
9.30188,77.40331,309.77,0.46,0.47,2026-08-29,2046,N21,VIIRS,n,2.0NRT,290.41,0.96,N
10.07835,77.31503,295.94,0.44,0.46,2026-08-29,2046,N21,VIIRS,n,2.0NRT,281.68,0.23,N
8.67362,78.03297,305.07,0.52,0.5,2026-08-29,2046,N21,VIIRS,n,2.0NRT,283.77,1.52,N
9.75646,77.51951,339.71,0.46,0.47,2026-08-29,2046,N21,VIIRS,n,2.0NRT,290.17,6.77,N
9.75441,77.52235,304.88,0.46,0.47,2026-08-29,2046,N21,VIIRS,n,2.0NRT,288.71,3.36,N
9.75514,77.5182,336.79,0.46,0.47,2026-08-29,2046,N21,VIIRS,n,2.0NRT,290.51,3.36,N
8.93206,77.96355,336.81,0.53,0.42,2026-08-30,0750,N21,VIIRS,n,2.0NRT,292.55,6.73,D
9.11486,77.77372,331.27,0.54,0.42,2026-08-30,0750,N21,VIIRS,n,2.0NRT,292.81,3.44,D
9.44426,77.67081,348.44,0.54,0.42,2026-08-30,0750,N21,VIIRS,n,2.0NRT,298.89,16.1,D
9.44347,77.66592,337.18,0.55,0.42,2026-08-30,0750,N21,VIIRS,n,2.0NRT,295.43,7.48,D
9.44579,77.66801,351.06,0.54,0.42,2026-08-30,0750,N21,VIIRS,n,2.0NRT,297.64,17.27,D
13.83721,79.3314,339.47,0.41,0.37,2026-08-30,0752,N21,VIIRS,l,2.0NRT,300.28,9.11,D
11.81002,77.2115,340.99,0.54,0.42,2026-08-30,0752,N21,VIIRS,n,2.0NRT,298.3,11.53,D
15.18088,76.66781,333.34,0.52,0.41,2026-08-30,0752,N21,VIIRS,n,2.0NRT,289.95,3.18,D
13.80737,79.89786,333.6,0.4,0.37,2026-08-30,0752,N21,VIIRS,l,2.0NRT,301.04,3.51,D
14.91308,77.69633,333.12,0.46,0.39,2026-08-30,0752,N21,VIIRS,n,2.0NRT,296.36,6.48,D
14.67095,79.82304,333.89,0.39,0.36,2026-08-30,0752,N21,VIIRS,n,2.0NRT,299.86,4.38,D
14.25786,80.12138,336.17,0.39,0.36,2026-08-30,0752,N21,VIIRS,l,2.0NRT,304.46,9.42,D
23.77771,86.20815,329,0.52,0.5,2026-08-30,0754,N21,VIIRS,n,2.0NRT,288.71,11.8,D
18.56188,74.5267,335.86,0.41,0.45,2026-08-30,0754,N21,VIIRS,n,2.0NRT,297.81,4.39,D
18.3947,74.34995,332.85,0.42,0.45,2026-08-30,0754,N21,VIIRS,n,2.0NRT,298.89,1.79,D
27.45579,70.42984,344.07,0.49,0.49,2026-08-30,0756,N21,VIIRS,n,2.0NRT,308.36,7.92,D
27.45659,70.43187,344.42,0.49,0.49,2026-08-30,0756,N21,VIIRS,n,2.0NRT,308.22,9.08,D
27.62523,70.73109,341.31,0.47,0.48,2026-08-30,0756,N21,VIIRS,n,2.0NRT,309.66,2.05,D
32.32051,76.85158,332.07,0.38,0.36,2026-08-30,0758,N21,VIIRS,n,2.0NRT,303.55,3.22,D
31.27915,74.4353,331.11,0.42,0.37,2026-08-30,0758,N21,VIIRS,n,2.0NRT,299.69,1.86,D
34.19078,74.22848,330.02,0.4,0.37,2026-08-30,0758,N21,VIIRS,n,2.0NRT,299.59,3.13,D
26.87142,73.51697,304.58,0.46,0.47,2026-08-30,2021,N21,VIIRS,n,2.0NRT,291.92,1,N
23.69337,85.36873,306.66,0.41,0.45,2026-08-30,2021,N21,VIIRS,n,2.0NRT,268.01,1.79,N
25.9405,72.18806,308.88,0.54,0.51,2026-08-30,2021,N21,VIIRS,n,2.0NRT,291.81,1.27,N
21.10076,72.63288,318.99,0.44,0.46,2026-08-30,2023,N21,VIIRS,n,2.0NRT,292.62,5.24,N
18.54595,74.25349,306.23,0.5,0.41,2026-08-30,2023,N21,VIIRS,n,2.0NRT,289.56,1.61,N
18.68679,73.03175,299.44,0.39,0.44,2026-08-30,2023,N21,VIIRS,n,2.0NRT,288.82,0.79,N
17.06211,76.97839,296.6,0.39,0.36,2026-08-30,2023,N21,VIIRS,n,2.0NRT,276.06,0.27,N
22.38949,73.11753,317.74,0.43,0.46,2026-08-30,2023,N21,VIIRS,n,2.0NRT,291.33,2.05,N
21.43382,72.97546,306.45,0.43,0.46,2026-08-30,2023,N21,VIIRS,n,2.0NRT,292.27,1.11,N
21.10776,72.64674,316.31,0.44,0.46,2026-08-30,2023,N21,VIIRS,n,2.0NRT,294.45,5.52,N
21.10351,72.64619,339.7,0.44,0.46,2026-08-30,2023,N21,VIIRS,n,2.0NRT,294.58,5.52,N
21.10401,72.64194,305.83,0.44,0.46,2026-08-30,2023,N21,VIIRS,n,2.0NRT,292.22,5.52,N
21.10025,72.63715,330.55,0.44,0.46,2026-08-30,2023,N21,VIIRS,n,2.0NRT,293.27,5.24,N
15.17644,76.67721,323.12,0.39,0.36,2026-08-30,2025,N21,VIIRS,n,2.0NRT,289.4,1.48,N
15.17424,76.69155,320.05,0.39,0.36,2026-08-30,2025,N21,VIIRS,n,2.0NRT,286.43,1.86,N
15.17808,76.66647,304.26,0.39,0.36,2026-08-30,2025,N21,VIIRS,n,2.0NRT,289.01,0.67,N
15.17698,76.67363,305.17,0.39,0.36,2026-08-30,2025,N21,VIIRS,n,2.0NRT,286.87,1.48,N
15.17641,76.65518,321.08,0.39,0.36,2026-08-30,2025,N21,VIIRS,n,2.0NRT,291.05,3.2,N
15.17587,76.65878,330.77,0.39,0.36,2026-08-30,2025,N21,VIIRS,n,2.0NRT,289.41,3.02,N
15.17146,76.66541,309.81,0.39,0.36,2026-08-30,2025,N21,VIIRS,n,2.0NRT,289.07,1.63,N
15.16705,76.67205,308.78,0.39,0.36,2026-08-30,2025,N21,VIIRS,n,2.0NRT,288.57,1.27,N
15.17045,76.38124,306.12,0.39,0.36,2026-08-30,2025,N21,VIIRS,n,2.0NRT,287.89,1.14,N
15.16712,76.38071,306.74,0.39,0.36,2026-08-30,2025,N21,VIIRS,n,2.0NRT,287.75,1.69,N
15.06977,76.86497,303.21,0.39,0.36,2026-08-30,2025,N21,VIIRS,n,2.0NRT,288.89,1.13,N
13.82714,79.33331,296.35,0.42,0.38,2026-08-30,2025,N21,VIIRS,n,2.0NRT,262.42,0.86,N
13.82651,79.33714,299.57,0.42,0.38,2026-08-30,2025,N21,VIIRS,n,2.0NRT,261.5,0.65,N
13.70962,79.62088,307.73,0.43,0.38,2026-08-30,2025,N21,VIIRS,n,2.0NRT,288.37,1.51,N
13.89755,76.56599,306.74,0.39,0.36,2026-08-30,2025,N21,VIIRS,n,2.0NRT,287.97,1.04,N
11.81654,77.91914,308.82,0.4,0.37,2026-08-30,2025,N21,VIIRS,n,2.0NRT,289.99,1.71,N
11.18236,79.10169,308.16,0.44,0.38,2026-08-30,2025,N21,VIIRS,n,2.0NRT,286.73,1.27,N
10.1045,77.46542,307.32,0.4,0.37,2026-08-30,2025,N21,VIIRS,n,2.0NRT,290.73,0.59,N
9.97713,76.37589,300.76,0.38,0.36,2026-08-30,2025,N21,VIIRS,n,2.0NRT,281.22,0.97,N
9.66702,77.4543,301.83,0.4,0.37,2026-08-30,2025,N21,VIIRS,n,2.0NRT,284.41,0.68,N
9.66644,77.4579,301.05,0.4,0.37,2026-08-30,2025,N21,VIIRS,n,2.0NRT,284.78,0.88,N
15.17624,77.10066,301.93,0.38,0.36,2026-08-30,2025,N21,VIIRS,n,2.0NRT,283.36,0.92,N
15.17899,77.10476,300.35,0.38,0.36,2026-08-30,2025,N21,VIIRS,n,2.0NRT,281.93,0.66,N
15.6589,73.98905,313.76,0.48,0.4,2026-08-30,2025,N21,VIIRS,n,2.0NRT,291.6,1.82,N
15.33369,76.24677,302.99,0.39,0.37,2026-08-30,2025,N21,VIIRS,n,2.0NRT,288.71,0.69,N
15.30024,76.21906,299.57,0.4,0.37,2026-08-30,2025,N21,VIIRS,n,2.0NRT,283.8,0.29,N
15.02291,78.01446,304.77,0.39,0.36,2026-08-30,2025,N21,VIIRS,n,2.0NRT,282.76,0.47,N
15.17321,76.78666,303.84,0.39,0.36,2026-08-30,2025,N21,VIIRS,n,2.0NRT,287.31,0.98,N
14.92978,78.3416,299.8,0.39,0.36,2026-08-30,2025,N21,VIIRS,n,2.0NRT,276.1,0.3,N
15.18139,76.66699,331.56,0.39,0.36,2026-08-30,2025,N21,VIIRS,n,2.0NRT,290.21,6.39,N
15.1803,76.67416,315.15,0.39,0.36,2026-08-30,2025,N21,VIIRS,n,2.0NRT,287.12,2.21,N
9.6418,77.65417,330.61,0.37,0.58,2026-08-31,0731,N21,VIIRS,n,2.0NRT,299.92,2.09,D
8.19619,77.55958,330.48,0.4,0.6,2026-08-31,0731,N21,VIIRS,n,2.0NRT,293.99,3.4,D
8.73938,77.75655,342.22,0.38,0.59,2026-08-31,0731,N21,VIIRS,n,2.0NRT,300.04,3.62,D
8.93458,77.4248,331.74,0.4,0.6,2026-08-31,0731,N21,VIIRS,n,2.0NRT,296.67,2.81,D
8.95756,77.42812,343.07,0.4,0.6,2026-08-31,0731,N21,VIIRS,n,2.0NRT,299.6,7.03,D
8.95907,77.42636,336.72,0.4,0.6,2026-08-31,0731,N21,VIIRS,n,2.0NRT,299.34,6.43,D
9.22205,78.65817,333.87,0.32,0.55,2026-08-31,0731,N21,VIIRS,l,2.0NRT,305.2,1.05,D
9.20535,78.30312,332.69,0.34,0.56,2026-08-31,0731,N21,VIIRS,n,2.0NRT,302.34,1.84,D
9.52986,78.55909,344.82,0.32,0.55,2026-08-31,0731,N21,VIIRS,n,2.0NRT,295.68,10.57,D
9.41918,77.50965,335.16,0.38,0.59,2026-08-31,0731,N21,VIIRS,n,2.0NRT,299.91,2.45,D
9.71414,78.92452,340.23,0.61,0.53,2026-08-31,0731,N21,VIIRS,n,2.0NRT,296.96,2.93,D
9.7306,78.41191,337.64,0.33,0.55,2026-08-31,0731,N21,VIIRS,n,2.0NRT,294.09,2.59,D
9.76943,78.36863,332.83,0.33,0.55,2026-08-31,0731,N21,VIIRS,n,2.0NRT,289.29,3.13,D
9.65658,77.64974,339.31,0.37,0.58,2026-08-31,0731,N21,VIIRS,n,2.0NRT,304.18,7.4,D
9.65597,77.64645,331.61,0.37,0.58,2026-08-31,0731,N21,VIIRS,l,2.0NRT,303.13,4.33,D
9.8097,77.88875,340.38,0.36,0.57,2026-08-31,0731,N21,VIIRS,n,2.0NRT,307.56,4.27,D
10.04896,78.97438,339.72,0.59,0.53,2026-08-31,0731,N21,VIIRS,n,2.0NRT,301.32,8.45,D
11.39743,78.70004,354.25,0.59,0.53,2026-08-31,0731,N21,VIIRS,n,2.0NRT,286.76,14.75,D
12.1731,79.82799,339.93,0.48,0.48,2026-08-31,0731,N21,VIIRS,n,2.0NRT,294.09,8.65,D
12.58453,79.64104,332.82,0.49,0.48,2026-08-31,0731,N21,VIIRS,n,2.0NRT,297.71,1.87,D
12.70339,79.7732,340.67,0.47,0.48,2026-08-31,0731,N21,VIIRS,n,2.0NRT,298.26,6.14,D
12.81064,76.9621,329.86,0.36,0.58,2026-08-31,0733,N21,VIIRS,n,2.0NRT,275.93,5.58,D
13.31914,79.92836,337.11,0.45,0.47,2026-08-31,0733,N21,VIIRS,n,2.0NRT,295.25,7.56,D
13.3195,79.92703,339.93,0.45,0.47,2026-08-31,0733,N21,VIIRS,n,2.0NRT,295.66,5.81,D
13.29946,79.8628,341.58,0.46,0.47,2026-08-31,0733,N21,VIIRS,n,2.0NRT,299.8,2.73,D
13.41108,80.26926,332.33,0.43,0.46,2026-08-31,0733,N21,VIIRS,n,2.0NRT,296.76,1.98,D
13.81982,79.34018,332.98,0.48,0.48,2026-08-31,0733,N21,VIIRS,n,2.0NRT,281.5,8.45,D
13.82067,79.34486,341.88,0.48,0.48,2026-08-31,0733,N21,VIIRS,n,2.0NRT,281.74,8.45,D
13.46564,79.86813,341.58,0.45,0.47,2026-08-31,0733,N21,VIIRS,n,2.0NRT,297.63,10.54,D
13.38021,79.70301,333.34,0.47,0.47,2026-08-31,0733,N21,VIIRS,n,2.0NRT,298.87,4.52,D
22.79767,86.20526,330.49,0.43,0.38,2026-08-31,0735,N21,VIIRS,n,2.0NRT,284.14,4.82,D
24.76254,74.6077,300.58,0.37,0.58,2026-08-31,2004,N21,VIIRS,n,2.0NRT,276.94,0.93,N
21.10521,72.64474,328.52,0.45,0.63,2026-08-31,2004,N21,VIIRS,n,2.0NRT,285.25,6.75,N
19.93664,73.71329,302.54,0.37,0.58,2026-08-31,2004,N21,VIIRS,n,2.0NRT,286.53,1.72,N
13.39139,80.10024,308.06,0.4,0.37,2026-08-31,2006,N21,VIIRS,n,2.0NRT,289.62,1.4,N
13.62572,78.44389,308.4,0.47,0.4,2026-08-31,2006,N21,VIIRS,n,2.0NRT,289.97,0.99,N
13.39185,80.07369,307.57,0.41,0.37,2026-08-31,2006,N21,VIIRS,n,2.0NRT,292.82,1.15,N
13.62445,78.44543,303.26,0.47,0.4,2026-08-31,2006,N21,VIIRS,n,2.0NRT,290.03,1.39,N
13.04406,77.66707,304.66,0.51,0.41,2026-08-31,2006,N21,VIIRS,n,2.0NRT,288.69,0.53,N
12.80597,77.4342,303.35,0.52,0.42,2026-08-31,2006,N21,VIIRS,n,2.0NRT,281.03,1.99,N
13.7698,79.52962,315.63,0.42,0.38,2026-08-31,2006,N21,VIIRS,n,2.0NRT,293.75,3.59,N
13.82083,79.35246,308.89,0.43,0.38,2026-08-31,2006,N21,VIIRS,n,2.0NRT,292.28,2.29,N
13.8191,79.35138,304.87,0.43,0.38,2026-08-31,2006,N21,VIIRS,n,2.0NRT,292.17,2.95,N
17.06124,76.97998,300.95,0.42,0.45,2026-08-31,2006,N21,VIIRS,n,2.0NRT,277.75,0.42,N
17.06384,76.97977,302.15,0.42,0.45,2026-08-31,2006,N21,VIIRS,n,2.0NRT,278.25,0.78,N
17.13949,77.17442,301.3,0.41,0.45,2026-08-31,2006,N21,VIIRS,n,2.0NRT,280.77,0.6,N
18.68412,73.03058,318.49,0.4,0.6,2026-08-31,2006,N21,VIIRS,n,2.0NRT,289.99,2.81,N
18.68763,73.04997,301.29,0.4,0.6,2026-08-31,2006,N21,VIIRS,n,2.0NRT,289.04,1.39,N
18.6894,73.03887,302.48,0.4,0.6,2026-08-31,2006,N21,VIIRS,n,2.0NRT,289.75,0.61,N
18.79948,74.2539,305.94,0.33,0.55,2026-08-31,2006,N21,VIIRS,n,2.0NRT,288.24,1.46,N
8.74081,78.09372,309.71,0.44,0.38,2026-08-31,2008,N21,VIIRS,n,2.0NRT,295.3,0.88,N
12.17032,78.99065,297.43,0.43,0.38,2026-08-31,2008,N21,VIIRS,n,2.0NRT,286.67,1.61,N
11.81635,77.91774,305.18,0.48,0.4,2026-08-31,2008,N21,VIIRS,n,2.0NRT,293.35,1.96,N
11.0839,78.75246,309.64,0.43,0.38,2026-08-31,2008,N21,VIIRS,n,2.0NRT,293.1,1.03,N
11.08219,78.75288,315.78,0.43,0.38,2026-08-31,2008,N21,VIIRS,n,2.0NRT,292.3,1.2,N
10.26561,78.37807,308.2,0.44,0.38,2026-08-31,2008,N21,VIIRS,n,2.0NRT,294.61,1.49,N
10.41422,77.11642,320.12,0.51,0.41,2026-08-31,2008,N21,VIIRS,n,2.0NRT,290.43,2.48,N
9.06696,77.89515,314.44,0.45,0.39,2026-08-31,2008,N21,VIIRS,n,2.0NRT,295.57,0.92,N
8.86698,78.1198,308.69,0.44,0.38,2026-08-31,2008,N21,VIIRS,n,2.0NRT,296.2,0.48,N
8.7414,78.08978,308.15,0.44,0.38,2026-08-31,2008,N21,VIIRS,n,2.0NRT,295.37,0.94,N
30.18717,74.48603,305.14,0.57,0.69,2026-08-31,2142,N21,VIIRS,n,2.0NRT,289.73,1.24,N
22.39004,73.12098,309.44,0.73,0.76,2026-08-31,2144,N21,VIIRS,n,2.0NRT,270.65,4.01,N
22.3833,73.1189,311.62,0.73,0.76,2026-08-31,2144,N21,VIIRS,n,2.0NRT,268.93,2.43,N
8.60666,77.96648,345.72,0.79,0.78,2026-09-01,0714,N21,VIIRS,n,2.0NRT,293.74,16.02,D
8.69465,78.05344,333.02,0.77,0.77,2026-09-01,0714,N21,VIIRS,n,2.0NRT,296,5.99,D
10.3891,79.27283,340.75,0.59,0.7,2026-09-01,0714,N21,VIIRS,n,2.0NRT,293.63,6.32,D
10.77498,78.64761,339.35,0.64,0.72,2026-09-01,0714,N21,VIIRS,n,2.0NRT,298.22,9.28,D
11.15095,78.03052,334.43,0.7,0.75,2026-09-01,0714,N21,VIIRS,n,2.0NRT,293.33,14.18,D
11.14715,78.03418,342.27,0.7,0.75,2026-09-01,0714,N21,VIIRS,n,2.0NRT,292.94,8.84,D
11.23065,78.08495,331.82,0.69,0.74,2026-09-01,0714,N21,VIIRS,n,2.0NRT,295.11,5.38,D
11.84292,78.90423,338.89,0.59,0.7,2026-09-01,0714,N21,VIIRS,n,2.0NRT,296.6,12.68,D
12.70483,79.3057,335.48,0.53,0.67,2026-09-01,0714,N21,VIIRS,n,2.0NRT,295.2,4.05,D
12.82289,79.10335,333.2,0.55,0.68,2026-09-01,0714,N21,VIIRS,n,2.0NRT,294.83,5.79,D
12.9195,79.45843,337.1,0.52,0.67,2026-09-01,0714,N21,VIIRS,n,2.0NRT,290.6,4.66,D
14.26651,79.09661,340.26,0.51,0.66,2026-09-01,0714,N21,VIIRS,n,2.0NRT,285.82,2.99,D
14.26936,79.09819,334.88,0.51,0.66,2026-09-01,0714,N21,VIIRS,n,2.0NRT,285.69,5.89,D
14.43295,77.70949,338.48,0.63,0.72,2026-09-01,0714,N21,VIIRS,n,2.0NRT,287.65,11.05,D
14.97559,79.35465,332.13,0.48,0.65,2026-09-01,0714,N21,VIIRS,n,2.0NRT,289.04,2.02,D
14.97541,79.35614,330.4,0.48,0.65,2026-09-01,0714,N21,VIIRS,n,2.0NRT,288.52,4.59,D
15.16886,80.03398,337.89,0.43,0.62,2026-09-01,0714,N21,VIIRS,n,2.0NRT,290.91,9.24,D
15.27038,79.58337,333.62,0.46,0.63,2026-09-01,0714,N21,VIIRS,n,2.0NRT,288.42,4.71,D
16.11085,81.14068,335.18,0.34,0.56,2026-09-01,0716,N21,VIIRS,n,2.0NRT,289.37,2.67,D
15.88671,79.82129,337.9,0.43,0.62,2026-09-01,0716,N21,VIIRS,n,2.0NRT,289.62,5.45,D
16.85769,80.79336,340.49,0.35,0.57,2026-09-01,0716,N21,VIIRS,n,2.0NRT,288.83,5.17,D
17.40365,80.95362,336.38,0.34,0.56,2026-09-01,0716,N21,VIIRS,n,2.0NRT,288.08,3.34,D
31.1218,74.69038,353.18,0.42,0.61,2026-09-01,0720,N21,VIIRS,n,2.0NRT,293.24,13.13,D
31.1214,74.69007,350.72,0.42,0.61,2026-09-01,0720,N21,VIIRS,n,2.0NRT,292.99,10.48,D
8.95145,77.77085,345.86,0.53,0.67,2026-09-01,0854,N21,VIIRS,n,2.0NRT,300.27,4.04,D
8.95153,77.77248,336.6,0.53,0.67,2026-09-01,0854,N21,VIIRS,n,2.0NRT,300.01,4.11,D
9.11347,77.46972,367,0.51,0.66,2026-09-01,0854,N21,VIIRS,h,2.0NRT,299.16,9.51,D
9.59852,77.79555,335.09,0.54,0.68,2026-09-01,0854,N21,VIIRS,n,2.0NRT,296.83,12.55,D
9.5979,77.7906,343.48,0.54,0.68,2026-09-01,0854,N21,VIIRS,n,2.0NRT,299.17,18.25,D
10.01406,78.08731,332.78,0.58,0.7,2026-09-01,0854,N21,VIIRS,n,2.0NRT,297.7,3.52,D
10.8313,78.8009,336.72,0.66,0.73,2026-09-01,0854,N21,VIIRS,n,2.0NRT,294.99,5.56,D
23.33648,69.71748,344.43,0.47,0.48,2026-09-01,0858,N21,VIIRS,n,2.0NRT,297.19,12,D
9.57271,77.53027,304.62,0.63,0.54,2026-09-01,1947,N21,VIIRS,n,2.0NRT,286.81,2.62,N
12.7745,80.06129,307.55,0.47,0.48,2026-09-01,1947,N21,VIIRS,n,2.0NRT,288.41,2.27,N
12.74623,77.62025,303.7,0.34,0.56,2026-09-01,1947,N21,VIIRS,n,2.0NRT,286.49,0.65,N
12.29299,79.93951,323.45,0.47,0.48,2026-09-01,1947,N21,VIIRS,n,2.0NRT,289.13,5.71,N
12.29194,79.93996,319.76,0.47,0.48,2026-09-01,1947,N21,VIIRS,n,2.0NRT,289.14,5.06,N
11.26855,80.00151,320.92,0.45,0.47,2026-09-01,1947,N21,VIIRS,n,2.0NRT,291.48,7.53,N
11.59137,77.27103,348.16,0.35,0.57,2026-09-01,1947,N21,VIIRS,n,2.0NRT,283.6,3.82,N
11.59178,77.26778,306.06,0.35,0.57,2026-09-01,1947,N21,VIIRS,n,2.0NRT,281.89,3.82,N
11.42617,77.40337,319.32,0.34,0.56,2026-09-01,1947,N21,VIIRS,n,2.0NRT,290.58,2.14,N
11.42341,77.40266,324.28,0.34,0.56,2026-09-01,1947,N21,VIIRS,n,2.0NRT,290.37,1.92,N
11.43303,77.16435,309.49,0.35,0.57,2026-09-01,1947,N21,VIIRS,n,2.0NRT,290.7,1.15,N
10.99405,79.23645,332.49,0.5,0.49,2026-09-01,1947,N21,VIIRS,n,2.0NRT,290.43,7.05,N
10.43844,77.555,304.16,0.32,0.55,2026-09-01,1947,N21,VIIRS,n,2.0NRT,290.23,0.47,N
9.58245,77.54297,326.75,0.63,0.54,2026-09-01,1947,N21,VIIRS,n,2.0NRT,289.94,6.72,N
9.58175,77.54842,322.31,0.63,0.54,2026-09-01,1947,N21,VIIRS,n,2.0NRT,289.54,6.28,N
9.58542,77.54805,310.36,0.63,0.54,2026-09-01,1947,N21,VIIRS,n,2.0NRT,289.06,3.82,N
9.58051,77.54716,331.25,0.63,0.54,2026-09-01,1947,N21,VIIRS,n,2.0NRT,289.78,3.82,N
9.58125,77.54169,309.06,0.63,0.54,2026-09-01,1947,N21,VIIRS,n,2.0NRT,288.53,3.82,N
9.57194,77.53596,318.87,0.63,0.54,2026-09-01,1947,N21,VIIRS,n,2.0NRT,286.52,2.62,N
9.56769,77.5301,311.36,0.63,0.54,2026-09-01,1947,N21,VIIRS,n,2.0NRT,286.65,3.24,N
16.30448,77.35959,301.2,0.4,0.6,2026-09-01,1947,N21,VIIRS,n,2.0NRT,284.66,0.61,N
14.51374,75.63936,299.94,0.49,0.65,2026-09-01,1949,N21,VIIRS,n,2.0NRT,280.55,0.72,N
15.1653,76.37858,298.37,0.45,0.63,2026-09-01,1949,N21,VIIRS,n,2.0NRT,279.99,1.61,N
15.182,76.66639,302.72,0.43,0.62,2026-09-01,1949,N21,VIIRS,n,2.0NRT,275.51,2.1,N
15.17202,76.38217,295.27,0.45,0.63,2026-09-01,1949,N21,VIIRS,n,2.0NRT,279.88,2.13,N
15.17719,76.65791,300.23,0.43,0.62,2026-09-01,1949,N21,VIIRS,n,2.0NRT,278.41,1.44,N
15.17762,76.65395,304.08,0.43,0.62,2026-09-01,1949,N21,VIIRS,n,2.0NRT,279.58,1.44,N
26.25521,74.09451,301.91,0.35,0.57,2026-09-01,2123,N21,VIIRS,n,2.0NRT,290.16,0.5,N
25.9415,72.19106,303.53,0.54,0.51,2026-09-01,2125,N21,VIIRS,n,2.0NRT,288.57,0.48,N
18.68674,73.02962,302.19,0.43,0.62,2026-09-01,2125,N21,VIIRS,n,2.0NRT,279.16,1.77,N
18.68805,73.05092,298.87,0.43,0.62,2026-09-01,2125,N21,VIIRS,n,2.0NRT,280.5,1.1,N
20.90965,71.45818,303.17,0.62,0.54,2026-09-01,2125,N21,VIIRS,n,2.0NRT,282.35,1.21,N
22.93195,69.69841,303.97,0.44,0.46,2026-09-01,2125,N21,VIIRS,n,2.0NRT,286.95,1.21,N
24.69068,73.00339,305.11,0.32,0.55,2026-09-01,2125,N21,VIIRS,n,2.0NRT,287.48,1.2,N
24.93119,74.63396,301.45,0.4,0.6,2026-09-01,2125,N21,VIIRS,n,2.0NRT,286.91,0.97,N
27.37714,95.33408,337.86,0.45,0.39,2026-09-02,0659,N21,VIIRS,n,2.0NRT,293.68,3.63,D
9.12569,77.41118,334.03,0.47,0.48,2026-09-02,0835,N21,VIIRS,n,2.0NRT,303.06,2.64,D
9.44849,77.66959,341.36,0.5,0.49,2026-09-02,0835,N21,VIIRS,n,2.0NRT,308.53,21.3,D
9.72765,77.54507,344.84,0.49,0.49,2026-09-02,0835,N21,VIIRS,n,2.0NRT,307.1,27.73,D
9.80838,77.4108,333.03,0.48,0.48,2026-09-02,0835,N21,VIIRS,n,2.0NRT,302.39,2.7,D
9.9884,77.44849,342.86,0.49,0.49,2026-09-02,0835,N21,VIIRS,n,2.0NRT,301.58,5.8,D
8.6472,77.50002,340.26,0.47,0.48,2026-09-02,0835,N21,VIIRS,n,2.0NRT,304.49,3.96,D
8.49523,77.96259,352.28,0.51,0.49,2026-09-02,0835,N21,VIIRS,n,2.0NRT,301.69,25.01,D
15.66465,79.57255,335.9,0.41,0.61,2026-09-02,0835,N21,VIIRS,n,2.0NRT,290.83,4.97,D
16.16818,78.917,333.24,0.37,0.58,2026-09-02,0835,N21,VIIRS,n,2.0NRT,288.62,3.14,D
9.04664,77.71947,339.28,0.5,0.49,2026-09-02,0835,N21,VIIRS,n,2.0NRT,306.41,5.58,D
8.98586,77.47747,338.9,0.48,0.48,2026-09-02,0835,N21,VIIRS,n,2.0NRT,304.56,3.8,D
8.88936,77.75757,344.57,0.5,0.49,2026-09-02,0835,N21,VIIRS,n,2.0NRT,306.66,7.23,D
9.04555,77.72089,341.89,0.5,0.49,2026-09-02,0835,N21,VIIRS,n,2.0NRT,305.84,5.52,D
9.46896,78.68177,340.97,0.58,0.52,2026-09-02,0835,N21,VIIRS,n,2.0NRT,299.01,4.74,D
21.10416,72.63442,335.35,0.52,0.41,2026-09-02,0837,N21,VIIRS,n,2.0NRT,290.75,8.63,D
17.58122,79.99252,336.43,0.46,0.64,2026-09-02,0837,N21,VIIRS,n,2.0NRT,288.03,4.4,D
17.6793,75.30967,333.82,0.45,0.47,2026-09-02,0837,N21,VIIRS,n,2.0NRT,297.15,8.02,D
18.45843,74.21844,334.79,0.4,0.44,2026-09-02,0837,N21,VIIRS,n,2.0NRT,291.29,3.53,D
21.10544,72.64433,333.95,0.52,0.41,2026-09-02,0837,N21,VIIRS,n,2.0NRT,292.7,5.69,D
10.76591,78.63389,332.65,0.61,0.53,2026-09-02,0837,N21,VIIRS,n,2.0NRT,299.67,4.46,D
10.86781,77.73611,336.59,0.53,0.5,2026-09-02,0837,N21,VIIRS,n,2.0NRT,302.33,2.79,D
10.86859,77.7392,338.51,0.53,0.5,2026-09-02,0837,N21,VIIRS,n,2.0NRT,301.4,6.27,D
11.17819,77.71023,331.93,0.53,0.5,2026-09-02,0837,N21,VIIRS,n,2.0NRT,298.86,4.45,D
11.72303,78.5864,332.6,0.62,0.54,2026-09-02,0837,N21,VIIRS,n,2.0NRT,293.09,5.77,D
12.1201,79.1136,331.81,0.34,0.56,2026-09-02,0837,N21,VIIRS,n,2.0NRT,296.61,3.43,D
12.0616,77.02872,343.15,0.49,0.49,2026-09-02,0837,N21,VIIRS,n,2.0NRT,296.93,9.89,D
12.42042,78.76832,336.12,0.33,0.55,2026-09-02,0837,N21,VIIRS,n,2.0NRT,288.62,3.86,D
31.09241,74.68892,335.77,0.6,0.53,2026-09-02,0839,N21,VIIRS,n,2.0NRT,295.36,4.61,D
31.12882,74.65296,339.88,0.6,0.53,2026-09-02,0839,N21,VIIRS,n,2.0NRT,294.93,7.4,D
20.8899,84.98321,316.9,0.58,0.52,2026-09-02,1925,N21,VIIRS,n,2.0NRT,285.7,4.13,N
23.7809,86.37282,296.71,0.52,0.5,2026-09-02,1925,N21,VIIRS,n,2.0NRT,286.58,1.28,N
23.83971,84.94757,301.57,0.32,0.55,2026-09-02,1925,N21,VIIRS,n,2.0NRT,282.24,0.58,N
23.82531,84.93956,301.47,0.32,0.55,2026-09-02,1925,N21,VIIRS,n,2.0NRT,283.29,1.14,N
23.67995,86.09299,338.55,0.54,0.51,2026-09-02,1925,N21,VIIRS,n,2.0NRT,287.94,7.49,N
23.67585,86.08719,306.47,0.54,0.51,2026-09-02,1925,N21,VIIRS,n,2.0NRT,288.21,1.51,N
23.67422,86.10291,304.18,0.54,0.51,2026-09-02,1925,N21,VIIRS,n,2.0NRT,287.89,1.12,N
23.66697,86.09344,305.05,0.54,0.51,2026-09-02,1925,N21,VIIRS,n,2.0NRT,287.69,1.51,N
23.69418,85.28749,295.67,0.6,0.53,2026-09-02,1925,N21,VIIRS,n,2.0NRT,280.78,1.46,N
23.61014,85.676,297.69,0.57,0.52,2026-09-02,1925,N21,VIIRS,n,2.0NRT,277.48,1.56,N
20.95447,85.01464,305.03,0.58,0.52,2026-09-02,1925,N21,VIIRS,n,2.0NRT,283.38,4.5,N
20.89001,84.97901,314.27,0.58,0.52,2026-09-02,1925,N21,VIIRS,n,2.0NRT,285.43,3.31,N
20.86519,84.98612,316.15,0.58,0.52,2026-09-02,1925,N21,VIIRS,n,2.0NRT,286.58,3.42,N
20.86458,84.99162,307.49,0.58,0.52,2026-09-02,1925,N21,VIIRS,n,2.0NRT,286.53,3.42,N
12.85352,79.90586,311.12,0.51,0.66,2026-09-02,1928,N21,VIIRS,n,2.0NRT,275.24,2.41,N
12.84747,79.90509,327.42,0.51,0.66,2026-09-02,1928,N21,VIIRS,n,2.0NRT,274.01,4.15,N
12.84799,79.90044,306.77,0.51,0.66,2026-09-02,1928,N21,VIIRS,n,2.0NRT,275.44,4.15,N
14.66532,79.29611,295.26,0.59,0.7,2026-09-02,1928,N21,VIIRS,n,2.0NRT,285.13,8.21,N
14.01969,79.48206,295.17,0.56,0.69,2026-09-02,1928,N21,VIIRS,n,2.0NRT,284.89,6.08,N
14.02264,79.48049,295.18,0.56,0.69,2026-09-02,1928,N21,VIIRS,n,2.0NRT,284.97,5.37,N
12.85405,79.90118,300.05,0.51,0.66,2026-09-02,1928,N21,VIIRS,n,2.0NRT,275.19,2.41,N
9.554,77.51099,305.24,0.67,0.74,2026-09-02,1930,N21,VIIRS,n,2.0NRT,284.49,2.91,N
9.55277,77.52119,315.08,0.67,0.74,2026-09-02,1930,N21,VIIRS,n,2.0NRT,285.34,3.9,N
24.69158,73.00177,305.2,0.51,0.41,2026-09-02,2106,N21,VIIRS,n,2.0NRT,293.75,1.56,N
26.30195,72.90171,306.66,0.48,0.4,2026-09-02,2106,N21,VIIRS,n,2.0NRT,295.26,1.35,N
24.93384,74.63349,307.05,0.41,0.45,2026-09-02,2106,N21,VIIRS,n,2.0NRT,289.51,1.33,N
24.69213,74.68027,301.01,0.42,0.45,2026-09-02,2106,N21,VIIRS,n,2.0NRT,285.86,0.77,N
24.65985,74.63496,303.63,0.42,0.45,2026-09-02,2106,N21,VIIRS,n,2.0NRT,288.06,1.81,N
22.92629,69.82218,305.4,0.4,0.37,2026-09-02,2108,N21,VIIRS,n,2.0NRT,293.72,1.74,N
23.26631,70.25797,305.63,0.41,0.37,2026-09-02,2108,N21,VIIRS,n,2.0NRT,294.02,1.08,N
23.4986,68.57943,306.78,0.38,0.36,2026-09-02,2108,N21,VIIRS,n,2.0NRT,291.89,1.01,N
22.93328,69.69582,318.9,0.4,0.37,2026-09-02,2108,N21,VIIRS,n,2.0NRT,292.01,1.42,N
22.93265,69.69967,310.89,0.4,0.37,2026-09-02,2108,N21,VIIRS,n,2.0NRT,291.53,1.42,N
22.93201,69.70352,305.43,0.4,0.37,2026-09-02,2108,N21,VIIRS,n,2.0NRT,292.37,1.56,N
22.92994,69.69517,302.4,0.4,0.37,2026-09-02,2108,N21,VIIRS,n,2.0NRT,289.38,0.57,N
22.33987,69.85667,307.95,0.41,0.37,2026-09-02,2108,N21,VIIRS,n,2.0NRT,295.24,2.26,N
22.33454,69.86774,310.66,0.41,0.37,2026-09-02,2108,N21,VIIRS,n,2.0NRT,296.02,3.38,N
21.16569,72.67112,316.32,0.56,0.43,2026-09-02,2108,N21,VIIRS,n,2.0NRT,291.74,3.52,N
21.11116,72.63615,312.42,0.55,0.43,2026-09-02,2108,N21,VIIRS,n,2.0NRT,292.67,3.17,N
21.10537,72.64582,338.79,0.55,0.43,2026-09-02,2108,N21,VIIRS,n,2.0NRT,292.98,13.36,N
21.10441,72.65108,305.34,0.56,0.43,2026-09-02,2108,N21,VIIRS,n,2.0NRT,291.72,1.8,N
21.10342,72.63448,331.44,0.55,0.43,2026-09-02,2108,N21,VIIRS,n,2.0NRT,292.86,11.47,N
21.10053,72.65025,308.09,0.56,0.43,2026-09-02,2108,N21,VIIRS,n,2.0NRT,291.26,1.8,N
20.91063,71.46042,308.72,0.48,0.4,2026-09-02,2108,N21,VIIRS,n,2.0NRT,292.74,1.09,N
15.18017,76.6749,301.96,0.43,0.62,2026-09-02,2108,N21,VIIRS,n,2.0NRT,283.24,3.11,N
10.43311,77.06167,300.53,0.56,0.69,2026-09-02,2110,N21,VIIRS,n,2.0NRT,284.04,0.65,N
11.5922,77.26511,306.72,0.55,0.68,2026-09-02,2110,N21,VIIRS,n,2.0NRT,261.9,0.87,N
27.32438,95.27836,330.51,0.4,0.37,2026-09-03,0640,N21,VIIRS,n,2.0NRT,294.53,2,D
27.98609,95.93691,333.62,0.39,0.36,2026-09-03,0640,N21,VIIRS,n,2.0NRT,298.61,8.26,D
26.5233,90.5319,340.13,0.44,0.46,2026-09-03,0640,N21,VIIRS,n,2.0NRT,291.91,5.37,D
10.11128,77.65968,349.06,0.42,0.37,2026-09-03,0816,N21,VIIRS,n,2.0NRT,306.96,6.72,D
9.38139,78.7643,336.4,0.45,0.39,2026-09-03,0816,N21,VIIRS,n,2.0NRT,299.81,4.09,D
9.40985,78.81035,339.93,0.46,0.39,2026-09-03,0816,N21,VIIRS,n,2.0NRT,299.81,5.62,D
9.73456,77.55122,337.71,0.41,0.37,2026-09-03,0816,N21,VIIRS,n,2.0NRT,305.79,6.46,D
9.85865,78.18647,337.09,0.43,0.38,2026-09-03,0816,N21,VIIRS,n,2.0NRT,302.06,9.4,D
9.97086,78.1619,338.94,0.43,0.38,2026-09-03,0816,N21,VIIRS,n,2.0NRT,305.27,10.42,D
9.96184,78.0757,340.11,0.43,0.38,2026-09-03,0816,N21,VIIRS,n,2.0NRT,306.26,4.62,D
9.96128,78.07182,336.64,0.43,0.38,2026-09-03,0816,N21,VIIRS,n,2.0NRT,304.12,4.62,D
9.99129,78.08318,338.8,0.43,0.38,2026-09-03,0816,N21,VIIRS,n,2.0NRT,304.35,6.7,D
10.23588,79.19627,338.92,0.49,0.4,2026-09-03,0816,N21,VIIRS,n,2.0NRT,303.12,9.69,D
10.11183,77.66344,343.37,0.42,0.37,2026-09-03,0816,N21,VIIRS,n,2.0NRT,308.57,6.72,D
10.11921,77.66613,342.56,0.42,0.37,2026-09-03,0816,N21,VIIRS,n,2.0NRT,308.33,8.07,D
10.67869,78.942,335.66,0.48,0.4,2026-09-03,0816,N21,VIIRS,n,2.0NRT,296.53,7.36,D
10.74984,78.97149,332.9,0.48,0.4,2026-09-03,0816,N21,VIIRS,n,2.0NRT,295.07,3,D
10.84841,78.50124,347.91,0.46,0.39,2026-09-03,0816,N21,VIIRS,n,2.0NRT,299.73,10.66,D
10.78625,77.79347,343.36,0.43,0.38,2026-09-03,0816,N21,VIIRS,n,2.0NRT,305.5,9.5,D
11.00386,79.25903,335.16,0.5,0.41,2026-09-03,0816,N21,VIIRS,n,2.0NRT,300.72,2.95,D
10.82759,77.76785,337.1,0.42,0.38,2026-09-03,0816,N21,VIIRS,n,2.0NRT,300.51,2.88,D
11.18612,79.70135,330.95,0.53,0.42,2026-09-03,0816,N21,VIIRS,n,2.0NRT,299.27,5.73,D
11.50959,79.52499,333.9,0.52,0.42,2026-09-03,0816,N21,VIIRS,n,2.0NRT,290.66,5.71,D
11.39026,78.14157,341.79,0.44,0.39,2026-09-03,0816,N21,VIIRS,n,2.0NRT,296.62,3.98,D
11.45467,77.59742,332.46,0.42,0.38,2026-09-03,0816,N21,VIIRS,n,2.0NRT,294.74,2.43,D
8.60675,77.96529,339.2,0.41,0.37,2026-09-03,0816,N21,VIIRS,n,2.0NRT,303.99,4.94,D
8.61016,77.96478,338.69,0.41,0.37,2026-09-03,0816,N21,VIIRS,n,2.0NRT,304.46,3.89,D
8.62075,77.77719,348.05,0.41,0.37,2026-09-03,0816,N21,VIIRS,n,2.0NRT,312.84,31.99,D
8.6202,77.77351,354.2,0.41,0.37,2026-09-03,0816,N21,VIIRS,n,2.0NRT,313.01,23.1,D
8.81242,78.05347,342.91,0.42,0.38,2026-09-03,0816,N21,VIIRS,n,2.0NRT,305.82,8.02,D
8.86602,78.08418,348.47,0.42,0.38,2026-09-03,0816,N21,VIIRS,n,2.0NRT,306.22,13.83,D
8.83873,77.68748,339.97,0.41,0.37,2026-09-03,0816,N21,VIIRS,n,2.0NRT,309.13,7.33,D
8.94545,77.81496,344.36,0.41,0.37,2026-09-03,0816,N21,VIIRS,n,2.0NRT,308.85,17.83,D
8.9933,78.1157,337.51,0.42,0.38,2026-09-03,0816,N21,VIIRS,n,2.0NRT,304.75,5.51,D
8.99674,78.11518,340.06,0.42,0.38,2026-09-03,0816,N21,VIIRS,n,2.0NRT,305.42,5.51,D
9.21627,78.64738,335.65,0.45,0.39,2026-09-03,0816,N21,VIIRS,n,2.0NRT,302.15,11.12,D
9.25096,77.98447,343.73,0.42,0.38,2026-09-03,0816,N21,VIIRS,n,2.0NRT,303.2,48.71,D
13.943,76.36328,332.79,0.4,0.37,2026-09-03,0818,N21,VIIRS,n,2.0NRT,295.38,3.33,D
16.46553,79.58845,331.47,0.41,0.45,2026-09-03,0818,N21,VIIRS,n,2.0NRT,292.36,2.66,D
13.24685,76.39126,339.05,0.4,0.37,2026-09-03,0818,N21,VIIRS,n,2.0NRT,287.26,5.27,D
14.78736,79.80198,330.46,0.4,0.44,2026-09-03,0818,N21,VIIRS,n,2.0NRT,289.61,3.45,D
18.24572,75.4022,336.99,0.4,0.37,2026-09-03,0818,N21,VIIRS,n,2.0NRT,294.85,4.06,D
18.65981,74.60452,333.35,0.39,0.36,2026-09-03,0818,N21,VIIRS,l,2.0NRT,303.89,2.45,D
18.5062,74.34609,343.88,0.39,0.36,2026-09-03,0818,N21,VIIRS,n,2.0NRT,303.18,5.6,D
22.92853,70.10656,332.86,0.43,0.38,2026-09-03,0820,N21,VIIRS,l,2.0NRT,302.73,7.14,D
23.30886,69.4185,333.65,0.45,0.39,2026-09-03,0820,N21,VIIRS,n,2.0NRT,301.35,5.76,D
19.41619,74.73562,335.63,0.4,0.37,2026-09-03,0820,N21,VIIRS,n,2.0NRT,295.77,4.98,D
21.10363,72.64727,341.64,0.39,0.36,2026-09-03,0820,N21,VIIRS,n,2.0NRT,302.04,9.19,D
21.10192,72.63627,339.66,0.39,0.36,2026-09-03,0820,N21,VIIRS,n,2.0NRT,300.92,9.64,D
21.10691,72.6467,353,0.39,0.36,2026-09-03,0820,N21,VIIRS,n,2.0NRT,303.51,9.19,D
21.1085,72.63512,338.53,0.39,0.36,2026-09-03,0820,N21,VIIRS,n,2.0NRT,301.34,6.92,D
21.16552,72.67063,343.59,0.38,0.36,2026-09-03,0820,N21,VIIRS,n,2.0NRT,300.03,5.56,D
22.92924,70.1059,335.84,0.43,0.38,2026-09-03,0820,N21,VIIRS,l,2.0NRT,303.18,8.52,D
31.81754,74.59283,340.73,0.5,0.41,2026-09-03,0822,N21,VIIRS,n,2.0NRT,296.72,6.08,D
31.62567,74.98903,332.14,0.51,0.41,2026-09-03,0822,N21,VIIRS,n,2.0NRT,296.26,4.15,D
31.46605,74.61465,336.94,0.49,0.4,2026-09-03,0822,N21,VIIRS,n,2.0NRT,301.01,4.63,D
31.16984,75.04272,335.59,0.51,0.41,2026-09-03,0822,N21,VIIRS,n,2.0NRT,296.53,4.87,D
30.57886,74.04327,330.83,0.46,0.39,2026-09-03,0822,N21,VIIRS,n,2.0NRT,300.38,2.89,D
23.78556,85.55293,302.25,0.59,0.7,2026-09-03,1906,N21,VIIRS,n,2.0NRT,283.21,1.09,N
24.11562,86.86095,304.07,0.49,0.65,2026-09-03,1906,N21,VIIRS,n,2.0NRT,278.56,1.61,N
23.80305,86.3282,312.09,0.53,0.67,2026-09-03,1906,N21,VIIRS,n,2.0NRT,283.8,3.29,N
23.79538,86.34803,304.5,0.53,0.67,2026-09-03,1906,N21,VIIRS,n,2.0NRT,283.41,2.37,N
23.795,86.35329,302.7,0.52,0.67,2026-09-03,1906,N21,VIIRS,n,2.0NRT,283.1,1.73,N
23.80364,86.32647,301.69,0.53,0.67,2026-09-03,1906,N21,VIIRS,n,2.0NRT,283.39,1.82,N
23.80322,86.3317,311.37,0.53,0.67,2026-09-03,1906,N21,VIIRS,n,2.0NRT,283.56,1.82,N
23.79543,86.35154,312.86,0.52,0.67,2026-09-03,1906,N21,VIIRS,n,2.0NRT,283.09,2.98,N
23.78024,86.38665,305.68,0.52,0.67,2026-09-03,1906,N21,VIIRS,n,2.0NRT,283.81,2.3,N
23.77984,86.39172,314.52,0.52,0.67,2026-09-03,1906,N21,VIIRS,n,2.0NRT,283.68,2.3,N
23.77573,86.3653,316.44,0.52,0.67,2026-09-03,1906,N21,VIIRS,n,2.0NRT,283.69,3.08,N
23.7741,86.38596,304.86,0.52,0.67,2026-09-03,1906,N21,VIIRS,n,2.0NRT,283.64,2.68,N
23.76677,86.40059,304.12,0.52,0.67,2026-09-03,1906,N21,VIIRS,n,2.0NRT,282.21,3.92,N
23.76635,86.40579,319.98,0.52,0.67,2026-09-03,1906,N21,VIIRS,n,2.0NRT,282.72,4.16,N
23.77547,86.20876,305.42,0.54,0.68,2026-09-03,1906,N21,VIIRS,n,2.0NRT,284.93,2.54,N
23.76062,86.39999,309.65,0.52,0.67,2026-09-03,1906,N21,VIIRS,n,2.0NRT,282.62,4.13,N
23.76022,86.40524,301.39,0.52,0.67,2026-09-03,1906,N21,VIIRS,n,2.0NRT,282.12,2.26,N
23.69064,87.12126,317.22,0.47,0.64,2026-09-03,1906,N21,VIIRS,n,2.0NRT,283.34,4.43,N
23.77282,85.99427,298.26,0.55,0.68,2026-09-03,1906,N21,VIIRS,n,2.0NRT,281.58,1.41,N
23.73945,86.43385,311.62,0.52,0.67,2026-09-03,1906,N21,VIIRS,n,2.0NRT,283.86,2.52,N
23.73333,86.43322,306.07,0.52,0.67,2026-09-03,1906,N21,VIIRS,n,2.0NRT,283.6,2.85,N
23.66418,87.1554,311.03,0.46,0.64,2026-09-03,1906,N21,VIIRS,n,2.0NRT,283.84,2.19,N
23.71572,86.42124,309.72,0.52,0.67,2026-09-03,1906,N21,VIIRS,n,2.0NRT,283.4,3.45,N
23.7134,86.4518,307.77,0.52,0.67,2026-09-03,1906,N21,VIIRS,n,2.0NRT,283.45,1.76,N
23.68696,86.39274,304.28,0.52,0.67,2026-09-03,1906,N21,VIIRS,n,2.0NRT,283.9,2.9,N
23.68044,86.39726,305.35,0.52,0.67,2026-09-03,1906,N21,VIIRS,n,2.0NRT,283.69,2.2,N
23.71524,86.422,309.37,0.52,0.67,2026-09-03,1906,N21,VIIRS,n,2.0NRT,283.62,3.55,N
23.71272,86.45254,306.22,0.52,0.66,2026-09-03,1906,N21,VIIRS,n,2.0NRT,283.52,1.88,N
23.68665,86.39375,303.02,0.52,0.67,2026-09-03,1906,N21,VIIRS,n,2.0NRT,283.65,1.76,N
23.68011,86.3982,305.86,0.52,0.67,2026-09-03,1906,N21,VIIRS,n,2.0NRT,283.25,1.98,N
23.67398,86.39745,304.41,0.52,0.67,2026-09-03,1906,N21,VIIRS,n,2.0NRT,283.26,1.98,N
23.6325,86.83428,304.83,0.49,0.65,2026-09-03,1906,N21,VIIRS,n,2.0NRT,283.22,1.12,N
23.612,86.78971,308.97,0.49,0.65,2026-09-03,1906,N21,VIIRS,n,2.0NRT,282.8,1.86,N
23.73829,85.00842,296.96,0.64,0.72,2026-09-03,1906,N21,VIIRS,n,2.0NRT,279.77,2.02,N
23.55742,87.24039,312.47,0.46,0.63,2026-09-03,1906,N21,VIIRS,n,2.0NRT,275.87,3.03,N
23.58093,86.72375,297.7,0.49,0.65,2026-09-03,1906,N21,VIIRS,n,2.0NRT,275.66,1.53,N
23.64955,85.43758,318.4,0.6,0.71,2026-09-03,1908,N21,VIIRS,n,2.0NRT,279.93,4.68,N
23.64927,85.43691,316.21,0.6,0.7,2026-09-03,1908,N21,VIIRS,n,2.0NRT,279.81,5.08,N
23.66802,84.99591,300.08,0.64,0.72,2026-09-03,1908,N21,VIIRS,n,2.0NRT,279.53,3.24,N
23.65697,85.508,301.57,0.59,0.7,2026-09-03,1908,N21,VIIRS,n,2.0NRT,281.04,1.18,N
20.97102,86.02231,301.24,0.51,0.66,2026-09-03,1908,N21,VIIRS,n,2.0NRT,285.24,2.33,N
20.9703,86.02133,307.25,0.51,0.66,2026-09-03,1908,N21,VIIRS,n,2.0NRT,285.23,3.2,N
26.87514,73.51547,309.26,0.39,0.36,2026-09-03,2046,N21,VIIRS,n,2.0NRT,295.3,2.07,N
29.47605,76.85793,329.76,0.41,0.37,2026-09-03,2046,N21,VIIRS,n,2.0NRT,293.88,4.09,N
27.28808,73.84085,313.3,0.38,0.36,2026-09-03,2046,N21,VIIRS,n,2.0NRT,296.34,0.68,N
26.87844,73.5161,307.83,0.39,0.36,2026-09-03,2046,N21,VIIRS,n,2.0NRT,295.38,2.37,N
26.60381,73.68258,305.3,0.38,0.36,2026-09-03,2046,N21,VIIRS,n,2.0NRT,289.46,0.86,N
23.30852,71.92302,302.05,0.39,0.36,2026-09-03,2046,N21,VIIRS,n,2.0NRT,283.2,0.58,N
23.31438,70.48576,309.94,0.43,0.38,2026-09-03,2046,N21,VIIRS,n,2.0NRT,294.84,1.63,N
23.30512,70.47572,306.69,0.43,0.38,2026-09-03,2046,N21,VIIRS,n,2.0NRT,294.57,1.37,N
22.96819,72.55517,307.07,0.39,0.36,2026-09-03,2046,N21,VIIRS,n,2.0NRT,293.79,0.4,N
23.1201,70.08562,326.09,0.44,0.38,2026-09-03,2046,N21,VIIRS,n,2.0NRT,294.36,4.11,N
23.11955,70.08704,324.6,0.44,0.38,2026-09-03,2046,N21,VIIRS,n,2.0NRT,294.09,3.51,N
22.92464,69.82479,305.3,0.45,0.39,2026-09-03,2046,N21,VIIRS,n,2.0NRT,294.49,2.91,N
22.93496,69.69643,307.76,0.46,0.39,2026-09-03,2046,N21,VIIRS,n,2.0NRT,293.57,2.03,N
22.93436,69.70084,309.93,0.46,0.39,2026-09-03,2046,N21,VIIRS,n,2.0NRT,293.97,2.03,N
22.93139,69.69586,308.31,0.46,0.39,2026-09-03,2046,N21,VIIRS,n,2.0NRT,293.95,3.15,N
22.33877,69.8551,308.15,0.44,0.39,2026-09-03,2046,N21,VIIRS,n,2.0NRT,295.5,4.3,N
22.41513,69.03777,309.75,0.48,0.4,2026-09-03,2046,N21,VIIRS,n,2.0NRT,293.26,3.19,N
22.39963,69.01791,305.54,0.48,0.4,2026-09-03,2046,N21,VIIRS,n,2.0NRT,293.77,3.18,N
21.62968,72.911,299.73,0.38,0.36,2026-09-03,2046,N21,VIIRS,n,2.0NRT,278.8,0.25,N
21.16664,72.67046,322.83,0.38,0.36,2026-09-03,2046,N21,VIIRS,n,2.0NRT,294.07,3.7,N
21.11061,72.63454,307.53,0.38,0.36,2026-09-03,2046,N21,VIIRS,n,2.0NRT,294.41,2.17,N
21.10831,72.64921,307.64,0.38,0.36,2026-09-03,2046,N21,VIIRS,n,2.0NRT,294.94,2.7,N
21.10559,72.64497,336.85,0.38,0.36,2026-09-03,2046,N21,VIIRS,n,2.0NRT,296.19,5.98,N
21.10674,72.63763,308.49,0.38,0.36,2026-09-03,2046,N21,VIIRS,n,2.0NRT,294.77,2.86,N
21.10502,72.64862,318.53,0.38,0.36,2026-09-03,2046,N21,VIIRS,n,2.0NRT,294.39,5.98,N
21.10345,72.63704,333.77,0.38,0.36,2026-09-03,2046,N21,VIIRS,n,2.0NRT,294.36,2.86,N
21.10016,72.63646,332.79,0.38,0.36,2026-09-03,2046,N21,VIIRS,n,2.0NRT,294.58,6.12,N
20.91031,71.45869,316.39,0.39,0.36,2026-09-03,2046,N21,VIIRS,n,2.0NRT,294.64,1.67,N
20.86645,70.5637,309.83,0.41,0.37,2026-09-03,2046,N21,VIIRS,n,2.0NRT,293.44,1.05,N
15.17996,76.66974,305.7,0.42,0.45,2026-09-03,2049,N21,VIIRS,n,2.0NRT,290.04,2.2,N
15.1786,76.6774,304.63,0.42,0.45,2026-09-03,2049,N21,VIIRS,n,2.0NRT,290.54,2.62,N
15.17791,76.65741,326.69,0.42,0.45,2026-09-03,2049,N21,VIIRS,n,2.0NRT,290.55,1.81,N
15.17859,76.65359,305.26,0.42,0.45,2026-09-03,2049,N21,VIIRS,n,2.0NRT,289.91,1.04,N
15.17451,76.67654,305.63,0.42,0.45,2026-09-03,2049,N21,VIIRS,n,2.0NRT,289.91,1.13,N
15.17179,76.69175,307.81,0.42,0.45,2026-09-03,2049,N21,VIIRS,n,2.0NRT,289.5,1.18,N
15.1745,76.65276,305.33,0.42,0.45,2026-09-03,2049,N21,VIIRS,n,2.0NRT,289.85,1.04,N
15.17382,76.65658,306.57,0.42,0.45,2026-09-03,2049,N21,VIIRS,n,2.0NRT,290.34,1.81,N
15.17314,76.6604,303.5,0.42,0.45,2026-09-03,2049,N21,VIIRS,n,2.0NRT,289.81,1.81,N
14.87435,78.05117,321.22,0.52,0.5,2026-09-03,2049,N21,VIIRS,n,2.0NRT,288.81,2.81,N
15.1614,76.37529,298.67,0.4,0.44,2026-09-03,2049,N21,VIIRS,n,2.0NRT,282.96,0.52,N
15.07199,76.86526,301.83,0.43,0.46,2026-09-03,2049,N21,VIIRS,n,2.0NRT,281.27,1.11,N
13.89939,76.5644,304.03,0.43,0.46,2026-09-03,2049,N21,VIIRS,n,2.0NRT,287.4,1.15,N
17.69013,83.24277,307.09,0.5,0.66,2026-09-03,2049,N21,VIIRS,n,2.0NRT,286.83,1.13,N
17.69266,83.2471,313.2,0.5,0.66,2026-09-03,2049,N21,VIIRS,n,2.0NRT,286.96,3.47,N
17.60904,83.20199,309.25,0.5,0.66,2026-09-03,2049,N21,VIIRS,n,2.0NRT,287.21,3.25,N
17.60314,83.20052,309.35,0.5,0.66,2026-09-03,2049,N21,VIIRS,n,2.0NRT,287.32,1.59,N
23.69308,87.10843,301.74,0.66,0.73,2026-09-03,2049,N21,VIIRS,n,2.0NRT,280.99,6.47,N
23.68988,87.121,303.36,0.66,0.73,2026-09-03,2049,N21,VIIRS,n,2.0NRT,280.95,6.27,N
23.80544,86.33025,301.68,0.58,0.7,2026-09-03,2049,N21,VIIRS,n,2.0NRT,268.95,2.41,N
23.79371,86.35073,297.17,0.59,0.7,2026-09-03,2049,N21,VIIRS,n,2.0NRT,265.22,1.06,N
23.76123,86.40075,303.17,0.59,0.7,2026-09-03,2049,N21,VIIRS,n,2.0NRT,271.55,2.55,N
23.70964,86.44592,302.83,0.6,0.7,2026-09-03,2049,N21,VIIRS,n,2.0NRT,276.64,2.9,N
23.61539,86.79142,302.16,0.63,0.72,2026-09-03,2049,N21,VIIRS,n,2.0NRT,282.7,1.86,N
23.61643,86.78899,302.57,0.63,0.72,2026-09-03,2049,N21,VIIRS,n,2.0NRT,282.4,1.6,N
23.78815,85.55396,298.36,0.52,0.67,2026-09-03,2049,N21,VIIRS,n,2.0NRT,276.08,1.97,N
23.741,85.00602,300.73,0.49,0.65,2026-09-03,2049,N21,VIIRS,n,2.0NRT,284.48,1.68,N
23.74199,85.00803,304.62,0.49,0.65,2026-09-03,2049,N21,VIIRS,n,2.0NRT,284.62,1.42,N
25.94356,72.19094,331.2,0.4,0.37,2026-09-03,2049,N21,VIIRS,n,2.0NRT,296.13,3.76,N
24.69003,73.00208,312.72,0.38,0.36,2026-09-03,2049,N21,VIIRS,n,2.0NRT,293.86,1.68,N
17.61118,83.20664,307.79,0.5,0.66,2026-09-03,2049,N21,VIIRS,n,2.0NRT,287.11,1.76,N
17.60034,83.19914,304.38,0.5,0.66,2026-09-03,2049,N21,VIIRS,n,2.0NRT,287.1,2.14,N
18.69219,73.03861,308.87,0.39,0.36,2026-09-03,2049,N21,VIIRS,n,2.0NRT,291.31,2.04,N
18.68674,73.03004,319.05,0.39,0.36,2026-09-03,2049,N21,VIIRS,n,2.0NRT,291.93,1.67,N
18.68221,73.03683,331.89,0.39,0.36,2026-09-03,2049,N21,VIIRS,n,2.0NRT,291.55,5.42,N
18.68341,73.02945,308.6,0.39,0.36,2026-09-03,2049,N21,VIIRS,n,2.0NRT,290.98,1.67,N
18.67889,73.03624,314.72,0.39,0.36,2026-09-03,2049,N21,VIIRS,n,2.0NRT,290.86,2.73,N
15.02284,78.01471,303.58,0.51,0.49,2026-09-03,2049,N21,VIIRS,n,2.0NRT,285.32,1.34,N
15.17699,77.10145,303.07,0.44,0.46,2026-09-03,2049,N21,VIIRS,n,2.0NRT,283.13,1.21,N
15.18609,76.65908,306.28,0.42,0.45,2026-09-03,2049,N21,VIIRS,n,2.0NRT,290.85,1.64,N
15.18064,76.66591,324.76,0.42,0.45,2026-09-03,2049,N21,VIIRS,n,2.0NRT,290.71,2.2,N
11.10315,77.76294,306.76,0.58,0.52,2026-09-03,2051,N21,VIIRS,n,2.0NRT,289.5,0.94,N
11.18059,79.10029,313.59,0.35,0.57,2026-09-03,2051,N21,VIIRS,n,2.0NRT,290.21,1.28,N
9.73405,77.55091,312.29,0.59,0.53,2026-09-03,2051,N21,VIIRS,n,2.0NRT,291.43,2.6,N
9.5471,77.52013,308.51,0.59,0.53,2026-09-03,2051,N21,VIIRS,n,2.0NRT,288.67,2.79,N
14.14273,76.50105,334.52,0.45,0.39,2026-09-04,0758,N21,VIIRS,l,2.0NRT,299.57,7.06,D
14.58262,78.69115,332.81,0.39,0.36,2026-09-04,0758,N21,VIIRS,n,2.0NRT,297.53,2.62,D
10.23521,79.19682,336.6,0.39,0.37,2026-09-04,0758,N21,VIIRS,l,2.0NRT,302.56,5.05,D
9.82854,77.56429,338.99,0.45,0.39,2026-09-04,0758,N21,VIIRS,n,2.0NRT,303.65,5.62,D
9.82879,78.55407,334.45,0.41,0.37,2026-09-04,0758,N21,VIIRS,l,2.0NRT,302.71,2.01,D
9.72387,78.35549,334.19,0.42,0.38,2026-09-04,0758,N21,VIIRS,l,2.0NRT,305.43,5.33,D
8.67037,77.99406,336.26,0.44,0.39,2026-09-04,0758,N21,VIIRS,l,2.0NRT,305.55,6.68,D
9.14391,78.26399,338.19,0.43,0.38,2026-09-04,0758,N21,VIIRS,l,2.0NRT,305.32,4.67,D
9.14291,78.26405,337.37,0.43,0.38,2026-09-04,0758,N21,VIIRS,l,2.0NRT,304.86,4.73,D
9.35835,78.81918,335.56,0.41,0.37,2026-09-04,0758,N21,VIIRS,l,2.0NRT,301,3.34,D
15.1836,76.64207,340.29,0.43,0.38,2026-09-04,0758,N21,VIIRS,n,2.0NRT,301.44,6.27,D
15.24046,76.69371,332.44,0.43,0.38,2026-09-04,0758,N21,VIIRS,l,2.0NRT,300.92,2.23,D
15.31594,75.73133,334.48,0.47,0.4,2026-09-04,0758,N21,VIIRS,l,2.0NRT,300.38,8.92,D
10.87023,79.84801,337.26,0.39,0.36,2026-09-04,0758,N21,VIIRS,n,2.0NRT,301.77,3.23,D
21.74218,83.84354,342.51,0.44,0.46,2026-09-04,0801,N21,VIIRS,n,2.0NRT,295.8,7.2,D
17.36039,81.81102,332.31,0.45,0.39,2026-09-04,0801,N21,VIIRS,n,2.0NRT,296.45,2.81,D
17.08758,79.68736,338.48,0.39,0.36,2026-09-04,0801,N21,VIIRS,n,2.0NRT,291.83,3.75,D
21.74643,83.84301,341.48,0.44,0.46,2026-09-04,0801,N21,VIIRS,n,2.0NRT,293.51,7.2,D
21.75491,83.84193,335.54,0.44,0.46,2026-09-04,0801,N21,VIIRS,n,2.0NRT,294.33,6.72,D
21.75494,83.84254,343.12,0.44,0.46,2026-09-04,0801,N21,VIIRS,n,2.0NRT,294.29,8.02,D
21.80368,83.89217,332.23,0.45,0.47,2026-09-04,0801,N21,VIIRS,n,2.0NRT,294,4.49,D
21.10447,72.64493,344.27,0.57,0.43,2026-09-04,0801,N21,VIIRS,n,2.0NRT,298.24,26.51,D
21.10295,72.63681,342.12,0.38,0.43,2026-09-04,0801,N21,VIIRS,n,2.0NRT,298.44,26.3,D
23.67067,86.93721,328.62,0.37,0.58,2026-09-04,0801,N21,VIIRS,n,2.0NRT,288.51,3.42,D
23.70967,86.44809,332.23,0.34,0.56,2026-09-04,0803,N21,VIIRS,n,2.0NRT,290.08,5.2,D
23.69087,87.12269,328.83,0.38,0.59,2026-09-04,0803,N21,VIIRS,n,2.0NRT,289.42,5.68,D
23.69337,87.12283,328.2,0.38,0.59,2026-09-04,0803,N21,VIIRS,n,2.0NRT,289.76,4.18,D
31.5513,74.73685,337.88,0.38,0.36,2026-09-04,0805,N21,VIIRS,n,2.0NRT,299.64,9.12,D
22.03358,83.35964,304.65,0.42,0.45,2026-09-04,2027,N21,VIIRS,n,2.0NRT,290.11,1.01,N
22.03922,83.35251,315.74,0.42,0.45,2026-09-04,2027,N21,VIIRS,n,2.0NRT,290.65,2.58,N
22.01428,83.75243,298.04,0.44,0.46,2026-09-04,2027,N21,VIIRS,n,2.0NRT,286.23,2.24,N
22.31225,82.53288,305,0.56,0.43,2026-09-04,2027,N21,VIIRS,n,2.0NRT,289.74,2.46,N
22.35509,82.3024,316.81,0.54,0.42,2026-09-04,2027,N21,VIIRS,n,2.0NRT,290.45,2.63,N
22.31613,82.53371,305.5,0.56,0.43,2026-09-04,2027,N21,VIIRS,n,2.0NRT,290.1,1.92,N
22.35892,82.30322,331.58,0.54,0.42,2026-09-04,2027,N21,VIIRS,n,2.0NRT,290.81,6.61,N
22.31794,82.56736,304.53,0.56,0.43,2026-09-04,2027,N21,VIIRS,n,2.0NRT,290.54,1.84,N
22.31894,82.56203,312.8,0.56,0.43,2026-09-04,2027,N21,VIIRS,n,2.0NRT,290.8,1.84,N
22.32191,82.54604,304.5,0.56,0.43,2026-09-04,2027,N21,VIIRS,n,2.0NRT,290.31,1.97,N
22.3314,82.60392,309.28,0.56,0.43,2026-09-04,2027,N21,VIIRS,n,2.0NRT,289.68,2.16,N
21.92527,85.22544,309.87,0.55,0.51,2026-09-04,2027,N21,VIIRS,n,2.0NRT,289.84,3.27,N
21.93093,85.22124,303.45,0.55,0.51,2026-09-04,2027,N21,VIIRS,n,2.0NRT,289.3,1.05,N
22.05206,85.46372,302.45,0.56,0.52,2026-09-04,2027,N21,VIIRS,n,2.0NRT,288.64,1.51,N
22.20184,84.84525,302.87,0.51,0.5,2026-09-04,2027,N21,VIIRS,n,2.0NRT,289.34,0.7,N
22.20785,84.86195,304.89,0.51,0.5,2026-09-04,2027,N21,VIIRS,n,2.0NRT,289.96,1.54,N
22.13197,85.41842,301.85,0.56,0.51,2026-09-04,2027,N21,VIIRS,n,2.0NRT,288.79,1.28,N
22.57397,85.89982,308.57,0.59,0.53,2026-09-04,2027,N21,VIIRS,n,2.0NRT,287.86,2.35,N
22.57509,85.89431,304.68,0.59,0.53,2026-09-04,2027,N21,VIIRS,n,2.0NRT,288.37,2.35,N
22.57533,85.8947,305.86,0.59,0.53,2026-09-04,2027,N21,VIIRS,n,2.0NRT,288.27,4.22,N
23.64511,85.43939,307.89,0.52,0.5,2026-09-04,2027,N21,VIIRS,n,2.0NRT,288.51,2.4,N
23.73676,85.02216,304,0.49,0.49,2026-09-04,2027,N21,VIIRS,n,2.0NRT,287.98,1,N
23.80973,84.8444,303.08,0.48,0.48,2026-09-04,2027,N21,VIIRS,n,2.0NRT,288.45,1.53,N
23.6655,86.09307,304.43,0.57,0.52,2026-09-04,2027,N21,VIIRS,n,2.0NRT,287.67,0.9,N
23.67716,86.08454,309.76,0.57,0.52,2026-09-04,2027,N21,VIIRS,n,2.0NRT,288.39,4.16,N
23.78857,85.55117,312.54,0.53,0.5,2026-09-04,2027,N21,VIIRS,n,2.0NRT,288.26,3.06,N
23.67951,86.09674,303.88,0.57,0.52,2026-09-04,2027,N21,VIIRS,n,2.0NRT,287.86,1.53,N
23.69345,86.07731,303.77,0.57,0.52,2026-09-04,2027,N21,VIIRS,n,2.0NRT,287.8,1.82,N
23.69927,86.07301,309.74,0.57,0.52,2026-09-04,2027,N21,VIIRS,n,2.0NRT,287.87,1.64,N
23.75455,85.85443,306,0.55,0.51,2026-09-04,2027,N21,VIIRS,n,2.0NRT,288.28,3.7,N
23.67599,86.39859,310.18,0.6,0.53,2026-09-04,2027,N21,VIIRS,n,2.0NRT,287.67,4.63,N
23.68196,86.394,312.96,0.6,0.53,2026-09-04,2027,N21,VIIRS,n,2.0NRT,287.64,4.13,N
23.67495,86.39895,308.71,0.6,0.53,2026-09-04,2027,N21,VIIRS,n,2.0NRT,287.65,4.28,N
23.67618,86.39325,305.6,0.6,0.53,2026-09-04,2027,N21,VIIRS,n,2.0NRT,287.11,2.72,N
23.68097,86.39436,309.86,0.6,0.53,2026-09-04,2027,N21,VIIRS,n,2.0NRT,287.7,5.51,N
23.77284,86.19751,309.02,0.58,0.52,2026-09-04,2027,N21,VIIRS,n,2.0NRT,288.02,4.45,N
23.77521,86.20977,308.47,0.58,0.52,2026-09-04,2027,N21,VIIRS,n,2.0NRT,288.27,2.95,N
23.77994,86.21085,325.09,0.58,0.52,2026-09-04,2027,N21,VIIRS,n,2.0NRT,288.53,5.37,N
23.649,85.43903,313.66,0.52,0.5,2026-09-04,2027,N21,VIIRS,n,2.0NRT,288.68,3.21,N
24.16057,82.56489,323.92,0.52,0.42,2026-09-04,2027,N21,VIIRS,n,2.0NRT,283.64,3.75,N
21.87757,83.55456,312.13,0.43,0.46,2026-09-04,2027,N21,VIIRS,n,2.0NRT,290.4,2.9,N
21.92094,83.35299,315.44,0.42,0.45,2026-09-04,2027,N21,VIIRS,n,2.0NRT,291.29,3.35,N
21.92171,83.349,322.13,0.42,0.45,2026-09-04,2027,N21,VIIRS,n,2.0NRT,291.46,3.42,N
21.92734,83.34194,303.6,0.42,0.45,2026-09-04,2027,N21,VIIRS,n,2.0NRT,290.16,2.46,N
21.98263,83.23072,306.36,0.41,0.45,2026-09-04,2027,N21,VIIRS,n,2.0NRT,290.26,1.56,N
22.0328,83.36366,305.03,0.42,0.45,2026-09-04,2027,N21,VIIRS,n,2.0NRT,290.02,1.01,N
22.41646,69.03892,304.38,0.62,0.54,2026-09-04,2029,N21,VIIRS,n,2.0NRT,291.66,2.29,N
21.10807,72.64812,317.42,0.53,0.42,2026-09-04,2029,N21,VIIRS,n,2.0NRT,292.51,3.67,N
21.10421,72.64756,332.4,0.53,0.42,2026-09-04,2029,N21,VIIRS,n,2.0NRT,293.92,8.22,N
21.10486,72.64244,309.95,0.53,0.42,2026-09-04,2029,N21,VIIRS,n,2.0NRT,291.22,5.9,N
20.91005,71.45995,311.01,0.42,0.45,2026-09-04,2029,N21,VIIRS,n,2.0NRT,293.42,1.59,N
19.10266,82.16485,304.91,0.4,0.44,2026-09-04,2029,N21,VIIRS,n,2.0NRT,290.69,0.94,N
19.10197,82.16858,309.55,0.4,0.44,2026-09-04,2029,N21,VIIRS,n,2.0NRT,292.06,0.94,N
19.09797,82.16772,314.56,0.4,0.44,2026-09-04,2029,N21,VIIRS,n,2.0NRT,290.6,2.11,N
19.08926,82.16974,302.41,0.4,0.44,2026-09-04,2029,N21,VIIRS,n,2.0NRT,290.76,1.06,N
18.72065,79.53902,303.84,0.44,0.39,2026-09-04,2029,N21,VIIRS,n,2.0NRT,289.14,1.06,N
18.71714,79.53836,307.76,0.44,0.39,2026-09-04,2029,N21,VIIRS,n,2.0NRT,290.53,1.06,N
18.71292,79.54187,303.78,0.44,0.39,2026-09-04,2029,N21,VIIRS,n,2.0NRT,289.94,1.23,N
17.95817,80.79167,306.13,0.52,0.42,2026-09-04,2029,N21,VIIRS,n,2.0NRT,288.86,2.33,N
17.95732,80.79652,318.65,0.52,0.42,2026-09-04,2029,N21,VIIRS,n,2.0NRT,288.83,2.33,N
19.01937,72.89208,330.53,0.49,0.4,2026-09-04,2029,N21,VIIRS,n,2.0NRT,293.33,5.81,N
18.68379,73.03027,312.5,0.48,0.4,2026-09-04,2029,N21,VIIRS,n,2.0NRT,292.99,2.49,N
18.67952,73.03425,319,0.48,0.4,2026-09-04,2029,N21,VIIRS,n,2.0NRT,292.93,2.49,N
16.87203,80.02309,307.03,0.49,0.4,2026-09-04,2029,N21,VIIRS,n,2.0NRT,294.41,1.33,N
17.1409,77.18513,310.67,0.39,0.36,2026-09-04,2029,N21,VIIRS,n,2.0NRT,292.26,0.92,N
17.13875,77.17729,310.4,0.39,0.36,2026-09-04,2029,N21,VIIRS,n,2.0NRT,292.66,0.79,N
16.69608,79.64787,307.53,0.47,0.4,2026-09-04,2029,N21,VIIRS,n,2.0NRT,294.49,2.3,N
21.87629,83.49454,311.43,0.43,0.46,2026-09-04,2029,N21,VIIRS,n,2.0NRT,290.43,2.1,N
22.0062,82.6703,306.37,0.57,0.43,2026-09-04,2029,N21,VIIRS,n,2.0NRT,290.25,1.43,N
22.00226,82.66946,307.87,0.57,0.43,2026-09-04,2029,N21,VIIRS,n,2.0NRT,290.92,1.59,N
22.00347,82.66862,313.1,0.57,0.43,2026-09-04,2029,N21,VIIRS,n,2.0NRT,290.67,2.46,N
21.77244,83.82623,303.05,0.45,0.47,2026-09-04,2029,N21,VIIRS,n,2.0NRT,289.73,1.97,N
21.76404,83.84689,318.39,0.45,0.47,2026-09-04,2029,N21,VIIRS,n,2.0NRT,290.3,3.72,N
21.76321,83.85123,312.58,0.45,0.47,2026-09-04,2029,N21,VIIRS,n,2.0NRT,290.52,3.72,N
21.75558,83.84492,333.98,0.45,0.47,2026-09-04,2029,N21,VIIRS,n,2.0NRT,291.52,7.95,N
21.75642,83.84061,305.63,0.45,0.47,2026-09-04,2029,N21,VIIRS,n,2.0NRT,290.07,4.64,N
21.75135,83.84393,314.33,0.45,0.47,2026-09-04,2029,N21,VIIRS,n,2.0NRT,290.11,9.07,N
21.74713,83.84291,342.75,0.45,0.47,2026-09-04,2029,N21,VIIRS,n,2.0NRT,292.71,9.07,N
21.7429,83.84189,330.29,0.45,0.47,2026-09-04,2029,N21,VIIRS,n,2.0NRT,291.46,3.9,N
21.73868,83.84087,309.6,0.45,0.47,2026-09-04,2029,N21,VIIRS,n,2.0NRT,290.71,3.9,N
21.98617,82.01387,303.96,0.53,0.42,2026-09-04,2029,N21,VIIRS,n,2.0NRT,290.08,0.73,N
21.00091,86.02672,308.82,0.32,0.55,2026-09-04,2029,N21,VIIRS,n,2.0NRT,289.19,0.6,N
20.9651,86.04973,307.44,0.32,0.55,2026-09-04,2029,N21,VIIRS,n,2.0NRT,289.03,0.81,N
20.96774,86.01222,338.76,0.32,0.55,2026-09-04,2029,N21,VIIRS,n,2.0NRT,290,2.3,N
20.96962,86.00316,310.51,0.32,0.55,2026-09-04,2029,N21,VIIRS,n,2.0NRT,290.04,1.1,N
20.96836,86.00922,306.03,0.32,0.55,2026-09-04,2029,N21,VIIRS,n,2.0NRT,289.77,2.99,N
20.9671,86.01527,307.59,0.32,0.55,2026-09-04,2029,N21,VIIRS,n,2.0NRT,289.68,2.3,N
20.96346,86.00796,327.6,0.32,0.55,2026-09-04,2029,N21,VIIRS,n,2.0NRT,289.61,2.99,N
20.96283,86.01097,320.67,0.32,0.55,2026-09-04,2029,N21,VIIRS,n,2.0NRT,289.55,2.3,N
20.96473,86.00188,308.9,0.32,0.55,2026-09-04,2029,N21,VIIRS,n,2.0NRT,289.39,1.1,N
20.9622,86.01398,305.74,0.32,0.55,2026-09-04,2029,N21,VIIRS,n,2.0NRT,288.95,2.3,N
20.95031,86.0461,324.25,0.32,0.55,2026-09-04,2029,N21,VIIRS,n,2.0NRT,289.36,2.95,N
20.94966,86.04922,320.98,0.32,0.55,2026-09-04,2029,N21,VIIRS,n,2.0NRT,289.44,2.95,N
20.95094,86.04309,315.02,0.32,0.55,2026-09-04,2029,N21,VIIRS,n,2.0NRT,289.18,2.49,N
20.97813,85.16908,310.85,0.57,0.52,2026-09-04,2029,N21,VIIRS,n,2.0NRT,289.37,2.28,N
20.98007,85.13609,307.52,0.56,0.52,2026-09-04,2029,N21,VIIRS,n,2.0NRT,289.85,4.86,N
20.97238,85.17323,314.51,0.57,0.52,2026-09-04,2029,N21,VIIRS,n,2.0NRT,289.58,4.25,N
20.96772,85.17207,333.32,0.57,0.52,2026-09-04,2029,N21,VIIRS,n,2.0NRT,290.06,4.25,N
20.9644,85.1881,323.33,0.57,0.52,2026-09-04,2029,N21,VIIRS,n,2.0NRT,289.61,3.3,N
20.96663,85.17735,310.74,0.57,0.52,2026-09-04,2029,N21,VIIRS,n,2.0NRT,289.47,4.25,N
20.96552,85.1827,306.53,0.57,0.52,2026-09-04,2029,N21,VIIRS,n,2.0NRT,289.2,3.3,N
20.96747,85.14973,315.34,0.57,0.52,2026-09-04,2029,N21,VIIRS,n,2.0NRT,289.71,2.82,N
20.96636,85.15505,307.32,0.57,0.52,2026-09-04,2029,N21,VIIRS,n,2.0NRT,289.58,2.82,N
20.96416,85.16563,316.66,0.57,0.52,2026-09-04,2029,N21,VIIRS,n,2.0NRT,290.01,4.38,N
20.96306,85.17092,313.02,0.57,0.52,2026-09-04,2029,N21,VIIRS,n,2.0NRT,289.75,4.84,N
20.96085,85.18159,306.72,0.57,0.52,2026-09-04,2029,N21,VIIRS,n,2.0NRT,289.53,1.64,N
20.95973,85.18695,306.14,0.57,0.52,2026-09-04,2029,N21,VIIRS,n,2.0NRT,289.44,1.64,N
20.97641,85.16805,308.18,0.57,0.52,2026-09-04,2029,N21,VIIRS,n,2.0NRT,289.4,2.12,N
20.97535,85.17338,310.2,0.57,0.52,2026-09-04,2029,N21,VIIRS,n,2.0NRT,289.27,2.12,N
20.97069,85.1722,333.21,0.57,0.52,2026-09-04,2029,N21,VIIRS,n,2.0NRT,289.91,3.09,N
20.97812,85.13499,313.58,0.56,0.52,2026-09-04,2029,N21,VIIRS,n,2.0NRT,290.18,3.61,N
20.96963,85.17749,311.51,0.57,0.52,2026-09-04,2029,N21,VIIRS,n,2.0NRT,289.05,2.58,N
20.96282,85.1871,326.7,0.57,0.52,2026-09-04,2029,N21,VIIRS,n,2.0NRT,289.69,7.21,N
20.97029,85.14977,307.59,0.57,0.52,2026-09-04,2029,N21,VIIRS,n,2.0NRT,289.64,3.65,N
20.96922,85.15513,319.73,0.57,0.52,2026-09-04,2029,N21,VIIRS,n,2.0NRT,289.64,3.89,N
20.96709,85.16577,307.01,0.57,0.52,2026-09-04,2029,N21,VIIRS,n,2.0NRT,289.6,3.09,N
20.96603,85.17105,304.31,0.57,0.52,2026-09-04,2029,N21,VIIRS,n,2.0NRT,289.46,3.09,N
20.96497,85.17637,304.65,0.57,0.52,2026-09-04,2029,N21,VIIRS,n,2.0NRT,289.37,2.58,N
20.9639,85.18172,310.79,0.57,0.52,2026-09-04,2029,N21,VIIRS,n,2.0NRT,289.41,2.58,N
20.96244,85.16457,311.63,0.57,0.52,2026-09-04,2029,N21,VIIRS,n,2.0NRT,289.83,2.34,N
20.96137,85.16988,313.46,0.57,0.52,2026-09-04,2029,N21,VIIRS,n,2.0NRT,289.65,2.34,N
20.95401,85.01299,305.31,0.55,0.51,2026-09-04,2029,N21,VIIRS,n,2.0NRT,289.97,2.11,N
20.88799,84.98059,309.58,0.55,0.51,2026-09-04,2029,N21,VIIRS,n,2.0NRT,289.88,3.23,N
20.89007,84.97992,305.71,0.55,0.51,2026-09-04,2029,N21,VIIRS,n,2.0NRT,289.61,1.65,N
20.88442,84.98401,312.42,0.55,0.51,2026-09-04,2029,N21,VIIRS,n,2.0NRT,290.17,2.55,N
20.86384,84.99004,330.69,0.55,0.51,2026-09-04,2029,N21,VIIRS,n,2.0NRT,290.64,4.5,N
20.86278,84.99536,311.65,0.56,0.51,2026-09-04,2029,N21,VIIRS,n,2.0NRT,289.97,4.5,N
20.80516,85.25643,312.49,0.58,0.52,2026-09-04,2029,N21,VIIRS,n,2.0NRT,289.8,3.49,N
20.79577,85.25407,330.6,0.58,0.52,2026-09-04,2029,N21,VIIRS,n,2.0NRT,289.28,3.93,N
20.79106,85.25298,309.51,0.58,0.52,2026-09-04,2029,N21,VIIRS,n,2.0NRT,289.59,3.93,N
20.78993,85.25848,306.07,0.58,0.52,2026-09-04,2029,N21,VIIRS,n,2.0NRT,289.63,3.93,N
20.7841,85.26288,305.23,0.58,0.52,2026-09-04,2029,N21,VIIRS,n,2.0NRT,289.57,2.22,N
20.75744,85.29634,305.19,0.58,0.52,2026-09-04,2029,N21,VIIRS,n,2.0NRT,289.33,2.46,N
22.93105,69.69788,309.78,0.57,0.52,2026-09-04,2029,N21,VIIRS,n,2.0NRT,292.98,4.33,N
22.26482,75.1333,300.77,0.42,0.38,2026-09-04,2029,N21,VIIRS,n,2.0NRT,281.44,0.87,N
22.93502,69.69705,306.21,0.57,0.52,2026-09-04,2029,N21,VIIRS,n,2.0NRT,292.3,4.7,N
21.18247,81.38527,312.06,0.5,0.41,2026-09-04,2029,N21,VIIRS,n,2.0NRT,283.93,3.59,N
21.33749,78.96925,311,0.4,0.37,2026-09-04,2029,N21,VIIRS,n,2.0NRT,283.93,2.07,N
21.43282,72.97475,306.16,0.52,0.41,2026-09-04,2029,N21,VIIRS,n,2.0NRT,291.24,2.19,N
15.17516,77.10014,308.97,0.4,0.37,2026-09-04,2032,N21,VIIRS,n,2.0NRT,293.79,1.19,N
15.02215,78.01551,316.91,0.42,0.38,2026-09-04,2032,N21,VIIRS,n,2.0NRT,295.53,5.41,N
15.30179,76.22112,304.47,0.39,0.36,2026-09-04,2032,N21,VIIRS,n,2.0NRT,291.62,0.83,N
15.17439,76.78685,306.9,0.39,0.36,2026-09-04,2032,N21,VIIRS,n,2.0NRT,293.39,1.34,N
15.18351,76.66653,341.14,0.39,0.36,2026-09-04,2032,N21,VIIRS,n,2.0NRT,294.26,7.62,N
15.18178,76.67729,306.3,0.39,0.36,2026-09-04,2032,N21,VIIRS,n,2.0NRT,294.38,1.38,N
15.18366,76.64443,305.75,0.39,0.36,2026-09-04,2032,N21,VIIRS,n,2.0NRT,293.98,1.25,N
9.97884,76.37681,302.32,0.41,0.37,2026-09-04,2032,N21,VIIRS,n,2.0NRT,286.96,1.63,N
9.80522,77.56261,315.54,0.45,0.39,2026-09-04,2032,N21,VIIRS,n,2.0NRT,292.58,2.07,N
10.61504,77.50061,309.05,0.44,0.39,2026-09-04,2032,N21,VIIRS,n,2.0NRT,292.05,1.42,N
10.92628,78.4984,314.41,0.49,0.4,2026-09-04,2032,N21,VIIRS,n,2.0NRT,291.57,4.48,N
11.51788,77.70787,308.15,0.44,0.39,2026-09-04,2032,N21,VIIRS,n,2.0NRT,283.35,1.62,N
11.5186,77.70729,303.15,0.44,0.38,2026-09-04,2032,N21,VIIRS,n,2.0NRT,284.04,1.48,N
11.80936,77.92444,308.01,0.45,0.39,2026-09-04,2032,N21,VIIRS,n,2.0NRT,293.29,3.41,N
11.81003,77.92034,318.11,0.45,0.39,2026-09-04,2032,N21,VIIRS,n,2.0NRT,292.86,3.41,N
12.01868,76.65131,303.06,0.4,0.37,2026-09-04,2032,N21,VIIRS,n,2.0NRT,288.79,0.73,N
11.80959,77.92345,311.3,0.45,0.39,2026-09-04,2032,N21,VIIRS,n,2.0NRT,293.37,3.31,N
11.81028,77.91938,314.3,0.45,0.39,2026-09-04,2032,N21,VIIRS,n,2.0NRT,292.58,3.31,N
12.02063,76.65154,304.14,0.4,0.37,2026-09-04,2032,N21,VIIRS,n,2.0NRT,288.89,0.8,N
12.71426,76.89852,307.39,0.4,0.37,2026-09-04,2032,N21,VIIRS,n,2.0NRT,290.9,0.68,N
13.8985,76.56481,311.93,0.39,0.36,2026-09-04,2032,N21,VIIRS,n,2.0NRT,292.49,1.16,N
13.71096,79.62003,306.03,0.52,0.41,2026-09-04,2032,N21,VIIRS,n,2.0NRT,292.14,3.33,N
15.16758,76.38126,311.8,0.39,0.36,2026-09-04,2032,N21,VIIRS,n,2.0NRT,292.91,1.68,N
15.17088,76.38181,306.5,0.39,0.36,2026-09-04,2032,N21,VIIRS,n,2.0NRT,292.88,1.14,N
15.18489,76.31473,308.09,0.39,0.36,2026-09-04,2032,N21,VIIRS,n,2.0NRT,292.65,0.86,N
15.13563,76.71016,307.55,0.39,0.36,2026-09-04,2032,N21,VIIRS,n,2.0NRT,293.71,0.75,N
15.19841,76.37912,301.76,0.39,0.36,2026-09-04,2032,N21,VIIRS,n,2.0NRT,291.46,1.3,N
15.169,76.67155,316.31,0.39,0.36,2026-09-04,2032,N21,VIIRS,n,2.0NRT,294.31,2.09,N
15.17847,76.67673,308.26,0.39,0.36,2026-09-04,2032,N21,VIIRS,n,2.0NRT,294.39,1.38,N
15.17443,76.70186,308.74,0.39,0.36,2026-09-04,2032,N21,VIIRS,n,2.0NRT,293.76,1.07,N
15.17848,76.65473,333.16,0.39,0.36,2026-09-04,2032,N21,VIIRS,n,2.0NRT,295.13,2.87,N
15.17791,77.10437,309.33,0.4,0.37,2026-09-04,2032,N21,VIIRS,n,2.0NRT,293.66,1.18,N
15.17791,76.65833,313.8,0.39,0.36,2026-09-04,2032,N21,VIIRS,n,2.0NRT,294.63,4.05,N
15.17505,76.67628,312.61,0.39,0.36,2026-09-04,2032,N21,VIIRS,n,2.0NRT,294.55,1.42,N
15.17277,76.69064,311.73,0.39,0.36,2026-09-04,2032,N21,VIIRS,n,2.0NRT,293.65,1.65,N
15.16934,76.71221,305.43,0.39,0.36,2026-09-04,2032,N21,VIIRS,n,2.0NRT,293.92,0.72,N
15.17517,76.65417,324.8,0.39,0.36,2026-09-04,2032,N21,VIIRS,n,2.0NRT,295.4,2.87,N
15.1746,76.65777,340.33,0.39,0.36,2026-09-04,2032,N21,VIIRS,n,2.0NRT,295.67,4.05,N
15.1706,76.68289,314.21,0.39,0.36,2026-09-04,2032,N21,VIIRS,n,2.0NRT,293.82,1.6,N
15.16957,76.66797,307.85,0.39,0.36,2026-09-04,2032,N21,VIIRS,n,2.0NRT,294.26,1.3,N
15.65936,73.9884,303.32,0.41,0.37,2026-09-04,2032,N21,VIIRS,n,2.0NRT,287.15,0.83,N
15.33238,76.28462,309.57,0.39,0.36,2026-09-04,2032,N21,VIIRS,n,2.0NRT,291.48,0.7,N
15.55193,79.64904,329.25,0.49,0.4,2026-09-04,2032,N21,VIIRS,n,2.0NRT,293.18,4.3,N
15.3368,76.27806,306,0.39,0.36,2026-09-04,2032,N21,VIIRS,n,2.0NRT,292.57,1.04,N
15.54826,79.64835,317.21,0.49,0.4,2026-09-04,2032,N21,VIIRS,n,2.0NRT,292.93,4.3,N
16.20395,75.20745,303.66,0.39,0.36,2026-09-04,2032,N21,VIIRS,n,2.0NRT,291.49,0.53,N
15.68357,78.45914,308.44,0.43,0.38,2026-09-04,2032,N21,VIIRS,n,2.0NRT,293.71,1.57,N
15.55151,79.64663,330.27,0.49,0.4,2026-09-04,2032,N21,VIIRS,n,2.0NRT,292.94,5.92,N
15.55518,79.64732,324,0.49,0.4,2026-09-04,2032,N21,VIIRS,n,2.0NRT,292.99,5.92,N
15.55637,79.6452,308.28,0.49,0.4,2026-09-04,2032,N21,VIIRS,n,2.0NRT,292.8,4.46,N
8.62455,77.91331,335.09,0.58,0.52,2026-09-05,0737,N21,VIIRS,n,2.0NRT,296.57,6.53,D
8.62842,77.79488,343.54,0.59,0.53,2026-09-05,0737,N21,VIIRS,n,2.0NRT,300.2,9.66,D
8.74992,77.84068,335.67,0.58,0.52,2026-09-05,0737,N21,VIIRS,n,2.0NRT,298.97,15.53,D
8.84348,78.11538,332.2,0.55,0.51,2026-09-05,0737,N21,VIIRS,n,2.0NRT,298.73,3.27,D
8.74177,77.40366,340.22,0.62,0.54,2026-09-05,0737,N21,VIIRS,n,2.0NRT,301.53,10.53,D
8.84688,77.52462,344.05,0.61,0.53,2026-09-05,0737,N21,VIIRS,n,2.0NRT,303.55,11.27,D
8.87289,77.61432,343.61,0.6,0.53,2026-09-05,0737,N21,VIIRS,n,2.0NRT,301.85,7.78,D
9.3084,78.79866,339.66,0.49,0.49,2026-09-05,0737,N21,VIIRS,n,2.0NRT,297.82,3.98,D
9.39154,78.88762,338.73,0.48,0.48,2026-09-05,0737,N21,VIIRS,n,2.0NRT,299.34,4.61,D
9.39592,78.88686,336.72,0.48,0.48,2026-09-05,0737,N21,VIIRS,n,2.0NRT,298.79,4.61,D
9.39205,78.88804,340.54,0.48,0.48,2026-09-05,0737,N21,VIIRS,n,2.0NRT,298.99,4.69,D
9.39643,78.8873,333.15,0.48,0.48,2026-09-05,0737,N21,VIIRS,n,2.0NRT,298.66,4.69,D
9.33327,77.42467,339.48,0.61,0.53,2026-09-05,0737,N21,VIIRS,n,2.0NRT,296.24,4.67,D
10.09586,77.89691,340.86,0.55,0.51,2026-09-05,0737,N21,VIIRS,n,2.0NRT,299.51,9.09,D
10.09445,77.89512,342.08,0.55,0.51,2026-09-05,0737,N21,VIIRS,n,2.0NRT,301.1,13.48,D
10.43229,79.63264,342.49,0.41,0.45,2026-09-05,0737,N21,VIIRS,n,2.0NRT,298.67,4.35,D
10.40149,79.27921,331.57,0.44,0.46,2026-09-05,0737,N21,VIIRS,n,2.0NRT,297.24,7.13,D
10.27044,77.25731,330.63,0.6,0.53,2026-09-05,0737,N21,VIIRS,n,2.0NRT,297.08,7.7,D
10.71123,79.4289,341.69,0.42,0.45,2026-09-05,0737,N21,VIIRS,n,2.0NRT,300.29,6.18,D
10.43859,77.31449,339.76,0.59,0.53,2026-09-05,0737,N21,VIIRS,n,2.0NRT,301.16,12.02,D
10.87756,79.31715,332.91,0.43,0.46,2026-09-05,0737,N21,VIIRS,n,2.0NRT,298.71,4.55,D
10.68266,77.4065,338.57,0.58,0.52,2026-09-05,0737,N21,VIIRS,n,2.0NRT,303.34,11.41,D
10.98393,78.21921,337.97,0.5,0.49,2026-09-05,0737,N21,VIIRS,n,2.0NRT,300.17,7,D
11.00214,77.12466,339.89,0.6,0.53,2026-09-05,0737,N21,VIIRS,n,2.0NRT,303.19,13.48,D
15.05385,77.10737,337.91,0.51,0.49,2026-09-05,0739,N21,VIIRS,n,2.0NRT,301.86,8.26,D
11.48418,77.27011,333.99,0.57,0.52,2026-09-05,0739,N21,VIIRS,n,2.0NRT,300.69,3.57,D
12.15397,78.16905,336.62,0.48,0.48,2026-09-05,0739,N21,VIIRS,n,2.0NRT,302.19,4.39,D
12.8087,79.956,331.25,0.55,0.43,2026-09-05,0739,N21,VIIRS,n,2.0NRT,300.28,3.42,D
13.40306,77.79495,331.54,0.49,0.48,2026-09-05,0739,N21,VIIRS,l,2.0NRT,303.21,4.98,D
12.98483,74.85038,331.47,0.39,0.59,2026-09-05,0739,N21,VIIRS,n,2.0NRT,293.42,3.31,D
13.83938,78.43033,333.73,0.44,0.46,2026-09-05,0739,N21,VIIRS,l,2.0NRT,304.36,6.4,D
13.99219,78.44974,339.86,0.43,0.46,2026-09-05,0739,N21,VIIRS,n,2.0NRT,301.76,5.69,D
13.98039,77.90034,333.52,0.47,0.48,2026-09-05,0739,N21,VIIRS,n,2.0NRT,297.82,4.5,D
14.29248,79.05112,339.86,0.39,0.44,2026-09-05,0739,N21,VIIRS,n,2.0NRT,299.56,5.16,D
14.29697,79.05332,351.13,0.39,0.44,2026-09-05,0739,N21,VIIRS,n,2.0NRT,300.03,10.83,D
14.29637,79.04987,339.91,0.39,0.44,2026-09-05,0739,N21,VIIRS,n,2.0NRT,299.87,5.16,D
14.52478,79.06197,339.03,0.39,0.44,2026-09-05,0739,N21,VIIRS,n,2.0NRT,304.58,3.45,D
14.53701,79.08536,341.22,0.39,0.44,2026-09-05,0739,N21,VIIRS,n,2.0NRT,301.77,7.22,D
14.62758,79.59048,337.53,0.54,0.42,2026-09-05,0739,N21,VIIRS,n,2.0NRT,302.9,3.52,D
14.66505,79.76515,338.05,0.53,0.42,2026-09-05,0739,N21,VIIRS,n,2.0NRT,303.38,8.22,D
14.66492,79.76666,337.9,0.53,0.42,2026-09-05,0739,N21,VIIRS,n,2.0NRT,303.79,5.81,D
14.42101,78.31239,339.84,0.43,0.46,2026-09-05,0739,N21,VIIRS,n,2.0NRT,305.8,7.07,D
14.57085,79.05241,331.71,0.39,0.44,2026-09-05,0739,N21,VIIRS,l,2.0NRT,303.67,2.7,D
14.38531,77.7276,340.52,0.47,0.48,2026-09-05,0739,N21,VIIRS,n,2.0NRT,302.25,6.8,D
14.74564,79.71235,336.25,0.53,0.42,2026-09-05,0739,N21,VIIRS,n,2.0NRT,305.58,10.25,D
14.7626,79.65701,337.34,0.53,0.42,2026-09-05,0739,N21,VIIRS,n,2.0NRT,305.71,8.58,D
14.74425,78.99921,339.52,0.39,0.44,2026-09-05,0739,N21,VIIRS,n,2.0NRT,302.1,6.21,D
14.74364,78.99567,342.35,0.39,0.44,2026-09-05,0739,N21,VIIRS,n,2.0NRT,302.29,5.59,D
14.88983,79.23417,337.37,0.56,0.43,2026-09-05,0739,N21,VIIRS,n,2.0NRT,302.61,5.26,D
14.89373,79.23341,344.92,0.56,0.43,2026-09-05,0739,N21,VIIRS,n,2.0NRT,306.78,11.33,D
14.8944,79.23558,337.63,0.56,0.43,2026-09-05,0739,N21,VIIRS,n,2.0NRT,304.76,13.38,D
15.18071,79.9314,331.23,0.51,0.41,2026-09-05,0739,N21,VIIRS,n,2.0NRT,298.08,8.37,D
15.16326,78.87621,344.53,0.39,0.44,2026-09-05,0739,N21,VIIRS,n,2.0NRT,306.18,8.69,D
15.16157,78.87546,343.2,0.39,0.44,2026-09-05,0739,N21,VIIRS,n,2.0NRT,304.9,6.56,D
15.08391,77.32272,339.45,0.49,0.49,2026-09-05,0739,N21,VIIRS,n,2.0NRT,301.4,11.74,D
15.08309,77.31823,342.25,0.49,0.49,2026-09-05,0739,N21,VIIRS,n,2.0NRT,300.72,6.51,D
15.05152,77.10382,339.01,0.51,0.49,2026-09-05,0739,N21,VIIRS,n,2.0NRT,300.38,6.89,D
15.14559,77.5779,336.17,0.47,0.48,2026-09-05,0739,N21,VIIRS,n,2.0NRT,301.03,5.52,D
15.18146,76.66666,332.37,0.54,0.51,2026-09-05,0739,N21,VIIRS,n,2.0NRT,300.59,8.52,D
15.97591,78.40904,341.13,0.4,0.44,2026-09-05,0739,N21,VIIRS,n,2.0NRT,300.09,2.35,D
16.46725,79.59427,331.45,0.51,0.41,2026-09-05,0739,N21,VIIRS,l,2.0NRT,303.99,4.62,D
17.04735,81.88509,333.51,0.4,0.37,2026-09-05,0739,N21,VIIRS,n,2.0NRT,297.78,3.4,D
16.518,78.36384,339.6,0.4,0.44,2026-09-05,0739,N21,VIIRS,n,2.0NRT,297.35,6.01,D
16.87762,79.99414,331.98,0.48,0.4,2026-09-05,0739,N21,VIIRS,l,2.0NRT,301.59,4.26,D
16.18167,75.15438,346.32,0.33,0.55,2026-09-05,0739,N21,VIIRS,n,2.0NRT,297.58,3.88,D
17.60797,83.20338,331.3,0.38,0.36,2026-09-05,0739,N21,VIIRS,n,2.0NRT,300.58,4.54,D
17.61126,83.20282,330.46,0.38,0.36,2026-09-05,0739,N21,VIIRS,l,2.0NRT,300.55,3.1,D
19.09286,82.17107,333.96,0.39,0.36,2026-09-05,0739,N21,VIIRS,n,2.0NRT,298.66,4.83,D
20.76047,85.29589,334.78,0.43,0.38,2026-09-05,0741,N21,VIIRS,n,2.0NRT,301.5,9.92,D
20.79373,85.25279,337.35,0.43,0.38,2026-09-05,0741,N21,VIIRS,n,2.0NRT,302.21,11.33,D
20.95243,86.05051,337.76,0.47,0.4,2026-09-05,0741,N21,VIIRS,n,2.0NRT,300.36,12.48,D
20.95183,86.04603,337.08,0.47,0.4,2026-09-05,0741,N21,VIIRS,n,2.0NRT,299.89,11.3,D
20.97349,86.00412,330.64,0.47,0.39,2026-09-05,0741,N21,VIIRS,n,2.0NRT,298.91,7.97,D
20.86294,84.99312,332.71,0.42,0.38,2026-09-05,0741,N21,VIIRS,n,2.0NRT,300.19,9.04,D
20.86238,84.98907,332.44,0.42,0.38,2026-09-05,0741,N21,VIIRS,n,2.0NRT,298.19,4.32,D
20.96299,85.19049,336.16,0.43,0.38,2026-09-05,0741,N21,VIIRS,n,2.0NRT,302.37,5.69,D
20.96243,85.18635,344.47,0.43,0.38,2026-09-05,0741,N21,VIIRS,n,2.0NRT,301.74,5.69,D
20.96423,85.17345,331.03,0.43,0.38,2026-09-05,0741,N21,VIIRS,n,2.0NRT,300.29,4.3,D
20.96368,85.16933,337.04,0.43,0.38,2026-09-05,0741,N21,VIIRS,n,2.0NRT,301.56,4.3,D
20.96827,85.17702,336.07,0.43,0.38,2026-09-05,0741,N21,VIIRS,n,2.0NRT,301.48,3.89,D
20.96771,85.17292,340.7,0.43,0.38,2026-09-05,0741,N21,VIIRS,n,2.0NRT,302.02,4.69,D
20.96715,85.16881,330.83,0.43,0.38,2026-09-05,0741,N21,VIIRS,l,2.0NRT,301.6,4.69,D
20.97174,85.17648,330.59,0.43,0.38,2026-09-05,0741,N21,VIIRS,n,2.0NRT,300.16,3.89,D
20.9684,85.15186,338.21,0.43,0.38,2026-09-05,0741,N21,VIIRS,n,2.0NRT,302.5,7.87,D
20.97813,85.17133,330.81,0.43,0.38,2026-09-05,0741,N21,VIIRS,n,2.0NRT,300.09,6.07,D
20.9564,85.01198,331.15,0.43,0.38,2026-09-05,0741,N21,VIIRS,l,2.0NRT,302.24,5.42,D
21.67903,84.03973,334.77,0.4,0.37,2026-09-05,0741,N21,VIIRS,n,2.0NRT,301.91,6.22,D
21.73983,83.84127,330.66,0.4,0.37,2026-09-05,0741,N21,VIIRS,l,2.0NRT,301.02,3.69,D
21.74318,83.84072,338.54,0.4,0.37,2026-09-05,0741,N21,VIIRS,n,2.0NRT,301.18,3.69,D
21.74626,83.84503,332.02,0.4,0.37,2026-09-05,0741,N21,VIIRS,n,2.0NRT,300.45,4.66,D
21.74571,83.8412,337.03,0.4,0.37,2026-09-05,0741,N21,VIIRS,n,2.0NRT,300.69,5.14,D
21.7496,83.84448,332.62,0.4,0.37,2026-09-05,0741,N21,VIIRS,n,2.0NRT,299.58,4.66,D
21.74906,83.84065,334.1,0.4,0.37,2026-09-05,0741,N21,VIIRS,n,2.0NRT,298.25,5.14,D
21.75295,83.84393,332.49,0.4,0.37,2026-09-05,0741,N21,VIIRS,n,2.0NRT,299.16,4.44,D
21.80075,83.89083,331.1,0.4,0.37,2026-09-05,0741,N21,VIIRS,n,2.0NRT,299.07,4.61,D
22.37712,87.28085,344.15,0.56,0.43,2026-09-05,0741,N21,VIIRS,n,2.0NRT,301.14,10.49,D
21.91979,83.35107,333.15,0.39,0.36,2026-09-05,0741,N21,VIIRS,n,2.0NRT,295.87,4.81,D
22.01548,83.75323,332.23,0.4,0.37,2026-09-05,0741,N21,VIIRS,n,2.0NRT,298.5,4,D
22.20641,84.86032,333.67,0.43,0.38,2026-09-05,0741,N21,VIIRS,n,2.0NRT,293.64,2.9,D
21.98429,83.2333,330.89,0.39,0.36,2026-09-05,0741,N21,VIIRS,n,2.0NRT,297.5,5.54,D
23.55816,87.24094,340.7,0.39,0.44,2026-09-05,0741,N21,VIIRS,n,2.0NRT,288.98,9.32,D
23.66361,87.15351,332.47,0.38,0.43,2026-09-05,0741,N21,VIIRS,n,2.0NRT,294.03,6.54,D
23.67541,86.40211,331.36,0.52,0.42,2026-09-05,0741,N21,VIIRS,n,2.0NRT,299.31,7.66,D
23.67857,86.39642,332.5,0.52,0.42,2026-09-05,0741,N21,VIIRS,n,2.0NRT,298.92,7.66,D
23.68237,86.39584,333.83,0.52,0.42,2026-09-05,0741,N21,VIIRS,n,2.0NRT,298.26,8.94,D
23.68554,86.39025,330.44,0.52,0.42,2026-09-05,0741,N21,VIIRS,n,2.0NRT,297.05,5.08,D
23.67755,86.08622,331.24,0.5,0.41,2026-09-05,0741,N21,VIIRS,n,2.0NRT,298.56,6.59,D
23.73679,86.4326,340.33,0.53,0.42,2026-09-05,0741,N21,VIIRS,n,2.0NRT,296.6,9.67,D
23.75651,86.40362,330.47,0.52,0.42,2026-09-05,0741,N21,VIIRS,n,2.0NRT,296.28,6.33,D
23.76031,86.40304,334.22,0.52,0.42,2026-09-05,0741,N21,VIIRS,n,2.0NRT,296.61,6.5,D
23.76412,86.40247,339.26,0.52,0.42,2026-09-05,0741,N21,VIIRS,n,2.0NRT,296.81,6.5,D
23.77806,86.38996,330.56,0.52,0.42,2026-09-05,0741,N21,VIIRS,n,2.0NRT,296.61,7.18,D
23.77862,86.21019,337.05,0.51,0.41,2026-09-05,0741,N21,VIIRS,n,2.0NRT,296.7,8.62,D
23.78238,86.20961,331.12,0.51,0.41,2026-09-05,0741,N21,VIIRS,n,2.0NRT,295.78,4.32,D
24.16025,82.56627,335.71,0.39,0.36,2026-09-05,0741,N21,VIIRS,n,2.0NRT,297.05,3.52,D
31.37815,74.56349,332.02,0.55,0.43,2026-09-05,0744,N21,VIIRS,n,2.0NRT,296.82,3.97,D
27.38026,95.33467,301.69,0.61,0.71,2026-09-05,1828,N21,VIIRS,n,2.0NRT,275.98,4.51,N
27.45998,95.47742,302.81,0.46,0.63,2026-09-05,2008,N21,VIIRS,n,2.0NRT,285.46,0.34,N
29.47612,76.85525,303.57,0.48,0.48,2026-09-05,2008,N21,VIIRS,n,2.0NRT,287.24,0.57,N
20.78809,85.25961,304.18,0.46,0.39,2026-09-05,2010,N21,VIIRS,n,2.0NRT,285.85,1.75,N
22.35643,87.29174,309.11,0.56,0.43,2026-09-05,2010,N21,VIIRS,n,2.0NRT,292.3,1.61,N
22.59097,85.90384,307.25,0.47,0.4,2026-09-05,2010,N21,VIIRS,n,2.0NRT,292.47,1.84,N
22.57382,85.89554,342.22,0.47,0.4,2026-09-05,2010,N21,VIIRS,n,2.0NRT,294.39,7.45,N
22.57463,85.89106,309.35,0.47,0.4,2026-09-05,2010,N21,VIIRS,n,2.0NRT,292.93,2.21,N
22.36787,87.01679,307.73,0.54,0.42,2026-09-05,2010,N21,VIIRS,n,2.0NRT,292.8,1.5,N
22.36405,87.01598,307.67,0.54,0.42,2026-09-05,2010,N21,VIIRS,n,2.0NRT,293.27,1.64,N
22.36023,87.01515,306.85,0.54,0.42,2026-09-05,2010,N21,VIIRS,n,2.0NRT,293.05,1.64,N
22.24511,87.3878,316.97,0.57,0.43,2026-09-05,2010,N21,VIIRS,n,2.0NRT,292.8,5.6,N
22.0547,88.12509,313.7,0.42,0.45,2026-09-05,2010,N21,VIIRS,n,2.0NRT,292.83,3.41,N
22.05061,88.12418,308.05,0.42,0.45,2026-09-05,2010,N21,VIIRS,n,2.0NRT,292.31,2.71,N
22.21017,84.8771,305.71,0.43,0.38,2026-09-05,2010,N21,VIIRS,n,2.0NRT,291.75,1.91,N
22.20956,84.85995,329.75,0.43,0.38,2026-09-05,2010,N21,VIIRS,n,2.0NRT,291.42,5.04,N
22.20885,84.86406,322.75,0.43,0.38,2026-09-05,2010,N21,VIIRS,n,2.0NRT,291.11,5.04,N
22.21312,84.83941,306.67,0.43,0.38,2026-09-05,2010,N21,VIIRS,n,2.0NRT,291.11,1.68,N
22.20814,84.86816,305.04,0.43,0.38,2026-09-05,2010,N21,VIIRS,n,2.0NRT,290.68,2.03,N
22.20611,84.85925,317.65,0.43,0.38,2026-09-05,2010,N21,VIIRS,n,2.0NRT,289.35,2.82,N
22.05307,85.4641,309.95,0.46,0.39,2026-09-05,2010,N21,VIIRS,n,2.0NRT,291.15,1.36,N
21.98956,85.32646,305.55,0.45,0.39,2026-09-05,2010,N21,VIIRS,n,2.0NRT,290.81,1.09,N
21.93132,85.22147,310.59,0.45,0.39,2026-09-05,2010,N21,VIIRS,n,2.0NRT,291.02,1.77,N
21.92353,85.22436,317.76,0.45,0.39,2026-09-05,2010,N21,VIIRS,n,2.0NRT,290.94,2.65,N
21.85717,83.96687,309.54,0.41,0.37,2026-09-05,2010,N21,VIIRS,n,2.0NRT,291.72,3.14,N
21.92794,83.34996,295.74,0.39,0.36,2026-09-05,2010,N21,VIIRS,n,2.0NRT,283.72,0.86,N
21.81763,83.99536,305.71,0.41,0.37,2026-09-05,2010,N21,VIIRS,n,2.0NRT,291.41,3.04,N
21.9213,83.34872,300.73,0.39,0.36,2026-09-05,2010,N21,VIIRS,n,2.0NRT,285.13,0.91,N
21.80179,83.8933,302.5,0.4,0.37,2026-09-05,2010,N21,VIIRS,n,2.0NRT,289.19,1.38,N
21.77047,84.01955,310.59,0.41,0.37,2026-09-05,2010,N21,VIIRS,n,2.0NRT,292.24,2.59,N
21.09986,72.63612,301.42,0.35,0.57,2026-09-05,2010,N21,VIIRS,n,2.0NRT,286.78,0.87,N
21.76709,84.0189,322.11,0.41,0.37,2026-09-05,2010,N21,VIIRS,n,2.0NRT,293.11,2.59,N
21.76371,84.01826,312.38,0.41,0.37,2026-09-05,2010,N21,VIIRS,n,2.0NRT,292.64,4.55,N
21.75567,84.02476,307.75,0.41,0.37,2026-09-05,2010,N21,VIIRS,n,2.0NRT,292.57,2.65,N
21.07742,85.0393,310.86,0.45,0.39,2026-09-05,2010,N21,VIIRS,n,2.0NRT,291.45,3.03,N
20.95448,85.01337,301.26,0.45,0.39,2026-09-05,2010,N21,VIIRS,n,2.0NRT,279.03,1.77,N
20.88697,84.98214,310.44,0.45,0.39,2026-09-05,2010,N21,VIIRS,n,2.0NRT,282.62,2.3,N
20.80549,85.25647,303.08,0.46,0.39,2026-09-05,2010,N21,VIIRS,n,2.0NRT,286.5,1.68,N
20.79319,85.25151,303.43,0.46,0.39,2026-09-05,2010,N21,VIIRS,n,2.0NRT,284.29,1.11,N
22.3632,87.29877,315.58,0.56,0.43,2026-09-05,2010,N21,VIIRS,n,2.0NRT,293.03,2.93,N
20.78375,85.26329,308.54,0.46,0.39,2026-09-05,2010,N21,VIIRS,n,2.0NRT,288.87,3.11,N
21.33678,78.96844,304.58,0.45,0.39,2026-09-05,2010,N21,VIIRS,n,2.0NRT,286.98,1,N
20.69557,78.63858,312.01,0.46,0.39,2026-09-05,2010,N21,VIIRS,n,2.0NRT,289.79,1.69,N
21.1044,72.64349,308.08,0.35,0.57,2026-09-05,2010,N21,VIIRS,n,2.0NRT,287.78,2.29,N
21.10406,72.64688,311.77,0.35,0.57,2026-09-05,2010,N21,VIIRS,n,2.0NRT,290.06,3.22,N
23.78103,86.2099,326.33,0.47,0.4,2026-09-05,2010,N21,VIIRS,n,2.0NRT,284.23,4.33,N
23.73728,86.43386,331.03,0.48,0.4,2026-09-05,2010,N21,VIIRS,n,2.0NRT,286.7,6.3,N
23.77744,86.20918,311.4,0.47,0.4,2026-09-05,2010,N21,VIIRS,n,2.0NRT,284.65,3.25,N
23.77267,86.19411,301.46,0.47,0.4,2026-09-05,2010,N21,VIIRS,n,2.0NRT,277.59,1.01,N
23.77187,86.19864,303.1,0.47,0.4,2026-09-05,2010,N21,VIIRS,n,2.0NRT,277.17,0.92,N
23.71215,86.44777,312.63,0.48,0.4,2026-09-05,2010,N21,VIIRS,n,2.0NRT,289.7,2.39,N
23.71131,86.4524,319.92,0.48,0.4,2026-09-05,2010,N21,VIIRS,n,2.0NRT,290.31,3.36,N
23.71271,86.42383,309.43,0.48,0.4,2026-09-05,2010,N21,VIIRS,n,2.0NRT,291.78,3.71,N
23.70852,86.447,315.9,0.48,0.4,2026-09-05,2010,N21,VIIRS,n,2.0NRT,289.96,2.39,N
23.561,87.22893,310.94,0.53,0.42,2026-09-05,2010,N21,VIIRS,n,2.0NRT,291.43,2.63,N
23.56006,87.23399,310.14,0.53,0.42,2026-09-05,2010,N21,VIIRS,n,2.0NRT,291.54,2.63,N
23.55911,87.23907,315.09,0.53,0.42,2026-09-05,2010,N21,VIIRS,n,2.0NRT,291.65,5.76,N
23.56101,87.08167,312.78,0.52,0.41,2026-09-05,2010,N21,VIIRS,n,2.0NRT,292.49,4.73,N
23.68428,86.39372,330.86,0.48,0.4,2026-09-05,2010,N21,VIIRS,n,2.0NRT,294.16,3.98,N
23.68512,86.38915,307.59,0.48,0.4,2026-09-05,2010,N21,VIIRS,n,2.0NRT,291.83,3.98,N
23.67981,86.39758,312.26,0.48,0.4,2026-09-05,2010,N21,VIIRS,n,2.0NRT,293.12,4.02,N
23.67533,86.40147,321.76,0.48,0.4,2026-09-05,2010,N21,VIIRS,n,2.0NRT,294.59,3.81,N
23.67702,86.39223,309.54,0.48,0.4,2026-09-05,2010,N21,VIIRS,n,2.0NRT,291.7,2.6,N
23.67618,86.39684,314.98,0.48,0.4,2026-09-05,2010,N21,VIIRS,n,2.0NRT,293.67,3.81,N
23.75704,85.85133,309.4,0.45,0.39,2026-09-05,2010,N21,VIIRS,n,2.0NRT,289.26,1.52,N
23.75628,85.85568,308.78,0.45,0.39,2026-09-05,2010,N21,VIIRS,n,2.0NRT,290.23,2.67,N
23.75274,85.85497,307.17,0.45,0.39,2026-09-05,2010,N21,VIIRS,n,2.0NRT,289.72,1.31,N
23.69961,86.07338,323.47,0.46,0.39,2026-09-05,2010,N21,VIIRS,n,2.0NRT,285.72,4.46,N
23.78718,85.55292,309.71,0.44,0.38,2026-09-05,2010,N21,VIIRS,n,2.0NRT,276.13,1.22,N
23.77997,85.57357,300.83,0.44,0.38,2026-09-05,2010,N21,VIIRS,n,2.0NRT,280.76,1.04,N
23.68136,86.0927,329.91,0.46,0.39,2026-09-05,2010,N21,VIIRS,n,2.0NRT,291.39,8.96,N
23.68057,86.09719,326.49,0.46,0.39,2026-09-05,2010,N21,VIIRS,n,2.0NRT,291.32,6.99,N
23.67502,86.08669,313.97,0.46,0.39,2026-09-05,2010,N21,VIIRS,n,2.0NRT,291.53,2.56,N
23.74508,85.50452,300.71,0.44,0.38,2026-09-05,2010,N21,VIIRS,n,2.0NRT,282.52,0.54,N
24.20427,82.71069,306.37,0.38,0.36,2026-09-05,2010,N21,VIIRS,n,2.0NRT,283.66,2.18,N
23.55145,86.54217,304.01,0.49,0.4,2026-09-05,2010,N21,VIIRS,n,2.0NRT,285.36,1.05,N
24.14729,82.65858,302.08,0.38,0.36,2026-09-05,2010,N21,VIIRS,n,2.0NRT,287.02,0.78,N
24.13681,82.726,310.82,0.38,0.36,2026-09-05,2010,N21,VIIRS,n,2.0NRT,289.68,1.21,N
23.69731,85.35693,301.44,0.43,0.38,2026-09-05,2010,N21,VIIRS,n,2.0NRT,284.32,0.98,N
23.69513,85.36953,317.14,0.43,0.38,2026-09-05,2010,N21,VIIRS,n,2.0NRT,288.69,2.54,N
23.82782,84.57143,309.52,0.41,0.37,2026-09-05,2010,N21,VIIRS,n,2.0NRT,289.38,2.2,N
23.69505,85.28721,305.53,0.43,0.38,2026-09-05,2010,N21,VIIRS,n,2.0NRT,289.69,1.94,N
23.73929,85.01005,312.86,0.42,0.38,2026-09-05,2010,N21,VIIRS,n,2.0NRT,289.07,2.29,N
23.73718,85.02235,302.78,0.42,0.38,2026-09-05,2010,N21,VIIRS,n,2.0NRT,286.36,0.7,N
23.71806,85.00999,307.03,0.42,0.38,2026-09-05,2010,N21,VIIRS,n,2.0NRT,287.2,0.49,N
23.6678,84.99622,304.81,0.42,0.38,2026-09-05,2010,N21,VIIRS,n,2.0NRT,290.35,0.75,N
23.66368,84.99961,304.65,0.42,0.38,2026-09-05,2010,N21,VIIRS,n,2.0NRT,290.89,0.9,N
22.87283,88.21246,305.18,0.41,0.45,2026-09-05,2010,N21,VIIRS,n,2.0NRT,289.89,2.67,N
22.87173,86.06425,309.81,0.47,0.4,2026-09-05,2010,N21,VIIRS,n,2.0NRT,292.42,1.5,N
22.79769,86.20249,307.99,0.48,0.4,2026-09-05,2010,N21,VIIRS,n,2.0NRT,293.22,2.29,N
22.81455,86.08678,319.93,0.48,0.4,2026-09-05,2010,N21,VIIRS,n,2.0NRT,292.35,3.02,N
22.79125,86.19631,308.75,0.48,0.4,2026-09-05,2010,N21,VIIRS,n,2.0NRT,293.4,2.41,N
22.7896,86.20553,310.74,0.48,0.4,2026-09-05,2010,N21,VIIRS,n,2.0NRT,293.44,3.02,N
22.78679,86.20014,308.97,0.48,0.4,2026-09-05,2010,N21,VIIRS,n,2.0NRT,293.68,1.65,N
22.78233,86.20396,306.54,0.48,0.4,2026-09-05,2010,N21,VIIRS,n,2.0NRT,293.29,1.65,N
22.37877,87.28007,327.63,0.56,0.43,2026-09-05,2010,N21,VIIRS,n,2.0NRT,293.8,3.77,N
22.3749,87.27922,314.23,0.56,0.43,2026-09-05,2010,N21,VIIRS,n,2.0NRT,293.32,3.77,N
22.36707,87.29963,314.18,0.56,0.43,2026-09-05,2010,N21,VIIRS,n,2.0NRT,293.19,2.93,N
23.69411,87.12382,314.47,0.52,0.41,2026-09-05,2010,N21,VIIRS,n,2.0NRT,289.23,4.7,N
23.69594,87.0929,308.84,0.52,0.41,2026-09-05,2010,N21,VIIRS,n,2.0NRT,287.72,2.14,N
23.68659,87.12218,311.02,0.52,0.41,2026-09-05,2010,N21,VIIRS,n,2.0NRT,288.57,5.3,N
23.66499,87.15402,303.51,0.52,0.42,2026-09-05,2010,N21,VIIRS,n,2.0NRT,274.19,1.2,N
23.66405,87.15904,305.22,0.52,0.42,2026-09-05,2010,N21,VIIRS,n,2.0NRT,271.82,1.2,N
23.80522,86.3315,305.43,0.47,0.4,2026-09-05,2010,N21,VIIRS,n,2.0NRT,269.68,2.3,N
23.80162,86.33073,312.04,0.47,0.4,2026-09-05,2010,N21,VIIRS,n,2.0NRT,270.26,2.3,N
23.77989,86.38808,304.38,0.48,0.4,2026-09-05,2010,N21,VIIRS,n,2.0NRT,273.5,1.46,N
23.77627,86.38731,300.34,0.48,0.4,2026-09-05,2010,N21,VIIRS,n,2.0NRT,272.44,1.46,N
23.77898,86.38986,309.4,0.48,0.4,2026-09-05,2010,N21,VIIRS,n,2.0NRT,274.82,2.73,N
23.77909,86.34697,302.54,0.48,0.4,2026-09-05,2010,N21,VIIRS,n,2.0NRT,271.37,1.53,N
23.77583,86.36533,301.3,0.48,0.4,2026-09-05,2010,N21,VIIRS,n,2.0NRT,274.57,1.55,N
23.76927,86.40222,300.53,0.48,0.4,2026-09-05,2010,N21,VIIRS,n,2.0NRT,273.14,1.09,N
23.77222,86.36455,308.15,0.48,0.4,2026-09-05,2010,N21,VIIRS,n,2.0NRT,274.3,2.31,N
23.76565,86.40144,301.05,0.48,0.4,2026-09-05,2010,N21,VIIRS,n,2.0NRT,273.73,2.1,N
23.76483,86.40603,309.74,0.48,0.4,2026-09-05,2010,N21,VIIRS,n,2.0NRT,276,1.75,N
23.76203,86.40067,313.64,0.48,0.4,2026-09-05,2010,N21,VIIRS,n,2.0NRT,275.82,2.1,N
23.76121,86.40527,312.45,0.48,0.4,2026-09-05,2010,N21,VIIRS,n,2.0NRT,277.56,1.75,N
23.75841,86.3999,304.9,0.48,0.4,2026-09-05,2010,N21,VIIRS,n,2.0NRT,277.02,2.01,N
23.75759,86.4045,310.67,0.48,0.4,2026-09-05,2010,N21,VIIRS,n,2.0NRT,279.56,2.42,N
17.60359,83.20309,311.08,0.41,0.37,2026-09-05,2012,N21,VIIRS,n,2.0NRT,294.39,1.1,N
17.14211,77.18413,309.55,0.49,0.41,2026-09-05,2012,N21,VIIRS,n,2.0NRT,292.69,3.88,N
17.08061,79.32659,310.3,0.41,0.37,2026-09-05,2012,N21,VIIRS,n,2.0NRT,275.83,1.28,N
17.08116,79.32281,308.76,0.41,0.37,2026-09-05,2012,N21,VIIRS,n,2.0NRT,276.7,1.28,N
18.72084,79.53776,312.1,0.41,0.37,2026-09-05,2012,N21,VIIRS,n,2.0NRT,292.04,2.03,N
17.69201,83.24284,315.25,0.42,0.37,2026-09-05,2012,N21,VIIRS,n,2.0NRT,293.91,2.79,N
17.62253,83.19462,310.5,0.41,0.37,2026-09-05,2012,N21,VIIRS,n,2.0NRT,294.19,1.23,N
17.6104,83.20434,330.16,0.41,0.37,2026-09-05,2012,N21,VIIRS,n,2.0NRT,295.47,3.91,N
17.60699,83.20371,310.74,0.41,0.37,2026-09-05,2012,N21,VIIRS,n,2.0NRT,294.66,1.1,N
17.4632,80.65212,310.59,0.39,0.36,2026-09-05,2012,N21,VIIRS,n,2.0NRT,289.62,1.14,N
13.37448,78.87302,304.49,0.4,0.37,2026-09-05,2012,N21,VIIRS,n,2.0NRT,292.03,0.63,N
13.70996,79.61896,311.56,0.39,0.36,2026-09-05,2012,N21,VIIRS,n,2.0NRT,295.77,1.22,N
14.14932,77.59215,330.34,0.44,0.38,2026-09-05,2012,N21,VIIRS,n,2.0NRT,294.88,4.01,N
14.60506,78.52165,312.98,0.41,0.37,2026-09-05,2012,N21,VIIRS,n,2.0NRT,296.64,1.12,N
15.16609,76.37775,303.82,0.52,0.41,2026-09-05,2012,N21,VIIRS,n,2.0NRT,290.84,1.2,N
15.16922,76.38309,304.51,0.52,0.41,2026-09-05,2012,N21,VIIRS,n,2.0NRT,291.05,1.93,N
15.16989,76.37828,304.37,0.52,0.41,2026-09-05,2012,N21,VIIRS,n,2.0NRT,290.96,1.64,N
15.17192,76.66631,305.74,0.5,0.41,2026-09-05,2012,N21,VIIRS,n,2.0NRT,292.11,1.81,N
15.17387,76.65245,314.05,0.5,0.41,2026-09-05,2012,N21,VIIRS,n,2.0NRT,291.55,2.61,N
15.17172,76.69458,305.11,0.5,0.41,2026-09-05,2012,N21,VIIRS,n,2.0NRT,291.7,1.26,N
15.17237,76.68996,308.78,0.5,0.41,2026-09-05,2012,N21,VIIRS,n,2.0NRT,291.93,1.26,N
15.17434,76.67606,305.63,0.5,0.41,2026-09-05,2012,N21,VIIRS,n,2.0NRT,291.88,1.45,N
15.17696,76.65759,313.08,0.5,0.41,2026-09-05,2012,N21,VIIRS,n,2.0NRT,293.37,2.12,N
15.17761,76.65297,309.37,0.5,0.41,2026-09-05,2012,N21,VIIRS,n,2.0NRT,292.93,2.12,N
15.17808,76.67657,316.25,0.5,0.41,2026-09-05,2012,N21,VIIRS,n,2.0NRT,293.07,1.45,N
15.17873,76.67195,308.45,0.5,0.41,2026-09-05,2012,N21,VIIRS,n,2.0NRT,292.18,1.45,N
15.17502,76.65514,324.56,0.5,0.41,2026-09-05,2012,N21,VIIRS,n,2.0NRT,293.97,4.05,N
15.17375,76.6927,315.48,0.5,0.41,2026-09-05,2012,N21,VIIRS,n,2.0NRT,292.3,2.55,N
15.17563,76.67879,309.68,0.5,0.41,2026-09-05,2012,N21,VIIRS,n,2.0NRT,292.9,2.87,N
15.17626,76.67416,313.32,0.5,0.41,2026-09-05,2012,N21,VIIRS,n,2.0NRT,292.76,2.82,N
15.17876,76.65566,309.99,0.5,0.41,2026-09-05,2012,N21,VIIRS,n,2.0NRT,292.85,1.62,N
15.17999,76.67468,310.65,0.5,0.41,2026-09-05,2012,N21,VIIRS,n,2.0NRT,292.94,2.82,N
15.18312,76.65155,307.36,0.5,0.41,2026-09-05,2012,N21,VIIRS,n,2.0NRT,292.72,1.62,N
15.18124,76.66544,330.93,0.5,0.41,2026-09-05,2012,N21,VIIRS,n,2.0NRT,293.11,5.22,N
15.18623,76.65672,307.98,0.5,0.41,2026-09-05,2012,N21,VIIRS,n,2.0NRT,293.31,2.33,N
15.02176,78.01606,318.16,0.43,0.38,2026-09-05,2012,N21,VIIRS,n,2.0NRT,296.52,1.73,N
15.02234,78.01205,308.61,0.43,0.38,2026-09-05,2012,N21,VIIRS,n,2.0NRT,294.74,1.24,N
15.17379,77.10085,306.8,0.48,0.4,2026-09-05,2012,N21,VIIRS,n,2.0NRT,292.81,1.56,N
15.22446,76.76551,307.97,0.49,0.41,2026-09-05,2012,N21,VIIRS,n,2.0NRT,292.36,1.37,N
15.2251,76.76094,308.24,0.49,0.41,2026-09-05,2012,N21,VIIRS,n,2.0NRT,292.19,1.37,N
15.33358,76.28581,307.91,0.53,0.42,2026-09-05,2012,N21,VIIRS,n,2.0NRT,291.42,1.29,N
15.33241,76.28778,304.18,0.53,0.42,2026-09-05,2012,N21,VIIRS,n,2.0NRT,291.44,1.25,N
15.65958,73.99016,306.89,0.49,0.49,2026-09-05,2012,N21,VIIRS,n,2.0NRT,291.5,1.05,N
17.06219,76.97944,307.89,0.51,0.41,2026-09-05,2012,N21,VIIRS,n,2.0NRT,292.18,1.92,N
17.13967,77.17435,310.04,0.49,0.41,2026-09-05,2012,N21,VIIRS,n,2.0NRT,293.07,4.25,N
8.67761,77.63989,315.85,0.4,0.37,2026-09-05,2014,N21,VIIRS,n,2.0NRT,287.39,2.61,N
11.94986,76.94534,307.4,0.45,0.39,2026-09-05,2014,N21,VIIRS,n,2.0NRT,289.7,1.03,N
12.80543,77.43291,306.42,0.44,0.38,2026-09-05,2014,N21,VIIRS,n,2.0NRT,290.17,0.66,N
8.70224,78.05685,307.38,0.39,0.36,2026-09-05,2014,N21,VIIRS,n,2.0NRT,285.29,1.29,N
12.62565,79.78779,314.52,0.38,0.36,2026-09-05,2014,N21,VIIRS,n,2.0NRT,290.27,2,N
13.01668,77.74179,303.01,0.43,0.38,2026-09-05,2014,N21,VIIRS,n,2.0NRT,290.02,0.5,N
13.4158,75.98129,309.57,0.52,0.41,2026-09-05,2014,N21,VIIRS,n,2.0NRT,291.52,1.67,N
12.95159,79.9017,308.28,0.38,0.36,2026-09-05,2014,N21,VIIRS,n,2.0NRT,292.92,0.77,N
