latitude,longitude,brightness,scan,track,acq_date,acq_time,satellite,instrument,confidence,version,bright_t31,frp,daynight
12.16273,79.51328,335.62,0.4,0.6,2026-08-01,0729,SNPP,SNPP,n,2.0NRT,290.2,2.43,D
9.25059,78.28757,331.5,0.54,0.68,2026-08-01,0729,SNPP,SNPP,n,2.0NRT,286.25,3.55,D
11.29512,79.7821,337.98,0.4,0.6,2026-08-01,0729,SNPP,SNPP,n,2.0NRT,289.25,4.08,D
10.53246,79.23427,335.62,0.45,0.63,2026-08-01,0729,SNPP,SNPP,n,2.0NRT,287.48,3.88,D
11.05063,79.35343,339.95,0.43,0.62,2026-08-01,0729,SNPP,SNPP,n,2.0NRT,289.63,6.21,D
11.05169,79.3529,342.3,0.43,0.62,2026-08-01,0729,SNPP,SNPP,n,2.0NRT,289.33,7.35,D
11.30795,78.57752,333.94,0.48,0.65,2026-08-01,0729,SNPP,SNPP,n,2.0NRT,286.09,2.75,D
12.16129,79.51262,332.86,0.4,0.6,2026-08-01,0731,SNPP,SNPP,n,2.0NRT,289.72,4.49,D
12.28848,79.43398,336.2,0.4,0.6,2026-08-01,0731,SNPP,SNPP,n,2.0NRT,289.96,2.66,D
24.11647,86.8599,332.08,0.38,0.36,2026-08-01,0733,SNPP,SNPP,n,2.0NRT,292,2.89,D
21.74885,83.84124,337.51,0.46,0.39,2026-08-01,0733,SNPP,SNPP,n,2.0NRT,294.57,6.71,D
22.37792,87.2805,333.8,0.38,0.36,2026-08-01,0733,SNPP,SNPP,n,2.0NRT,280.48,5.85,D
22.7971,86.2003,331.13,0.39,0.36,2026-08-01,0733,SNPP,SNPP,l,2.0NRT,298.24,8.03,D
23.64927,85.44041,340,0.39,0.36,2026-08-01,0733,SNPP,SNPP,n,2.0NRT,293.36,5.48,D
25.982,93.68969,342.01,0.52,0.5,2026-08-01,0733,SNPP,SNPP,n,2.0NRT,284.01,7.61,D
23.75833,85.85569,332.89,0.39,0.36,2026-08-01,0733,SNPP,SNPP,l,2.0NRT,292.82,7.5,D
23.78781,85.55238,330.66,0.39,0.36,2026-08-01,0733,SNPP,SNPP,l,2.0NRT,297.5,5.5,D
21.67993,84.03944,333.65,0.45,0.39,2026-08-01,0733,SNPP,SNPP,l,2.0NRT,296.73,7.89,D
21.7496,83.8456,335.9,0.46,0.39,2026-08-01,0733,SNPP,SNPP,n,2.0NRT,294.92,6.71,D
21.74527,83.84196,341.54,0.46,0.39,2026-08-01,0733,SNPP,SNPP,l,2.0NRT,295.68,10.63,D
31.01247,76.57536,295.38,0.5,0.66,2026-08-01,2000,SNPP,SNPP,n,2.0NRT,285.26,4.85,N
22.32667,82.54604,296.31,0.53,0.42,2026-08-01,2002,SNPP,SNPP,n,2.0NRT,263.55,0.4,N
24.11583,86.86163,314.57,0.39,0.36,2026-08-01,2002,SNPP,SNPP,n,2.0NRT,287.23,2.01,N
23.80345,86.33042,297.73,0.39,0.36,2026-08-01,2002,SNPP,SNPP,n,2.0NRT,262.63,0.94,N
23.79724,86.34898,299.93,0.39,0.36,2026-08-01,2002,SNPP,SNPP,n,2.0NRT,264.29,1.62,N
23.79666,86.35281,297.36,0.39,0.36,2026-08-01,2002,SNPP,SNPP,n,2.0NRT,263.42,1.24,N
23.75601,86.40481,297.49,0.39,0.36,2026-08-01,2002,SNPP,SNPP,n,2.0NRT,260.35,1.9,N
23.78228,86.20873,301.5,0.39,0.36,2026-08-01,2002,SNPP,SNPP,n,2.0NRT,268.7,0.81,N
23.77894,86.20814,299.39,0.39,0.36,2026-08-01,2002,SNPP,SNPP,n,2.0NRT,270.04,0.81,N
23.77836,86.21198,301.64,0.39,0.36,2026-08-01,2002,SNPP,SNPP,n,2.0NRT,269.66,0.81,N
23.66364,86.91719,306.08,0.39,0.36,2026-08-01,2002,SNPP,SNPP,n,2.0NRT,288.27,2.27,N
23.83612,85.4694,308.06,0.41,0.37,2026-08-01,2002,SNPP,SNPP,n,2.0NRT,290,1.46,N
23.63226,86.83409,302.57,0.39,0.36,2026-08-01,2002,SNPP,SNPP,n,2.0NRT,281.84,0.92,N
21.18629,81.39201,303.54,0.39,0.44,2026-08-01,2002,SNPP,SNPP,n,2.0NRT,285.07,0.74,N
21.18271,81.38761,302.58,0.39,0.44,2026-08-01,2002,SNPP,SNPP,n,2.0NRT,283.82,0.74,N
21.33393,78.9678,307.82,0.56,0.51,2026-08-01,2002,SNPP,SNPP,n,2.0NRT,286.07,2.03,N
20.70397,78.62037,303.12,0.58,0.52,2026-08-01,2002,SNPP,SNPP,n,2.0NRT,285.44,0.76,N
20.69733,78.63657,303.71,0.58,0.52,2026-08-01,2002,SNPP,SNPP,n,2.0NRT,285.81,0.78,N
23.82184,85.4957,311.16,0.41,0.37,2026-08-01,2002,SNPP,SNPP,n,2.0NRT,290.24,2.48,N
23.68604,86.39225,309.34,0.39,0.36,2026-08-01,2002,SNPP,SNPP,n,2.0NRT,267.75,1.49,N
23.68213,86.39546,303.37,0.39,0.36,2026-08-01,2002,SNPP,SNPP,n,2.0NRT,263.74,0.63,N
23.75925,85.8541,298.83,0.4,0.37,2026-08-01,2002,SNPP,SNPP,n,2.0NRT,275.34,0.94,N
23.6788,86.39487,297.19,0.39,0.36,2026-08-01,2002,SNPP,SNPP,n,2.0NRT,263.86,0.7,N
23.67822,86.39868,298.17,0.39,0.36,2026-08-01,2002,SNPP,SNPP,n,2.0NRT,260.19,0.7,N
23.75588,85.85352,306.39,0.4,0.37,2026-08-01,2002,SNPP,SNPP,n,2.0NRT,276.94,0.94,N
23.5629,87.08395,309.67,0.38,0.36,2026-08-01,2002,SNPP,SNPP,n,2.0NRT,284.8,1.36,N
23.68041,86.09647,306.91,0.4,0.37,2026-08-01,2002,SNPP,SNPP,n,2.0NRT,278.47,0.88,N
23.67879,86.0843,307.51,0.4,0.37,2026-08-01,2002,SNPP,SNPP,n,2.0NRT,278.16,1.51,N
23.67486,86.08758,303.38,0.4,0.37,2026-08-01,2002,SNPP,SNPP,n,2.0NRT,281.38,1.36,N
23.7438,85.50382,304.15,0.41,0.37,2026-08-01,2002,SNPP,SNPP,n,2.0NRT,280.21,0.74,N
23.73648,85.48212,305.54,0.41,0.37,2026-08-01,2002,SNPP,SNPP,n,2.0NRT,282.84,1.24,N
23.69555,85.28658,307.46,0.41,0.37,2026-08-01,2002,SNPP,SNPP,n,2.0NRT,286.86,1.02,N
23.65649,85.50642,309.43,0.41,0.37,2026-08-01,2002,SNPP,SNPP,n,2.0NRT,287.8,1.28,N
23.67597,85.32473,303.55,0.41,0.37,2026-08-01,2002,SNPP,SNPP,n,2.0NRT,281.79,0.56,N
23.64879,85.43953,324.61,0.41,0.37,2026-08-01,2002,SNPP,SNPP,n,2.0NRT,288.73,2.69,N
23.64938,85.43553,314.88,0.41,0.37,2026-08-01,2002,SNPP,SNPP,n,2.0NRT,288.62,2.11,N
23.64538,85.43893,323.94,0.41,0.37,2026-08-01,2002,SNPP,SNPP,n,2.0NRT,288.4,2.6,N
23.1645,82.33836,304.63,0.55,0.43,2026-08-01,2002,SNPP,SNPP,n,2.0NRT,267.28,1.72,N
22.3799,87.27829,303.78,0.38,0.36,2026-08-01,2002,SNPP,SNPP,n,2.0NRT,277.45,0.73,N
22.3766,87.27768,325.56,0.38,0.36,2026-08-01,2002,SNPP,SNPP,n,2.0NRT,278.65,3.12,N
22.37601,87.28139,314.12,0.38,0.36,2026-08-01,2002,SNPP,SNPP,n,2.0NRT,278.2,1.19,N
22.36645,87.29871,303.72,0.38,0.36,2026-08-01,2002,SNPP,SNPP,n,2.0NRT,278.34,1.57,N
22.36585,87.30242,312.71,0.38,0.36,2026-08-01,2002,SNPP,SNPP,n,2.0NRT,278.35,0.96,N
22.36255,87.30181,310.9,0.38,0.36,2026-08-01,2002,SNPP,SNPP,n,2.0NRT,277.91,0.96,N
22.35773,87.28947,308.72,0.38,0.36,2026-08-01,2002,SNPP,SNPP,n,2.0NRT,276.15,1.01,N
22.36079,87.01614,308.55,0.38,0.36,2026-08-01,2002,SNPP,SNPP,n,2.0NRT,276.7,1.21,N
22.24395,87.38752,304.81,0.38,0.36,2026-08-01,2002,SNPP,SNPP,n,2.0NRT,274.84,1.09,N
22.33086,82.60378,300.67,0.52,0.42,2026-08-01,2002,SNPP,SNPP,n,2.0NRT,268.19,0.93,N
22.35836,82.30158,308.46,0.54,0.42,2026-08-01,2002,SNPP,SNPP,n,2.0NRT,274.28,2.25,N
22.32017,82.56593,302.71,0.53,0.42,2026-08-01,2002,SNPP,SNPP,n,2.0NRT,269.35,1.55,N
22.3195,82.57103,297.42,0.52,0.42,2026-08-01,2002,SNPP,SNPP,n,2.0NRT,268.19,0.63,N
22.31699,82.56023,305.32,0.53,0.42,2026-08-01,2002,SNPP,SNPP,n,2.0NRT,270.14,1.67,N
20.97377,86.00666,309.01,0.39,0.36,2026-08-01,2002,SNPP,SNPP,n,2.0NRT,279.29,1.63,N
20.96381,86.00493,307.5,0.39,0.36,2026-08-01,2002,SNPP,SNPP,n,2.0NRT,274.9,1.13,N
20.95089,86.04455,297.51,0.39,0.36,2026-08-01,2002,SNPP,SNPP,n,2.0NRT,270.96,0.94,N
21.38916,81.64533,307.65,0.38,0.43,2026-08-01,2002,SNPP,SNPP,n,2.0NRT,288.11,3.06,N
21.37675,81.67848,305.17,0.57,0.43,2026-08-01,2002,SNPP,SNPP,n,2.0NRT,285.35,3.46,N
21.37762,81.63985,304.99,0.38,0.43,2026-08-01,2002,SNPP,SNPP,n,2.0NRT,287.48,2.14,N
20.76011,85.29779,296.28,0.4,0.37,2026-08-01,2002,SNPP,SNPP,n,2.0NRT,271.2,0.35,N
21.19393,81.39698,309.9,0.39,0.44,2026-08-01,2002,SNPP,SNPP,n,2.0NRT,284.98,0.8,N
21.18678,81.38819,307.31,0.39,0.44,2026-08-01,2002,SNPP,SNPP,n,2.0NRT,285.07,0.74,N
11.28438,79.75117,315.05,0.56,0.43,2026-08-01,2004,SNPP,SNPP,n,2.0NRT,290.22,2.23,N
11.65214,78.03033,304.86,0.48,0.48,2026-08-01,2004,SNPP,SNPP,n,2.0NRT,281.41,0.83,N
17.13722,77.17518,302.76,0.32,0.55,2026-08-01,2004,SNPP,SNPP,n,2.0NRT,286.98,0.65,N
11.80772,77.92508,305.82,0.49,0.49,2026-08-01,2004,SNPP,SNPP,n,2.0NRT,281.73,1.05,N
11.81063,77.9237,307.7,0.49,0.49,2026-08-01,2004,SNPP,SNPP,n,2.0NRT,281.93,1.56,N
11.17522,79.08694,307.05,0.4,0.45,2026-08-01,2006,SNPP,SNPP,n,2.0NRT,289.7,2.63,N
8.82639,78.08728,349.32,0.44,0.46,2026-08-01,2006,SNPP,SNPP,n,2.0NRT,290.19,22.26,N
8.75715,78.183,326.49,0.43,0.46,2026-08-01,2006,SNPP,SNPP,n,2.0NRT,284.82,2.06,N
8.75772,78.17909,306.04,0.43,0.46,2026-08-01,2006,SNPP,SNPP,n,2.0NRT,282.65,2.06,N
11.18186,79.0993,306.32,0.4,0.45,2026-08-01,2006,SNPP,SNPP,n,2.0NRT,290.03,2.34,N
20.90794,71.4593,300.98,0.38,0.59,2026-08-01,2144,SNPP,SNPP,n,2.0NRT,285.36,0.99,N
17.6107,83.20548,332.53,0.37,0.58,2026-08-02,0714,SNPP,SNPP,n,2.0NRT,289.49,3.23,D
20.96841,85.17646,336.43,0.48,0.48,2026-08-02,0714,SNPP,SNPP,n,2.0NRT,288.94,9.11,D
25.85723,93.33242,340.14,0.42,0.38,2026-08-02,0716,SNPP,SNPP,n,2.0NRT,292.01,6.84,D
25.87871,93.3072,334.7,0.42,0.38,2026-08-02,0716,SNPP,SNPP,n,2.0NRT,293.6,4.96,D
26.0261,93.54562,334.11,0.43,0.38,2026-08-02,0716,SNPP,SNPP,n,2.0NRT,293.37,3.09,D
26.01458,93.35497,333.87,0.43,0.38,2026-08-02,0716,SNPP,SNPP,n,2.0NRT,292.2,2.52,D
9.02032,77.84805,333.75,0.32,0.55,2026-08-02,0852,SNPP,SNPP,n,2.0NRT,277.47,2.17,D
12.33321,79.90759,338.17,0.49,0.65,2026-08-02,0852,SNPP,SNPP,n,2.0NRT,287,2.98,D
13.93082,77.46706,332.72,0.35,0.57,2026-08-02,0852,SNPP,SNPP,n,2.0NRT,290.94,2.72,D
23.80479,86.32948,324.81,0.42,0.45,2026-08-02,1942,SNPP,SNPP,n,2.0NRT,283.53,3.03,N
23.79827,86.34924,325.36,0.41,0.45,2026-08-02,1942,SNPP,SNPP,n,2.0NRT,283.07,3.51,N
23.80063,86.3289,307.74,0.42,0.45,2026-08-02,1942,SNPP,SNPP,n,2.0NRT,282.85,1.57,N
23.79779,86.35337,305.54,0.41,0.45,2026-08-02,1942,SNPP,SNPP,n,2.0NRT,282.26,1.21,N
23.79365,86.35276,308.29,0.41,0.45,2026-08-02,1942,SNPP,SNPP,n,2.0NRT,282.64,1.21,N
23.69447,87.12154,300.48,0.56,0.43,2026-08-02,1942,SNPP,SNPP,n,2.0NRT,272.74,0.72,N
23.80343,86.33026,327.85,0.41,0.45,2026-08-02,1942,SNPP,SNPP,n,2.0NRT,283.83,3.48,N
23.79679,86.34998,321.22,0.41,0.45,2026-08-02,1942,SNPP,SNPP,n,2.0NRT,282.84,3.47,N
23.79628,86.3541,312.33,0.41,0.45,2026-08-02,1942,SNPP,SNPP,n,2.0NRT,282.45,1.43,N
23.69368,87.10851,301.55,0.56,0.43,2026-08-02,1942,SNPP,SNPP,n,2.0NRT,274.2,1.93,N
23.69229,87.11947,299.81,0.56,0.43,2026-08-02,1942,SNPP,SNPP,n,2.0NRT,272.75,2.46,N
23.77936,86.38896,329.28,0.41,0.45,2026-08-02,1942,SNPP,SNPP,n,2.0NRT,284.5,1.78,N
23.78135,86.37264,306.03,0.41,0.45,2026-08-02,1942,SNPP,SNPP,n,2.0NRT,282.68,1.29,N
23.77886,86.39299,307.33,0.41,0.45,2026-08-02,1942,SNPP,SNPP,n,2.0NRT,283.68,1.97,N
23.68833,87.11887,299.4,0.56,0.43,2026-08-02,1942,SNPP,SNPP,n,2.0NRT,272.12,1.46,N
23.77571,86.38428,304.85,0.41,0.45,2026-08-02,1942,SNPP,SNPP,n,2.0NRT,283.22,1.78,N
23.77522,86.38833,305.6,0.41,0.45,2026-08-02,1942,SNPP,SNPP,n,2.0NRT,283.55,1.78,N
23.77406,86.36327,319.81,0.41,0.45,2026-08-02,1942,SNPP,SNPP,n,2.0NRT,282.46,2.37,N
23.77356,86.36737,304.42,0.41,0.45,2026-08-02,1942,SNPP,SNPP,n,2.0NRT,282,0.98,N
23.76912,86.40388,315.91,0.41,0.45,2026-08-02,1942,SNPP,SNPP,n,2.0NRT,283.1,2.45,N
23.76498,86.40328,321.81,0.41,0.45,2026-08-02,1942,SNPP,SNPP,n,2.0NRT,282.55,2.45,N
23.76448,86.40738,308.19,0.41,0.45,2026-08-02,1942,SNPP,SNPP,n,2.0NRT,282.94,1.38,N
23.76085,86.40268,303.96,0.41,0.45,2026-08-02,1942,SNPP,SNPP,n,2.0NRT,279.56,1.97,N
23.7799,86.20953,314.74,0.42,0.45,2026-08-02,1942,SNPP,SNPP,n,2.0NRT,282.95,1.94,N
23.75622,86.40613,307.32,0.41,0.45,2026-08-02,1942,SNPP,SNPP,n,2.0NRT,282.29,0.87,N
23.75063,86.41763,312.47,0.41,0.45,2026-08-02,1942,SNPP,SNPP,n,2.0NRT,282.37,1.84,N
23.77303,86.19574,304.68,0.42,0.45,2026-08-02,1942,SNPP,SNPP,n,2.0NRT,282.45,1.34,N
23.73631,86.43188,318.3,0.41,0.45,2026-08-02,1942,SNPP,SNPP,n,2.0NRT,281.16,2.93,N
23.73582,86.43589,307.08,0.41,0.45,2026-08-02,1942,SNPP,SNPP,n,2.0NRT,280.21,1.57,N
23.72297,86.4381,302.79,0.41,0.45,2026-08-02,1942,SNPP,SNPP,n,2.0NRT,275.82,0.81,N
23.72077,86.42135,298.98,0.41,0.45,2026-08-02,1942,SNPP,SNPP,n,2.0NRT,274.19,0.66,N
23.71837,86.44152,305.79,0.41,0.45,2026-08-02,1942,SNPP,SNPP,n,2.0NRT,278.57,1.62,N
23.66153,86.91164,296.16,0.38,0.43,2026-08-02,1942,SNPP,SNPP,n,2.0NRT,271.11,0.33,N
23.71329,86.44895,305.82,0.41,0.45,2026-08-02,1942,SNPP,SNPP,n,2.0NRT,279.08,1.48,N
23.71281,86.45299,312.23,0.41,0.45,2026-08-02,1942,SNPP,SNPP,n,2.0NRT,279.55,1.48,N
23.70696,86.43157,300.02,0.41,0.45,2026-08-02,1942,SNPP,SNPP,n,2.0NRT,267.13,0.76,N
23.61413,86.78986,302.09,0.39,0.44,2026-08-02,1942,SNPP,SNPP,n,2.0NRT,274.76,1.13,N
23.82626,84.92207,296.97,0.51,0.49,2026-08-02,1942,SNPP,SNPP,n,2.0NRT,278.43,1.64,N
23.68204,86.09521,305.92,0.43,0.46,2026-08-02,1942,SNPP,SNPP,n,2.0NRT,280.08,1.86,N
23.67882,86.08623,312.7,0.43,0.46,2026-08-02,1942,SNPP,SNPP,n,2.0NRT,281.13,3.33,N
23.6746,86.08565,303.86,0.43,0.46,2026-08-02,1942,SNPP,SNPP,n,2.0NRT,280.99,1.51,N
22.87305,88.21144,304.86,0.48,0.4,2026-08-02,1942,SNPP,SNPP,n,2.0NRT,286.78,2.5,N
21.00018,86.02511,306.52,0.4,0.44,2026-08-02,1945,SNPP,SNPP,n,2.0NRT,285.57,0.98,N
20.97161,86.02093,304.6,0.4,0.44,2026-08-02,1945,SNPP,SNPP,n,2.0NRT,284.17,0.77,N
20.96753,86.02036,304.92,0.4,0.44,2026-08-02,1945,SNPP,SNPP,n,2.0NRT,284.36,0.77,N
20.95197,86.04553,314.46,0.4,0.44,2026-08-02,1945,SNPP,SNPP,n,2.0NRT,286.03,1.85,N
20.95151,86.04935,317,0.4,0.44,2026-08-02,1945,SNPP,SNPP,n,2.0NRT,286.19,1.85,N
20.97597,85.16943,303.66,0.45,0.47,2026-08-02,1945,SNPP,SNPP,n,2.0NRT,280.02,1.07,N
20.97545,85.1738,302.12,0.45,0.47,2026-08-02,1945,SNPP,SNPP,n,2.0NRT,280.2,1.07,N
20.97579,85.13397,300.2,0.45,0.47,2026-08-02,1945,SNPP,SNPP,n,2.0NRT,277.67,1.38,N
20.97114,85.17324,304.52,0.45,0.47,2026-08-02,1945,SNPP,SNPP,n,2.0NRT,279.7,1.07,N
20.97062,85.17761,318.44,0.45,0.47,2026-08-02,1945,SNPP,SNPP,n,2.0NRT,278.72,2.46,N
20.96889,85.15518,300.54,0.45,0.47,2026-08-02,1945,SNPP,SNPP,n,2.0NRT,278.18,1.09,N
20.96734,85.16828,310.75,0.45,0.47,2026-08-02,1945,SNPP,SNPP,n,2.0NRT,279.52,1.23,N
20.96683,85.17267,307.88,0.45,0.47,2026-08-02,1945,SNPP,SNPP,n,2.0NRT,279.74,1.23,N
20.96631,85.17702,300.99,0.45,0.47,2026-08-02,1945,SNPP,SNPP,n,2.0NRT,279.17,1.31,N
20.96579,85.18137,302.44,0.45,0.47,2026-08-02,1945,SNPP,SNPP,n,2.0NRT,278.35,1.31,N
20.96528,85.1857,301.31,0.45,0.47,2026-08-02,1945,SNPP,SNPP,n,2.0NRT,277.53,0.78,N
20.96477,85.18999,307.17,0.45,0.47,2026-08-02,1945,SNPP,SNPP,n,2.0NRT,278.64,0.78,N
20.96354,85.16335,307.99,0.45,0.47,2026-08-02,1945,SNPP,SNPP,n,2.0NRT,278.48,2.28,N
20.96303,85.16774,308.17,0.45,0.47,2026-08-02,1945,SNPP,SNPP,n,2.0NRT,279.29,1.23,N
20.96251,85.17209,310.06,0.45,0.47,2026-08-02,1945,SNPP,SNPP,n,2.0NRT,279.56,1.23,N
20.96097,85.18511,303.9,0.45,0.47,2026-08-02,1945,SNPP,SNPP,n,2.0NRT,277.93,0.78,N
20.96047,85.18936,303.66,0.45,0.47,2026-08-02,1945,SNPP,SNPP,n,2.0NRT,278.04,0.78,N
20.80839,85.255,307.23,0.44,0.46,2026-08-02,1945,SNPP,SNPP,n,2.0NRT,275.01,1.4,N
20.79554,85.25333,323.82,0.44,0.46,2026-08-02,1945,SNPP,SNPP,n,2.0NRT,276.53,4.16,N
20.78596,85.26057,314.14,0.44,0.46,2026-08-02,1945,SNPP,SNPP,n,2.0NRT,277.75,1.76,N
20.76046,85.29165,306.03,0.44,0.46,2026-08-02,1945,SNPP,SNPP,n,2.0NRT,282.12,1.03,N
20.75994,85.29595,305.51,0.44,0.46,2026-08-02,1945,SNPP,SNPP,n,2.0NRT,281.73,1.03,N
19.09899,82.16546,306.23,0.33,0.55,2026-08-02,1945,SNPP,SNPP,n,2.0NRT,286.73,1.22,N
19.09864,82.16866,302.78,0.33,0.55,2026-08-02,1945,SNPP,SNPP,n,2.0NRT,286.82,1.35,N
17.61015,83.20491,306.46,0.54,0.51,2026-08-02,1945,SNPP,SNPP,n,2.0NRT,290.74,2.32,N
17.60139,83.19848,306.19,0.54,0.51,2026-08-02,1945,SNPP,SNPP,n,2.0NRT,290.21,3.28,N
17.46558,80.65414,306.05,0.4,0.6,2026-08-02,1945,SNPP,SNPP,n,2.0NRT,287.1,0.71,N
15.17672,77.09852,300.82,0.64,0.72,2026-08-02,1947,SNPP,SNPP,n,2.0NRT,279.11,2.62,N
29.47635,76.85744,313.34,0.56,0.51,2026-08-02,2123,SNPP,SNPP,n,2.0NRT,288.79,4.23,N
29.45936,76.88863,301.32,0.56,0.51,2026-08-02,2123,SNPP,SNPP,n,2.0NRT,281.04,1.68,N
24.93391,74.63229,300.31,0.51,0.49,2026-08-02,2125,SNPP,SNPP,n,2.0NRT,283.38,0.9,N
29.12459,75.77742,305.13,0.41,0.37,2026-08-04,2044,SNPP,SNPP,n,2.0NRT,287.28,1.38,N
20.91014,71.45751,296.94,0.51,0.41,2026-08-04,2046,SNPP,SNPP,n,2.0NRT,271.58,0.51,N
24.9348,74.63297,303.67,0.41,0.37,2026-08-04,2046,SNPP,SNPP,n,2.0NRT,284.9,0.78,N
24.76383,74.6097,310.94,0.41,0.37,2026-08-04,2046,SNPP,SNPP,n,2.0NRT,283.82,1.25,N
17.95609,80.79395,298.78,0.43,0.46,2026-08-04,2049,SNPP,SNPP,n,2.0NRT,266.29,0.69,N
9.47616,78.53864,335,0.39,0.44,2026-08-05,0756,SNPP,SNPP,n,2.0NRT,299.74,4.1,D
9.11885,77.59209,351.96,0.46,0.47,2026-08-05,0756,SNPP,SNPP,n,2.0NRT,296.13,11.22,D
9.62131,78.80132,347.9,0.57,0.43,2026-08-05,0756,SNPP,SNPP,n,2.0NRT,302.4,12.57,D
9.7414,78.95979,331.18,0.55,0.43,2026-08-05,0756,SNPP,SNPP,n,2.0NRT,297.62,1.9,D
9.56233,77.6048,340.82,0.45,0.47,2026-08-05,0756,SNPP,SNPP,n,2.0NRT,295.38,3.81,D
9.76804,78.0972,337.65,0.42,0.45,2026-08-05,0756,SNPP,SNPP,n,2.0NRT,298.47,2.63,D
9.87739,78.25546,330.53,0.41,0.45,2026-08-05,0756,SNPP,SNPP,n,2.0NRT,292.01,4.92,D
9.88149,78.25475,333.28,0.41,0.45,2026-08-05,0756,SNPP,SNPP,n,2.0NRT,290.72,5.39,D
9.96715,78.24461,347.06,0.4,0.45,2026-08-05,0756,SNPP,SNPP,n,2.0NRT,285.67,4.27,D
10.0521,77.96274,331,0.42,0.45,2026-08-05,0756,SNPP,SNPP,n,2.0NRT,292.12,3.78,D
10.10864,78.09402,341.61,0.41,0.45,2026-08-05,0756,SNPP,SNPP,n,2.0NRT,289.35,3.84,D
10.21352,77.844,333.73,0.42,0.46,2026-08-05,0756,SNPP,SNPP,n,2.0NRT,296.16,4.9,D
9.49282,78.58743,338.87,0.39,0.44,2026-08-05,0756,SNPP,SNPP,n,2.0NRT,298.53,2.54,D
9.62481,78.86961,338.14,0.56,0.43,2026-08-05,0756,SNPP,SNPP,n,2.0NRT,299.51,3.43,D
21.10476,72.64249,332.91,0.59,0.53,2026-08-05,0758,SNPP,SNPP,n,2.0NRT,291.55,10.09,D
15.49071,76.92935,334.81,0.4,0.44,2026-08-05,0758,SNPP,SNPP,n,2.0NRT,284.95,3.58,D
21.10591,72.6481,343.53,0.59,0.53,2026-08-05,0758,SNPP,SNPP,n,2.0NRT,290.97,15.08,D
21.1036,72.63686,343.75,0.59,0.53,2026-08-05,0758,SNPP,SNPP,n,2.0NRT,291.87,10.09,D
26.78024,72.00262,334.45,0.5,0.49,2026-08-05,0801,SNPP,SNPP,n,2.0NRT,295.29,12.75,D
27.46189,95.4748,312.22,0.47,0.64,2026-08-05,1843,SNPP,SNPP,n,2.0NRT,286.82,3.71,N
27.45947,95.47298,303.51,0.47,0.64,2026-08-05,1843,SNPP,SNPP,n,2.0NRT,286.88,2.65,N
27.22297,95.34383,307.44,0.48,0.65,2026-08-05,1843,SNPP,SNPP,n,2.0NRT,286.59,1.02,N
23.16576,82.3386,295.04,0.4,0.37,2026-08-05,2025,SNPP,SNPP,n,2.0NRT,258.66,1.42,N
25.94643,72.18946,316.77,0.34,0.56,2026-08-05,2025,SNPP,SNPP,n,2.0NRT,290.78,1.02,N
25.94612,72.1929,305.82,0.34,0.56,2026-08-05,2025,SNPP,SNPP,n,2.0NRT,291.15,1.39,N
25.94124,72.18885,367,0.34,0.56,2026-08-05,2025,SNPP,SNPP,h,2.0NRT,292.51,12.04,N
25.94093,72.19228,320.34,0.34,0.56,2026-08-05,2025,SNPP,SNPP,n,2.0NRT,291.52,7.49,N
25.94155,72.18542,314.83,0.34,0.56,2026-08-05,2025,SNPP,SNPP,n,2.0NRT,290.39,12.04,N
25.77749,73.70023,304.82,0.54,0.51,2026-08-05,2025,SNPP,SNPP,n,2.0NRT,290.31,1.22,N
24.7634,74.60711,303.9,0.46,0.47,2026-08-05,2025,SNPP,SNPP,n,2.0NRT,282.19,1.12,N
27.37853,95.08959,304.54,0.53,0.67,2026-08-05,2025,SNPP,SNPP,n,2.0NRT,287.07,1,N
27.32435,95.27443,303.53,0.54,0.68,2026-08-05,2025,SNPP,SNPP,n,2.0NRT,286.76,1.35,N
25.54031,91.23436,296.04,0.34,0.56,2026-08-05,2025,SNPP,SNPP,n,2.0NRT,279.79,0.49,N
25.94674,72.18602,304.69,0.34,0.56,2026-08-05,2025,SNPP,SNPP,n,2.0NRT,290.55,1.02,N
21.18328,81.38815,341.74,0.39,0.36,2026-08-05,2027,SNPP,SNPP,n,2.0NRT,288.5,3.08,N
22.31735,82.56773,297.2,0.41,0.37,2026-08-05,2027,SNPP,SNPP,n,2.0NRT,279.09,1.29,N
22.31869,82.55992,309.2,0.41,0.37,2026-08-05,2027,SNPP,SNPP,n,2.0NRT,279.44,1.6,N
17.0624,76.98035,303.77,0.43,0.38,2026-08-05,2027,SNPP,SNPP,n,2.0NRT,278.88,0.68,N
17.14041,77.1832,297.32,0.42,0.38,2026-08-05,2027,SNPP,SNPP,n,2.0NRT,271.25,0.5,N
21.17995,81.38754,314.91,0.39,0.36,2026-08-05,2027,SNPP,SNPP,n,2.0NRT,287.59,3.08,N
22.3214,82.56449,300.88,0.41,0.37,2026-08-05,2027,SNPP,SNPP,n,2.0NRT,278.84,1.35,N
12.60402,77.88007,300.19,0.39,0.36,2026-08-05,2029,SNPP,SNPP,n,2.0NRT,281.33,0.7,N
11.77638,78.05933,315.9,0.38,0.36,2026-08-05,2029,SNPP,SNPP,n,2.0NRT,288.74,2.18,N
11.18289,79.10062,301.17,0.39,0.36,2026-08-05,2029,SNPP,SNPP,n,2.0NRT,279.29,0.72,N
9.89198,78.10873,310.02,0.38,0.36,2026-08-05,2029,SNPP,SNPP,n,2.0NRT,286.71,0.85,N
15.33476,76.28623,306.4,0.44,0.38,2026-08-05,2029,SNPP,SNPP,n,2.0NRT,282.29,1.11,N
15.02261,78.01593,298.12,0.39,0.36,2026-08-05,2029,SNPP,SNPP,n,2.0NRT,276.54,0.46,N
15.18135,76.66604,335.98,0.42,0.38,2026-08-05,2029,SNPP,SNPP,n,2.0NRT,285.66,5.17,N
15.18018,76.67391,303.23,0.42,0.38,2026-08-05,2029,SNPP,SNPP,n,2.0NRT,284.81,2.31,N
15.17612,76.67731,304.33,0.42,0.38,2026-08-05,2029,SNPP,SNPP,n,2.0NRT,284.05,1.75,N
15.17377,76.69308,311.01,0.42,0.38,2026-08-05,2029,SNPP,SNPP,n,2.0NRT,284.43,1.07,N
15.17558,76.6571,330.04,0.43,0.38,2026-08-05,2029,SNPP,SNPP,n,2.0NRT,287.14,2.48,N
15.17617,76.65316,304.09,0.43,0.38,2026-08-05,2029,SNPP,SNPP,n,2.0NRT,285.96,2.48,N
15.16628,76.67182,301.27,0.42,0.38,2026-08-05,2029,SNPP,SNPP,n,2.0NRT,282.77,0.73,N
14.29199,77.75083,302.26,0.39,0.36,2026-08-05,2029,SNPP,SNPP,n,2.0NRT,286.95,0.67,N
14.29144,77.75444,308,0.39,0.36,2026-08-05,2029,SNPP,SNPP,n,2.0NRT,287.51,0.59,N
14.24024,76.98493,300.74,0.41,0.37,2026-08-05,2029,SNPP,SNPP,n,2.0NRT,281.29,0.42,N
8.86704,78.12225,306.96,0.39,0.36,2026-08-05,2032,SNPP,SNPP,n,2.0NRT,290.65,2.03,N
9.46912,78.57309,305.76,0.39,0.36,2026-08-05,2032,SNPP,SNPP,n,2.0NRT,288.35,0.87,N
9.47245,78.57364,305.05,0.39,0.36,2026-08-05,2032,SNPP,SNPP,n,2.0NRT,288.48,0.8,N
27.69931,96.24134,335.86,0.53,0.67,2026-08-06,0559,SNPP,SNPP,n,2.0NRT,289.71,3.33,D
22.92897,70.10838,342.39,0.39,0.59,2026-08-06,0922,SNPP,SNPP,n,2.0NRT,293.05,6.02,D
25.03371,87.36905,316.86,0.39,0.36,2026-08-06,2008,SNPP,SNPP,n,2.0NRT,291.93,3.41,N
23.78112,86.37527,305.55,0.39,0.36,2026-08-06,2008,SNPP,SNPP,n,2.0NRT,289.31,2.52,N
23.77868,86.3903,303.41,0.39,0.36,2026-08-06,2008,SNPP,SNPP,n,2.0NRT,284.54,2.92,N
23.79362,86.2345,308.3,0.38,0.36,2026-08-06,2008,SNPP,SNPP,n,2.0NRT,290.71,1.82,N
22.21637,84.86812,295.01,0.39,0.36,2026-08-06,2008,SNPP,SNPP,n,2.0NRT,275.85,0.92,N
23.77788,86.20856,303.27,0.38,0.36,2026-08-06,2008,SNPP,SNPP,n,2.0NRT,289.43,1.73,N
23.77308,86.19608,314.75,0.38,0.36,2026-08-06,2008,SNPP,SNPP,n,2.0NRT,289.63,2.31,N
23.61129,87.14533,306.73,0.4,0.37,2026-08-06,2008,SNPP,SNPP,n,2.0NRT,291.21,2.72,N
23.61562,86.78735,304.7,0.39,0.36,2026-08-06,2008,SNPP,SNPP,n,2.0NRT,290.37,2.08,N
23.61498,86.79118,310.4,0.39,0.36,2026-08-06,2008,SNPP,SNPP,n,2.0NRT,290.72,2.43,N
22.36742,87.01875,308.89,0.4,0.37,2026-08-06,2008,SNPP,SNPP,n,2.0NRT,290.2,1.19,N
22.36406,87.0181,305.66,0.4,0.37,2026-08-06,2008,SNPP,SNPP,n,2.0NRT,289.09,1.19,N
23.78118,86.20918,306.17,0.38,0.36,2026-08-06,2008,SNPP,SNPP,n,2.0NRT,290.2,1.64,N
21.24483,79.22414,299.94,0.43,0.46,2026-08-06,2008,SNPP,SNPP,n,2.0NRT,274.39,0.56,N
22.0551,85.4648,302.09,0.38,0.36,2026-08-06,2008,SNPP,SNPP,n,2.0NRT,282.08,1,N
25.4376,86.06772,310.53,0.38,0.36,2026-08-06,2008,SNPP,SNPP,n,2.0NRT,291.85,1.96,N
25.03714,87.38972,307.8,0.39,0.36,2026-08-06,2008,SNPP,SNPP,n,2.0NRT,291.87,2.13,N
25.94364,72.19364,327.35,0.42,0.61,2026-08-06,2148,SNPP,SNPP,n,2.0NRT,290.2,2.7,N
8.76202,78.18221,335.65,0.43,0.62,2026-08-07,0858,SNPP,SNPP,n,2.0NRT,274.04,5.28,D
8.75627,78.18294,351.99,0.43,0.62,2026-08-07,0858,SNPP,SNPP,n,2.0NRT,275.14,5.28,D
22.92664,70.10907,333.56,0.39,0.44,2026-08-07,0902,SNPP,SNPP,n,2.0NRT,292.97,3.96,D
26.64386,79.47507,295.42,0.47,0.64,2026-08-07,1947,SNPP,SNPP,n,2.0NRT,265.29,2.77,N
25.03565,87.36957,306.65,0.47,0.4,2026-08-07,1947,SNPP,SNPP,n,2.0NRT,290.57,1.86,N
24.11618,86.85732,305.24,0.48,0.4,2026-08-07,1947,SNPP,SNPP,n,2.0NRT,289.98,1.11,N
24.11555,86.86207,303.43,0.48,0.4,2026-08-07,1947,SNPP,SNPP,n,2.0NRT,289.19,1.11,N
25.43726,86.06737,310.9,0.55,0.43,2026-08-07,1947,SNPP,SNPP,n,2.0NRT,290.9,1.08,N
23.6634,84.99857,303.84,0.4,0.44,2026-08-07,1949,SNPP,SNPP,n,2.0NRT,287.12,1.32,N
27.46227,95.47478,297.33,0.48,0.4,2026-08-07,1949,SNPP,SNPP,n,2.0NRT,277.66,1.22,N
23.76804,86.40265,326.74,0.5,0.41,2026-08-07,1949,SNPP,SNPP,n,2.0NRT,290.33,5.76,N
23.76739,86.40766,303.61,0.5,0.41,2026-08-07,1949,SNPP,SNPP,n,2.0NRT,289.4,2.25,N
23.76556,86.39212,306.89,0.51,0.41,2026-08-07,1949,SNPP,SNPP,n,2.0NRT,290.18,2.54,N
23.76427,86.40208,313.91,0.5,0.41,2026-08-07,1949,SNPP,SNPP,n,2.0NRT,289.85,3.28,N
23.76362,86.40708,304.9,0.5,0.41,2026-08-07,1949,SNPP,SNPP,n,2.0NRT,289.45,2.78,N
23.76051,86.40147,320.14,0.5,0.41,2026-08-07,1949,SNPP,SNPP,n,2.0NRT,290.02,3.28,N
23.75105,86.41519,307.74,0.5,0.41,2026-08-07,1949,SNPP,SNPP,n,2.0NRT,289.43,3.62,N
23.74098,86.43374,302.97,0.5,0.41,2026-08-07,1949,SNPP,SNPP,n,2.0NRT,289.88,1.96,N
23.73722,86.43314,329.09,0.5,0.41,2026-08-07,1949,SNPP,SNPP,n,2.0NRT,290.81,6.64,N
23.73785,86.4282,306.48,0.5,0.41,2026-08-07,1949,SNPP,SNPP,n,2.0NRT,289.72,2.55,N
23.66795,86.93554,298.17,0.47,0.4,2026-08-07,1949,SNPP,SNPP,n,2.0NRT,281.34,2.06,N
23.72468,86.44123,304.22,0.5,0.41,2026-08-07,1949,SNPP,SNPP,n,2.0NRT,289.04,1.72,N
23.68906,86.38818,303.34,0.5,0.41,2026-08-07,1949,SNPP,SNPP,n,2.0NRT,290.07,1.83,N
23.6884,86.39319,301.71,0.5,0.41,2026-08-07,1949,SNPP,SNPP,n,2.0NRT,289.27,1.83,N
23.68464,86.39258,321.46,0.5,0.41,2026-08-07,1949,SNPP,SNPP,n,2.0NRT,290.15,1.83,N
23.68398,86.39757,306.33,0.5,0.41,2026-08-07,1949,SNPP,SNPP,n,2.0NRT,289.37,2.63,N
23.68087,86.39198,302.45,0.5,0.41,2026-08-07,1949,SNPP,SNPP,n,2.0NRT,289.54,3.06,N
23.68022,86.39696,309.59,0.5,0.41,2026-08-07,1949,SNPP,SNPP,n,2.0NRT,289.83,2.02,N
23.67646,86.39635,306.18,0.5,0.41,2026-08-07,1949,SNPP,SNPP,n,2.0NRT,288.75,2.02,N
23.69792,85.28923,300.5,0.39,0.44,2026-08-07,1949,SNPP,SNPP,n,2.0NRT,288.09,1.32,N
23.67205,84.99582,300.43,0.4,0.44,2026-08-07,1949,SNPP,SNPP,n,2.0NRT,288.25,1.86,N
23.66748,84.99914,300.96,0.4,0.44,2026-08-07,1949,SNPP,SNPP,n,2.0NRT,288.84,1.32,N
23.76534,86.40513,331.15,0.56,0.52,2026-08-08,0701,SNPP,SNPP,n,2.0NRT,288.98,6.4,D
9.77946,77.68204,333.54,0.4,0.44,2026-08-08,0839,SNPP,SNPP,n,2.0NRT,296.72,2.63,D
9.75537,77.6293,367,0.39,0.44,2026-08-08,0839,SNPP,SNPP,h,2.0NRT,295.44,10.98,D
24.32291,72.46162,332.77,0.46,0.39,2026-08-08,0843,SNPP,SNPP,n,2.0NRT,295.39,4.09,D
22.60662,70.24954,331.84,0.39,0.36,2026-08-08,0843,SNPP,SNPP,n,2.0NRT,300.49,2.24,D
23.79314,86.35291,303.24,0.33,0.55,2026-08-08,1930,SNPP,SNPP,n,2.0NRT,287.75,0.87,N
23.77949,86.38737,321.08,0.32,0.55,2026-08-08,1930,SNPP,SNPP,n,2.0NRT,288.49,3.29,N
23.78107,86.37106,303.3,0.32,0.55,2026-08-08,1930,SNPP,SNPP,n,2.0NRT,287.81,0.81,N
23.77917,86.39056,311.63,0.32,0.55,2026-08-08,1930,SNPP,SNPP,n,2.0NRT,287.61,1.43,N
23.77692,86.36066,303.77,0.32,0.55,2026-08-08,1930,SNPP,SNPP,n,2.0NRT,287.31,2.79,N
23.77661,86.36392,319.54,0.32,0.55,2026-08-08,1930,SNPP,SNPP,n,2.0NRT,287.86,1.41,N
23.77151,86.3633,304.89,0.32,0.55,2026-08-08,1930,SNPP,SNPP,n,2.0NRT,287.15,1.41,N
23.7681,86.39877,303.31,0.32,0.55,2026-08-08,1930,SNPP,SNPP,n,2.0NRT,287.23,0.92,N
23.76778,86.40202,301.64,0.32,0.55,2026-08-08,1930,SNPP,SNPP,n,2.0NRT,286.08,0.29,N
23.76302,86.39813,306.55,0.32,0.55,2026-08-08,1930,SNPP,SNPP,n,2.0NRT,287.32,0.97,N
23.75794,86.39742,301.47,0.32,0.55,2026-08-08,1930,SNPP,SNPP,n,2.0NRT,287.28,0.97,N
23.76022,86.39659,304.41,0.32,0.55,2026-08-08,1930,SNPP,SNPP,n,2.0NRT,287.29,1.08,N
23.75988,86.39985,304.81,0.32,0.55,2026-08-08,1930,SNPP,SNPP,n,2.0NRT,287.1,0.91,N
23.56486,87.08422,305.78,0.58,0.52,2026-08-08,1930,SNPP,SNPP,n,2.0NRT,287.56,2.6,N
23.5617,87.08315,310.49,0.58,0.52,2026-08-08,1930,SNPP,SNPP,n,2.0NRT,287.51,4.17,N
22.05452,88.1247,312.18,0.48,0.48,2026-08-08,1930,SNPP,SNPP,n,2.0NRT,287.3,3.89,N
23.80587,86.32827,309,0.33,0.55,2026-08-08,1930,SNPP,SNPP,n,2.0NRT,287.91,1.03,N
23.79856,86.35028,327.19,0.33,0.55,2026-08-08,1930,SNPP,SNPP,n,2.0NRT,288.32,1.95,N
23.79887,86.34701,303.72,0.33,0.55,2026-08-08,1930,SNPP,SNPP,n,2.0NRT,287.78,1.95,N
23.79824,86.35355,306.5,0.33,0.55,2026-08-08,1930,SNPP,SNPP,n,2.0NRT,287.78,0.87,N
20.95013,86.04408,306.58,0.63,0.54,2026-08-08,1932,SNPP,SNPP,n,2.0NRT,280.28,2.05,N
21.07961,85.03843,302.21,0.37,0.58,2026-08-08,1932,SNPP,SNPP,n,2.0NRT,282.03,1.56,N
20.9495,86.05014,302.74,0.63,0.54,2026-08-08,1932,SNPP,SNPP,n,2.0NRT,279.68,2.05,N
20.98516,85.13718,301.48,0.36,0.57,2026-08-08,1932,SNPP,SNPP,n,2.0NRT,282.13,1.21,N
20.97623,85.17174,302.12,0.36,0.57,2026-08-08,1932,SNPP,SNPP,n,2.0NRT,280.84,0.86,N
20.97055,85.1747,306.8,0.36,0.57,2026-08-08,1932,SNPP,SNPP,n,2.0NRT,279.86,0.74,N
20.97019,85.17823,302.29,0.36,0.57,2026-08-08,1932,SNPP,SNPP,n,2.0NRT,279.6,0.74,N
20.96631,85.1635,301.58,0.36,0.57,2026-08-08,1932,SNPP,SNPP,n,2.0NRT,279.71,1.02,N
20.96523,85.17413,306.67,0.36,0.57,2026-08-08,1932,SNPP,SNPP,n,2.0NRT,279.54,0.74,N
20.96451,85.18114,301.1,0.36,0.57,2026-08-08,1932,SNPP,SNPP,n,2.0NRT,279.6,0.65,N
20.96416,85.18463,302.01,0.36,0.57,2026-08-08,1932,SNPP,SNPP,n,2.0NRT,279.2,0.65,N
20.9638,85.18809,307.75,0.36,0.57,2026-08-08,1932,SNPP,SNPP,n,2.0NRT,278.97,1.05,N
20.80865,85.25416,305.48,0.35,0.57,2026-08-08,1932,SNPP,SNPP,n,2.0NRT,278.63,1.39,N
20.78687,85.25846,308.31,0.35,0.57,2026-08-08,1932,SNPP,SNPP,n,2.0NRT,278.08,1.2,N
20.78619,85.2653,300.75,0.35,0.57,2026-08-08,1932,SNPP,SNPP,n,2.0NRT,279.05,0.68,N
20.78739,85.2589,310.55,0.35,0.57,2026-08-08,1932,SNPP,SNPP,n,2.0NRT,277.51,1.2,N
20.78667,85.26571,302.89,0.35,0.57,2026-08-08,1932,SNPP,SNPP,n,2.0NRT,278.85,0.61,N
27.2877,73.83897,306.61,0.44,0.38,2026-08-08,2110,SNPP,SNPP,n,2.0NRT,291.65,1.52,N
27.08046,73.81846,306.16,0.44,0.38,2026-08-08,2110,SNPP,SNPP,n,2.0NRT,291.83,3.01,N
27.66929,76.13332,305.1,0.55,0.42,2026-08-08,2110,SNPP,SNPP,n,2.0NRT,290.4,1.49,N
26.6441,79.47943,302.9,0.59,0.53,2026-08-08,2110,SNPP,SNPP,n,2.0NRT,278.84,1.11,N
26.64085,79.47772,304.21,0.59,0.53,2026-08-08,2110,SNPP,SNPP,n,2.0NRT,279.24,0.85,N
22.93194,69.69582,309.33,0.38,0.36,2026-08-08,2112,SNPP,SNPP,n,2.0NRT,293.87,1.91,N
17.60958,83.20309,306.71,0.78,0.78,2026-08-08,2112,SNPP,SNPP,n,2.0NRT,271.54,4.39,N
18.9562,73.94472,306.32,0.57,0.43,2026-08-08,2112,SNPP,SNPP,n,2.0NRT,283.13,1.22,N
17.61204,83.20204,299.99,0.77,0.78,2026-08-08,2112,SNPP,SNPP,n,2.0NRT,271.15,5.14,N
20.90929,71.46087,308.1,0.42,0.37,2026-08-08,2112,SNPP,SNPP,n,2.0NRT,293.55,2.48,N
23.26628,70.25836,317.52,0.38,0.36,2026-08-08,2112,SNPP,SNPP,n,2.0NRT,294.58,1.92,N
23.49982,68.57675,307.53,0.4,0.37,2026-08-08,2112,SNPP,SNPP,n,2.0NRT,294.54,1.69,N
22.93524,69.69643,319.89,0.38,0.36,2026-08-08,2112,SNPP,SNPP,n,2.0NRT,294.08,1.91,N
22.93406,69.70388,308.32,0.38,0.36,2026-08-08,2112,SNPP,SNPP,n,2.0NRT,294.25,1.88,N
15.1377,76.70893,295.3,0.33,0.56,2026-08-08,2114,SNPP,SNPP,n,2.0NRT,274.45,0.29,N
16.6483,74.31618,296.42,0.44,0.46,2026-08-08,2114,SNPP,SNPP,n,2.0NRT,277.96,0.58,N
15.33485,76.28472,298.31,0.62,0.54,2026-08-08,2114,SNPP,SNPP,n,2.0NRT,282.69,0.68,N
14.93187,78.341,300.72,0.43,0.62,2026-08-08,2114,SNPP,SNPP,n,2.0NRT,284.01,0.4,N
15.18526,76.66817,296.14,0.33,0.55,2026-08-08,2114,SNPP,SNPP,n,2.0NRT,274.8,0.53,N
15.18023,76.66703,301.02,0.33,0.55,2026-08-08,2114,SNPP,SNPP,n,2.0NRT,275.41,0.53,N
15.17838,76.67624,301.88,0.33,0.55,2026-08-08,2114,SNPP,SNPP,n,2.0NRT,276.35,1,N
15.17765,76.65363,315.04,0.33,0.55,2026-08-08,2114,SNPP,SNPP,n,2.0NRT,276.89,1.77,N
15.17704,76.6567,307.58,0.33,0.55,2026-08-08,2114,SNPP,SNPP,n,2.0NRT,275.83,0.77,N
15.17642,76.65977,295.23,0.33,0.55,2026-08-08,2114,SNPP,SNPP,n,2.0NRT,275.25,0.77,N
9.75953,77.62386,309.37,0.48,0.65,2026-08-08,2114,SNPP,SNPP,n,2.0NRT,261.47,0.89,N
27.95665,95.6004,329.31,0.43,0.38,2026-08-09,0644,SNPP,SNPP,l,2.0NRT,302.74,9.26,D
9.88578,78.29712,347.52,0.39,0.36,2026-08-09,0820,SNPP,SNPP,n,2.0NRT,298.6,19.84,D
8.89835,78.04342,335.75,0.39,0.36,2026-08-09,0820,SNPP,SNPP,n,2.0NRT,298.13,1.95,D
8.90778,77.70798,331.91,0.38,0.36,2026-08-09,0820,SNPP,SNPP,n,2.0NRT,300.39,1.5,D
9.27793,79.12687,335.7,0.41,0.37,2026-08-09,0820,SNPP,SNPP,n,2.0NRT,300.72,6.85,D
9.23388,78.68824,333,0.4,0.37,2026-08-09,0820,SNPP,SNPP,n,2.0NRT,298.5,2.14,D
9.23726,78.68773,340.37,0.4,0.37,2026-08-09,0820,SNPP,SNPP,n,2.0NRT,299.91,2.14,D
9.25581,78.76631,338.32,0.4,0.37,2026-08-09,0820,SNPP,SNPP,n,2.0NRT,297.49,2.38,D
9.25919,78.76579,331.52,0.4,0.37,2026-08-09,0820,SNPP,SNPP,n,2.0NRT,296.74,1.43,D
9.30707,78.76228,334.15,0.4,0.37,2026-08-09,0820,SNPP,SNPP,n,2.0NRT,300.15,1.64,D
9.40249,77.86951,344.04,0.39,0.36,2026-08-09,0820,SNPP,SNPP,n,2.0NRT,307.92,8.77,D
9.50695,78.22846,338.61,0.39,0.36,2026-08-09,0820,SNPP,SNPP,n,2.0NRT,304.76,7.49,D
9.55556,77.81236,341.93,0.39,0.36,2026-08-09,0820,SNPP,SNPP,n,2.0NRT,308.12,12.87,D
9.65162,78.06435,337.75,0.39,0.36,2026-08-09,0820,SNPP,SNPP,n,2.0NRT,304.25,3.22,D
9.83043,78.55554,330.15,0.4,0.37,2026-08-09,0820,SNPP,SNPP,n,2.0NRT,294.59,1.93,D
9.80894,78.38943,336.39,0.39,0.36,2026-08-09,0820,SNPP,SNPP,n,2.0NRT,302.68,2.49,D
9.88524,78.29355,335.89,0.39,0.36,2026-08-09,0820,SNPP,SNPP,n,2.0NRT,295.04,19.84,D
10.70734,79.56654,347.98,0.43,0.38,2026-08-09,0820,SNPP,SNPP,n,2.0NRT,273.54,16.49,D
10.8716,79.0443,352.09,0.41,0.37,2026-08-09,0820,SNPP,SNPP,n,2.0NRT,303.67,10.47,D
10.96547,78.87568,336.29,0.41,0.37,2026-08-09,0820,SNPP,SNPP,n,2.0NRT,280.52,4.12,D
10.9494,78.43846,338.87,0.4,0.37,2026-08-09,0820,SNPP,SNPP,n,2.0NRT,302.18,2.47,D
15.86068,76.55389,333.95,0.39,0.36,2026-08-09,0822,SNPP,SNPP,n,2.0NRT,298.79,2.28,D
13.35856,76.12586,335.1,0.38,0.36,2026-08-09,0822,SNPP,SNPP,n,2.0NRT,294.9,2.36,D
14.49981,79.59328,337.67,0.47,0.4,2026-08-09,0822,SNPP,SNPP,n,2.0NRT,297.07,3.06,D
15.26647,79.7698,336.78,0.49,0.4,2026-08-09,0822,SNPP,SNPP,n,2.0NRT,296.89,2.71,D
15.05902,77.04708,337.61,0.39,0.36,2026-08-09,0822,SNPP,SNPP,n,2.0NRT,300.3,5.81,D
15.57389,79.7675,335.75,0.49,0.41,2026-08-09,0822,SNPP,SNPP,n,2.0NRT,298.55,3.73,D
15.11534,76.20264,343.73,0.38,0.36,2026-08-09,0822,SNPP,SNPP,n,2.0NRT,298.5,4.95,D
15.58949,79.25832,343.05,0.47,0.39,2026-08-09,0822,SNPP,SNPP,n,2.0NRT,299.58,6.62,D
15.6994,76.64658,338,0.39,0.36,2026-08-09,0822,SNPP,SNPP,n,2.0NRT,300.19,4.95,D
15.94282,77.87696,333.12,0.41,0.37,2026-08-09,0822,SNPP,SNPP,n,2.0NRT,301.75,4.61,D
13.35524,76.1264,334.62,0.38,0.36,2026-08-09,0822,SNPP,SNPP,n,2.0NRT,298.38,2.36,D
15.86455,76.55697,336.54,0.39,0.36,2026-08-09,0822,SNPP,SNPP,n,2.0NRT,300.89,2.28,D
15.86401,76.55335,341.33,0.39,0.36,2026-08-09,0822,SNPP,SNPP,n,2.0NRT,299.62,2.28,D
16.28229,77.94062,332.97,0.42,0.38,2026-08-09,0822,SNPP,SNPP,n,2.0NRT,295.16,1.82,D
11.19703,78.23231,336.41,0.4,0.37,2026-08-09,0822,SNPP,SNPP,n,2.0NRT,302.37,5.29,D
16.93182,80.82512,334.89,0.39,0.44,2026-08-09,0822,SNPP,SNPP,n,2.0NRT,289.57,1.84,D
16.87387,76.99135,331.58,0.4,0.37,2026-08-09,0822,SNPP,SNPP,n,2.0NRT,295.38,1.83,D
16.87724,76.99081,333.41,0.4,0.37,2026-08-09,0822,SNPP,SNPP,n,2.0NRT,295.37,3,D
12.07076,79.81661,338.9,0.46,0.39,2026-08-09,0822,SNPP,SNPP,n,2.0NRT,297.28,4.54,D
12.71801,77.46906,339.87,0.39,0.36,2026-08-09,0822,SNPP,SNPP,n,2.0NRT,298.49,8.87,D
21.74523,83.8415,357.33,0.35,0.57,2026-08-09,0824,SNPP,SNPP,l,2.0NRT,287.79,10.2,D
21.74558,83.84499,348.88,0.35,0.57,2026-08-09,0824,SNPP,SNPP,n,2.0NRT,287.87,13.51,D
23.72545,86.43877,303.96,0.64,0.72,2026-08-09,1913,SNPP,SNPP,n,2.0NRT,283.53,2.72,N
23.7766,86.36593,303.26,0.65,0.73,2026-08-09,1913,SNPP,SNPP,n,2.0NRT,283.33,3.79,N
23.77515,86.38584,302.55,0.65,0.73,2026-08-09,1913,SNPP,SNPP,n,2.0NRT,283.02,5.89,N
23.73755,86.43457,301.63,0.64,0.72,2026-08-09,1913,SNPP,SNPP,n,2.0NRT,283.46,2.18,N
23.72358,86.43977,304.84,0.64,0.72,2026-08-09,1913,SNPP,SNPP,n,2.0NRT,283.74,3.39,N
23.67917,86.08173,308.47,0.67,0.74,2026-08-09,1913,SNPP,SNPP,n,2.0NRT,283.66,5.35,N
23.67829,86.09538,303.21,0.67,0.74,2026-08-09,1913,SNPP,SNPP,n,2.0NRT,283.72,1.68,N
23.679,86.08202,310.64,0.67,0.74,2026-08-09,1913,SNPP,SNPP,n,2.0NRT,283.37,4.5,N
23.6142,86.78581,300.2,0.61,0.71,2026-08-09,1913,SNPP,SNPP,n,2.0NRT,283.27,1,N
23.61382,86.79093,301.45,0.61,0.71,2026-08-09,1913,SNPP,SNPP,n,2.0NRT,283.76,1,N
23.56024,87.23846,307.75,0.57,0.69,2026-08-09,1913,SNPP,SNPP,n,2.0NRT,281.33,4.18,N
23.77668,86.38493,303.03,0.65,0.73,2026-08-09,1913,SNPP,SNPP,n,2.0NRT,283.49,4.09,N
23.64419,85.44029,303.65,0.74,0.76,2026-08-09,1913,SNPP,SNPP,n,2.0NRT,283.05,2.76,N
23.60814,85.67458,301.04,0.71,0.75,2026-08-09,1913,SNPP,SNPP,n,2.0NRT,282.98,2.14,N
22.78946,86.20515,299.41,0.65,0.73,2026-08-09,1913,SNPP,SNPP,n,2.0NRT,281.43,3,N
22.36279,87.01665,310.07,0.57,0.69,2026-08-09,1913,SNPP,SNPP,n,2.0NRT,280.9,2.89,N
22.36856,87.01659,301.8,0.57,0.69,2026-08-09,1913,SNPP,SNPP,n,2.0NRT,281.31,1.6,N
22.36211,87.01589,305.84,0.57,0.69,2026-08-09,1913,SNPP,SNPP,n,2.0NRT,281.24,2.38,N
23.65178,85.43373,303.24,0.74,0.76,2026-08-09,1913,SNPP,SNPP,n,2.0NRT,282.76,2.09,N
23.69268,87.12355,302.44,0.58,0.7,2026-08-09,1913,SNPP,SNPP,n,2.0NRT,281.23,3.42,N
29.47577,76.85696,307.79,0.39,0.36,2026-08-09,2051,SNPP,SNPP,n,2.0NRT,287.48,0.61,N
28.74297,76.93353,308.59,0.39,0.36,2026-08-09,2051,SNPP,SNPP,n,2.0NRT,287.86,0.94,N
34.15973,77.6091,303.4,0.38,0.36,2026-08-09,2051,SNPP,SNPP,n,2.0NRT,284.25,0.61,N
28.37205,77.22668,305.23,0.39,0.36,2026-08-09,2051,SNPP,SNPP,n,2.0NRT,287.46,0.97,N
21.76204,83.84266,302.22,0.35,0.57,2026-08-09,2053,SNPP,SNPP,n,2.0NRT,281.94,0.74,N
21.75613,83.84473,331.1,0.35,0.57,2026-08-09,2053,SNPP,SNPP,n,2.0NRT,282.29,1.57,N
21.75689,83.84132,306.24,0.35,0.57,2026-08-09,2053,SNPP,SNPP,n,2.0NRT,282.08,1.57,N
21.75098,83.84337,321.57,0.35,0.57,2026-08-09,2053,SNPP,SNPP,n,2.0NRT,281.66,1.57,N
21.75174,83.83995,301.66,0.35,0.57,2026-08-09,2053,SNPP,SNPP,n,2.0NRT,279.99,1.57,N
21.74584,83.84196,367,0.35,0.57,2026-08-09,2053,SNPP,SNPP,h,2.0NRT,282.41,4.53,N
21.7466,83.83854,303.08,0.35,0.57,2026-08-09,2053,SNPP,SNPP,n,2.0NRT,279.54,4.53,N
21.74508,83.84539,304.62,0.35,0.57,2026-08-09,2053,SNPP,SNPP,n,2.0NRT,282.25,2.07,N
21.7407,83.84058,308.79,0.35,0.57,2026-08-09,2053,SNPP,SNPP,n,2.0NRT,281.73,4.53,N
21.73995,83.84397,303.18,0.35,0.57,2026-08-09,2053,SNPP,SNPP,n,2.0NRT,281.42,2.07,N
21.69786,84.03272,300.38,0.36,0.58,2026-08-09,2053,SNPP,SNPP,n,2.0NRT,286.1,0.95,N
21.7454,83.84225,367,0.35,0.57,2026-08-09,2053,SNPP,SNPP,h,2.0NRT,282.45,4.43,N
21.74613,83.83881,302.67,0.35,0.57,2026-08-09,2053,SNPP,SNPP,n,2.0NRT,279.07,4.43,N
21.74466,83.84566,304.79,0.35,0.57,2026-08-09,2053,SNPP,SNPP,n,2.0NRT,281.94,2.16,N
21.74026,83.84083,303.89,0.35,0.57,2026-08-09,2053,SNPP,SNPP,n,2.0NRT,280.66,4.43,N
21.73952,83.84424,301.74,0.35,0.57,2026-08-09,2053,SNPP,SNPP,n,2.0NRT,279.15,2.16,N
21.80161,82.04208,298.97,0.54,0.51,2026-08-09,2053,SNPP,SNPP,n,2.0NRT,286.53,1.46,N
20.98613,85.13412,307.17,0.44,0.62,2026-08-09,2053,SNPP,SNPP,n,2.0NRT,284.57,1.25,N
20.97851,85.16796,303.53,0.44,0.63,2026-08-09,2053,SNPP,SNPP,n,2.0NRT,284.78,2.42,N
20.97757,85.17213,306.64,0.44,0.63,2026-08-09,2053,SNPP,SNPP,n,2.0NRT,284.05,1.67,N
20.98047,85.13264,309.35,0.44,0.62,2026-08-09,2053,SNPP,SNPP,n,2.0NRT,284.93,2.63,N
20.97952,85.13689,304.81,0.44,0.62,2026-08-09,2053,SNPP,SNPP,n,2.0NRT,284.8,2.03,N
20.97097,85.17477,306.12,0.44,0.63,2026-08-09,2053,SNPP,SNPP,n,2.0NRT,282.96,1.68,N
20.9672,85.16487,305.74,0.44,0.63,2026-08-09,2053,SNPP,SNPP,n,2.0NRT,284.02,3.57,N
20.96626,85.16904,306.44,0.44,0.63,2026-08-09,2053,SNPP,SNPP,n,2.0NRT,285.1,1.68,N
20.96531,85.17321,303.02,0.44,0.63,2026-08-09,2053,SNPP,SNPP,n,2.0NRT,282.73,1.68,N
21.57739,82.02422,303.84,0.55,0.51,2026-08-09,2053,SNPP,SNPP,n,2.0NRT,287.59,0.74,N
21.57567,82.02277,305.27,0.55,0.51,2026-08-09,2053,SNPP,SNPP,n,2.0NRT,287.38,1.36,N
20.79585,85.25479,322.38,0.45,0.63,2026-08-09,2053,SNPP,SNPP,n,2.0NRT,283.66,4.58,N
23.31598,70.48666,304.72,0.5,0.41,2026-08-09,2053,SNPP,SNPP,n,2.0NRT,287.01,1.34,N
21.36524,81.67861,305.57,0.52,0.5,2026-08-09,2053,SNPP,SNPP,n,2.0NRT,287.26,1.74,N
23.26503,70.2586,300.98,0.52,0.41,2026-08-09,2053,SNPP,SNPP,n,2.0NRT,283.85,0.45,N
21.29874,81.60884,301.03,0.52,0.5,2026-08-09,2053,SNPP,SNPP,n,2.0NRT,280.22,1.09,N
21.18384,81.38453,308.14,0.51,0.49,2026-08-09,2053,SNPP,SNPP,n,2.0NRT,287.48,2.28,N
22.93463,69.69802,308.32,0.55,0.42,2026-08-09,2053,SNPP,SNPP,n,2.0NRT,292.47,1.61,N
22.33633,69.86706,296.59,0.53,0.42,2026-08-09,2053,SNPP,SNPP,n,2.0NRT,276.09,0.94,N
21.10748,72.64737,337.04,0.4,0.37,2026-08-09,2053,SNPP,SNPP,n,2.0NRT,284.79,2.5,N
21.10862,72.63972,304.99,0.4,0.37,2026-08-09,2053,SNPP,SNPP,n,2.0NRT,281.09,0.95,N
21.10805,72.64354,305.64,0.4,0.37,2026-08-09,2053,SNPP,SNPP,n,2.0NRT,281.4,2.5,N
21.10411,72.6468,327.81,0.4,0.37,2026-08-09,2053,SNPP,SNPP,n,2.0NRT,281.03,2.5,N
21.10583,72.63531,301.51,0.4,0.37,2026-08-09,2053,SNPP,SNPP,n,2.0NRT,276.58,0.95,N
21.10468,72.64297,304.37,0.4,0.37,2026-08-09,2053,SNPP,SNPP,n,2.0NRT,279.26,2.5,N
21.10246,72.63474,334.79,0.4,0.37,2026-08-09,2053,SNPP,SNPP,n,2.0NRT,276.12,2.43,N
21.10189,72.63857,299.87,0.4,0.37,2026-08-09,2053,SNPP,SNPP,n,2.0NRT,277.11,2.43,N
21.05607,72.85309,308.76,0.39,0.37,2026-08-09,2053,SNPP,SNPP,n,2.0NRT,281.79,0.73,N
21.05272,72.85251,305.92,0.39,0.37,2026-08-09,2053,SNPP,SNPP,n,2.0NRT,281.49,0.73,N
22.41452,69.03976,305.86,0.39,0.44,2026-08-09,2053,SNPP,SNPP,n,2.0NRT,291.91,2.56,N
23.5636,87.24025,311.73,0.52,0.67,2026-08-09,2053,SNPP,SNPP,n,2.0NRT,283.68,3.77,N
23.55756,87.23849,331.11,0.52,0.67,2026-08-09,2053,SNPP,SNPP,n,2.0NRT,283.93,6.46,N
23.5581,87.23757,320.15,0.52,0.67,2026-08-09,2053,SNPP,SNPP,n,2.0NRT,283.53,3.94,N
23.55688,87.24264,319.62,0.52,0.67,2026-08-09,2053,SNPP,SNPP,n,2.0NRT,283.57,3.94,N
23.70715,86.07474,309.27,0.44,0.62,2026-08-09,2053,SNPP,SNPP,n,2.0NRT,285.3,1.54,N
23.78739,85.55407,304.64,0.41,0.6,2026-08-09,2053,SNPP,SNPP,n,2.0NRT,284.95,1.76,N
23.78459,85.56609,303.32,0.41,0.61,2026-08-09,2053,SNPP,SNPP,n,2.0NRT,285.25,1.71,N
23.69682,85.37211,312.73,0.4,0.6,2026-08-09,2053,SNPP,SNPP,n,2.0NRT,285.43,2.51,N
23.69139,85.37067,301.7,0.4,0.6,2026-08-09,2053,SNPP,SNPP,n,2.0NRT,284.11,1.02,N
23.6982,85.36979,304.83,0.4,0.6,2026-08-09,2053,SNPP,SNPP,n,2.0NRT,285.52,0.75,N
23.69277,85.36834,301.77,0.4,0.6,2026-08-09,2053,SNPP,SNPP,n,2.0NRT,284.98,0.75,N
23.69188,85.37228,300.95,0.4,0.6,2026-08-09,2053,SNPP,SNPP,n,2.0NRT,283.39,0.75,N
23.68279,85.36151,303.63,0.4,0.6,2026-08-09,2053,SNPP,SNPP,n,2.0NRT,285.34,1,N
23.82163,84.57192,296.02,0.35,0.57,2026-08-09,2053,SNPP,SNPP,n,2.0NRT,282.73,1.68,N
24.18504,82.65644,305.11,0.53,0.5,2026-08-09,2053,SNPP,SNPP,n,2.0NRT,288.06,1.5,N
24.17704,82.64884,304.12,0.53,0.5,2026-08-09,2053,SNPP,SNPP,n,2.0NRT,288.36,1.95,N
24.17747,82.65152,309.63,0.53,0.5,2026-08-09,2053,SNPP,SNPP,n,2.0NRT,288.57,1.92,N
25.94221,72.19034,297.05,0.45,0.39,2026-08-09,2053,SNPP,SNPP,n,2.0NRT,251.72,0.98,N
22.57261,85.8962,315.67,0.45,0.63,2026-08-09,2053,SNPP,SNPP,n,2.0NRT,284.87,2.37,N
22.57268,85.89642,315.22,0.46,0.63,2026-08-09,2053,SNPP,SNPP,n,2.0NRT,285.1,2.38,N
22.06459,83.70384,299.4,0.34,0.56,2026-08-09,2053,SNPP,SNPP,n,2.0NRT,285.57,0.62,N
22.01604,83.75397,302.39,0.34,0.56,2026-08-09,2053,SNPP,SNPP,n,2.0NRT,286.91,0.71,N
21.96346,83.77216,306.88,0.35,0.56,2026-08-09,2053,SNPP,SNPP,n,2.0NRT,287.27,0.98,N
21.96713,83.77322,306.19,0.35,0.56,2026-08-09,2053,SNPP,SNPP,n,2.0NRT,287.2,0.96,N
22.04151,83.35121,306,0.32,0.55,2026-08-09,2053,SNPP,SNPP,n,2.0NRT,287.01,0.62,N
22.04084,83.35434,305.59,0.32,0.55,2026-08-09,2053,SNPP,SNPP,n,2.0NRT,287.39,0.62,N
22.03652,83.35001,309.81,0.32,0.55,2026-08-09,2053,SNPP,SNPP,n,2.0NRT,286.96,0.9,N
22.03585,83.35313,302.69,0.32,0.55,2026-08-09,2053,SNPP,SNPP,n,2.0NRT,287.24,0.9,N
22.03518,83.35629,303.07,0.32,0.55,2026-08-09,2053,SNPP,SNPP,n,2.0NRT,287.39,1.37,N
22.03383,83.36263,302.33,0.32,0.55,2026-08-09,2053,SNPP,SNPP,n,2.0NRT,287.23,0.93,N
22.03315,83.36578,309.35,0.32,0.55,2026-08-09,2053,SNPP,SNPP,n,2.0NRT,287.56,0.93,N
21.85959,83.96744,305.11,0.36,0.57,2026-08-09,2053,SNPP,SNPP,n,2.0NRT,286.95,0.85,N
21.98326,83.23328,308.46,0.32,0.55,2026-08-09,2053,SNPP,SNPP,n,2.0NRT,286.98,1.54,N
21.98404,83.23331,313.26,0.32,0.55,2026-08-09,2053,SNPP,SNPP,n,2.0NRT,286.97,0.63,N
21.9223,83.35155,327.47,0.33,0.55,2026-08-09,2053,SNPP,SNPP,n,2.0NRT,287.99,1.99,N
21.92497,83.3391,319.32,0.33,0.55,2026-08-09,2053,SNPP,SNPP,n,2.0NRT,287.43,2.53,N
21.92297,83.34842,305.39,0.33,0.55,2026-08-09,2053,SNPP,SNPP,n,2.0NRT,287.4,1.99,N
21.76745,84.01727,308.2,0.36,0.57,2026-08-09,2053,SNPP,SNPP,n,2.0NRT,286.56,1.45,N
21.7667,84.02068,311.13,0.36,0.57,2026-08-09,2053,SNPP,SNPP,n,2.0NRT,286.49,1.45,N
21.76148,84.01937,309.95,0.36,0.57,2026-08-09,2053,SNPP,SNPP,n,2.0NRT,286.62,1.97,N
21.76073,84.02281,305.64,0.36,0.57,2026-08-09,2053,SNPP,SNPP,n,2.0NRT,286.79,1.14,N
21.7555,84.02152,304.3,0.36,0.57,2026-08-09,2053,SNPP,SNPP,n,2.0NRT,286.65,1.14,N
21.75475,84.02496,311.48,0.36,0.58,2026-08-09,2053,SNPP,SNPP,n,2.0NRT,286.61,1.14,N
21.77686,83.8248,317.02,0.35,0.57,2026-08-09,2053,SNPP,SNPP,n,2.0NRT,286.71,2.22,N
21.76645,83.84737,304.54,0.35,0.57,2026-08-09,2053,SNPP,SNPP,n,2.0NRT,284.25,0.74,N
15.3384,76.28057,319.07,0.48,0.4,2026-08-09,2053,SNPP,SNPP,n,2.0NRT,282.8,1.24,N
15.33398,76.28428,301.8,0.48,0.4,2026-08-09,2053,SNPP,SNPP,n,2.0NRT,280.59,0.61,N
15.02215,78.01655,309.3,0.4,0.44,2026-08-09,2053,SNPP,SNPP,n,2.0NRT,290.87,1.21,N
15.33284,76.24754,304.58,0.48,0.4,2026-08-09,2053,SNPP,SNPP,n,2.0NRT,286.14,0.67,N
15.17859,77.10164,303.55,0.53,0.42,2026-08-09,2053,SNPP,SNPP,n,2.0NRT,286.08,0.93,N
15.17477,77.1009,304.35,0.53,0.42,2026-08-09,2053,SNPP,SNPP,n,2.0NRT,286.31,0.93,N
15.22696,76.76333,317.11,0.51,0.41,2026-08-09,2053,SNPP,SNPP,n,2.0NRT,291.42,1.96,N
15.18752,76.65742,305.57,0.5,0.41,2026-08-09,2053,SNPP,SNPP,n,2.0NRT,289.22,1.82,N
15.18005,76.65598,305.06,0.5,0.41,2026-08-09,2053,SNPP,SNPP,n,2.0NRT,288.25,1.25,N
15.176,76.67924,303.56,0.5,0.41,2026-08-09,2053,SNPP,SNPP,n,2.0NRT,288.93,2.26,N
15.17357,76.69316,307.58,0.5,0.41,2026-08-09,2053,SNPP,SNPP,n,2.0NRT,288.66,0.94,N
15.17632,76.65526,316.1,0.5,0.41,2026-08-09,2053,SNPP,SNPP,n,2.0NRT,289.35,1.92,N
15.17551,76.65991,309.43,0.5,0.41,2026-08-09,2053,SNPP,SNPP,n,2.0NRT,288.44,1.92,N
15.17016,76.66847,305.37,0.5,0.41,2026-08-09,2053,SNPP,SNPP,n,2.0NRT,288.79,1.7,N
9.71592,77.59735,333.99,0.46,0.47,2026-08-09,2055,SNPP,SNPP,n,2.0NRT,290.27,3.01,N
9.7151,77.60211,318.67,0.46,0.47,2026-08-09,2055,SNPP,SNPP,n,2.0NRT,289.84,3.01,N
9.71142,77.59763,326.39,0.46,0.47,2026-08-09,2055,SNPP,SNPP,n,2.0NRT,289.48,3.01,N
9.71063,77.60217,307.3,0.46,0.47,2026-08-09,2055,SNPP,SNPP,n,2.0NRT,290.09,3.01,N
20.86897,70.56341,304.13,0.47,0.4,2026-08-09,2055,SNPP,SNPP,n,2.0NRT,288.58,1.22,N
18.95695,73.94106,304.84,0.38,0.36,2026-08-09,2055,SNPP,SNPP,n,2.0NRT,289.53,0.43,N
18.68744,73.03105,310.64,0.39,0.36,2026-08-09,2055,SNPP,SNPP,n,2.0NRT,291.63,1.37,N
18.68412,73.03049,310.97,0.39,0.36,2026-08-09,2055,SNPP,SNPP,n,2.0NRT,289.69,1.37,N
10.41551,77.10945,320.29,0.42,0.45,2026-08-09,2055,SNPP,SNPP,n,2.0NRT,287.16,2.55,N
9.725,77.60458,302.41,0.46,0.47,2026-08-09,2055,SNPP,SNPP,n,2.0NRT,288.54,1.92,N
9.72415,77.60929,319.58,0.46,0.47,2026-08-09,2055,SNPP,SNPP,n,2.0NRT,289.29,1.92,N
9.72057,77.60439,325.17,0.46,0.47,2026-08-09,2055,SNPP,SNPP,n,2.0NRT,289.69,1.92,N
9.71971,77.60912,316.36,0.46,0.47,2026-08-09,2055,SNPP,SNPP,n,2.0NRT,289.45,1.92,N
9.71691,77.59991,322.27,0.46,0.47,2026-08-09,2055,SNPP,SNPP,n,2.0NRT,289.49,5.68,N
9.71238,77.60028,342.1,0.46,0.47,2026-08-09,2055,SNPP,SNPP,n,2.0NRT,290.56,5.68,N
9.72325,77.60651,334.47,0.46,0.47,2026-08-09,2055,SNPP,SNPP,n,2.0NRT,289.84,3.78,N
9.72244,77.61123,314.72,0.46,0.47,2026-08-09,2055,SNPP,SNPP,n,2.0NRT,289.24,3.78,N
9.71963,77.60168,307.9,0.46,0.47,2026-08-09,2055,SNPP,SNPP,n,2.0NRT,288.83,0.83,N
14.25999,80.11745,337.94,0.39,0.36,2026-08-10,0801,SNPP,SNPP,l,2.0NRT,303.7,7.87,D
8.66499,77.87334,340.85,0.54,0.42,2026-08-10,0801,SNPP,SNPP,n,2.0NRT,301.71,6.53,D
8.74038,77.72398,332.77,0.55,0.43,2026-08-10,0801,SNPP,SNPP,n,2.0NRT,301.52,2.94,D
9.11507,77.54341,346.35,0.55,0.43,2026-08-10,0801,SNPP,SNPP,n,2.0NRT,301.99,5.08,D
9.42565,78.80767,336.8,0.47,0.4,2026-08-10,0801,SNPP,SNPP,l,2.0NRT,299.57,8.7,D
9.53488,78.5205,330.49,0.48,0.4,2026-08-10,0801,SNPP,SNPP,l,2.0NRT,300.86,2.49,D
9.65848,78.09887,336.36,0.51,0.41,2026-08-10,0801,SNPP,SNPP,n,2.0NRT,304.93,5.64,D
9.65751,78.09645,338.99,0.51,0.41,2026-08-10,0801,SNPP,SNPP,n,2.0NRT,304.84,4.57,D
9.70958,77.59943,339.29,0.54,0.42,2026-08-10,0801,SNPP,SNPP,n,2.0NRT,295.83,6.59,D
9.67706,77.40768,353.93,0.55,0.43,2026-08-10,0801,SNPP,SNPP,n,2.0NRT,300.22,27.78,D
9.90223,78.1714,335.02,0.5,0.41,2026-08-10,0801,SNPP,SNPP,n,2.0NRT,302.49,2.8,D
10.007,78.03323,355.73,0.51,0.41,2026-08-10,0801,SNPP,SNPP,n,2.0NRT,303.39,19.23,D
10.40051,79.41708,346.89,0.43,0.38,2026-08-10,0801,SNPP,SNPP,n,2.0NRT,298.99,8.13,D
11.73288,79.25768,339.42,0.43,0.38,2026-08-10,0801,SNPP,SNPP,n,2.0NRT,303.89,6.56,D
12.09698,79.78356,346.95,0.41,0.37,2026-08-10,0801,SNPP,SNPP,n,2.0NRT,296.78,8.28,D
12.56739,76.95238,341.37,0.54,0.42,2026-08-10,0801,SNPP,SNPP,n,2.0NRT,296.74,6.39,D
13.99028,79.82359,345.75,0.4,0.37,2026-08-10,0801,SNPP,SNPP,n,2.0NRT,302.37,9.45,D
14.61157,79.57929,331.31,0.4,0.37,2026-08-10,0803,SNPP,SNPP,l,2.0NRT,301.41,3.22,D
14.41773,77.48374,336.38,0.47,0.4,2026-08-10,0803,SNPP,SNPP,l,2.0NRT,299.27,4.22,D
14.78313,77.36995,333.51,0.48,0.4,2026-08-10,0803,SNPP,SNPP,l,2.0NRT,295.22,5.15,D
15.17701,79.4042,335.91,0.4,0.37,2026-08-10,0803,SNPP,SNPP,l,2.0NRT,303.39,3.8,D
15.29744,79.91622,336.62,0.39,0.36,2026-08-10,0803,SNPP,SNPP,l,2.0NRT,304.21,6.41,D
15.31481,79.78688,339.73,0.39,0.36,2026-08-10,0803,SNPP,SNPP,l,2.0NRT,306.18,7.27,D
15.66939,80.24091,340.92,0.39,0.36,2026-08-10,0803,SNPP,SNPP,n,2.0NRT,307.19,26.37,D
15.73965,76.86564,333.53,0.49,0.4,2026-08-10,0803,SNPP,SNPP,n,2.0NRT,298.41,6.36,D
16.6777,79.28349,334.32,0.39,0.36,2026-08-10,0803,SNPP,SNPP,l,2.0NRT,301.38,3.93,D
17.95901,80.79624,331.58,0.39,0.36,2026-08-10,0803,SNPP,SNPP,n,2.0NRT,300.21,2.82,D
19.81181,79.30586,333.62,0.38,0.36,2026-08-10,0803,SNPP,SNPP,n,2.0NRT,298.76,1.52,D
27.46151,95.47781,305.79,0.38,0.59,2026-08-10,1851,SNPP,SNPP,n,2.0NRT,285.79,2.14,N
27.31815,95.26571,306.66,0.39,0.59,2026-08-10,1851,SNPP,SNPP,n,2.0NRT,288.23,1.48,N
27.22307,95.34376,308.54,0.38,0.59,2026-08-10,1851,SNPP,SNPP,n,2.0NRT,288.42,0.8,N
27.22299,95.34394,307.29,0.38,0.59,2026-08-10,1851,SNPP,SNPP,n,2.0NRT,288.14,1.19,N
26.77199,94.50657,307.07,0.43,0.62,2026-08-10,1851,SNPP,SNPP,n,2.0NRT,287.31,3.63,N
23.76469,86.40427,304,0.47,0.48,2026-08-10,2032,SNPP,SNPP,n,2.0NRT,282.6,1.8,N
23.74069,86.43222,303.33,0.47,0.48,2026-08-10,2032,SNPP,SNPP,n,2.0NRT,285.19,1.6,N
23.73635,86.43119,309.38,0.47,0.48,2026-08-10,2032,SNPP,SNPP,n,2.0NRT,283.53,1.6,N
23.74017,86.43353,305.53,0.47,0.48,2026-08-10,2032,SNPP,SNPP,n,2.0NRT,284.99,1.47,N
23.73582,86.4325,307.8,0.47,0.48,2026-08-10,2032,SNPP,SNPP,n,2.0NRT,284.03,1.47,N
23.71038,86.44572,303.13,0.47,0.48,2026-08-10,2032,SNPP,SNPP,n,2.0NRT,283.23,0.96,N
23.6797,86.39513,304.13,0.47,0.48,2026-08-10,2032,SNPP,SNPP,n,2.0NRT,282.86,1.54,N
23.67876,86.3997,302.17,0.47,0.48,2026-08-10,2032,SNPP,SNPP,n,2.0NRT,283.07,1.54,N
23.75876,85.85487,306.85,0.44,0.46,2026-08-10,2032,SNPP,SNPP,n,2.0NRT,289,2.36,N
23.75457,85.85389,308.66,0.44,0.46,2026-08-10,2032,SNPP,SNPP,n,2.0NRT,290,2.36,N
23.82257,85.49671,308.19,0.42,0.45,2026-08-10,2032,SNPP,SNPP,n,2.0NRT,290.96,1.94,N
23.82469,85.49886,307.93,0.42,0.45,2026-08-10,2032,SNPP,SNPP,n,2.0NRT,290.74,2.63,N
23.75578,85.85191,315.07,0.44,0.46,2026-08-10,2032,SNPP,SNPP,n,2.0NRT,290.47,5.25,N
23.78816,85.55405,308.19,0.42,0.45,2026-08-10,2032,SNPP,SNPP,n,2.0NRT,289.81,1.27,N
23.78163,85.56542,310.99,0.42,0.45,2026-08-10,2032,SNPP,SNPP,n,2.0NRT,289.95,1.44,N
23.78002,85.57363,308.17,0.42,0.45,2026-08-10,2032,SNPP,SNPP,n,2.0NRT,290.36,2.75,N
23.74609,85.50594,304.91,0.42,0.45,2026-08-10,2032,SNPP,SNPP,n,2.0NRT,289.89,0.92,N
23.69766,85.37018,304.92,0.41,0.45,2026-08-10,2034,SNPP,SNPP,n,2.0NRT,289.46,1.3,N
23.69358,85.36925,320.89,0.41,0.45,2026-08-10,2034,SNPP,SNPP,n,2.0NRT,289.53,1.3,N
23.69617,85.29114,313.71,0.41,0.45,2026-08-10,2034,SNPP,SNPP,n,2.0NRT,289.32,1.31,N
23.73882,85.00931,304.21,0.39,0.44,2026-08-10,2034,SNPP,SNPP,n,2.0NRT,289.03,1.47,N
23.73657,85.02082,306.38,0.39,0.44,2026-08-10,2034,SNPP,SNPP,n,2.0NRT,289.07,1.07,N
23.73483,85.00838,303.67,0.39,0.44,2026-08-10,2034,SNPP,SNPP,n,2.0NRT,289.21,0.8,N
23.72211,85.0095,304.33,0.39,0.44,2026-08-10,2034,SNPP,SNPP,n,2.0NRT,288.82,0.65,N
23.71813,85.00859,304.69,0.39,0.44,2026-08-10,2034,SNPP,SNPP,n,2.0NRT,288.6,0.65,N
22.87322,86.06417,311.97,0.47,0.47,2026-08-10,2034,SNPP,SNPP,n,2.0NRT,286.43,1.81,N
22.79259,86.1953,306,0.48,0.48,2026-08-10,2034,SNPP,SNPP,n,2.0NRT,282.34,2.71,N
22.79967,86.0918,312.26,0.47,0.48,2026-08-10,2034,SNPP,SNPP,n,2.0NRT,284.01,2.5,N
20.86561,84.9946,308.58,0.44,0.46,2026-08-10,2034,SNPP,SNPP,n,2.0NRT,286.6,2.57,N
20.86225,84.98945,303.1,0.44,0.46,2026-08-10,2034,SNPP,SNPP,n,2.0NRT,286.36,3.24,N
20.86698,84.99238,305.69,0.44,0.46,2026-08-10,2034,SNPP,SNPP,n,2.0NRT,286.46,2.35,N
20.86358,84.98724,310.48,0.44,0.46,2026-08-10,2034,SNPP,SNPP,n,2.0NRT,285.82,2.21,N
19.96435,79.33541,308.94,0.39,0.36,2026-08-10,2034,SNPP,SNPP,n,2.0NRT,289.41,1.08,N
18.71994,79.53657,309.87,0.4,0.37,2026-08-10,2034,SNPP,SNPP,n,2.0NRT,289.56,1.69,N
18.71598,79.53969,307.68,0.4,0.37,2026-08-10,2034,SNPP,SNPP,n,2.0NRT,289.3,1.6,N
9.90036,77.68868,330.49,0.4,0.37,2026-08-10,2038,SNPP,SNPP,n,2.0NRT,290.67,2.83,N
9.89699,77.68813,321.31,0.4,0.37,2026-08-10,2038,SNPP,SNPP,n,2.0NRT,290.67,2.01,N
9.72326,77.61427,303.75,0.4,0.37,2026-08-10,2038,SNPP,SNPP,n,2.0NRT,290.64,0.32,N
9.71671,77.59083,305.73,0.4,0.37,2026-08-10,2038,SNPP,SNPP,n,2.0NRT,290.88,1.08,N
9.70653,77.58966,309.63,0.4,0.37,2026-08-10,2038,SNPP,SNPP,n,2.0NRT,292.62,1.61,N
9.70315,77.58917,344.88,0.4,0.37,2026-08-10,2038,SNPP,SNPP,n,2.0NRT,294,6.37,N
9.53022,77.44653,342.64,0.4,0.37,2026-08-10,2038,SNPP,SNPP,n,2.0NRT,294.87,3.14,N
9.52966,77.44995,337.96,0.4,0.37,2026-08-10,2038,SNPP,SNPP,n,2.0NRT,293.68,3.14,N
9.52627,77.44958,320.1,0.4,0.37,2026-08-10,2038,SNPP,SNPP,n,2.0NRT,292.59,3.14,N
9.52684,77.44609,315.95,0.4,0.37,2026-08-10,2038,SNPP,SNPP,n,2.0NRT,293.58,3.14,N
9.28078,77.39169,329.87,0.4,0.37,2026-08-10,2038,SNPP,SNPP,n,2.0NRT,291.78,2.94,N
9.20653,77.49845,310.68,0.4,0.37,2026-08-10,2038,SNPP,SNPP,n,2.0NRT,293.23,1.56,N
8.69899,78.05886,316.48,0.42,0.38,2026-08-10,2038,SNPP,SNPP,n,2.0NRT,293.48,1.16,N
28.06321,95.35553,327.28,0.47,0.64,2026-08-11,0608,SNPP,SNPP,n,2.0NRT,293.7,4.22,D
9.16179,77.91492,341.92,0.36,0.57,2026-08-11,0741,SNPP,SNPP,n,2.0NRT,272.28,3.53,D
10.83465,78.6193,340.31,0.6,0.53,2026-08-11,0744,SNPP,SNPP,n,2.0NRT,288.36,11.21,D
10.93614,78.50137,334.18,0.61,0.53,2026-08-11,0744,SNPP,SNPP,n,2.0NRT,295.06,7.51,D
10.93295,78.50113,335,0.6,0.53,2026-08-11,0744,SNPP,SNPP,n,2.0NRT,295.8,2.47,D
11.65238,79.1266,341.69,0.53,0.5,2026-08-11,0744,SNPP,SNPP,n,2.0NRT,291.4,9.66,D
12.29835,78.21772,331.88,0.6,0.53,2026-08-11,0744,SNPP,SNPP,n,2.0NRT,295.98,3.83,D
13.35804,80.23712,330.27,0.42,0.46,2026-08-11,0744,SNPP,SNPP,n,2.0NRT,298.49,4.38,D
13.36924,80.1537,333.26,0.43,0.46,2026-08-11,0744,SNPP,SNPP,n,2.0NRT,296.81,1.87,D
13.46839,79.86543,330.21,0.45,0.47,2026-08-11,0744,SNPP,SNPP,n,2.0NRT,297.42,5.22,D
14.28755,77.5889,332.14,0.61,0.53,2026-08-11,0744,SNPP,SNPP,n,2.0NRT,295.76,8.36,D
14.65185,79.52352,335.67,0.45,0.47,2026-08-11,0744,SNPP,SNPP,n,2.0NRT,299.11,4.74,D
14.20572,76.8857,333.73,0.34,0.56,2026-08-11,0744,SNPP,SNPP,n,2.0NRT,295.27,2.48,D
14.72405,79.54469,336.35,0.45,0.47,2026-08-11,0744,SNPP,SNPP,n,2.0NRT,297.26,2.55,D
14.79489,79.71674,341.48,0.43,0.46,2026-08-11,0744,SNPP,SNPP,n,2.0NRT,301.17,2.24,D
14.8896,79.33846,330.6,0.46,0.47,2026-08-11,0744,SNPP,SNPP,n,2.0NRT,300.12,3.12,D
14.8567,76.95497,347.51,0.33,0.55,2026-08-11,0744,SNPP,SNPP,n,2.0NRT,296.43,3.81,D
14.85612,76.95194,333.96,0.33,0.55,2026-08-11,0744,SNPP,SNPP,n,2.0NRT,295.53,3.81,D
14.92106,76.83829,333.55,0.33,0.55,2026-08-11,0744,SNPP,SNPP,n,2.0NRT,295.04,3.24,D
15.56061,79.96441,331.98,0.41,0.45,2026-08-11,0744,SNPP,SNPP,n,2.0NRT,299.56,3.18,D
15.50542,79.54381,333.42,0.43,0.46,2026-08-11,0744,SNPP,SNPP,n,2.0NRT,302.44,1.58,D
15.28784,78.3216,333.38,0.52,0.5,2026-08-11,0744,SNPP,SNPP,n,2.0NRT,299.14,5.03,D
15.61035,79.47829,333.92,0.43,0.46,2026-08-11,0744,SNPP,SNPP,n,2.0NRT,300.29,2.44,D
15.74237,79.7478,367,0.42,0.45,2026-08-11,0744,SNPP,SNPP,h,2.0NRT,301.79,13.35,D
15.82722,80.0759,337.76,0.4,0.44,2026-08-11,0744,SNPP,SNPP,n,2.0NRT,299.81,3.41,D
15.76487,79.08978,335.82,0.46,0.47,2026-08-11,0744,SNPP,SNPP,n,2.0NRT,300.82,4.03,D
16.18703,79.21886,341.68,0.44,0.46,2026-08-11,0744,SNPP,SNPP,n,2.0NRT,298.18,5.58,D
16.19199,79.22189,337.02,0.44,0.46,2026-08-11,0744,SNPP,SNPP,n,2.0NRT,298.02,3.79,D
16.1912,79.21764,333.73,0.44,0.46,2026-08-11,0744,SNPP,SNPP,n,2.0NRT,298.91,3.79,D
16.58509,80.65373,351.25,0.54,0.42,2026-08-11,0744,SNPP,SNPP,n,2.0NRT,296,9.49,D
17.03344,80.86896,330.45,0.52,0.41,2026-08-11,0744,SNPP,SNPP,n,2.0NRT,297.1,3.2,D
17.14975,80.77999,336.15,0.52,0.41,2026-08-11,0744,SNPP,SNPP,n,2.0NRT,296.25,6.13,D
17.07935,79.29828,343.28,0.42,0.45,2026-08-11,0744,SNPP,SNPP,n,2.0NRT,293.19,4.78,D
23.67661,86.40046,339.43,0.44,0.38,2026-08-11,0746,SNPP,SNPP,n,2.0NRT,299.61,5.3,D
23.67603,86.39613,332.7,0.44,0.38,2026-08-11,0746,SNPP,SNPP,n,2.0NRT,297.42,5.3,D
23.68312,86.39497,337.76,0.44,0.38,2026-08-11,0746,SNPP,SNPP,n,2.0NRT,297.42,8.3,D
23.68666,86.39442,331.94,0.44,0.38,2026-08-11,0746,SNPP,SNPP,n,2.0NRT,296.98,5.02,D
23.70852,86.44854,331.98,0.44,0.39,2026-08-11,0746,SNPP,SNPP,n,2.0NRT,296.71,5.08,D
23.71266,86.45232,345.01,0.44,0.39,2026-08-11,0746,SNPP,SNPP,n,2.0NRT,298.38,8.07,D
23.73859,86.43661,336.81,0.44,0.39,2026-08-11,0746,SNPP,SNPP,n,2.0NRT,295.44,4.86,D
23.73802,86.43224,335.93,0.44,0.39,2026-08-11,0746,SNPP,SNPP,n,2.0NRT,297.09,4.86,D
23.75939,86.4022,334.36,0.44,0.39,2026-08-11,0746,SNPP,SNPP,n,2.0NRT,290.89,3.56,D
23.76351,86.40594,335.54,0.44,0.39,2026-08-11,0746,SNPP,SNPP,n,2.0NRT,290.67,3.56,D
23.7795,86.39009,336.13,0.44,0.38,2026-08-11,0746,SNPP,SNPP,n,2.0NRT,290.25,4.26,D
23.79607,86.3521,334.26,0.44,0.38,2026-08-11,0746,SNPP,SNPP,n,2.0NRT,289.52,5.15,D
23.82317,85.4987,331.16,0.41,0.37,2026-08-11,0746,SNPP,SNPP,l,2.0NRT,302.17,6.34,D
23.8239,84.57516,338.45,0.39,0.36,2026-08-11,0746,SNPP,SNPP,n,2.0NRT,301.98,8.57,D
23.82334,84.57131,337.01,0.39,0.36,2026-08-11,0746,SNPP,SNPP,n,2.0NRT,301.02,2.24,D
26.85012,90.44472,330.6,0.53,0.5,2026-08-11,0748,SNPP,SNPP,n,2.0NRT,293.27,4.4,D
27.24553,88.29237,340.22,0.4,0.44,2026-08-11,0748,SNPP,SNPP,n,2.0NRT,294.71,3.14,D
21.92939,85.21943,299.69,0.4,0.37,2026-08-11,2014,SNPP,SNPP,n,2.0NRT,283.28,1.54,N
21.80238,82.03889,309.42,0.41,0.37,2026-08-11,2014,SNPP,SNPP,n,2.0NRT,286.82,1.02,N
21.80074,85.56535,300.14,0.41,0.37,2026-08-11,2014,SNPP,SNPP,n,2.0NRT,281.48,0.48,N
21.9254,85.22261,321.36,0.4,0.37,2026-08-11,2014,SNPP,SNPP,n,2.0NRT,284.15,2.73,N
28.65111,77.58927,306.15,0.53,0.5,2026-08-11,2014,SNPP,SNPP,n,2.0NRT,290.38,6.51,N
28.6487,77.58789,307.21,0.53,0.5,2026-08-11,2014,SNPP,SNPP,n,2.0NRT,290.5,5.8,N
28.34927,77.25589,306.44,0.55,0.51,2026-08-11,2014,SNPP,SNPP,n,2.0NRT,289.2,3.29,N
25.54239,91.23597,308.27,0.44,0.46,2026-08-11,2014,SNPP,SNPP,n,2.0NRT,287.89,1.11,N
26.75969,83.19914,312.73,0.41,0.37,2026-08-11,2014,SNPP,SNPP,n,2.0NRT,291.03,2.97,N
24.3549,93.26946,304.35,0.62,0.54,2026-08-11,2014,SNPP,SNPP,n,2.0NRT,289.06,0.72,N
25.03586,87.38855,313.95,0.43,0.38,2026-08-11,2014,SNPP,SNPP,n,2.0NRT,292.6,1.34,N
25.03476,87.37252,307.52,0.43,0.38,2026-08-11,2014,SNPP,SNPP,n,2.0NRT,292.23,0.98,N
24.1188,86.86226,307.85,0.42,0.38,2026-08-11,2014,SNPP,SNPP,n,2.0NRT,290.72,3.12,N
24.11607,86.85741,307.05,0.42,0.38,2026-08-11,2014,SNPP,SNPP,n,2.0NRT,290.83,2.08,N
24.11535,86.86154,313.02,0.42,0.38,2026-08-11,2014,SNPP,SNPP,n,2.0NRT,291.3,2.08,N
23.8033,86.32986,309.99,0.41,0.37,2026-08-11,2014,SNPP,SNPP,n,2.0NRT,283.47,1.34,N
23.79478,86.2345,306.62,0.41,0.37,2026-08-11,2014,SNPP,SNPP,n,2.0NRT,289.15,1.58,N
23.78123,86.21118,326.79,0.41,0.37,2026-08-11,2014,SNPP,SNPP,n,2.0NRT,290.48,3.42,N
23.77852,86.20654,308.56,0.41,0.37,2026-08-11,2014,SNPP,SNPP,n,2.0NRT,292.09,1.13,N
23.77784,86.21052,307.26,0.41,0.37,2026-08-11,2014,SNPP,SNPP,n,2.0NRT,288.9,1.13,N
23.77445,86.20985,308.54,0.41,0.37,2026-08-11,2014,SNPP,SNPP,n,2.0NRT,291,1.13,N
23.7731,86.19726,315.9,0.41,0.37,2026-08-11,2014,SNPP,SNPP,n,2.0NRT,290.85,2.38,N
23.68299,86.394,304.58,0.41,0.37,2026-08-11,2014,SNPP,SNPP,n,2.0NRT,282.9,0.83,N
23.67889,86.39733,301.55,0.41,0.37,2026-08-11,2014,SNPP,SNPP,n,2.0NRT,280.82,0.83,N
23.67658,86.39417,300.57,0.41,0.37,2026-08-11,2014,SNPP,SNPP,n,2.0NRT,280.55,1.2,N
23.6759,86.3982,309.38,0.41,0.37,2026-08-11,2014,SNPP,SNPP,n,2.0NRT,282.45,1.2,N
23.67521,86.40223,303.92,0.41,0.37,2026-08-11,2014,SNPP,SNPP,n,2.0NRT,280.73,1.61,N
23.75737,85.85403,315.63,0.4,0.37,2026-08-11,2014,SNPP,SNPP,n,2.0NRT,291.2,1.87,N
23.75401,85.85337,315.37,0.4,0.37,2026-08-11,2014,SNPP,SNPP,n,2.0NRT,290.59,1.87,N
23.48925,87.36892,304.39,0.45,0.39,2026-08-11,2014,SNPP,SNPP,n,2.0NRT,287.82,2.63,N
23.70697,86.07074,330.69,0.41,0.37,2026-08-11,2014,SNPP,SNPP,n,2.0NRT,288.41,6.82,N
23.7063,86.07467,310.76,0.41,0.37,2026-08-11,2014,SNPP,SNPP,n,2.0NRT,288.25,6.82,N
23.7036,86.07006,312.66,0.41,0.37,2026-08-11,2014,SNPP,SNPP,n,2.0NRT,286.71,6.82,N
23.70293,86.07401,307.24,0.41,0.37,2026-08-11,2014,SNPP,SNPP,n,2.0NRT,286.71,6.82,N
23.78698,85.55224,318.72,0.39,0.37,2026-08-11,2014,SNPP,SNPP,n,2.0NRT,288.19,1.93,N
23.78109,85.56696,310.23,0.39,0.37,2026-08-11,2014,SNPP,SNPP,n,2.0NRT,289.15,1.35,N
23.77981,85.57465,309.27,0.39,0.37,2026-08-11,2014,SNPP,SNPP,n,2.0NRT,289.81,2.52,N
23.68405,86.08242,327.32,0.41,0.37,2026-08-11,2014,SNPP,SNPP,n,2.0NRT,286.5,3.23,N
23.68203,86.09425,324.49,0.41,0.37,2026-08-11,2014,SNPP,SNPP,n,2.0NRT,284.05,3.39,N
23.68136,86.0982,302.28,0.41,0.37,2026-08-11,2014,SNPP,SNPP,n,2.0NRT,282.37,1.22,N
23.67662,86.08499,323.01,0.41,0.37,2026-08-11,2014,SNPP,SNPP,n,2.0NRT,286.71,2.78,N
23.67595,86.08894,305.32,0.41,0.37,2026-08-11,2014,SNPP,SNPP,n,2.0NRT,284.67,1.19,N
23.66853,86.09152,305.9,0.41,0.37,2026-08-11,2014,SNPP,SNPP,n,2.0NRT,284,0.88,N
23.74338,85.50407,303.06,0.39,0.36,2026-08-11,2014,SNPP,SNPP,n,2.0NRT,283.43,0.53,N
23.82754,84.57332,306.58,0.38,0.36,2026-08-11,2014,SNPP,SNPP,n,2.0NRT,280.53,0.88,N
23.82424,84.57269,322.48,0.38,0.36,2026-08-11,2014,SNPP,SNPP,n,2.0NRT,281.69,1.47,N
23.82094,84.57207,306.88,0.38,0.36,2026-08-11,2014,SNPP,SNPP,n,2.0NRT,280.72,1.47,N
23.64886,85.43839,329.68,0.39,0.36,2026-08-11,2014,SNPP,SNPP,n,2.0NRT,281.34,1.34,N
23.6495,85.43458,305,0.39,0.36,2026-08-11,2014,SNPP,SNPP,n,2.0NRT,283.27,1.34,N
23.64823,85.44222,304.68,0.39,0.36,2026-08-11,2014,SNPP,SNPP,n,2.0NRT,282.53,1.1,N
23.64553,85.43775,308.94,0.39,0.36,2026-08-11,2014,SNPP,SNPP,n,2.0NRT,281.96,1.34,N
22.87343,86.06207,310.08,0.41,0.37,2026-08-11,2014,SNPP,SNPP,n,2.0NRT,280.28,1.32,N
22.81718,86.085,303.35,0.41,0.37,2026-08-11,2014,SNPP,SNPP,n,2.0NRT,283.4,0.52,N
22.79735,86.20081,302.57,0.42,0.37,2026-08-11,2014,SNPP,SNPP,n,2.0NRT,276.85,1.21,N
22.79597,86.20885,300.74,0.42,0.37,2026-08-11,2014,SNPP,SNPP,n,2.0NRT,274.47,0.59,N
22.79393,86.20012,299.38,0.42,0.37,2026-08-11,2014,SNPP,SNPP,n,2.0NRT,277.75,1.06,N
22.79186,86.21217,300.15,0.42,0.37,2026-08-11,2014,SNPP,SNPP,n,2.0NRT,277.91,0.62,N
22.79121,86.19544,334.83,0.41,0.37,2026-08-11,2014,SNPP,SNPP,n,2.0NRT,278.41,3.88,N
22.81786,86.03994,299.89,0.41,0.37,2026-08-11,2014,SNPP,SNPP,n,2.0NRT,281.86,0.5,N
22.8097,86.08765,306.51,0.41,0.37,2026-08-11,2014,SNPP,SNPP,n,2.0NRT,284.74,0.98,N
22.78914,86.20744,300.76,0.42,0.37,2026-08-11,2014,SNPP,SNPP,n,2.0NRT,276.53,0.62,N
22.80221,86.09029,314.38,0.41,0.37,2026-08-11,2014,SNPP,SNPP,n,2.0NRT,286.15,1.55,N
22.79881,86.0896,305.07,0.41,0.37,2026-08-11,2014,SNPP,SNPP,n,2.0NRT,286.49,1.04,N
22.36769,87.30388,313.1,0.46,0.39,2026-08-11,2014,SNPP,SNPP,n,2.0NRT,288.6,2.22,N
22.36491,87.29871,313.98,0.46,0.39,2026-08-11,2014,SNPP,SNPP,n,2.0NRT,290.28,2.22,N
22.36411,87.30314,311.38,0.46,0.39,2026-08-11,2014,SNPP,SNPP,n,2.0NRT,290.1,2.22,N
22.24713,87.38735,319.68,0.47,0.39,2026-08-11,2014,SNPP,SNPP,n,2.0NRT,290.25,1.82,N
22.38987,85.77188,300.14,0.41,0.37,2026-08-11,2014,SNPP,SNPP,n,2.0NRT,280.51,0.82,N
22.21289,84.86283,304.32,0.39,0.36,2026-08-11,2014,SNPP,SNPP,n,2.0NRT,283.6,1.5,N
22.20957,84.86221,304.71,0.39,0.36,2026-08-11,2014,SNPP,SNPP,n,2.0NRT,284.19,1.66,N
21.96887,85.31376,299,0.4,0.37,2026-08-11,2014,SNPP,SNPP,n,2.0NRT,278.57,0.61,N
15.17621,77.1011,309.63,0.39,0.44,2026-08-11,2017,SNPP,SNPP,n,2.0NRT,290.82,1.22,N
10.93105,77.06483,305.29,0.52,0.41,2026-08-11,2017,SNPP,SNPP,n,2.0NRT,281.43,1.31,N
10.61676,77.42188,305.01,0.49,0.4,2026-08-11,2017,SNPP,SNPP,n,2.0NRT,291.08,0.72,N
9.53687,77.45146,318.31,0.48,0.4,2026-08-11,2017,SNPP,SNPP,n,2.0NRT,290.55,3.07,N
9.52184,77.45166,305.29,0.48,0.4,2026-08-11,2017,SNPP,SNPP,n,2.0NRT,290.26,0.75,N
21.30995,81.5898,296.74,0.41,0.37,2026-08-11,2017,SNPP,SNPP,n,2.0NRT,276.97,1.06,N
21.24532,81.77042,304.8,0.41,0.37,2026-08-11,2017,SNPP,SNPP,n,2.0NRT,287.12,0.82,N
17.95764,80.79329,312.94,0.41,0.37,2026-08-11,2017,SNPP,SNPP,n,2.0NRT,288.7,2.07,N
17.95707,80.7972,311.76,0.41,0.37,2026-08-11,2017,SNPP,SNPP,n,2.0NRT,290.83,2.07,N
17.46195,80.6544,308.67,0.42,0.37,2026-08-11,2017,SNPP,SNPP,n,2.0NRT,288.28,1.61,N
17.02991,81.78046,305.16,0.39,0.36,2026-08-11,2017,SNPP,SNPP,n,2.0NRT,283.9,0.7,N
15.02405,78.01597,311.37,0.51,0.41,2026-08-11,2017,SNPP,SNPP,n,2.0NRT,292.13,1.89,N
13.39368,80.10179,304.89,0.41,0.37,2026-08-11,2019,SNPP,SNPP,n,2.0NRT,284.2,1,N
12.74482,77.6194,297.44,0.51,0.41,2026-08-11,2019,SNPP,SNPP,n,2.0NRT,278.88,0.42,N
13.8981,76.56383,304.39,0.4,0.44,2026-08-11,2019,SNPP,SNPP,n,2.0NRT,289.5,0.73,N
21.74449,83.84071,331,0.55,0.43,2026-08-12,0729,SNPP,SNPP,n,2.0NRT,293.85,5,D
26.32264,87.24606,332.6,0.38,0.36,2026-08-12,0729,SNPP,SNPP,n,2.0NRT,296.22,2.36,D
21.74932,83.8451,334.46,0.55,0.43,2026-08-12,0729,SNPP,SNPP,n,2.0NRT,292.71,2.72,D
23.66504,87.15353,337.81,0.39,0.36,2026-08-12,0729,SNPP,SNPP,l,2.0NRT,295.99,6.77,D
23.16594,82.33984,329.58,0.42,0.45,2026-08-12,0729,SNPP,SNPP,n,2.0NRT,287.56,3.73,D
8.9007,77.85759,353.63,0.52,0.67,2026-08-12,0905,SNPP,SNPP,n,2.0NRT,292.7,7.56,D
9.03714,77.75275,343,0.52,0.67,2026-08-12,0905,SNPP,SNPP,n,2.0NRT,290.36,3.41,D
9.07997,77.74262,336.58,0.52,0.66,2026-08-12,0905,SNPP,SNPP,n,2.0NRT,291.71,1.53,D
8.72601,77.55209,336.48,0.5,0.65,2026-08-12,0905,SNPP,SNPP,n,2.0NRT,282.7,5.69,D
9.08511,77.74313,336.57,0.52,0.67,2026-08-12,0905,SNPP,SNPP,n,2.0NRT,291.66,3.19,D
9.39776,78.73965,354.56,0.61,0.71,2026-08-12,0905,SNPP,SNPP,n,2.0NRT,289.32,12.13,D
9.39539,78.73707,344.08,0.61,0.71,2026-08-12,0905,SNPP,SNPP,n,2.0NRT,289.38,4.63,D
9.40201,78.73626,338.73,0.61,0.71,2026-08-12,0905,SNPP,SNPP,n,2.0NRT,289.02,4.63,D
8.72599,77.55264,335.39,0.5,0.65,2026-08-12,0905,SNPP,SNPP,n,2.0NRT,282.5,4.2,D
8.89707,77.86404,335.18,0.52,0.67,2026-08-12,0905,SNPP,SNPP,n,2.0NRT,292.34,7,D
8.90267,77.85844,353.95,0.52,0.67,2026-08-12,0905,SNPP,SNPP,n,2.0NRT,292.49,8.51,D
26.64153,79.47498,306.13,0.38,0.59,2026-08-12,1953,SNPP,SNPP,n,2.0NRT,284.86,1.03,N
27.60436,95.40337,306.69,0.56,0.43,2026-08-12,1953,SNPP,SNPP,n,2.0NRT,291.03,3.89,N
24.20536,82.71243,303.22,0.45,0.47,2026-08-12,1955,SNPP,SNPP,n,2.0NRT,279.26,2.57,N
24.16736,82.62198,297.19,0.45,0.47,2026-08-12,1955,SNPP,SNPP,n,2.0NRT,274.84,0.77,N
25.03583,87.3895,312.2,0.41,0.37,2026-08-12,1955,SNPP,SNPP,n,2.0NRT,289.33,3.04,N
22.35942,82.30392,302.34,0.45,0.47,2026-08-12,1955,SNPP,SNPP,n,2.0NRT,277.31,0.97,N
22.0304,83.36609,295.62,0.39,0.44,2026-08-12,1955,SNPP,SNPP,n,2.0NRT,269.92,0.61,N
22.00658,82.66907,298.55,0.42,0.45,2026-08-12,1955,SNPP,SNPP,n,2.0NRT,273.22,1.29,N
21.92072,83.35049,306.51,0.38,0.44,2026-08-12,1955,SNPP,SNPP,n,2.0NRT,265.65,1.14,N
21.37776,81.68217,305.45,0.48,0.48,2026-08-12,1955,SNPP,SNPP,n,2.0NRT,284.92,1.87,N
21.33618,78.96775,312.5,0.36,0.57,2026-08-12,1955,SNPP,SNPP,n,2.0NRT,274.2,1.17,N
21.24792,79.20891,303.12,0.34,0.56,2026-08-12,1955,SNPP,SNPP,n,2.0NRT,275.52,0.56,N
21.24658,79.22227,299.72,0.34,0.56,2026-08-12,1955,SNPP,SNPP,n,2.0NRT,275.96,0.52,N
21.24105,79.22495,300.81,0.34,0.56,2026-08-12,1955,SNPP,SNPP,n,2.0NRT,276.01,0.63,N
21.2409,79.22372,299.56,0.34,0.56,2026-08-12,1955,SNPP,SNPP,n,2.0NRT,275.54,0.42,N
10.94384,76.3857,301.34,0.39,0.59,2026-08-12,2000,SNPP,SNPP,n,2.0NRT,271.92,0.58,N
10.92167,78.51196,310.24,0.56,0.51,2026-08-12,2000,SNPP,SNPP,n,2.0NRT,278.06,1.22,N
10.94375,76.38715,297.97,0.39,0.59,2026-08-12,2000,SNPP,SNPP,n,2.0NRT,271.91,0.45,N
31.25882,76.92647,304.8,0.39,0.59,2026-08-12,2133,SNPP,SNPP,n,2.0NRT,288.82,0.61,N
26.64242,79.48309,313.16,0.7,0.75,2026-08-12,2133,SNPP,SNPP,n,2.0NRT,286.19,2.67,N
26.64256,79.48462,310.31,0.7,0.75,2026-08-12,2133,SNPP,SNPP,n,2.0NRT,286.31,2.46,N
23.73618,86.43395,332.8,0.45,0.47,2026-08-13,0707,SNPP,SNPP,n,2.0NRT,289.47,4.16,D
23.73811,86.43422,333.43,0.45,0.47,2026-08-13,0707,SNPP,SNPP,n,2.0NRT,289.49,5.16,D
23.77803,86.38847,329.59,0.45,0.47,2026-08-13,0707,SNPP,SNPP,n,2.0NRT,283.41,3.67,D
23.80264,86.33192,330.43,0.45,0.47,2026-08-13,0707,SNPP,SNPP,n,2.0NRT,281.98,4.15,D
27.75595,96.12046,342.54,0.49,0.41,2026-08-13,0709,SNPP,SNPP,n,2.0NRT,296.07,8.28,D
27.95328,94.17912,333.1,0.42,0.37,2026-08-13,0709,SNPP,SNPP,n,2.0NRT,296.61,4.81,D
28.2101,95.63686,331.73,0.48,0.4,2026-08-13,0709,SNPP,SNPP,n,2.0NRT,296.51,2.9,D
8.76691,77.69192,337.11,0.48,0.48,2026-08-13,0845,SNPP,SNPP,n,2.0NRT,296.64,2.92,D
9.47122,78.82121,336.94,0.59,0.53,2026-08-13,0845,SNPP,SNPP,n,2.0NRT,289.42,4.56,D
9.67933,78.15241,343.29,0.54,0.5,2026-08-13,0845,SNPP,SNPP,n,2.0NRT,298.39,7.88,D
10.16619,78.93098,335.29,0.61,0.54,2026-08-13,0845,SNPP,SNPP,n,2.0NRT,293.51,5.27,D
10.77735,79.65633,351.27,0.35,0.57,2026-08-13,0845,SNPP,SNPP,n,2.0NRT,292.13,5.45,D
11.04338,78.72183,330.37,0.61,0.53,2026-08-13,0845,SNPP,SNPP,n,2.0NRT,294.1,2.94,D
11.54044,79.12389,339.14,0.33,0.55,2026-08-13,0845,SNPP,SNPP,n,2.0NRT,278.6,2.58,D
23.75298,86.41855,298.67,0.51,0.5,2026-08-13,1936,SNPP,SNPP,n,2.0NRT,283.46,2.36,N
23.75365,86.41747,297.17,0.51,0.5,2026-08-13,1936,SNPP,SNPP,n,2.0NRT,282.94,1.44,N
23.74908,86.41685,296.97,0.51,0.5,2026-08-13,1936,SNPP,SNPP,n,2.0NRT,283.17,2.09,N
23.73823,86.43073,298.21,0.51,0.49,2026-08-13,1936,SNPP,SNPP,n,2.0NRT,282.81,2.09,N
22.06728,88.11946,323.97,0.39,0.44,2026-08-13,1938,SNPP,SNPP,n,2.0NRT,288.71,3.26,N
22.06327,88.11887,332.34,0.39,0.44,2026-08-13,1938,SNPP,SNPP,n,2.0NRT,289.18,4.92,N
22.06281,88.12262,305.38,0.39,0.44,2026-08-13,1938,SNPP,SNPP,n,2.0NRT,288.82,3.35,N
22.06258,88.11909,325.03,0.39,0.44,2026-08-13,1938,SNPP,SNPP,n,2.0NRT,288.7,4.17,N
25.94058,72.19393,304.94,0.45,0.39,2026-08-13,2116,SNPP,SNPP,n,2.0NRT,290.17,2.2,N
24.66126,74.63389,296.63,0.41,0.45,2026-08-13,2118,SNPP,SNPP,n,2.0NRT,272.55,0.71,N
12.98518,74.85353,303.49,0.35,0.57,2026-08-13,2121,SNPP,SNPP,n,2.0NRT,271.73,0.59,N
8.69729,77.84816,337.29,0.41,0.37,2026-08-14,0826,SNPP,SNPP,n,2.0NRT,299.86,1.51,D
8.76233,77.79604,339.05,0.41,0.37,2026-08-14,0826,SNPP,SNPP,n,2.0NRT,301.72,2.81,D
9.49049,78.61933,342.11,0.45,0.39,2026-08-14,0826,SNPP,SNPP,n,2.0NRT,301.52,6.35,D
9.41698,77.81709,344.56,0.42,0.37,2026-08-14,0826,SNPP,SNPP,n,2.0NRT,300.93,14.1,D
9.57666,78.31569,336.05,0.43,0.38,2026-08-14,0826,SNPP,SNPP,n,2.0NRT,300.88,5.44,D
9.57608,78.31172,335.35,0.43,0.38,2026-08-14,0826,SNPP,SNPP,n,2.0NRT,300.96,4.92,D
13.85388,78.33376,336.45,0.48,0.4,2026-08-14,0828,SNPP,SNPP,n,2.0NRT,297.39,2.34,D
9.94017,78.72459,338.41,0.46,0.39,2026-08-14,0828,SNPP,SNPP,n,2.0NRT,298.15,3.47,D
9.94318,78.71989,337.56,0.46,0.39,2026-08-14,0828,SNPP,SNPP,n,2.0NRT,298.43,3.47,D
9.94619,78.71519,344.65,0.46,0.39,2026-08-14,0828,SNPP,SNPP,n,2.0NRT,298.15,4.78,D
10.16352,78.93459,335.38,0.47,0.4,2026-08-14,0828,SNPP,SNPP,n,2.0NRT,300.67,3.95,D
10.15349,78.50438,335.53,0.45,0.39,2026-08-14,0828,SNPP,SNPP,n,2.0NRT,298.72,3.96,D
10.6441,79.07843,342.53,0.48,0.4,2026-08-14,0828,SNPP,SNPP,n,2.0NRT,291.63,5.06,D
10.79085,77.71056,334.83,0.42,0.38,2026-08-14,0828,SNPP,SNPP,n,2.0NRT,293.83,0.61,D
11.10117,78.03844,330.35,0.44,0.38,2026-08-14,0828,SNPP,SNPP,n,2.0NRT,288.39,1.67,D
12.34427,76.94675,332.13,0.41,0.37,2026-08-14,0828,SNPP,SNPP,n,2.0NRT,290.9,2.02,D
12.92848,80.18225,340.81,0.39,0.44,2026-08-14,0828,SNPP,SNPP,n,2.0NRT,293.11,3.63,D
13.13813,79.96019,341.06,0.39,0.44,2026-08-14,0828,SNPP,SNPP,n,2.0NRT,290.79,4.8,D
14.31833,77.41064,335.06,0.44,0.38,2026-08-14,0828,SNPP,SNPP,n,2.0NRT,290.17,2.89,D
14.32246,77.41421,338.61,0.44,0.38,2026-08-14,0828,SNPP,SNPP,n,2.0NRT,289.42,2.89,D
14.32188,77.41011,340.84,0.44,0.38,2026-08-14,0828,SNPP,SNPP,n,2.0NRT,290.02,2.89,D
14.3213,77.40604,340.06,0.44,0.38,2026-08-14,0828,SNPP,SNPP,n,2.0NRT,289.05,3.25,D
14.326,77.41369,338.16,0.44,0.38,2026-08-14,0828,SNPP,SNPP,n,2.0NRT,289.44,3.04,D
14.32542,77.40958,341,0.44,0.38,2026-08-14,0828,SNPP,SNPP,n,2.0NRT,289.59,3.04,D
14.32896,77.40906,346.67,0.44,0.38,2026-08-14,0828,SNPP,SNPP,n,2.0NRT,290.23,3.04,D
14.33251,77.40853,353.07,0.44,0.38,2026-08-14,0828,SNPP,SNPP,n,2.0NRT,291.88,7.7,D
14.33192,77.40444,336.96,0.44,0.38,2026-08-14,0828,SNPP,SNPP,n,2.0NRT,288.56,2.83,D
14.88612,77.45694,334.57,0.45,0.39,2026-08-14,0828,SNPP,SNPP,n,2.0NRT,292.58,4.17,D
15.17322,76.69418,335.93,0.42,0.38,2026-08-14,0828,SNPP,SNPP,n,2.0NRT,298.56,3.3,D
15.17222,76.66235,343.64,0.42,0.38,2026-08-14,0828,SNPP,SNPP,n,2.0NRT,298.9,4.86,D
15.16369,76.38303,334.16,0.41,0.37,2026-08-14,0828,SNPP,SNPP,n,2.0NRT,294.54,3.96,D
15.68431,80.11327,340.56,0.42,0.46,2026-08-14,0828,SNPP,SNPP,n,2.0NRT,298.04,3.22,D
15.74877,80.01529,346.84,0.42,0.45,2026-08-14,0828,SNPP,SNPP,n,2.0NRT,296.82,3.47,D
15.61406,78.3792,336.76,0.5,0.41,2026-08-14,0828,SNPP,SNPP,n,2.0NRT,296.62,12.98,D
15.84728,80.08014,334.29,0.42,0.46,2026-08-14,0828,SNPP,SNPP,n,2.0NRT,296.58,2.4,D
15.67526,78.37572,332.72,0.51,0.41,2026-08-14,0828,SNPP,SNPP,n,2.0NRT,294.49,5.6,D
18.68664,73.04058,336.58,0.39,0.36,2026-08-14,0830,SNPP,SNPP,n,2.0NRT,292.42,8.31,D
29.34646,73.11682,336.71,0.41,0.37,2026-08-14,0833,SNPP,SNPP,n,2.0NRT,294.38,3.83,D
27.32576,95.27875,311.81,0.5,0.41,2026-08-14,1917,SNPP,SNPP,n,2.0NRT,291.58,4.34,N
27.03289,94.89212,314.82,0.52,0.41,2026-08-14,1917,SNPP,SNPP,n,2.0NRT,290.69,5.03,N
26.87868,73.51321,305.24,0.39,0.36,2026-08-14,2057,SNPP,SNPP,n,2.0NRT,287.87,0.84,N
26.87478,73.51643,304.98,0.39,0.36,2026-08-14,2057,SNPP,SNPP,n,2.0NRT,287.95,0.84,N
26.60479,73.68352,306.63,0.38,0.36,2026-08-14,2057,SNPP,SNPP,n,2.0NRT,290.8,1.07,N
25.94279,72.19247,324.59,0.4,0.37,2026-08-14,2057,SNPP,SNPP,n,2.0NRT,291.21,1.72,N
25.94164,72.19266,321.57,0.4,0.37,2026-08-14,2057,SNPP,SNPP,n,2.0NRT,291.08,1.49,N
23.31558,70.4867,303.46,0.43,0.38,2026-08-14,2057,SNPP,SNPP,n,2.0NRT,285.88,1.06,N
22.9329,69.70402,302.22,0.46,0.39,2026-08-14,2057,SNPP,SNPP,n,2.0NRT,284.65,0.96,N
22.3395,69.85548,304.65,0.45,0.39,2026-08-14,2059,SNPP,SNPP,n,2.0NRT,288.65,1.98,N
21.11126,72.64643,298.17,0.38,0.36,2026-08-14,2059,SNPP,SNPP,n,2.0NRT,286.11,1.51,N
21.10971,72.63481,316.45,0.38,0.36,2026-08-14,2059,SNPP,SNPP,n,2.0NRT,285.7,3.07,N
15.22752,76.76139,300.97,0.42,0.45,2026-08-14,2101,SNPP,SNPP,n,2.0NRT,278.55,0.8,N
15.22681,76.76525,301.71,0.42,0.45,2026-08-14,2101,SNPP,SNPP,n,2.0NRT,279.55,0.8,N
15.18296,76.66602,307.58,0.41,0.45,2026-08-14,2101,SNPP,SNPP,n,2.0NRT,269.21,2.09,N
15.18089,76.67749,298.56,0.41,0.45,2026-08-14,2101,SNPP,SNPP,n,2.0NRT,271.88,2.41,N
15.17404,76.69186,298.99,0.41,0.45,2026-08-14,2101,SNPP,SNPP,n,2.0NRT,270.74,0.7,N
13.74471,76.84552,299.46,0.45,0.47,2026-08-14,2101,SNPP,SNPP,n,2.0NRT,280.6,0.8,N
10.70914,79.85674,295.3,0.4,0.6,2026-08-14,2101,SNPP,SNPP,n,2.0NRT,283.98,4.8,N
27.60563,95.40367,328.54,0.41,0.45,2026-08-15,0631,SNPP,SNPP,n,2.0NRT,291.65,1.91,D
11.4172,79.66978,336.37,0.39,0.36,2026-08-15,0807,SNPP,SNPP,n,2.0NRT,289.86,2.76,D
12.37895,76.98724,330.87,0.45,0.39,2026-08-15,0807,SNPP,SNPP,n,2.0NRT,296.66,3.01,D
14.05112,79.77888,347.47,0.38,0.36,2026-08-15,0809,SNPP,SNPP,n,2.0NRT,300.54,7.99,D
14.47548,79.97254,338.98,0.39,0.36,2026-08-15,0809,SNPP,SNPP,n,2.0NRT,296.41,4.62,D
14.47881,79.97202,335.54,0.39,0.36,2026-08-15,0809,SNPP,SNPP,n,2.0NRT,294.9,3.59,D
14.66645,79.53525,334.11,0.38,0.36,2026-08-15,0809,SNPP,SNPP,n,2.0NRT,295.43,2.34,D
15.30614,78.18951,335.73,0.39,0.36,2026-08-15,0809,SNPP,SNPP,n,2.0NRT,288.89,4.07,D
15.10484,76.8101,338.38,0.43,0.38,2026-08-15,0809,SNPP,SNPP,n,2.0NRT,291.65,6.87,D
17.53543,79.50681,333.28,0.39,0.36,2026-08-15,0809,SNPP,SNPP,n,2.0NRT,294.2,4.85,D
18.66053,79.14503,331.03,0.39,0.36,2026-08-15,0809,SNPP,SNPP,n,2.0NRT,293.71,10.47,D
18.85886,72.92574,341.49,0.4,0.44,2026-08-15,0809,SNPP,SNPP,n,2.0NRT,288.26,6.55,D
22.36821,87.30191,330.19,0.37,0.58,2026-08-15,0811,SNPP,SNPP,n,2.0NRT,283.37,3.8,D
25.942,72.1899,307.92,0.43,0.46,2026-08-15,2040,SNPP,SNPP,n,2.0NRT,288.2,1.12,N
23.16633,82.3391,297.19,0.52,0.42,2026-08-15,2040,SNPP,SNPP,n,2.0NRT,265.95,1.77,N
21.10682,72.64341,316.57,0.54,0.42,2026-08-15,2040,SNPP,SNPP,n,2.0NRT,269.23,4.1,N
21.10614,72.64859,300.38,0.54,0.42,2026-08-15,2040,SNPP,SNPP,n,2.0NRT,265.29,1.51,N
18.69004,73.0424,308.29,0.48,0.4,2026-08-15,2042,SNPP,SNPP,n,2.0NRT,288.23,4.35,N
18.68394,73.03215,310.27,0.48,0.4,2026-08-15,2042,SNPP,SNPP,n,2.0NRT,290.08,4.49,N
18.68268,73.04128,305.74,0.48,0.4,2026-08-15,2042,SNPP,SNPP,n,2.0NRT,286.79,3.45,N
15.33481,76.28645,305.36,0.39,0.36,2026-08-15,2042,SNPP,SNPP,n,2.0NRT,286.38,0.97,N
15.17897,77.10359,302.38,0.4,0.37,2026-08-15,2042,SNPP,SNPP,n,2.0NRT,284.12,0.75,N
15.17622,77.09935,300.72,0.4,0.37,2026-08-15,2042,SNPP,SNPP,n,2.0NRT,283.57,1.14,N
15.02488,78.01537,305.29,0.42,0.38,2026-08-15,2042,SNPP,SNPP,n,2.0NRT,289.14,0.92,N
15.02144,78.01479,310.19,0.42,0.38,2026-08-15,2042,SNPP,SNPP,n,2.0NRT,289.18,0.92,N
14.37725,79.89831,304.74,0.52,0.41,2026-08-15,2042,SNPP,SNPP,n,2.0NRT,267.56,1.09,N
13.16287,80.28493,313.34,0.57,0.43,2026-08-15,2042,SNPP,SNPP,n,2.0NRT,290.47,5.01,N
13.15892,80.28419,338.12,0.57,0.43,2026-08-15,2042,SNPP,SNPP,n,2.0NRT,291.24,11.5,N
13.60553,76.79213,301.13,0.4,0.37,2026-08-15,2042,SNPP,SNPP,n,2.0NRT,286.81,0.41,N
12.28915,78.93369,299.95,0.49,0.4,2026-08-15,2042,SNPP,SNPP,n,2.0NRT,275.68,0.9,N
12.29187,78.93195,300.29,0.49,0.4,2026-08-15,2042,SNPP,SNPP,n,2.0NRT,275.58,0.84,N
12.23028,79.20409,303.61,0.51,0.41,2026-08-15,2042,SNPP,SNPP,n,2.0NRT,280.63,0.65,N
12.09803,78.35358,295.31,0.46,0.39,2026-08-15,2044,SNPP,SNPP,n,2.0NRT,267.92,0.7,N
11.8396,78.97262,306.04,0.5,0.41,2026-08-15,2044,SNPP,SNPP,n,2.0NRT,280.59,0.92,N
11.80888,77.9234,309.59,0.45,0.39,2026-08-15,2044,SNPP,SNPP,n,2.0NRT,270.04,1.75,N
11.81028,77.92094,296.33,0.45,0.39,2026-08-15,2044,SNPP,SNPP,n,2.0NRT,269.71,0.81,N
11.8096,77.92503,308.4,0.45,0.39,2026-08-15,2044,SNPP,SNPP,n,2.0NRT,269.92,0.81,N
11.21336,77.89606,304.47,0.45,0.39,2026-08-15,2044,SNPP,SNPP,n,2.0NRT,274.78,0.91,N
10.62393,79.12068,300.22,0.53,0.42,2026-08-15,2044,SNPP,SNPP,n,2.0NRT,272.74,1.55,N
10.62608,79.11906,310.41,0.53,0.42,2026-08-15,2044,SNPP,SNPP,n,2.0NRT,272.97,1.41,N
10.92917,77.06458,302.5,0.42,0.38,2026-08-15,2044,SNPP,SNPP,n,2.0NRT,277.82,0.54,N
10.61674,77.42191,296.05,0.44,0.38,2026-08-15,2044,SNPP,SNPP,n,2.0NRT,272.09,0.44,N
9.33741,78.60825,304.15,0.52,0.41,2026-08-15,2044,SNPP,SNPP,n,2.0NRT,277.2,1.12,N
14.06632,77.34638,337.35,0.5,0.49,2026-08-16,0750,SNPP,SNPP,n,2.0NRT,297.1,2.69,D
8.76996,78.10783,335.8,0.55,0.51,2026-08-16,0750,SNPP,SNPP,n,2.0NRT,286.4,2.39,D
9.319,79.30539,337.47,0.45,0.47,2026-08-16,0750,SNPP,SNPP,n,2.0NRT,272.45,4.67,D
9.45867,77.61446,342.14,0.58,0.52,2026-08-16,0750,SNPP,SNPP,n,2.0NRT,296.88,5.97,D
9.45774,77.60921,339.95,0.58,0.52,2026-08-16,0750,SNPP,SNPP,n,2.0NRT,297.11,5.97,D
9.85307,77.88065,335.86,0.55,0.51,2026-08-16,0750,SNPP,SNPP,n,2.0NRT,297.51,1.64,D
9.85071,77.88331,332.78,0.55,0.51,2026-08-16,0750,SNPP,SNPP,n,2.0NRT,297.59,1.3,D
10.20671,78.83601,333.99,0.47,0.47,2026-08-16,0750,SNPP,SNPP,n,2.0NRT,298.64,3.96,D
10.53129,79.73779,332.24,0.4,0.44,2026-08-16,0750,SNPP,SNPP,n,2.0NRT,299.65,2.77,D
10.8337,79.31152,342.14,0.42,0.46,2026-08-16,0750,SNPP,SNPP,n,2.0NRT,300.7,4.59,D
10.85651,79.07156,335.25,0.44,0.46,2026-08-16,0750,SNPP,SNPP,n,2.0NRT,301.56,6.22,D
10.95975,78.94122,336.56,0.45,0.47,2026-08-16,0750,SNPP,SNPP,n,2.0NRT,298.68,2.66,D
11.08317,79.47999,338.97,0.41,0.45,2026-08-16,0750,SNPP,SNPP,n,2.0NRT,293.66,4.53,D
10.92125,78.4465,333.11,0.48,0.48,2026-08-16,0750,SNPP,SNPP,n,2.0NRT,300.93,3.75,D
11.40386,79.70392,332.63,0.39,0.44,2026-08-16,0750,SNPP,SNPP,n,2.0NRT,299.83,2.19,D
11.46932,79.35802,332.09,0.41,0.45,2026-08-16,0750,SNPP,SNPP,n,2.0NRT,299.45,2.64,D
11.92912,79.67993,340.8,0.39,0.44,2026-08-16,0750,SNPP,SNPP,n,2.0NRT,298.78,4.37,D
11.94788,79.04879,336.96,0.42,0.45,2026-08-16,0750,SNPP,SNPP,n,2.0NRT,299.72,4.56,D
12.03929,79.50043,339.7,0.4,0.44,2026-08-16,0750,SNPP,SNPP,n,2.0NRT,300.91,3.09,D
12.21654,79.85169,337.97,0.56,0.43,2026-08-16,0750,SNPP,SNPP,n,2.0NRT,299.27,3.2,D
12.43197,79.43339,339.44,0.39,0.44,2026-08-16,0750,SNPP,SNPP,n,2.0NRT,299.32,3.07,D
12.3682,78.99841,335.85,0.42,0.45,2026-08-16,0750,SNPP,SNPP,n,2.0NRT,301.54,6.01,D
12.32878,78.75077,349.65,0.44,0.46,2026-08-16,0750,SNPP,SNPP,n,2.0NRT,303.03,15.33,D
12.61864,80.07019,331.42,0.54,0.42,2026-08-16,0750,SNPP,SNPP,l,2.0NRT,301.49,3.24,D
14.64689,79.2653,333.62,0.56,0.43,2026-08-16,0750,SNPP,SNPP,n,2.0NRT,287.95,3.94,D
14.56621,77.56371,345.18,0.48,0.48,2026-08-16,0750,SNPP,SNPP,n,2.0NRT,294.68,6.17,D
14.56593,77.56482,341.41,0.48,0.48,2026-08-16,0750,SNPP,SNPP,n,2.0NRT,294.23,4.13,D
16.85509,79.1368,330.97,0.53,0.42,2026-08-16,0752,SNPP,SNPP,n,2.0NRT,292.29,4.27,D
22.37709,87.27881,332.37,0.56,0.43,2026-08-16,0752,SNPP,SNPP,n,2.0NRT,287.18,5.71,D
23.71242,86.45026,332.31,0.52,0.42,2026-08-16,0752,SNPP,SNPP,n,2.0NRT,289.61,2.04,D
23.80482,86.32938,336.19,0.52,0.41,2026-08-16,0752,SNPP,SNPP,n,2.0NRT,290.31,6.81,D
22.36782,87.30247,330.84,0.56,0.43,2026-08-16,0752,SNPP,SNPP,n,2.0NRT,285.54,2.37,D
27.4415,70.79316,337.65,0.35,0.57,2026-08-16,0754,SNPP,SNPP,n,2.0NRT,298.49,2.1,D
27.32376,71.15984,339.18,0.34,0.56,2026-08-16,0754,SNPP,SNPP,n,2.0NRT,297.48,2.66,D
30.65555,74.16005,336.41,0.39,0.44,2026-08-16,0756,SNPP,SNPP,n,2.0NRT,296.81,3.35,D
27.30517,95.31655,299.58,0.6,0.71,2026-08-16,1838,SNPP,SNPP,n,2.0NRT,277.63,4.12,N
25.03796,87.39037,295.34,0.51,0.41,2026-08-16,2019,SNPP,SNPP,n,2.0NRT,268.71,0.3,N
27.32653,95.27569,303.59,0.44,0.62,2026-08-16,2019,SNPP,SNPP,n,2.0NRT,285.06,1.01,N
23.68976,87.09792,297.24,0.51,0.41,2026-08-16,2019,SNPP,SNPP,n,2.0NRT,268.87,1.13,N
23.79461,86.35178,296.15,0.47,0.4,2026-08-16,2019,SNPP,SNPP,n,2.0NRT,261.93,1.21,N
23.79429,86.3544,296.66,0.47,0.4,2026-08-16,2019,SNPP,SNPP,n,2.0NRT,261.64,0.52,N
23.78065,86.34676,295.08,0.47,0.4,2026-08-16,2019,SNPP,SNPP,n,2.0NRT,264.35,1.23,N
23.78283,86.21016,296.19,0.46,0.39,2026-08-16,2019,SNPP,SNPP,n,2.0NRT,262.46,0.51,N
23.77923,86.20941,309.51,0.46,0.39,2026-08-16,2019,SNPP,SNPP,n,2.0NRT,262.94,1.72,N
23.82256,85.49575,302.8,0.43,0.38,2026-08-16,2019,SNPP,SNPP,n,2.0NRT,278.35,1.43,N
23.75901,85.8569,305.05,0.45,0.39,2026-08-16,2019,SNPP,SNPP,n,2.0NRT,279.7,1.26,N
23.75624,85.8518,310.63,0.45,0.39,2026-08-16,2019,SNPP,SNPP,n,2.0NRT,280.13,2.37,N
23.48163,87.36025,311.77,0.53,0.42,2026-08-16,2019,SNPP,SNPP,n,2.0NRT,278.91,3.31,N
23.78699,85.55426,304.07,0.44,0.38,2026-08-16,2019,SNPP,SNPP,n,2.0NRT,278.48,0.73,N
23.68358,86.09312,304.62,0.46,0.39,2026-08-16,2019,SNPP,SNPP,n,2.0NRT,274.35,0.87,N
23.68162,86.0834,299.64,0.46,0.39,2026-08-16,2019,SNPP,SNPP,n,2.0NRT,273.67,0.92,N
23.68001,86.09234,303.11,0.46,0.39,2026-08-16,2019,SNPP,SNPP,n,2.0NRT,274.08,0.87,N
23.67724,86.0871,300.84,0.46,0.39,2026-08-16,2019,SNPP,SNPP,n,2.0NRT,273.71,1.11,N
23.63231,86.29353,300.99,0.47,0.4,2026-08-16,2019,SNPP,SNPP,n,2.0NRT,267.55,0.74,N
23.74492,85.50591,299.47,0.44,0.38,2026-08-16,2019,SNPP,SNPP,n,2.0NRT,273.56,0.43,N
23.71088,85.28767,300.01,0.43,0.38,2026-08-16,2019,SNPP,SNPP,n,2.0NRT,274.78,0.41,N
23.69622,85.37119,303.45,0.43,0.38,2026-08-16,2019,SNPP,SNPP,n,2.0NRT,276.34,1.19,N
23.82388,84.57319,307.11,0.41,0.37,2026-08-16,2019,SNPP,SNPP,n,2.0NRT,273.38,1.28,N
23.69631,85.28904,300.29,0.43,0.38,2026-08-16,2019,SNPP,SNPP,n,2.0NRT,274.73,0.64,N
23.73841,85.00768,303.12,0.42,0.38,2026-08-16,2019,SNPP,SNPP,n,2.0NRT,278.09,0.87,N
23.64884,85.43541,304.07,0.43,0.38,2026-08-16,2019,SNPP,SNPP,n,2.0NRT,274.32,1.39,N
23.64809,85.43964,318.07,0.43,0.38,2026-08-16,2019,SNPP,SNPP,n,2.0NRT,273.03,2.02,N
23.72058,85.00829,302.03,0.42,0.38,2026-08-16,2019,SNPP,SNPP,n,2.0NRT,274.47,0.44,N
16.80935,79.91482,306.66,0.39,0.36,2026-08-16,2021,SNPP,SNPP,n,2.0NRT,291.22,2.22,N
16.13906,78.94816,306.38,0.41,0.37,2026-08-16,2021,SNPP,SNPP,n,2.0NRT,289.05,1.16,N
16.48338,79.32732,301.16,0.4,0.37,2026-08-16,2021,SNPP,SNPP,n,2.0NRT,283.73,2.43,N
17.06268,76.97933,304.44,0.51,0.41,2026-08-16,2021,SNPP,SNPP,n,2.0NRT,290.34,1.23,N
15.16656,76.67412,295.92,0.5,0.41,2026-08-16,2023,SNPP,SNPP,n,2.0NRT,271.83,0.52,N
15.22664,76.76346,300.09,0.5,0.41,2026-08-16,2023,SNPP,SNPP,n,2.0NRT,278.08,0.82,N
11.17648,79.08794,299.38,0.39,0.36,2026-08-16,2023,SNPP,SNPP,n,2.0NRT,272.57,0.41,N
11.81462,77.91779,306.86,0.41,0.37,2026-08-16,2023,SNPP,SNPP,n,2.0NRT,284.95,1.68,N
15.17787,77.10235,298.51,0.48,0.4,2026-08-16,2023,SNPP,SNPP,n,2.0NRT,273.99,0.59,N
15.17421,77.10181,298.95,0.48,0.4,2026-08-16,2023,SNPP,SNPP,n,2.0NRT,274.65,0.59,N
15.1829,76.66685,316.76,0.5,0.41,2026-08-16,2023,SNPP,SNPP,n,2.0NRT,274.66,1.96,N
15.17785,76.67564,304.74,0.5,0.41,2026-08-16,2023,SNPP,SNPP,n,2.0NRT,273.98,1.32,N
15.17668,76.65643,313.84,0.5,0.41,2026-08-16,2023,SNPP,SNPP,n,2.0NRT,279.49,2.73,N
15.65948,73.98701,305.13,0.49,0.49,2026-08-16,2023,SNPP,SNPP,n,2.0NRT,288.56,1.31,N
11.00697,78.65388,301.05,0.39,0.36,2026-08-16,2023,SNPP,SNPP,n,2.0NRT,275.21,0.34,N
10.36054,77.14954,307.66,0.43,0.38,2026-08-16,2023,SNPP,SNPP,n,2.0NRT,278.32,0.97,N
10.36002,77.15292,305.9,0.43,0.38,2026-08-16,2023,SNPP,SNPP,n,2.0NRT,278.2,0.97,N
10.35705,77.14909,300.2,0.43,0.38,2026-08-16,2023,SNPP,SNPP,n,2.0NRT,277.8,0.97,N
10.35654,77.1524,312.75,0.43,0.38,2026-08-16,2023,SNPP,SNPP,n,2.0NRT,278.28,0.97,N
10.35551,77.15921,298.6,0.43,0.38,2026-08-16,2023,SNPP,SNPP,n,2.0NRT,279.64,0.65,N
9.42494,77.81399,332.66,0.58,0.7,2026-08-17,0729,SNPP,SNPP,n,2.0NRT,287.59,5.99,D
9.75952,78.60124,343.8,0.51,0.66,2026-08-17,0729,SNPP,SNPP,n,2.0NRT,290.07,8.81,D
9.75891,78.5976,337.94,0.51,0.66,2026-08-17,0729,SNPP,SNPP,n,2.0NRT,290.03,6.91,D
29.80713,73.34641,332.94,0.42,0.61,2026-08-17,0735,SNPP,SNPP,n,2.0NRT,293.62,2.66,D
9.88916,77.87049,337.09,0.69,0.74,2026-08-17,0909,SNPP,SNPP,n,2.0NRT,288.9,3.89,D
9.88751,77.86655,338.98,0.69,0.74,2026-08-17,0909,SNPP,SNPP,n,2.0NRT,289.24,7.76,D
23.50567,69.26427,330.78,0.55,0.51,2026-08-17,0915,SNPP,SNPP,n,2.0NRT,292.07,3.46,D
23.50516,69.26018,330.24,0.55,0.51,2026-08-17,0915,SNPP,SNPP,n,2.0NRT,290.98,3.6,D
21.1071,72.64555,308.27,0.71,0.75,2026-08-17,2002,SNPP,SNPP,n,2.0NRT,282.02,3.43,N
21.10202,72.64528,306.41,0.71,0.75,2026-08-17,2002,SNPP,SNPP,n,2.0NRT,282.12,2.69,N
17.60875,83.20546,305.86,0.44,0.38,2026-08-17,2004,SNPP,SNPP,n,2.0NRT,270.46,0.78,N
17.60581,83.20076,298.13,0.44,0.38,2026-08-17,2004,SNPP,SNPP,n,2.0NRT,269.84,1.01,N
10.91686,78.14649,306.58,0.46,0.47,2026-08-17,2006,SNPP,SNPP,n,2.0NRT,289.32,1.49,N
10.92123,78.14713,310.07,0.46,0.47,2026-08-17,2006,SNPP,SNPP,n,2.0NRT,290.63,1.49,N
10.36333,77.14931,310.09,0.53,0.5,2026-08-17,2006,SNPP,SNPP,n,2.0NRT,288.41,0.99,N
10.35866,77.14888,302.98,0.53,0.5,2026-08-17,2006,SNPP,SNPP,n,2.0NRT,287.41,0.99,N
10.36136,77.14999,309.71,0.53,0.5,2026-08-17,2006,SNPP,SNPP,n,2.0NRT,288.08,1.65,N
8.67061,77.99346,308.12,0.44,0.46,2026-08-17,2006,SNPP,SNPP,n,2.0NRT,292.31,1.29,N
10.36181,77.14661,304.57,0.53,0.5,2026-08-17,2006,SNPP,SNPP,n,2.0NRT,287.55,1.65,N
10.02321,79.23365,330.52,0.41,0.61,2026-08-18,0852,SNPP,SNPP,n,2.0NRT,289.62,2.57,D
8.61775,77.96022,334.7,0.32,0.55,2026-08-18,0852,SNPP,SNPP,n,2.0NRT,300.56,1.25,D
8.88123,77.79373,331.3,0.63,0.54,2026-08-18,0852,SNPP,SNPP,n,2.0NRT,299.67,2.78,D
8.91391,77.99789,341.03,0.33,0.55,2026-08-18,0852,SNPP,SNPP,n,2.0NRT,301.42,4.37,D
8.9135,77.99487,340.4,0.33,0.55,2026-08-18,0852,SNPP,SNPP,n,2.0NRT,301.01,2.98,D
8.96803,78.03201,342.35,0.33,0.55,2026-08-18,0852,SNPP,SNPP,n,2.0NRT,302.05,6.52,D
8.92939,77.50723,341.8,0.6,0.53,2026-08-18,0852,SNPP,SNPP,n,2.0NRT,296.25,13.39,D
8.92865,77.50169,342.66,0.6,0.53,2026-08-18,0852,SNPP,SNPP,n,2.0NRT,296.3,9.79,D
8.99168,77.85832,335.44,0.32,0.55,2026-08-18,0852,SNPP,SNPP,n,2.0NRT,301.12,0.67,D
9.02396,78.0217,339.33,0.33,0.55,2026-08-18,0852,SNPP,SNPP,n,2.0NRT,301.52,5.37,D
9.08152,78.16898,337.52,0.34,0.56,2026-08-18,0852,SNPP,SNPP,n,2.0NRT,299.57,0.54,D
9.31616,78.82542,347.61,0.38,0.58,2026-08-18,0852,SNPP,SNPP,n,2.0NRT,296.54,2.23,D
9.32526,77.54498,331.97,0.61,0.54,2026-08-18,0852,SNPP,SNPP,n,2.0NRT,300.07,2.5,D
9.31592,77.47726,344.24,0.61,0.53,2026-08-18,0852,SNPP,SNPP,n,2.0NRT,301.44,13.56,D
9.32631,77.54832,337.57,0.62,0.54,2026-08-18,0852,SNPP,SNPP,n,2.0NRT,300.39,3.32,D
9.31747,77.48039,343.13,0.61,0.53,2026-08-18,0852,SNPP,SNPP,n,2.0NRT,300.83,13.78,D
9.3803,77.76629,347.32,0.32,0.54,2026-08-18,0852,SNPP,SNPP,n,2.0NRT,303.89,7.4,D
9.57292,78.26406,340.68,0.35,0.56,2026-08-18,0852,SNPP,SNPP,n,2.0NRT,301.01,1.93,D
9.98813,77.85934,333.85,0.33,0.55,2026-08-18,0852,SNPP,SNPP,n,2.0NRT,299.78,1.89,D
9.97747,77.62643,333.17,0.64,0.54,2026-08-18,0852,SNPP,SNPP,n,2.0NRT,296.86,1.96,D
9.97656,77.62728,344.36,0.32,0.54,2026-08-18,0852,SNPP,SNPP,n,2.0NRT,296.89,2.57,D
10.01453,77.60332,335.04,0.63,0.54,2026-08-18,0852,SNPP,SNPP,n,2.0NRT,296.38,3.89,D
10.08427,77.70177,367,0.32,0.55,2026-08-18,0852,SNPP,SNPP,h,2.0NRT,295.49,5.9,D
10.08387,77.69878,342.31,0.32,0.55,2026-08-18,0852,SNPP,SNPP,n,2.0NRT,295.81,2.46,D
10.08721,77.70203,347.07,0.32,0.55,2026-08-18,0852,SNPP,SNPP,n,2.0NRT,294.59,4.08,D
10.08683,77.69904,354.14,0.32,0.55,2026-08-18,0852,SNPP,SNPP,n,2.0NRT,294.99,4.08,D
10.58747,78.2113,332.8,0.36,0.57,2026-08-18,0852,SNPP,SNPP,n,2.0NRT,298.46,2.74,D
10.90674,78.5377,342.06,0.38,0.59,2026-08-18,0852,SNPP,SNPP,n,2.0NRT,292.74,2.85,D
11.14147,78.58251,367,0.38,0.59,2026-08-18,0852,SNPP,SNPP,h,2.0NRT,290.57,5.09,D
11.14694,78.58183,334.73,0.38,0.59,2026-08-18,0852,SNPP,SNPP,n,2.0NRT,289.91,5.09,D
11.14221,78.58167,367,0.38,0.59,2026-08-18,0852,SNPP,SNPP,h,2.0NRT,291.46,9.24,D
11.66242,78.67835,367,0.4,0.6,2026-08-18,0852,SNPP,SNPP,h,2.0NRT,295.2,25.85,D
11.66187,78.67394,353.32,0.4,0.6,2026-08-18,0852,SNPP,SNPP,n,2.0NRT,288.24,25.85,D
11.66789,78.67705,356.8,0.4,0.6,2026-08-18,0852,SNPP,SNPP,l,2.0NRT,286.88,25.85,D
11.70775,78.76962,340.29,0.4,0.6,2026-08-18,0852,SNPP,SNPP,n,2.0NRT,288.77,5.77,D
11.70585,78.76863,334.85,0.4,0.6,2026-08-18,0852,SNPP,SNPP,n,2.0NRT,287.81,3.09,D
11.72489,78.6914,350.81,0.4,0.6,2026-08-18,0852,SNPP,SNPP,n,2.0NRT,283.05,9.96,D
13.98488,77.39144,332.67,0.35,0.57,2026-08-18,0854,SNPP,SNPP,n,2.0NRT,287.86,0.93,D
14.46839,78.25809,336.52,0.4,0.6,2026-08-18,0854,SNPP,SNPP,n,2.0NRT,275.26,4.39,D
14.07884,77.73779,334.27,0.37,0.58,2026-08-18,0854,SNPP,SNPP,n,2.0NRT,290.17,4.91,D
14.474,78.25748,335.97,0.4,0.6,2026-08-18,0854,SNPP,SNPP,n,2.0NRT,275.75,4.46,D
14.46883,78.26192,338.86,0.4,0.6,2026-08-18,0854,SNPP,SNPP,n,2.0NRT,274.94,5.25,D
22.03904,69.47427,337.49,0.45,0.39,2026-08-18,0856,SNPP,SNPP,n,2.0NRT,296.43,3.92,D
30.4691,73.88613,341.11,0.33,0.55,2026-08-18,0858,SNPP,SNPP,n,2.0NRT,292.43,2.81,D
30.47113,73.88796,330.45,0.33,0.55,2026-08-18,0858,SNPP,SNPP,n,2.0NRT,291.9,3.08,D
30.47086,73.88448,334.87,0.33,0.55,2026-08-18,0858,SNPP,SNPP,n,2.0NRT,292.14,2.56,D
27.00237,82.48734,295.81,0.39,0.59,2026-08-18,1942,SNPP,SNPP,n,2.0NRT,285.39,2.13,N
27.5312,77.66014,312.08,0.78,0.78,2026-08-18,1942,SNPP,SNPP,n,2.0NRT,282.5,2.9,N
27.53036,77.65813,311.81,0.78,0.78,2026-08-18,1942,SNPP,SNPP,n,2.0NRT,282.43,2.76,N
27.46869,95.42249,306.92,0.41,0.37,2026-08-18,1942,SNPP,SNPP,n,2.0NRT,290.83,1.03,N
27.37571,95.08824,308.04,0.41,0.37,2026-08-18,1942,SNPP,SNPP,n,2.0NRT,290.82,1.65,N
27.32538,95.27692,311.7,0.41,0.37,2026-08-18,1942,SNPP,SNPP,n,2.0NRT,291.21,1.59,N
27.31664,95.26646,308.57,0.41,0.37,2026-08-18,1942,SNPP,SNPP,n,2.0NRT,290.63,1.42,N
27.22178,95.34567,308.29,0.41,0.37,2026-08-18,1942,SNPP,SNPP,n,2.0NRT,290.9,1.41,N
27.46271,95.47729,305.07,0.42,0.37,2026-08-18,1942,SNPP,SNPP,n,2.0NRT,290.42,1.18,N
10.48713,79.31767,311.88,0.4,0.6,2026-08-18,1947,SNPP,SNPP,n,2.0NRT,287.65,2.41,N
10.48666,79.32134,317.51,0.4,0.6,2026-08-18,1947,SNPP,SNPP,n,2.0NRT,287.78,1.88,N
9.31313,77.44205,313.02,0.51,0.66,2026-08-18,1949,SNPP,SNPP,n,2.0NRT,288.76,1.7,N
26.25886,74.09746,302.57,0.44,0.46,2026-08-18,2125,SNPP,SNPP,n,2.0NRT,284.31,0.44,N
20.95116,86.04971,330.14,0.42,0.61,2026-08-19,0657,SNPP,SNPP,n,2.0NRT,287.21,4.92,D
8.97893,77.73409,343.11,0.47,0.4,2026-08-19,0835,SNPP,SNPP,n,2.0NRT,303.8,6.63,D
9.03169,77.76192,344,0.48,0.4,2026-08-19,0835,SNPP,SNPP,n,2.0NRT,305.97,11.65,D
9.03106,77.75757,345.88,0.48,0.4,2026-08-19,0835,SNPP,SNPP,n,2.0NRT,306.08,9.32,D
9.03537,77.76139,345.75,0.48,0.4,2026-08-19,0835,SNPP,SNPP,n,2.0NRT,305.95,9.87,D
9.03474,77.75704,350.59,0.48,0.4,2026-08-19,0835,SNPP,SNPP,n,2.0NRT,305.75,11.46,D
9.13059,77.62038,339.34,0.47,0.4,2026-08-19,0835,SNPP,SNPP,n,2.0NRT,298.57,2.56,D
9.36352,78.6637,341.86,0.54,0.42,2026-08-19,0835,SNPP,SNPP,n,2.0NRT,300.46,4.18,D
9.38257,78.68613,338.68,0.54,0.42,2026-08-19,0835,SNPP,SNPP,n,2.0NRT,300.46,6.44,D
9.45543,78.69313,337.51,0.54,0.42,2026-08-19,0835,SNPP,SNPP,n,2.0NRT,299.76,5.02,D
9.52219,78.23375,336.27,0.51,0.41,2026-08-19,0835,SNPP,SNPP,n,2.0NRT,297.65,2.82,D
9.52153,78.22908,341.77,0.51,0.41,2026-08-19,0835,SNPP,SNPP,n,2.0NRT,297.44,2.82,D
9.52467,78.22387,342.78,0.51,0.41,2026-08-19,0835,SNPP,SNPP,n,2.0NRT,298.01,5.7,D
9.57684,78.31702,340.72,0.52,0.41,2026-08-19,0835,SNPP,SNPP,n,2.0NRT,301.62,10.51,D
10.03752,78.66753,330.97,0.55,0.43,2026-08-19,0835,SNPP,SNPP,n,2.0NRT,295.48,2.84,D
10.75007,78.63698,339.53,0.56,0.43,2026-08-19,0835,SNPP,SNPP,n,2.0NRT,301.41,9.85,D
10.93714,78.49078,341.28,0.55,0.43,2026-08-19,0835,SNPP,SNPP,n,2.0NRT,300.71,8.01,D
10.95679,78.40086,335.84,0.54,0.42,2026-08-19,0835,SNPP,SNPP,n,2.0NRT,300.64,6.15,D
11.14616,76.89647,336.2,0.46,0.39,2026-08-19,0835,SNPP,SNPP,n,2.0NRT,294.92,4.96,D
11.14976,76.89596,331.53,0.46,0.39,2026-08-19,0835,SNPP,SNPP,n,2.0NRT,297.02,4.96,D
15.17723,76.65598,337.58,0.49,0.4,2026-08-19,0835,SNPP,SNPP,n,2.0NRT,294.67,6.24,D
18.67997,73.0383,335.52,0.39,0.36,2026-08-19,0835,SNPP,SNPP,n,2.0NRT,295.19,3.89,D
21.1031,72.63488,331.79,0.39,0.36,2026-08-19,0835,SNPP,SNPP,n,2.0NRT,289.06,1.57,D
9.51772,78.22963,337.42,0.51,0.41,2026-08-19,0835,SNPP,SNPP,n,2.0NRT,298.46,2.82,D
8.60867,77.97512,338.07,0.48,0.4,2026-08-19,0835,SNPP,SNPP,n,2.0NRT,301.3,4.86,D
8.63544,78.02991,333.63,0.49,0.4,2026-08-19,0835,SNPP,SNPP,n,2.0NRT,299.02,3.21,D
8.64359,77.90287,342.47,0.48,0.4,2026-08-19,0835,SNPP,SNPP,n,2.0NRT,303.55,12.23,D
8.64296,77.89849,349.3,0.48,0.4,2026-08-19,0835,SNPP,SNPP,n,2.0NRT,303.38,8.57,D
8.71631,77.94712,343.37,0.48,0.4,2026-08-19,0835,SNPP,SNPP,n,2.0NRT,306.07,10.01,D
8.71568,77.94273,351.14,0.48,0.4,2026-08-19,0835,SNPP,SNPP,n,2.0NRT,305.18,5.73,D
8.71938,77.94218,345.04,0.48,0.4,2026-08-19,0835,SNPP,SNPP,n,2.0NRT,305.13,5.73,D
8.74087,77.59978,336.15,0.46,0.39,2026-08-19,0835,SNPP,SNPP,n,2.0NRT,302.15,5.47,D
8.83535,77.7394,337.15,0.47,0.4,2026-08-19,0835,SNPP,SNPP,n,2.0NRT,302.31,3.06,D
8.91504,78.00077,342.35,0.49,0.4,2026-08-19,0835,SNPP,SNPP,n,2.0NRT,304.47,11,D
8.89924,77.86769,340.38,0.48,0.4,2026-08-19,0835,SNPP,SNPP,n,2.0NRT,301.81,7.97,D
8.89859,77.86332,350.18,0.48,0.4,2026-08-19,0835,SNPP,SNPP,n,2.0NRT,302.22,9.44,D
8.90104,77.86399,348.91,0.48,0.4,2026-08-19,0835,SNPP,SNPP,n,2.0NRT,303.75,6.75,D
8.90042,77.8596,351.01,0.48,0.4,2026-08-19,0835,SNPP,SNPP,n,2.0NRT,304.5,6.75,D
8.8998,77.85522,341.75,0.48,0.4,2026-08-19,0835,SNPP,SNPP,n,2.0NRT,304.64,7.59,D
8.90474,77.86346,341.44,0.48,0.4,2026-08-19,0835,SNPP,SNPP,n,2.0NRT,305.68,9.84,D
8.9035,77.85469,348.35,0.48,0.4,2026-08-19,0835,SNPP,SNPP,n,2.0NRT,304.9,15.94,D
8.90412,77.85908,356.97,0.48,0.4,2026-08-19,0835,SNPP,SNPP,l,2.0NRT,305.53,9.84,D
8.90038,77.80621,349.37,0.48,0.4,2026-08-19,0835,SNPP,SNPP,n,2.0NRT,303.92,8.58,D
8.90469,77.81,354.05,0.48,0.4,2026-08-19,0835,SNPP,SNPP,n,2.0NRT,304.26,7.93,D
8.90407,77.80566,349.6,0.48,0.4,2026-08-19,0835,SNPP,SNPP,n,2.0NRT,303.82,7.93,D
8.90883,77.7077,336.15,0.47,0.4,2026-08-19,0835,SNPP,SNPP,n,2.0NRT,303.21,2.39,D
26.3985,71.93286,338.78,0.41,0.37,2026-08-19,0837,SNPP,SNPP,n,2.0NRT,307.98,4.5,D
29.90848,74.94983,333.01,0.39,0.44,2026-08-19,0839,SNPP,SNPP,n,2.0NRT,295.88,3.03,D
30.43392,73.87374,338.98,0.53,0.42,2026-08-19,0839,SNPP,SNPP,n,2.0NRT,296.91,7.54,D
27.32527,95.27496,309.52,0.43,0.38,2026-08-19,1921,SNPP,SNPP,n,2.0NRT,290.12,2.05,N
27.22185,95.34703,307.97,0.43,0.38,2026-08-19,1921,SNPP,SNPP,n,2.0NRT,290.42,3.23,N
22.79074,86.20767,307.3,0.41,0.61,2026-08-19,1923,SNPP,SNPP,n,2.0NRT,285.79,1.58,N
23.69443,87.0937,307.52,0.37,0.58,2026-08-19,1923,SNPP,SNPP,n,2.0NRT,285.64,1.73,N
23.69341,87.10468,302.52,0.37,0.58,2026-08-19,1923,SNPP,SNPP,n,2.0NRT,285.04,1.21,N
23.69172,87.12292,310.51,0.37,0.58,2026-08-19,1923,SNPP,SNPP,n,2.0NRT,284.78,2.18,N
23.68871,87.09673,302.28,0.37,0.58,2026-08-19,1923,SNPP,SNPP,n,2.0NRT,285.59,1.73,N
23.68837,87.1004,302.69,0.37,0.58,2026-08-19,1923,SNPP,SNPP,n,2.0NRT,283.48,1.21,N
23.56234,87.08282,301.66,0.37,0.58,2026-08-19,1923,SNPP,SNPP,n,2.0NRT,277.02,1.05,N
23.56008,87.08398,298.21,0.37,0.58,2026-08-19,1923,SNPP,SNPP,n,2.0NRT,276.82,0.72,N
22.58936,85.90438,305.62,0.43,0.62,2026-08-19,1923,SNPP,SNPP,n,2.0NRT,287.33,1.15,N
22.61078,85.91381,303.74,0.43,0.62,2026-08-19,1923,SNPP,SNPP,n,2.0NRT,286.77,0.49,N
22.57185,85.89693,310.32,0.43,0.62,2026-08-19,1923,SNPP,SNPP,n,2.0NRT,287.17,1.56,N
22.36426,87.01864,317.31,0.36,0.57,2026-08-19,1923,SNPP,SNPP,n,2.0NRT,288,1.23,N
20.99923,86.01053,307.18,0.4,0.6,2026-08-19,1923,SNPP,SNPP,n,2.0NRT,286.89,1.12,N
20.99886,86.01447,307,0.4,0.6,2026-08-19,1923,SNPP,SNPP,n,2.0NRT,287.07,0.94,N
21.00053,86.01202,309.94,0.4,0.6,2026-08-19,1923,SNPP,SNPP,n,2.0NRT,287.39,1.62,N
21.07718,85.03671,307.33,0.47,0.64,2026-08-19,1923,SNPP,SNPP,n,2.0NRT,285.01,2.6,N
21.07631,85.046,304.51,0.47,0.64,2026-08-19,1923,SNPP,SNPP,n,2.0NRT,284.84,1.01,N
20.95201,86.04612,322.73,0.4,0.6,2026-08-19,1923,SNPP,SNPP,n,2.0NRT,287.32,3.94,N
20.95163,86.04997,306.94,0.4,0.6,2026-08-19,1923,SNPP,SNPP,n,2.0NRT,286.95,1.2,N
20.94607,86.04922,305.35,0.4,0.6,2026-08-19,1923,SNPP,SNPP,n,2.0NRT,287.13,1.2,N
20.97523,85.17226,303.35,0.46,0.63,2026-08-19,1923,SNPP,SNPP,n,2.0NRT,285.27,1.5,N
20.96893,85.17625,315.76,0.46,0.63,2026-08-19,1923,SNPP,SNPP,n,2.0NRT,285.58,1.5,N
25.54247,91.23459,305.72,0.43,0.46,2026-08-19,1923,SNPP,SNPP,n,2.0NRT,280.72,1.51,N
25.61233,89.81267,307.28,0.52,0.5,2026-08-19,1923,SNPP,SNPP,n,2.0NRT,287.43,2.28,N
25.60961,89.81148,313.78,0.52,0.5,2026-08-19,1923,SNPP,SNPP,n,2.0NRT,287.97,3.35,N
20.97128,85.17556,307.44,0.46,0.63,2026-08-19,1925,SNPP,SNPP,n,2.0NRT,285.47,1.2,N
20.96412,85.1883,308.22,0.45,0.63,2026-08-19,1925,SNPP,SNPP,n,2.0NRT,285.69,2.18,N
20.97085,85.18008,306.86,0.46,0.63,2026-08-19,1925,SNPP,SNPP,n,2.0NRT,285.19,1.2,N
20.80461,85.25742,307.64,0.45,0.63,2026-08-19,1925,SNPP,SNPP,n,2.0NRT,285.28,1.98,N
20.96539,85.175,308.01,0.46,0.63,2026-08-19,1925,SNPP,SNPP,n,2.0NRT,285.56,2.73,N
20.96581,85.17046,312.59,0.46,0.63,2026-08-19,1925,SNPP,SNPP,n,2.0NRT,285.52,3.26,N
31.25838,76.92349,296.85,0.45,0.39,2026-08-19,2101,SNPP,SNPP,n,2.0NRT,278.55,0.41,N
31.24975,76.93059,298.28,0.45,0.39,2026-08-19,2101,SNPP,SNPP,n,2.0NRT,276.07,0.32,N
29.12563,75.77744,307.57,0.43,0.38,2026-08-19,2104,SNPP,SNPP,n,2.0NRT,292.72,2.07,N
26.87778,73.51348,301.9,0.39,0.36,2026-08-19,2104,SNPP,SNPP,n,2.0NRT,287.87,1.56,N
26.87381,73.5167,308.59,0.39,0.36,2026-08-19,2104,SNPP,SNPP,n,2.0NRT,293.46,2.95,N
23.69837,87.09444,296.23,0.78,0.78,2026-08-19,2104,SNPP,SNPP,n,2.0NRT,273.35,2.73,N
23.69582,87.09637,297.9,0.78,0.78,2026-08-19,2104,SNPP,SNPP,n,2.0NRT,273.75,2.39,N
23.76052,86.40015,302.24,0.71,0.75,2026-08-19,2104,SNPP,SNPP,n,2.0NRT,274.57,4.7,N
23.68212,86.39163,300.13,0.71,0.75,2026-08-19,2104,SNPP,SNPP,n,2.0NRT,272.32,2.84,N
23.68032,86.39847,297.79,0.71,0.75,2026-08-19,2104,SNPP,SNPP,n,2.0NRT,271.76,3.34,N
26.25635,74.09737,308.4,0.4,0.37,2026-08-19,2104,SNPP,SNPP,n,2.0NRT,293.69,0.62,N
25.94172,72.19282,315.34,0.38,0.36,2026-08-19,2104,SNPP,SNPP,n,2.0NRT,295,1.78,N
24.14009,82.70357,300.69,0.42,0.61,2026-08-19,2104,SNPP,SNPP,n,2.0NRT,285.61,0.72,N
22.87391,86.06372,304.33,0.71,0.75,2026-08-19,2104,SNPP,SNPP,n,2.0NRT,284.84,1.74,N
22.87589,86.06185,306.21,0.71,0.75,2026-08-19,2104,SNPP,SNPP,n,2.0NRT,284.44,1.9,N
20.96749,86.01265,320.45,0.78,0.78,2026-08-19,2104,SNPP,SNPP,n,2.0NRT,284.02,6.1,N
21.00072,86.03053,302.51,0.78,0.78,2026-08-19,2104,SNPP,SNPP,n,2.0NRT,283.95,0.67,N
20.99709,86.02748,304.22,0.78,0.78,2026-08-19,2104,SNPP,SNPP,n,2.0NRT,284.09,1.34,N
22.80233,86.09171,302.09,0.72,0.75,2026-08-19,2104,SNPP,SNPP,n,2.0NRT,284.97,2.03,N
22.78883,86.20107,300.7,0.73,0.76,2026-08-19,2104,SNPP,SNPP,n,2.0NRT,284.83,3.62,N
20.97829,85.13718,300.87,0.69,0.74,2026-08-19,2106,SNPP,SNPP,n,2.0NRT,283.46,1.89,N
17.98492,80.8302,303.98,0.43,0.62,2026-08-19,2106,SNPP,SNPP,n,2.0NRT,284.61,1.37,N
18.68423,73.03175,301.89,0.43,0.38,2026-08-19,2106,SNPP,SNPP,n,2.0NRT,283.24,0.77,N
20.95084,86.04825,304.82,0.78,0.78,2026-08-19,2106,SNPP,SNPP,n,2.0NRT,283.78,2.2,N
21.081,85.04028,296.85,0.68,0.74,2026-08-19,2106,SNPP,SNPP,n,2.0NRT,283.39,1.92,N
21.07434,85.03826,296.86,0.68,0.74,2026-08-19,2106,SNPP,SNPP,n,2.0NRT,283.23,1.92,N
20.9768,85.17226,305.85,0.69,0.74,2026-08-19,2106,SNPP,SNPP,n,2.0NRT,283.58,3.04,N
20.97995,85.13054,305.17,0.69,0.74,2026-08-19,2106,SNPP,SNPP,n,2.0NRT,283.4,1.89,N
20.9701,85.17019,319.84,0.69,0.74,2026-08-19,2106,SNPP,SNPP,n,2.0NRT,283.67,3.04,N
20.96847,85.17673,310.25,0.69,0.74,2026-08-19,2106,SNPP,SNPP,n,2.0NRT,283.36,3.04,N
20.96682,85.18336,311.96,0.69,0.74,2026-08-19,2106,SNPP,SNPP,n,2.0NRT,283.3,2.37,N
20.96512,85.19021,306.9,0.69,0.75,2026-08-19,2106,SNPP,SNPP,n,2.0NRT,283.52,2.37,N
20.96339,85.16812,305.31,0.69,0.74,2026-08-19,2106,SNPP,SNPP,n,2.0NRT,283.71,2.94,N
20.86326,84.99146,298.26,0.68,0.74,2026-08-19,2106,SNPP,SNPP,n,2.0NRT,282.38,2.29,N
20.79788,85.25243,305.54,0.71,0.75,2026-08-19,2106,SNPP,SNPP,n,2.0NRT,283.36,2.83,N
20.78761,85.26431,302.5,0.71,0.75,2026-08-19,2106,SNPP,SNPP,n,2.0NRT,283.34,2.28,N
20.75867,85.29228,302.97,0.71,0.75,2026-08-19,2106,SNPP,SNPP,n,2.0NRT,283.55,2.06,N
20.75702,85.29877,301.57,0.71,0.75,2026-08-19,2106,SNPP,SNPP,n,2.0NRT,283.57,2.06,N
20.79777,85.25298,306.61,0.71,0.75,2026-08-19,2106,SNPP,SNPP,n,2.0NRT,283.39,4.38,N
20.75887,85.29279,305.28,0.71,0.75,2026-08-19,2106,SNPP,SNPP,n,2.0NRT,283.96,2.83,N
20.75727,85.29929,303.61,0.71,0.75,2026-08-19,2106,SNPP,SNPP,n,2.0NRT,283.86,1.49,N
8.73686,77.60081,337.37,0.39,0.59,2026-08-19,2108,SNPP,SNPP,n,2.0NRT,290.24,7.27,N
8.73753,77.59727,329.03,0.39,0.59,2026-08-19,2108,SNPP,SNPP,n,2.0NRT,289.86,7.6,N
8.74296,77.59831,367,0.39,0.59,2026-08-19,2108,SNPP,SNPP,h,2.0NRT,291.41,21.46,N
8.7423,77.60185,355.88,0.39,0.59,2026-08-19,2108,SNPP,SNPP,n,2.0NRT,292.11,9.46,N
8.74163,77.60539,307.47,0.39,0.59,2026-08-19,2108,SNPP,SNPP,n,2.0NRT,289.76,9.46,N
15.65996,73.98722,298.88,0.52,0.42,2026-08-19,2108,SNPP,SNPP,n,2.0NRT,280.81,1.46,N
15.65748,73.98986,303.04,0.52,0.42,2026-08-19,2108,SNPP,SNPP,n,2.0NRT,281.03,1.1,N
8.92556,77.96257,348.38,0.39,0.36,2026-08-20,0813,SNPP,SNPP,n,2.0NRT,298.95,8.49,D
10.20464,78.83772,339.24,0.38,0.36,2026-08-20,0813,SNPP,SNPP,n,2.0NRT,302.04,11.72,D
10.57315,79.49966,330.82,0.39,0.36,2026-08-20,0813,SNPP,SNPP,n,2.0NRT,291.05,2.25,D
15.26779,78.92377,336.08,0.4,0.37,2026-08-20,0816,SNPP,SNPP,n,2.0NRT,296.02,3.8,D
15.1724,76.69444,335.7,0.39,0.36,2026-08-20,0816,SNPP,SNPP,n,2.0NRT,298.46,2.38,D
15.16424,76.3814,338.7,0.4,0.37,2026-08-20,0816,SNPP,SNPP,n,2.0NRT,298.01,5.53,D
15.1676,76.38084,330.62,0.4,0.37,2026-08-20,0816,SNPP,SNPP,l,2.0NRT,299.2,5.97,D
16.07655,79.14837,330.86,0.41,0.37,2026-08-20,0816,SNPP,SNPP,n,2.0NRT,298.08,1.46,D
16.07496,79.11341,341.12,0.4,0.37,2026-08-20,0816,SNPP,SNPP,n,2.0NRT,298.92,3.87,D
15.58879,75.15228,332.36,0.43,0.38,2026-08-20,0816,SNPP,SNPP,l,2.0NRT,301.44,5.86,D
17.29004,82.58302,331.27,0.4,0.44,2026-08-20,0816,SNPP,SNPP,n,2.0NRT,293.78,1.58,D
17.50736,82.95307,335.65,0.43,0.46,2026-08-20,0816,SNPP,SNPP,n,2.0NRT,294.23,3.79,D
17.50684,82.94902,342.7,0.43,0.46,2026-08-20,0816,SNPP,SNPP,n,2.0NRT,294.09,3.79,D
17.51158,82.95251,348.49,0.43,0.46,2026-08-20,0816,SNPP,SNPP,n,2.0NRT,293.97,6.78,D
17.54337,83.00231,335.63,0.43,0.46,2026-08-20,0816,SNPP,SNPP,n,2.0NRT,291.61,3.18,D
17.79435,83.16505,341.11,0.44,0.46,2026-08-20,0816,SNPP,SNPP,n,2.0NRT,291.69,6.14,D
17.95594,80.79374,337.11,0.49,0.4,2026-08-20,0816,SNPP,SNPP,n,2.0NRT,297,6.47,D
17.77165,79.02434,336.41,0.41,0.37,2026-08-20,0816,SNPP,SNPP,n,2.0NRT,295.03,2.96,D
13.04383,79.59259,335.61,0.4,0.37,2026-08-20,0816,SNPP,SNPP,n,2.0NRT,300.02,2.46,D
12.54274,79.87836,347.01,0.4,0.37,2026-08-20,0816,SNPP,SNPP,n,2.0NRT,293.15,4.92,D
12.66698,79.70408,331.27,0.4,0.37,2026-08-20,0816,SNPP,SNPP,n,2.0NRT,298.22,1.45,D
12.89302,78.87909,331.01,0.39,0.36,2026-08-20,0816,SNPP,SNPP,n,2.0NRT,285.21,1.83,D
13.07203,79.95014,330.69,0.41,0.37,2026-08-20,0816,SNPP,SNPP,n,2.0NRT,296.86,3.38,D
13.40582,80.21592,334.97,0.42,0.38,2026-08-20,0816,SNPP,SNPP,n,2.0NRT,295.65,6.25,D
13.34752,79.09665,337.78,0.39,0.36,2026-08-20,0816,SNPP,SNPP,n,2.0NRT,303.6,1.8,D
13.66444,79.61813,341.5,0.4,0.37,2026-08-20,0816,SNPP,SNPP,n,2.0NRT,300.91,6.06,D
14.28543,79.97816,338.42,0.42,0.37,2026-08-20,0816,SNPP,SNPP,n,2.0NRT,299.04,2.41,D
14.34493,79.72159,345.53,0.41,0.37,2026-08-20,0816,SNPP,SNPP,n,2.0NRT,292.28,5.86,D
20.96745,86.01298,349.96,0.37,0.58,2026-08-20,0818,SNPP,SNPP,n,2.0NRT,288.46,7.71,D
21.10092,72.63459,334.49,0.47,0.4,2026-08-20,0818,SNPP,SNPP,n,2.0NRT,296.82,10.43,D
21.10694,72.64742,340.92,0.47,0.4,2026-08-20,0818,SNPP,SNPP,n,2.0NRT,299.37,13.54,D
20.95271,86.0482,329.15,0.37,0.58,2026-08-20,0818,SNPP,SNPP,n,2.0NRT,287.39,4.49,D
21.10331,72.64813,335.83,0.47,0.4,2026-08-20,0818,SNPP,SNPP,l,2.0NRT,297.18,7.57,D
30.43244,73.96255,334.16,0.38,0.36,2026-08-20,0820,SNPP,SNPP,n,2.0NRT,301.78,4.15,D
30.40259,73.87827,340.93,0.38,0.36,2026-08-20,0820,SNPP,SNPP,n,2.0NRT,299.56,3.35,D
24.80284,71.78471,338.32,0.46,0.39,2026-08-20,0820,SNPP,SNPP,n,2.0NRT,297.97,4.64,D
22.36236,87.01414,296.48,0.72,0.76,2026-08-20,1906,SNPP,SNPP,n,2.0NRT,274.4,2.1,N
22.36499,87.0154,298.17,0.72,0.76,2026-08-20,1906,SNPP,SNPP,n,2.0NRT,274.56,2.08,N
23.69583,87.12293,298.65,0.73,0.76,2026-08-20,1906,SNPP,SNPP,n,2.0NRT,274.04,1.59,N
23.69451,87.0962,296.66,0.73,0.76,2026-08-20,1906,SNPP,SNPP,n,2.0NRT,273.52,2.15,N
23.69403,87.10361,297.31,0.73,0.76,2026-08-20,1906,SNPP,SNPP,n,2.0NRT,273.74,0.98,N
23.69355,87.111,298.67,0.73,0.76,2026-08-20,1906,SNPP,SNPP,n,2.0NRT,273.4,0.98,N
23.69308,87.11836,299.47,0.73,0.76,2026-08-20,1906,SNPP,SNPP,n,2.0NRT,272.76,0.75,N
23.69259,87.12586,295.1,0.73,0.76,2026-08-20,1906,SNPP,SNPP,n,2.0NRT,272.1,0.75,N
23.69758,87.09327,298.4,0.73,0.76,2026-08-20,1906,SNPP,SNPP,n,2.0NRT,275.21,1.38,N
23.69671,87.10807,296.93,0.73,0.76,2026-08-20,1906,SNPP,SNPP,n,2.0NRT,273.98,0.63,N
23.69627,87.11548,295.82,0.73,0.76,2026-08-20,1906,SNPP,SNPP,n,2.0NRT,272.87,0.63,N
29.45876,76.86543,316.16,0.39,0.36,2026-08-20,2044,SNPP,SNPP,n,2.0NRT,292.37,3.34,N
29.91072,74.94928,307.57,0.44,0.38,2026-08-20,2044,SNPP,SNPP,n,2.0NRT,292.31,2.62,N
31.2492,76.92705,304.76,0.4,0.37,2026-08-20,2044,SNPP,SNPP,n,2.0NRT,288.69,0.66,N
28.77214,76.70122,310.21,0.39,0.36,2026-08-20,2044,SNPP,SNPP,n,2.0NRT,289.31,2.28,N
31.25985,76.92484,302.16,0.4,0.37,2026-08-20,2044,SNPP,SNPP,n,2.0NRT,289.51,0.5,N
28.27534,77.18294,302.62,0.38,0.36,2026-08-20,2044,SNPP,SNPP,n,2.0NRT,283.37,0.74,N
23.68841,86.39032,305.25,0.37,0.58,2026-08-20,2046,SNPP,SNPP,n,2.0NRT,285.93,1.63,N
27.79252,75.33192,306.87,0.41,0.37,2026-08-20,2046,SNPP,SNPP,n,2.0NRT,292.48,0.81,N
25.03646,87.38701,304.58,0.4,0.6,2026-08-20,2046,SNPP,SNPP,n,2.0NRT,281.72,0.72,N
25.03673,87.38658,303.78,0.4,0.6,2026-08-20,2046,SNPP,SNPP,n,2.0NRT,281.24,0.67,N
23.69376,87.12176,305.75,0.41,0.6,2026-08-20,2046,SNPP,SNPP,n,2.0NRT,277.41,1.51,N
23.69202,87.10435,298.55,0.41,0.6,2026-08-20,2046,SNPP,SNPP,n,2.0NRT,275.24,1.24,N
23.68785,87.10063,301.76,0.41,0.6,2026-08-20,2046,SNPP,SNPP,n,2.0NRT,276.75,1.13,N
23.66421,87.1534,298.63,0.41,0.61,2026-08-20,2046,SNPP,SNPP,n,2.0NRT,264.14,0.31,N
23.66331,87.15736,296.41,0.41,0.61,2026-08-20,2046,SNPP,SNPP,n,2.0NRT,264.16,0.27,N
23.66743,86.9369,307.82,0.4,0.6,2026-08-20,2046,SNPP,SNPP,n,2.0NRT,282.4,0.73,N
23.78109,86.38872,306.48,0.37,0.58,2026-08-20,2046,SNPP,SNPP,n,2.0NRT,286.55,2.9,N
23.76735,86.40035,306.55,0.37,0.58,2026-08-20,2046,SNPP,SNPP,n,2.0NRT,285.85,1.24,N
23.76655,86.40386,307.05,0.37,0.58,2026-08-20,2046,SNPP,SNPP,n,2.0NRT,285.05,1.24,N
23.76131,86.40248,322.91,0.37,0.58,2026-08-20,2046,SNPP,SNPP,n,2.0NRT,285.65,1.24,N
23.75525,86.40467,306.53,0.37,0.58,2026-08-20,2046,SNPP,SNPP,n,2.0NRT,286.53,0.91,N
23.56212,87.24074,303.44,0.42,0.61,2026-08-20,2046,SNPP,SNPP,n,2.0NRT,273.47,0.94,N
23.5566,87.23922,303.93,0.42,0.61,2026-08-20,2046,SNPP,SNPP,n,2.0NRT,274.86,0.94,N
23.7374,86.4341,324.26,0.37,0.58,2026-08-20,2046,SNPP,SNPP,n,2.0NRT,286.38,3.28,N
23.72326,86.4229,305.68,0.37,0.58,2026-08-20,2046,SNPP,SNPP,n,2.0NRT,286.03,1.26,N
23.71226,86.44649,316.2,0.37,0.58,2026-08-20,2046,SNPP,SNPP,n,2.0NRT,282.43,1.84,N
23.71143,86.45005,318.51,0.37,0.58,2026-08-20,2046,SNPP,SNPP,n,2.0NRT,282.44,1.84,N
23.56388,87.08366,310.88,0.41,0.6,2026-08-20,2046,SNPP,SNPP,n,2.0NRT,284.26,1.58,N
23.71398,86.45003,316.78,0.37,0.58,2026-08-20,2046,SNPP,SNPP,n,2.0NRT,282.64,1.32,N
23.71431,86.42361,304.75,0.37,0.58,2026-08-20,2046,SNPP,SNPP,n,2.0NRT,285,1.54,N
23.70951,86.44509,307.26,0.37,0.58,2026-08-20,2046,SNPP,SNPP,n,2.0NRT,282.19,1.32,N
23.70871,86.44867,309.25,0.37,0.58,2026-08-20,2046,SNPP,SNPP,n,2.0NRT,282.46,1.32,N
23.5599,87.08255,308.76,0.41,0.6,2026-08-20,2046,SNPP,SNPP,n,2.0NRT,284.24,1.07,N
23.51662,87.27167,303.04,0.42,0.61,2026-08-20,2046,SNPP,SNPP,n,2.0NRT,280.4,0.73,N
23.61549,86.78763,303.7,0.39,0.59,2026-08-20,2046,SNPP,SNPP,n,2.0NRT,283.3,0.68,N
23.61454,86.79183,304.84,0.39,0.59,2026-08-20,2046,SNPP,SNPP,n,2.0NRT,283.34,0.68,N
23.68763,86.39378,308.4,0.37,0.58,2026-08-20,2046,SNPP,SNPP,n,2.0NRT,285.7,1.11,N
23.68236,86.39249,312.1,0.37,0.58,2026-08-20,2046,SNPP,SNPP,n,2.0NRT,285.51,1.46,N
23.68157,86.39599,308.75,0.37,0.58,2026-08-20,2046,SNPP,SNPP,n,2.0NRT,284.97,1.46,N
23.68076,86.39959,303.5,0.37,0.58,2026-08-20,2046,SNPP,SNPP,n,2.0NRT,284.68,0.95,N
23.6763,86.39473,308.25,0.37,0.58,2026-08-20,2046,SNPP,SNPP,n,2.0NRT,284.09,1.46,N
23.67549,86.39829,307.45,0.37,0.58,2026-08-20,2046,SNPP,SNPP,n,2.0NRT,284.27,0.95,N
23.67467,86.40192,306.13,0.37,0.58,2026-08-20,2046,SNPP,SNPP,n,2.0NRT,284.73,0.95,N
23.82381,85.49748,301.5,0.32,0.55,2026-08-20,2046,SNPP,SNPP,n,2.0NRT,283.37,1.25,N
23.68078,86.08385,307.33,0.35,0.57,2026-08-20,2046,SNPP,SNPP,n,2.0NRT,286.05,1.77,N
23.82423,85.49743,302.7,0.32,0.55,2026-08-20,2046,SNPP,SNPP,n,2.0NRT,283.19,1.08,N
23.68017,86.08412,305.76,0.35,0.57,2026-08-20,2046,SNPP,SNPP,n,2.0NRT,286.04,1.56,N
23.67731,86.07244,302.65,0.35,0.57,2026-08-20,2046,SNPP,SNPP,n,2.0NRT,285.32,1.04,N
16.20556,75.20766,303.43,0.39,0.36,2026-08-20,2046,SNPP,SNPP,n,2.0NRT,291.13,0.67,N
15.3343,76.28691,312.86,0.41,0.37,2026-08-20,2046,SNPP,SNPP,n,2.0NRT,290.5,1.13,N
15.02354,78.01447,308.12,0.49,0.4,2026-08-20,2046,SNPP,SNPP,n,2.0NRT,291.12,1.4,N
15.22626,76.76389,304.55,0.43,0.38,2026-08-20,2046,SNPP,SNPP,n,2.0NRT,292,0.82,N
15.18207,76.66643,323.44,0.43,0.38,2026-08-20,2046,SNPP,SNPP,n,2.0NRT,291.62,3.01,N
15.17391,76.69331,323.79,0.43,0.38,2026-08-20,2046,SNPP,SNPP,n,2.0NRT,291.38,2.81,N
15.17659,76.6776,305.91,0.43,0.38,2026-08-20,2046,SNPP,SNPP,n,2.0NRT,291.87,1.7,N
15.17717,76.65337,323.16,0.43,0.38,2026-08-20,2046,SNPP,SNPP,n,2.0NRT,292.18,2.8,N
15.17649,76.6573,333.4,0.43,0.38,2026-08-20,2046,SNPP,SNPP,n,2.0NRT,292.62,4.52,N
15.17371,76.65274,304.58,0.43,0.38,2026-08-20,2046,SNPP,SNPP,n,2.0NRT,289.83,1.05,N
15.17304,76.65667,307.97,0.43,0.38,2026-08-20,2046,SNPP,SNPP,n,2.0NRT,291.12,1.74,N
15.16689,76.67173,305.06,0.43,0.38,2026-08-20,2046,SNPP,SNPP,n,2.0NRT,290.88,1.09,N
15.16889,76.67329,306.37,0.43,0.38,2026-08-20,2046,SNPP,SNPP,n,2.0NRT,290.86,0.89,N
15.14843,76.71026,304.65,0.43,0.38,2026-08-20,2046,SNPP,SNPP,n,2.0NRT,290.87,0.81,N
15.13803,76.70839,304.91,0.43,0.38,2026-08-20,2046,SNPP,SNPP,n,2.0NRT,290.35,0.85,N
14.60754,79.6615,308.19,0.41,0.45,2026-08-20,2046,SNPP,SNPP,n,2.0NRT,290.14,2.56,N
15.16817,76.38058,304.25,0.42,0.37,2026-08-20,2046,SNPP,SNPP,n,2.0NRT,290.12,1.14,N
23.67428,86.08614,306.76,0.35,0.57,2026-08-20,2046,SNPP,SNPP,n,2.0NRT,286.31,1.08,N
23.7864,85.55096,308.04,0.32,0.55,2026-08-20,2046,SNPP,SNPP,n,2.0NRT,285.87,1.48,N
23.78225,85.57,302.54,0.33,0.55,2026-08-20,2046,SNPP,SNPP,n,2.0NRT,285.61,1.34,N
23.66762,86.09156,306.33,0.35,0.57,2026-08-20,2046,SNPP,SNPP,n,2.0NRT,286.03,0.94,N
23.66165,85.55202,303.54,0.33,0.55,2026-08-20,2046,SNPP,SNPP,n,2.0NRT,284.34,0.37,N
23.69603,85.37061,309.89,0.64,0.54,2026-08-20,2046,SNPP,SNPP,n,2.0NRT,280.7,1.96,N
23.65573,85.50697,308.42,0.32,0.55,2026-08-20,2046,SNPP,SNPP,n,2.0NRT,284.46,1.16,N
23.65035,85.43598,305.16,0.32,0.55,2026-08-20,2046,SNPP,SNPP,n,2.0NRT,284.58,0.69,N
23.64966,85.43914,314.37,0.32,0.55,2026-08-20,2046,SNPP,SNPP,n,2.0NRT,284.87,0.69,N
23.61622,85.42603,302.01,0.32,0.55,2026-08-20,2046,SNPP,SNPP,n,2.0NRT,285.62,0.49,N
22.7945,86.20801,299.78,0.37,0.58,2026-08-20,2046,SNPP,SNPP,n,2.0NRT,277.36,0.89,N
22.81689,86.08504,301.13,0.37,0.58,2026-08-20,2046,SNPP,SNPP,n,2.0NRT,281.23,0.24,N
22.79169,86.19576,299.44,0.37,0.58,2026-08-20,2046,SNPP,SNPP,n,2.0NRT,271.1,0.37,N
22.79088,86.19932,298.49,0.37,0.58,2026-08-20,2046,SNPP,SNPP,n,2.0NRT,275.6,0.37,N
22.78925,86.20647,305.09,0.37,0.58,2026-08-20,2046,SNPP,SNPP,n,2.0NRT,279.7,0.89,N
22.78398,86.20503,301.39,0.37,0.58,2026-08-20,2046,SNPP,SNPP,n,2.0NRT,279.38,0.97,N
24.71524,75.95329,304.87,0.39,0.36,2026-08-20,2046,SNPP,SNPP,n,2.0NRT,288.14,0.89,N
22.7973,86.20584,304.34,0.37,0.58,2026-08-20,2046,SNPP,SNPP,n,2.0NRT,275.14,1.63,N
22.81808,86.08607,302.52,0.37,0.58,2026-08-20,2046,SNPP,SNPP,n,2.0NRT,281.19,0.22,N
22.79364,86.19712,297.16,0.37,0.58,2026-08-20,2046,SNPP,SNPP,n,2.0NRT,272.18,0.58,N
22.78835,86.19575,298.96,0.37,0.58,2026-08-20,2046,SNPP,SNPP,n,2.0NRT,273.72,0.55,N
22.78678,86.20286,301.24,0.37,0.58,2026-08-20,2046,SNPP,SNPP,n,2.0NRT,278.89,0.78,N
22.78599,86.20644,305.61,0.37,0.58,2026-08-20,2046,SNPP,SNPP,n,2.0NRT,279.74,0.78,N
22.80075,86.08921,313.38,0.37,0.58,2026-08-20,2046,SNPP,SNPP,n,2.0NRT,284.61,1.75,N
22.05638,88.12125,302.14,0.51,0.66,2026-08-20,2046,SNPP,SNPP,n,2.0NRT,280.14,0.82,N
22.0552,88.12618,308.08,0.51,0.66,2026-08-20,2046,SNPP,SNPP,n,2.0NRT,279.31,0.82,N
22.08609,83.11594,316.03,0.5,0.49,2026-08-20,2046,SNPP,SNPP,n,2.0NRT,286.41,2.44,N
20.96791,86.00322,300.73,0.4,0.6,2026-08-20,2046,SNPP,SNPP,n,2.0NRT,280.79,2.6,N
20.96618,86.01083,309.48,0.4,0.6,2026-08-20,2046,SNPP,SNPP,n,2.0NRT,281.45,1.93,N
20.96533,86.01462,308,0.4,0.6,2026-08-20,2046,SNPP,SNPP,n,2.0NRT,282.04,1.93,N
20.96671,86.01003,302.63,0.4,0.6,2026-08-20,2046,SNPP,SNPP,n,2.0NRT,280.92,1.91,N
20.96588,86.01382,318.18,0.4,0.6,2026-08-20,2046,SNPP,SNPP,n,2.0NRT,282.08,1.91,N
12.66991,76.85605,302.15,0.46,0.39,2026-08-20,2049,SNPP,SNPP,n,2.0NRT,285.08,0.73,N
18.71585,79.53936,301.57,0.52,0.42,2026-08-20,2049,SNPP,SNPP,n,2.0NRT,288.1,2.11,N
8.73957,77.60084,314.99,0.57,0.43,2026-08-20,2049,SNPP,SNPP,n,2.0NRT,270,2.37,N
12.98436,74.85372,300.05,0.39,0.36,2026-08-20,2049,SNPP,SNPP,n,2.0NRT,286.35,0.45,N
12.68449,76.45203,306.01,0.44,0.38,2026-08-20,2049,SNPP,SNPP,n,2.0NRT,287.99,0.81,N
9.31269,78.05367,338.9,0.43,0.46,2026-08-21,0756,SNPP,SNPP,n,2.0NRT,305.16,7.06,D
9.46089,77.93649,343.41,0.43,0.46,2026-08-21,0756,SNPP,SNPP,n,2.0NRT,304.98,2.92,D
9.74707,77.88758,336.81,0.43,0.46,2026-08-21,0756,SNPP,SNPP,n,2.0NRT,305.26,1.44,D
9.74367,77.84486,336.43,0.43,0.46,2026-08-21,0756,SNPP,SNPP,n,2.0NRT,303.98,1.11,D
10.04823,77.95352,349.94,0.42,0.45,2026-08-21,0756,SNPP,SNPP,n,2.0NRT,300.86,5.9,D
10.05242,77.9528,337.08,0.42,0.45,2026-08-21,0756,SNPP,SNPP,n,2.0NRT,296.24,5.9,D
10.05175,77.94893,344.09,0.42,0.45,2026-08-21,0756,SNPP,SNPP,n,2.0NRT,300.57,7.89,D
10.06246,77.61354,338.53,0.44,0.46,2026-08-21,0756,SNPP,SNPP,n,2.0NRT,301.37,3.37,D
10.40818,77.98702,344.36,0.42,0.45,2026-08-21,0756,SNPP,SNPP,n,2.0NRT,300.35,8.58,D
10.46239,77.96943,332.02,0.42,0.45,2026-08-21,0756,SNPP,SNPP,l,2.0NRT,302.17,2.2,D
10.86179,78.60693,332.53,0.56,0.43,2026-08-21,0756,SNPP,SNPP,l,2.0NRT,303.6,3.75,D
10.86351,78.60498,334.68,0.56,0.43,2026-08-21,0756,SNPP,SNPP,n,2.0NRT,304.43,3.6,D
10.90762,78.79076,339.02,0.55,0.43,2026-08-21,0756,SNPP,SNPP,n,2.0NRT,306.52,4.54,D
10.89906,78.69358,335.4,0.56,0.43,2026-08-21,0756,SNPP,SNPP,n,2.0NRT,303.41,8.39,D
10.8355,78.05512,348.83,0.41,0.45,2026-08-21,0756,SNPP,SNPP,n,2.0NRT,306.32,5.12,D
10.94861,77.29926,332.62,0.45,0.47,2026-08-21,0756,SNPP,SNPP,n,2.0NRT,302.59,1.82,D
11.25114,77.55007,335,0.43,0.46,2026-08-21,0756,SNPP,SNPP,n,2.0NRT,302.87,1.81,D
11.17986,76.86322,352.61,0.48,0.48,2026-08-21,0756,SNPP,SNPP,n,2.0NRT,299.65,7.75,D
11.3864,77.68139,337.39,0.42,0.45,2026-08-21,0756,SNPP,SNPP,n,2.0NRT,302.13,3.66,D
11.71266,79.13078,335.7,0.51,0.41,2026-08-21,0756,SNPP,SNPP,l,2.0NRT,299.97,13.01,D
11.71186,79.12611,335.37,0.51,0.41,2026-08-21,0756,SNPP,SNPP,l,2.0NRT,306.57,49.23,D
11.52693,77.66856,331.72,0.42,0.45,2026-08-21,0756,SNPP,SNPP,n,2.0NRT,300.84,1.03,D
12.05267,79.61187,334.23,0.48,0.4,2026-08-21,0756,SNPP,SNPP,l,2.0NRT,300.37,4.25,D
12.0637,76.96976,336.06,0.45,0.47,2026-08-21,0756,SNPP,SNPP,n,2.0NRT,299.1,6.65,D
12.30416,76.82388,339.02,0.46,0.47,2026-08-21,0756,SNPP,SNPP,n,2.0NRT,296.98,6.57,D
12.35125,77.01255,340.97,0.45,0.47,2026-08-21,0756,SNPP,SNPP,n,2.0NRT,293.35,5.9,D
8.58488,77.95021,335.12,0.45,0.47,2026-08-21,0756,SNPP,SNPP,n,2.0NRT,298.77,2.49,D
9.34518,78.81236,335.72,0.38,0.44,2026-08-21,0756,SNPP,SNPP,n,2.0NRT,301.64,1.58,D
9.3194,78.58262,336.47,0.4,0.44,2026-08-21,0756,SNPP,SNPP,n,2.0NRT,303.54,1.47,D
9.36559,78.66248,367,0.39,0.44,2026-08-21,0756,SNPP,SNPP,h,2.0NRT,306.38,10.37,D
16.29151,80.82072,334.45,0.4,0.37,2026-08-21,0758,SNPP,SNPP,n,2.0NRT,298.58,4.54,D
14.60819,79.65999,344.84,0.45,0.39,2026-08-21,0758,SNPP,SNPP,l,2.0NRT,298.95,20.66,D
14.60742,79.66074,347.79,0.45,0.39,2026-08-21,0758,SNPP,SNPP,n,2.0NRT,301.13,24.47,D
14.52306,77.43476,336.84,0.39,0.44,2026-08-21,0758,SNPP,SNPP,n,2.0NRT,295.01,4.98,D
15.1363,79.88412,332.13,0.43,0.38,2026-08-21,0758,SNPP,SNPP,n,2.0NRT,297.87,3.42,D
15.34653,77.09008,330.63,0.4,0.44,2026-08-21,0758,SNPP,SNPP,n,2.0NRT,300.14,1.89,D
17.60843,83.20383,335.84,0.4,0.37,2026-08-21,0758,SNPP,SNPP,n,2.0NRT,299.16,4.98,D
19.48988,85.20114,328.82,0.49,0.4,2026-08-21,0758,SNPP,SNPP,n,2.0NRT,281.45,3.89,D
23.66432,87.15331,330.29,0.47,0.48,2026-08-21,0801,SNPP,SNPP,n,2.0NRT,293.42,2.74,D
23.67844,86.39668,331.72,0.43,0.46,2026-08-21,0801,SNPP,SNPP,n,2.0NRT,295.56,8.2,D
23.68265,86.39607,334.93,0.43,0.46,2026-08-21,0801,SNPP,SNPP,n,2.0NRT,295.22,5.68,D
23.68639,86.39134,330.74,0.42,0.46,2026-08-21,0801,SNPP,SNPP,n,2.0NRT,294.17,5.68,D
23.70997,86.44798,334.64,0.43,0.46,2026-08-21,0801,SNPP,SNPP,n,2.0NRT,292.54,7.64,D
23.71468,86.45161,338.05,0.43,0.46,2026-08-21,0801,SNPP,SNPP,n,2.0NRT,291.86,8.89,D
23.67682,86.08707,330.7,0.41,0.45,2026-08-21,0801,SNPP,SNPP,n,2.0NRT,294.62,4.24,D
23.68191,86.0946,349.84,0.41,0.45,2026-08-21,0801,SNPP,SNPP,n,2.0NRT,293.37,7.7,D
23.78134,86.2098,345.58,0.42,0.45,2026-08-21,0801,SNPP,SNPP,n,2.0NRT,293.89,9.1,D
23.75674,85.85435,334.01,0.4,0.44,2026-08-21,0801,SNPP,SNPP,n,2.0NRT,295.91,5.93,D
27.43876,70.85847,344.68,0.57,0.52,2026-08-21,0803,SNPP,SNPP,n,2.0NRT,302.88,8.02,D
28.77367,77.56798,309.15,0.53,0.42,2026-08-21,2025,SNPP,SNPP,n,2.0NRT,283.53,2.57,N
24.92936,84.14852,310.02,0.43,0.38,2026-08-21,2025,SNPP,SNPP,n,2.0NRT,289.28,2.91,N
24.92917,84.14589,308.3,0.43,0.38,2026-08-21,2025,SNPP,SNPP,n,2.0NRT,288.84,2.88,N
23.66372,87.15993,302.49,0.42,0.45,2026-08-21,2025,SNPP,SNPP,n,2.0NRT,278.95,0.59,N
23.56004,87.24049,307.65,0.43,0.46,2026-08-21,2025,SNPP,SNPP,n,2.0NRT,286.15,2.79,N
23.6783,86.10711,305.64,0.55,0.43,2026-08-21,2025,SNPP,SNPP,n,2.0NRT,285.15,0.56,N
23.67846,86.08486,307.47,0.55,0.43,2026-08-21,2025,SNPP,SNPP,n,2.0NRT,284.66,2.61,N
24.18137,82.64606,307.55,0.4,0.37,2026-08-21,2025,SNPP,SNPP,n,2.0NRT,281.64,0.93,N
23.71933,85.00983,300.63,0.48,0.4,2026-08-21,2025,SNPP,SNPP,n,2.0NRT,272.32,1.6,N
24.76452,74.60926,304.28,0.47,0.48,2026-08-21,2027,SNPP,SNPP,n,2.0NRT,282.05,0.71,N
22.78901,86.19763,300.01,0.38,0.43,2026-08-21,2027,SNPP,SNPP,n,2.0NRT,273.29,0.95,N
22.37751,87.2774,313.32,0.45,0.47,2026-08-21,2027,SNPP,SNPP,n,2.0NRT,276,1.69,N
22.37663,87.28174,311.32,0.45,0.47,2026-08-21,2027,SNPP,SNPP,n,2.0NRT,275.48,1.69,N
22.37945,87.28,312.84,0.45,0.47,2026-08-21,2027,SNPP,SNPP,n,2.0NRT,275.6,1.79,N
22.37519,87.27901,306.49,0.45,0.47,2026-08-21,2027,SNPP,SNPP,n,2.0NRT,274.56,1.07,N
22.36667,87.29975,307.2,0.45,0.47,2026-08-21,2027,SNPP,SNPP,n,2.0NRT,275.03,1.47,N
22.36491,87.01798,303.61,0.43,0.46,2026-08-21,2027,SNPP,SNPP,n,2.0NRT,275.64,0.73,N
22.36072,87.01704,303.37,0.43,0.46,2026-08-21,2027,SNPP,SNPP,n,2.0NRT,275.6,0.73,N
22.05519,88.12621,303.92,0.51,0.5,2026-08-21,2027,SNPP,SNPP,n,2.0NRT,269.79,1.92,N
22.05068,88.12516,298.93,0.51,0.5,2026-08-21,2027,SNPP,SNPP,n,2.0NRT,269.97,1.92,N
18.8016,74.25277,301.85,0.41,0.45,2026-08-21,2027,SNPP,SNPP,n,2.0NRT,279.71,0.73,N
17.29336,78.40997,316.83,0.39,0.36,2026-08-21,2027,SNPP,SNPP,n,2.0NRT,290.6,1.01,N
17.29117,78.40939,314.49,0.39,0.36,2026-08-21,2027,SNPP,SNPP,n,2.0NRT,290.12,0.73,N
17.37035,77.44494,304.8,0.42,0.37,2026-08-21,2027,SNPP,SNPP,n,2.0NRT,292.06,0.79,N
17.08458,79.32294,309.57,0.38,0.36,2026-08-21,2027,SNPP,SNPP,n,2.0NRT,292.48,2.91,N
16.87195,80.02106,308.57,0.39,0.36,2026-08-21,2027,SNPP,SNPP,n,2.0NRT,290.85,1.5,N
15.17346,76.65458,313.46,0.43,0.38,2026-08-21,2029,SNPP,SNPP,n,2.0NRT,290.96,2.09,N
15.33696,76.27781,307.42,0.44,0.39,2026-08-21,2029,SNPP,SNPP,n,2.0NRT,290.03,1.07,N
15.33752,76.27949,307.45,0.44,0.39,2026-08-21,2029,SNPP,SNPP,n,2.0NRT,289.54,1.38,N
15.33276,76.28716,306.84,0.44,0.39,2026-08-21,2029,SNPP,SNPP,n,2.0NRT,288.33,0.96,N
15.17908,77.10468,303.34,0.41,0.37,2026-08-21,2029,SNPP,SNPP,n,2.0NRT,287.2,0.81,N
15.17623,77.10031,305.69,0.41,0.37,2026-08-21,2029,SNPP,SNPP,n,2.0NRT,287.88,1.16,N
14.82645,79.31465,303.62,0.38,0.36,2026-08-21,2029,SNPP,SNPP,n,2.0NRT,269.66,0.8,N
15.02356,78.01485,311.86,0.39,0.36,2026-08-21,2029,SNPP,SNPP,n,2.0NRT,287.15,1.27,N
15.18658,76.6724,305.96,0.43,0.38,2026-08-21,2029,SNPP,SNPP,n,2.0NRT,291.38,0.71,N
15.18368,76.66792,326.21,0.43,0.38,2026-08-21,2029,SNPP,SNPP,n,2.0NRT,293,2.11,N
15.18423,76.63964,308.44,0.43,0.38,2026-08-21,2029,SNPP,SNPP,n,2.0NRT,292.75,1.51,N
15.1802,76.66738,311.52,0.43,0.38,2026-08-21,2029,SNPP,SNPP,n,2.0NRT,292.67,2.11,N
15.17962,76.67133,304.09,0.43,0.38,2026-08-21,2029,SNPP,SNPP,n,2.0NRT,291.72,1.16,N
15.17905,76.67529,309.64,0.43,0.38,2026-08-21,2029,SNPP,SNPP,n,2.0NRT,292.86,1.16,N
15.17844,76.65497,327.64,0.43,0.38,2026-08-21,2029,SNPP,SNPP,n,2.0NRT,293.6,1.69,N
15.17327,76.69061,321.24,0.43,0.38,2026-08-21,2029,SNPP,SNPP,n,2.0NRT,292.62,1.63,N
15.17787,76.65893,306.97,0.43,0.38,2026-08-21,2029,SNPP,SNPP,n,2.0NRT,292.38,1.69,N
15.17497,76.65443,328.13,0.43,0.38,2026-08-21,2029,SNPP,SNPP,n,2.0NRT,292.84,1.69,N
15.17439,76.65839,305.16,0.43,0.38,2026-08-21,2029,SNPP,SNPP,n,2.0NRT,291.75,1.69,N
15.17382,76.66235,306.23,0.43,0.38,2026-08-21,2029,SNPP,SNPP,n,2.0NRT,292.1,1.39,N
15.17694,76.65511,335.65,0.43,0.38,2026-08-21,2029,SNPP,SNPP,n,2.0NRT,294.53,2.09,N
15.17635,76.65906,308.83,0.43,0.38,2026-08-21,2029,SNPP,SNPP,n,2.0NRT,292.1,2.09,N
15.1716,76.69071,305.37,0.43,0.38,2026-08-21,2029,SNPP,SNPP,n,2.0NRT,291.44,0.76,N
15.16701,76.67386,317.3,0.43,0.38,2026-08-21,2029,SNPP,SNPP,n,2.0NRT,291.08,1.71,N
15.13683,76.70946,303.89,0.42,0.38,2026-08-21,2029,SNPP,SNPP,n,2.0NRT,291.68,0.69,N
15.16771,76.37908,300.81,0.44,0.38,2026-08-21,2029,SNPP,SNPP,n,2.0NRT,289.77,0.87,N
15.07157,76.86326,302.8,0.42,0.38,2026-08-21,2029,SNPP,SNPP,n,2.0NRT,290.44,1.66,N
14.60582,78.52377,302.1,0.39,0.36,2026-08-21,2029,SNPP,SNPP,n,2.0NRT,278.49,0.67,N
13.8039,78.06523,305.05,0.39,0.36,2026-08-21,2029,SNPP,SNPP,n,2.0NRT,282.42,0.25,N
13.39369,80.10202,305.09,0.4,0.37,2026-08-21,2029,SNPP,SNPP,n,2.0NRT,284.92,0.81,N
13.89879,76.56554,296.53,0.42,0.38,2026-08-21,2029,SNPP,SNPP,n,2.0NRT,274.71,0.49,N
11.42601,77.51267,301.37,0.39,0.36,2026-08-21,2029,SNPP,SNPP,n,2.0NRT,272.63,0.62,N
11.11709,77.75499,302.08,0.38,0.36,2026-08-21,2029,SNPP,SNPP,n,2.0NRT,277.9,0.46,N
10.93034,77.06337,300.84,0.39,0.36,2026-08-21,2029,SNPP,SNPP,n,2.0NRT,281.61,0.63,N
10.61491,77.41926,300.63,0.39,0.36,2026-08-21,2032,SNPP,SNPP,n,2.0NRT,276.99,0.5,N
10.2504,77.21418,318.29,0.39,0.36,2026-08-21,2032,SNPP,SNPP,n,2.0NRT,281.29,2.02,N
10.24929,77.22139,301.71,0.39,0.36,2026-08-21,2032,SNPP,SNPP,n,2.0NRT,278.37,0.7,N
10.24707,77.21375,340.55,0.39,0.36,2026-08-21,2032,SNPP,SNPP,n,2.0NRT,281.06,3.49,N
10.24651,77.21736,330.64,0.39,0.36,2026-08-21,2032,SNPP,SNPP,n,2.0NRT,281.18,3.49,N
10.24596,77.22096,296.36,0.39,0.36,2026-08-21,2032,SNPP,SNPP,n,2.0NRT,273.85,0.45,N
10.24541,77.22453,299.32,0.39,0.36,2026-08-21,2032,SNPP,SNPP,n,2.0NRT,272.63,0.45,N
10.24319,77.2169,308.07,0.39,0.36,2026-08-21,2032,SNPP,SNPP,n,2.0NRT,272.56,3.49,N
10.04985,77.95205,302.63,0.38,0.36,2026-08-21,2032,SNPP,SNPP,n,2.0NRT,270.2,0.42,N
10.09488,77.23631,300.78,0.39,0.36,2026-08-21,2032,SNPP,SNPP,n,2.0NRT,282.58,1.76,N
10.09154,77.23588,332.12,0.39,0.36,2026-08-21,2032,SNPP,SNPP,n,2.0NRT,283.06,1.76,N
10.08821,77.23543,341.68,0.39,0.36,2026-08-21,2032,SNPP,SNPP,n,2.0NRT,282.74,6.59,N
10.08768,77.23882,306.06,0.39,0.36,2026-08-21,2032,SNPP,SNPP,n,2.0NRT,282.22,0.84,N
9.24785,77.32679,304.23,0.38,0.36,2026-08-21,2032,SNPP,SNPP,n,2.0NRT,264.54,0.4,N
8.74099,77.59838,309.44,0.38,0.36,2026-08-21,2032,SNPP,SNPP,n,2.0NRT,280.22,0.82,N
8.74044,77.60186,310.06,0.38,0.36,2026-08-21,2032,SNPP,SNPP,n,2.0NRT,281.68,0.68,N
8.59524,77.89958,300.64,0.39,0.36,2026-08-21,2032,SNPP,SNPP,n,2.0NRT,278.2,0.29,N
8.38548,77.54631,332.37,0.5,0.66,2026-08-22,0735,SNPP,SNPP,n,2.0NRT,294.62,5.8,D
9.29744,77.75079,330.78,0.47,0.64,2026-08-22,0735,SNPP,SNPP,n,2.0NRT,287.77,1.45,D
15.16347,77.15242,330.11,0.4,0.6,2026-08-22,0737,SNPP,SNPP,n,2.0NRT,293.56,5.49,D
9.29573,77.75149,333.98,0.47,0.64,2026-08-22,0737,SNPP,SNPP,n,2.0NRT,287.66,1.47,D
9.29351,77.3167,334.7,0.5,0.66,2026-08-22,0737,SNPP,SNPP,n,2.0NRT,287.41,7.09,D
10.75991,79.65319,336.62,0.33,0.55,2026-08-22,0737,SNPP,SNPP,n,2.0NRT,291.23,2.68,D
11.41039,78.7151,339.14,0.37,0.58,2026-08-22,0737,SNPP,SNPP,n,2.0NRT,297.26,1.96,D
11.40803,78.71432,336.41,0.37,0.58,2026-08-22,0737,SNPP,SNPP,n,2.0NRT,297.37,2.35,D
11.72925,78.6898,331.96,0.37,0.58,2026-08-22,0737,SNPP,SNPP,n,2.0NRT,290.07,1.86,D
11.72656,78.68904,333.4,0.37,0.58,2026-08-22,0737,SNPP,SNPP,n,2.0NRT,289.76,0.95,D
12.23923,79.42413,332.77,0.32,0.55,2026-08-22,0737,SNPP,SNPP,n,2.0NRT,295.75,2.81,D
15.16272,77.14871,331.26,0.4,0.6,2026-08-22,0737,SNPP,SNPP,n,2.0NRT,293.65,5.69,D
15.20629,77.16636,337.41,0.4,0.6,2026-08-22,0737,SNPP,SNPP,n,2.0NRT,292.33,6.06,D
15.20609,77.16582,330.78,0.4,0.6,2026-08-22,0737,SNPP,SNPP,n,2.0NRT,292.09,6.3,D
16.19788,78.35836,333.26,0.32,0.54,2026-08-22,0737,SNPP,SNPP,n,2.0NRT,282.6,3.75,D
16.66123,77.32803,335.42,0.36,0.58,2026-08-22,0737,SNPP,SNPP,n,2.0NRT,294.4,4.72,D
23.66324,87.15393,339.39,0.41,0.37,2026-08-22,0739,SNPP,SNPP,n,2.0NRT,298.38,2.97,D
23.76498,86.40456,340.68,0.4,0.37,2026-08-22,0739,SNPP,SNPP,n,2.0NRT,295.23,7.66,D
25.38784,86.15111,332.18,0.4,0.37,2026-08-22,0739,SNPP,SNPP,n,2.0NRT,294.15,1.86,D
25.98661,90.07365,330.23,0.39,0.44,2026-08-22,0739,SNPP,SNPP,n,2.0NRT,278.18,2.88,D
23.56066,87.24033,338.44,0.41,0.37,2026-08-22,0739,SNPP,SNPP,n,2.0NRT,285.8,5.86,D
23.55952,87.23223,339.73,0.41,0.37,2026-08-22,0739,SNPP,SNPP,n,2.0NRT,286.05,4.78,D
23.66381,87.15797,334.21,0.41,0.37,2026-08-22,0739,SNPP,SNPP,n,2.0NRT,298.17,2.97,D
23.68436,86.39455,340.32,0.4,0.37,2026-08-22,0739,SNPP,SNPP,n,2.0NRT,296.73,6.05,D
21.92436,85.22442,328,0.38,0.36,2026-08-22,0739,SNPP,SNPP,n,2.0NRT,287.89,2.33,D
22.36426,87.3003,333.91,0.41,0.37,2026-08-22,0739,SNPP,SNPP,n,2.0NRT,294.57,3.04,D
22.36824,87.3037,339.4,0.41,0.37,2026-08-22,0739,SNPP,SNPP,n,2.0NRT,295.97,7.65,D
22.3785,87.27773,331.88,0.41,0.37,2026-08-22,0739,SNPP,SNPP,n,2.0NRT,294.66,4.94,D
23.55723,87.24088,336.79,0.41,0.37,2026-08-22,0739,SNPP,SNPP,n,2.0NRT,284.1,5.86,D
29.46118,76.86392,339.97,0.44,0.46,2026-08-22,0741,SNPP,SNPP,n,2.0NRT,293.77,13.33,D
29.46026,76.85947,330.53,0.44,0.46,2026-08-22,0741,SNPP,SNPP,n,2.0NRT,292.28,13.33,D
29.45699,76.86504,346.56,0.44,0.46,2026-08-22,0741,SNPP,SNPP,n,2.0NRT,298.27,13.33,D
29.45792,76.8695,330.42,0.44,0.46,2026-08-22,0741,SNPP,SNPP,n,2.0NRT,294.61,14.92,D
23.75772,86.40613,307.26,0.39,0.36,2026-08-22,2008,SNPP,SNPP,n,2.0NRT,284.32,1.76,N
28.66381,77.57708,314.6,0.33,0.56,2026-08-22,2008,SNPP,SNPP,n,2.0NRT,288.43,1.14,N
28.34062,77.22081,299.75,0.35,0.57,2026-08-22,2008,SNPP,SNPP,n,2.0NRT,275.94,0.35,N
25.5415,91.23676,301.27,0.54,0.42,2026-08-22,2008,SNPP,SNPP,n,2.0NRT,277.81,1.22,N
24.11502,86.85769,307.86,0.39,0.36,2026-08-22,2008,SNPP,SNPP,n,2.0NRT,282.2,1.07,N
24.1144,86.86147,308.81,0.39,0.36,2026-08-22,2008,SNPP,SNPP,n,2.0NRT,283.21,1.07,N
23.6964,87.09367,297.41,0.39,0.36,2026-08-22,2008,SNPP,SNPP,n,2.0NRT,264.68,0.29,N
23.69195,87.12051,297.67,0.39,0.36,2026-08-22,2008,SNPP,SNPP,n,2.0NRT,263.87,0.48,N
23.69131,87.12435,295.39,0.39,0.36,2026-08-22,2008,SNPP,SNPP,n,2.0NRT,264.22,0.16,N
23.68862,87.11987,296.46,0.39,0.36,2026-08-22,2008,SNPP,SNPP,n,2.0NRT,263.58,0.15,N
23.80406,86.32982,334.6,0.39,0.36,2026-08-22,2008,SNPP,SNPP,n,2.0NRT,287.18,2.14,N
23.80466,86.32607,305.78,0.39,0.36,2026-08-22,2008,SNPP,SNPP,n,2.0NRT,285.54,2.14,N
23.80196,86.32169,327.12,0.39,0.36,2026-08-22,2008,SNPP,SNPP,n,2.0NRT,285.89,3.01,N
23.80076,86.32919,313.28,0.39,0.36,2026-08-22,2008,SNPP,SNPP,n,2.0NRT,285.2,2.14,N
23.79713,86.35172,318.21,0.39,0.36,2026-08-22,2008,SNPP,SNPP,n,2.0NRT,285.52,2.06,N
23.66556,87.15495,297.9,0.39,0.37,2026-08-22,2008,SNPP,SNPP,n,2.0NRT,268.08,0.53,N
23.66493,87.15879,298.22,0.39,0.37,2026-08-22,2008,SNPP,SNPP,n,2.0NRT,265.75,0.19,N
23.79383,86.35108,309.25,0.39,0.36,2026-08-22,2008,SNPP,SNPP,n,2.0NRT,285.21,1.52,N
23.66223,87.1543,310.48,0.39,0.37,2026-08-22,2008,SNPP,SNPP,n,2.0NRT,267.81,1.5,N
23.78057,86.39111,317.42,0.39,0.36,2026-08-22,2008,SNPP,SNPP,n,2.0NRT,285.83,1.76,N
23.78514,86.3417,309.47,0.39,0.36,2026-08-22,2008,SNPP,SNPP,n,2.0NRT,284.94,1.08,N
23.7803,86.37172,308.3,0.39,0.36,2026-08-22,2008,SNPP,SNPP,n,2.0NRT,284.73,1.29,N
23.77787,86.38673,312.67,0.39,0.36,2026-08-22,2008,SNPP,SNPP,n,2.0NRT,284.99,2.2,N
23.77727,86.39049,314.36,0.39,0.36,2026-08-22,2008,SNPP,SNPP,n,2.0NRT,284.97,1.76,N
23.78062,86.34858,315.53,0.39,0.36,2026-08-22,2008,SNPP,SNPP,n,2.0NRT,284.61,2.08,N
23.77457,86.38611,308.73,0.39,0.36,2026-08-22,2008,SNPP,SNPP,n,2.0NRT,285.05,1.52,N
23.7749,86.36295,322.61,0.39,0.36,2026-08-22,2008,SNPP,SNPP,n,2.0NRT,284.94,2.66,N
23.76823,86.40426,313.83,0.39,0.36,2026-08-22,2008,SNPP,SNPP,n,2.0NRT,284.92,1.61,N
23.76493,86.40363,327.37,0.39,0.36,2026-08-22,2008,SNPP,SNPP,n,2.0NRT,285.66,2.89,N
23.76554,86.39987,309.21,0.39,0.36,2026-08-22,2008,SNPP,SNPP,n,2.0NRT,284.91,1.64,N
23.76163,86.403,325.95,0.39,0.36,2026-08-22,2008,SNPP,SNPP,n,2.0NRT,285.26,2.89,N
23.76345,86.39174,307.6,0.39,0.36,2026-08-22,2008,SNPP,SNPP,n,2.0NRT,284.56,2.08,N
23.76224,86.39925,308.2,0.39,0.36,2026-08-22,2008,SNPP,SNPP,n,2.0NRT,284.46,1.64,N
23.75833,86.40237,321.39,0.39,0.36,2026-08-22,2008,SNPP,SNPP,n,2.0NRT,285.21,1.76,N
23.75259,86.41676,310.5,0.39,0.36,2026-08-22,2008,SNPP,SNPP,n,2.0NRT,284.06,1.47,N
23.78252,86.20982,306.98,0.38,0.36,2026-08-22,2008,SNPP,SNPP,n,2.0NRT,282.05,1.47,N
23.75233,86.39735,305.3,0.39,0.36,2026-08-22,2008,SNPP,SNPP,n,2.0NRT,281.57,0.95,N
23.77922,86.20919,321.79,0.38,0.36,2026-08-22,2008,SNPP,SNPP,n,2.0NRT,282.09,1.47,N
23.77592,86.20858,303.47,0.38,0.36,2026-08-22,2008,SNPP,SNPP,n,2.0NRT,281.17,1.6,N
23.73633,86.43303,330.14,0.39,0.36,2026-08-22,2008,SNPP,SNPP,n,2.0NRT,283.11,2.38,N
23.73694,86.42928,308.1,0.39,0.36,2026-08-22,2008,SNPP,SNPP,n,2.0NRT,282.51,2.38,N
23.77112,86.19609,308.73,0.38,0.36,2026-08-22,2008,SNPP,SNPP,n,2.0NRT,280.99,0.57,N
23.77052,86.19984,302.18,0.38,0.36,2026-08-22,2008,SNPP,SNPP,n,2.0NRT,281.08,0.57,N
23.72453,86.4237,303.85,0.39,0.36,2026-08-22,2008,SNPP,SNPP,n,2.0NRT,274.68,1.02,N
23.7182,86.44186,306.47,0.39,0.36,2026-08-22,2008,SNPP,SNPP,n,2.0NRT,277.84,1.76,N
23.71368,86.44874,305.31,0.39,0.36,2026-08-22,2008,SNPP,SNPP,n,2.0NRT,275.58,1.28,N
23.71307,86.4525,314.36,0.39,0.36,2026-08-22,2008,SNPP,SNPP,n,2.0NRT,274.01,1.28,N
23.71462,86.42181,307.49,0.39,0.36,2026-08-22,2008,SNPP,SNPP,n,2.0NRT,278.36,1.19,N
23.71037,86.44811,316.07,0.39,0.36,2026-08-22,2008,SNPP,SNPP,n,2.0NRT,277.41,1.4,N
23.70707,86.44749,302.79,0.39,0.36,2026-08-22,2008,SNPP,SNPP,n,2.0NRT,275.82,1.4,N
23.68522,86.39298,318.66,0.39,0.36,2026-08-22,2008,SNPP,SNPP,n,2.0NRT,280.76,2.79,N
23.68131,86.39611,312.42,0.39,0.36,2026-08-22,2008,SNPP,SNPP,n,2.0NRT,281.27,1.78,N
23.67801,86.39548,313.67,0.39,0.36,2026-08-22,2008,SNPP,SNPP,n,2.0NRT,280.63,1.47,N
23.6774,86.39924,318.96,0.39,0.36,2026-08-22,2008,SNPP,SNPP,n,2.0NRT,280.77,1.47,N
23.6741,86.39861,304.95,0.39,0.36,2026-08-22,2008,SNPP,SNPP,n,2.0NRT,279.27,1.47,N
23.67349,86.40237,303.05,0.39,0.36,2026-08-22,2008,SNPP,SNPP,n,2.0NRT,278.73,1.25,N
23.75756,85.85487,312.65,0.38,0.36,2026-08-22,2008,SNPP,SNPP,n,2.0NRT,284.12,1.37,N
23.75485,85.8505,304.65,0.38,0.36,2026-08-22,2008,SNPP,SNPP,n,2.0NRT,283.43,1.25,N
23.75426,85.85425,314.65,0.38,0.36,2026-08-22,2008,SNPP,SNPP,n,2.0NRT,284.25,1.37,N
23.78804,85.55214,314.76,0.38,0.36,2026-08-22,2008,SNPP,SNPP,n,2.0NRT,282.58,1.26,N
23.78473,85.55153,303.07,0.38,0.36,2026-08-22,2008,SNPP,SNPP,n,2.0NRT,281.53,0.47,N
23.78123,85.57403,305.43,0.38,0.36,2026-08-22,2008,SNPP,SNPP,n,2.0NRT,284.26,1.57,N
23.68207,86.09506,304.46,0.38,0.36,2026-08-22,2008,SNPP,SNPP,n,2.0NRT,271.19,0.33,N
23.68147,86.0988,300.33,0.38,0.36,2026-08-22,2008,SNPP,SNPP,n,2.0NRT,272.9,0.33,N
23.67667,86.08633,308.2,0.38,0.36,2026-08-22,2008,SNPP,SNPP,n,2.0NRT,279.07,0.83,N
23.74471,85.50642,307.52,0.39,0.36,2026-08-22,2008,SNPP,SNPP,n,2.0NRT,284.25,0.62,N
23.82765,84.92325,302.42,0.39,0.36,2026-08-22,2008,SNPP,SNPP,n,2.0NRT,282.28,0.43,N
23.82564,84.57165,302.04,0.4,0.37,2026-08-22,2008,SNPP,SNPP,n,2.0NRT,273.03,0.72,N
23.82228,84.57104,302.53,0.4,0.37,2026-08-22,2008,SNPP,SNPP,n,2.0NRT,272.31,0.72,N
23.71059,85.28751,308.75,0.39,0.36,2026-08-22,2008,SNPP,SNPP,n,2.0NRT,280.99,0.8,N
23.69452,85.36971,308.97,0.39,0.36,2026-08-22,2008,SNPP,SNPP,n,2.0NRT,283.86,1.49,N
23.73948,85.00904,310.65,0.39,0.36,2026-08-22,2008,SNPP,SNPP,n,2.0NRT,285.88,1.92,N
23.65651,85.50643,302.38,0.38,0.36,2026-08-22,2008,SNPP,SNPP,n,2.0NRT,280.17,0.82,N
23.67462,85.32437,304.67,0.39,0.36,2026-08-22,2008,SNPP,SNPP,n,2.0NRT,283.89,1.02,N
23.71957,85.01024,308.24,0.39,0.36,2026-08-22,2008,SNPP,SNPP,n,2.0NRT,282.87,0.74,N
23.65051,85.43587,306.44,0.39,0.36,2026-08-22,2008,SNPP,SNPP,n,2.0NRT,281.3,0.53,N
23.64993,85.43962,303.86,0.39,0.36,2026-08-22,2008,SNPP,SNPP,n,2.0NRT,281.64,0.53,N
23.6472,85.43526,304.38,0.39,0.36,2026-08-22,2008,SNPP,SNPP,n,2.0NRT,280.87,0.88,N
23.64662,85.43901,314.18,0.39,0.36,2026-08-22,2008,SNPP,SNPP,n,2.0NRT,281.11,0.88,N
23.60973,85.67503,308.45,0.38,0.36,2026-08-22,2008,SNPP,SNPP,n,2.0NRT,282.97,0.76,N
23.66699,84.99687,305.87,0.39,0.36,2026-08-22,2008,SNPP,SNPP,n,2.0NRT,284.1,0.78,N
23.6631,85.00007,307.72,0.39,0.36,2026-08-22,2008,SNPP,SNPP,n,2.0NRT,284.51,0.78,N
24.71618,75.953,302.53,0.38,0.59,2026-08-22,2008,SNPP,SNPP,n,2.0NRT,287.47,0.56,N
24.66097,74.6322,303.48,0.46,0.64,2026-08-22,2008,SNPP,SNPP,n,2.0NRT,289.72,1.35,N
22.87344,86.06319,316.43,0.38,0.36,2026-08-22,2008,SNPP,SNPP,n,2.0NRT,285.9,1.49,N
22.79591,86.2062,303.11,0.39,0.36,2026-08-22,2008,SNPP,SNPP,n,2.0NRT,279.63,0.85,N
22.792,86.20931,306.36,0.39,0.36,2026-08-22,2008,SNPP,SNPP,n,2.0NRT,280.75,1.59,N
22.808,86.08934,301.5,0.39,0.36,2026-08-22,2008,SNPP,SNPP,n,2.0NRT,280.42,0.51,N
22.79791,86.09208,316.12,0.39,0.36,2026-08-22,2008,SNPP,SNPP,n,2.0NRT,280.64,1.36,N
22.78465,86.0052,304.08,0.38,0.36,2026-08-22,2008,SNPP,SNPP,n,2.0NRT,284.43,0.64,N
23.16562,82.3415,305.08,0.46,0.39,2026-08-22,2008,SNPP,SNPP,n,2.0NRT,263.61,0.63,N
22.6097,85.91267,309.26,0.38,0.36,2026-08-22,2008,SNPP,SNPP,n,2.0NRT,282.62,1.21,N
22.59049,85.90527,309.42,0.38,0.36,2026-08-22,2008,SNPP,SNPP,n,2.0NRT,289.55,2.02,N
22.57577,85.89106,308.49,0.38,0.36,2026-08-22,2008,SNPP,SNPP,n,2.0NRT,290.06,1.53,N
22.57247,85.89046,309.05,0.38,0.36,2026-08-22,2008,SNPP,SNPP,n,2.0NRT,289.7,1.49,N
22.57128,85.89787,311.38,0.38,0.36,2026-08-22,2008,SNPP,SNPP,n,2.0NRT,289.7,1.74,N
22.22124,84.75909,302.73,0.39,0.36,2026-08-22,2008,SNPP,SNPP,n,2.0NRT,283,0.71,N
22.21849,84.75478,306.41,0.39,0.36,2026-08-22,2008,SNPP,SNPP,n,2.0NRT,283.8,0.71,N
22.05333,85.46575,299.31,0.38,0.36,2026-08-22,2008,SNPP,SNPP,n,2.0NRT,275.48,0.32,N
22.06613,83.70398,312.11,0.41,0.37,2026-08-22,2008,SNPP,SNPP,n,2.0NRT,286.88,1.05,N
22.01341,83.75511,304.08,0.4,0.37,2026-08-22,2008,SNPP,SNPP,n,2.0NRT,286.39,1.06,N
22.03156,83.36552,308.14,0.41,0.37,2026-08-22,2008,SNPP,SNPP,n,2.0NRT,285.71,1.15,N
22.03203,83.36678,303.47,0.41,0.37,2026-08-22,2008,SNPP,SNPP,n,2.0NRT,285.55,1.44,N
22.00386,82.66874,310.8,0.44,0.38,2026-08-22,2008,SNPP,SNPP,n,2.0NRT,278.79,1.93,N
21.00038,86.02657,299.94,0.39,0.36,2026-08-22,2008,SNPP,SNPP,n,2.0NRT,273.93,0.51,N
20.9735,86.00627,304.37,0.39,0.36,2026-08-22,2008,SNPP,SNPP,n,2.0NRT,278.98,1.39,N
20.96958,86.00936,330.3,0.39,0.36,2026-08-22,2008,SNPP,SNPP,n,2.0NRT,280.45,2.65,N
20.96898,86.01307,319.71,0.39,0.36,2026-08-22,2008,SNPP,SNPP,n,2.0NRT,280.53,2.65,N
20.95027,86.04403,300.51,0.39,0.36,2026-08-22,2008,SNPP,SNPP,n,2.0NRT,276.88,1.39,N
20.94061,86.0614,305,0.39,0.36,2026-08-22,2008,SNPP,SNPP,n,2.0NRT,276.55,0.62,N
20.88578,84.98428,304.65,0.38,0.36,2026-08-22,2008,SNPP,SNPP,n,2.0NRT,286.19,1.23,N
20.87026,84.99661,305.12,0.38,0.36,2026-08-22,2008,SNPP,SNPP,n,2.0NRT,285.6,1.75,N
20.86481,84.9881,309.45,0.38,0.36,2026-08-22,2008,SNPP,SNPP,n,2.0NRT,284.82,1.27,N
20.86423,84.99176,305.53,0.38,0.36,2026-08-22,2008,SNPP,SNPP,n,2.0NRT,284.32,1.15,N
21.10145,72.63374,312.46,0.57,0.69,2026-08-22,2010,SNPP,SNPP,n,2.0NRT,278.17,2.52,N
17.14179,77.18325,300.35,0.51,0.5,2026-08-22,2010,SNPP,SNPP,n,2.0NRT,286.5,0.97,N
15.18365,76.66782,299.67,0.52,0.5,2026-08-22,2010,SNPP,SNPP,n,2.0NRT,269.5,3.25,N
15.17784,76.67703,302.6,0.52,0.5,2026-08-22,2010,SNPP,SNPP,n,2.0NRT,271.96,2.83,N
15.18495,76.66499,295.13,0.52,0.5,2026-08-22,2010,SNPP,SNPP,n,2.0NRT,269.54,1.01,N
15.18033,76.66441,296.01,0.52,0.5,2026-08-22,2010,SNPP,SNPP,n,2.0NRT,270.58,1.2,N
15.17907,76.67417,298.84,0.52,0.5,2026-08-22,2010,SNPP,SNPP,n,2.0NRT,271.44,1.99,N
21.109,72.63563,296.9,0.57,0.69,2026-08-22,2010,SNPP,SNPP,n,2.0NRT,276.1,2.38,N
21.10811,72.64683,299.65,0.56,0.69,2026-08-22,2010,SNPP,SNPP,n,2.0NRT,276.31,1.89,N
21.10257,72.63496,314.08,0.57,0.69,2026-08-22,2010,SNPP,SNPP,n,2.0NRT,277.35,3.3,N
21.10789,72.63438,297.41,0.57,0.69,2026-08-22,2010,SNPP,SNPP,n,2.0NRT,276.62,1.56,N
21.10692,72.64557,306.14,0.56,0.69,2026-08-22,2010,SNPP,SNPP,n,2.0NRT,276.15,2.11,N
10.61528,77.4217,309.99,0.41,0.45,2026-08-22,2012,SNPP,SNPP,n,2.0NRT,292.12,0.7,N
10.2395,77.21495,306.04,0.41,0.45,2026-08-22,2012,SNPP,SNPP,n,2.0NRT,285.61,1.38,N
10.68565,77.50634,316.98,0.4,0.44,2026-08-22,2012,SNPP,SNPP,n,2.0NRT,292.29,1.55,N
10.93126,77.0644,306.28,0.43,0.46,2026-08-22,2012,SNPP,SNPP,n,2.0NRT,289.45,0.62,N
11.81559,77.91829,302.45,0.39,0.44,2026-08-22,2012,SNPP,SNPP,n,2.0NRT,280.35,1.22,N
9.63003,77.42585,299.48,0.39,0.44,2026-08-22,2012,SNPP,SNPP,n,2.0NRT,270.94,0.75,N
10.0821,77.23841,305.95,0.41,0.45,2026-08-22,2012,SNPP,SNPP,n,2.0NRT,289.39,1.95,N
10.08541,77.24478,316.57,0.41,0.45,2026-08-22,2012,SNPP,SNPP,n,2.0NRT,289.35,1.5,N
10.92703,77.06378,300.75,0.43,0.46,2026-08-22,2012,SNPP,SNPP,n,2.0NRT,289.03,0.53,N
24.66165,74.63514,301.51,0.62,0.71,2026-08-22,2148,SNPP,SNPP,n,2.0NRT,288.82,1.61,N
26.25974,74.09682,301.85,0.53,0.67,2026-08-22,2148,SNPP,SNPP,n,2.0NRT,288.7,0.87,N
21.10465,72.63463,303.18,0.56,0.69,2026-08-22,2150,SNPP,SNPP,n,2.0NRT,287.89,1.71,N
21.1083,72.64712,305.07,0.56,0.69,2026-08-22,2150,SNPP,SNPP,n,2.0NRT,288.17,1.43,N
23.68413,86.3939,334.02,0.46,0.39,2026-08-23,0722,SNPP,SNPP,l,2.0NRT,294.75,6.14,D
23.67774,86.39987,333.05,0.46,0.39,2026-08-23,0722,SNPP,SNPP,l,2.0NRT,295.05,6.81,D
25.70774,93.52971,330.99,0.5,0.41,2026-08-23,0722,SNPP,SNPP,n,2.0NRT,289.44,3.21,D
23.76439,86.40546,337.61,0.46,0.39,2026-08-23,0722,SNPP,SNPP,l,2.0NRT,295.16,9.11,D
23.71326,86.45322,334.56,0.46,0.39,2026-08-23,0722,SNPP,SNPP,l,2.0NRT,295.7,7.52,D
29.45837,76.8635,335.25,0.41,0.61,2026-08-23,0724,SNPP,SNPP,n,2.0NRT,289.51,4.4,D
9.75798,77.86183,333.4,0.42,0.61,2026-08-23,0858,SNPP,SNPP,n,2.0NRT,290.13,4.86,D
9.30156,77.52041,337.02,0.39,0.59,2026-08-23,0858,SNPP,SNPP,n,2.0NRT,298.79,2.15,D
9.33903,77.85733,333.04,0.41,0.61,2026-08-23,0858,SNPP,SNPP,n,2.0NRT,296.88,3.16,D
9.40167,78.73985,338.39,0.47,0.64,2026-08-23,0858,SNPP,SNPP,n,2.0NRT,292.39,4.17,D
9.11287,77.61896,331.28,0.39,0.6,2026-08-23,0858,SNPP,SNPP,n,2.0NRT,297.74,1.9,D
8.60119,77.89647,336.19,0.41,0.6,2026-08-23,0858,SNPP,SNPP,n,2.0NRT,297.6,3.94,D
29.45934,76.86684,311.09,0.72,0.76,2026-08-23,1947,SNPP,SNPP,n,2.0NRT,280.2,3.52,N
29.45968,76.85906,307.01,0.73,0.76,2026-08-23,1947,SNPP,SNPP,n,2.0NRT,279.1,2.79,N
29.45605,76.86481,326.44,0.73,0.76,2026-08-23,1947,SNPP,SNPP,n,2.0NRT,279.86,4.86,N
22.37884,87.29135,304.28,0.45,0.39,2026-08-23,1949,SNPP,SNPP,n,2.0NRT,286.06,1.24,N
22.37705,87.27776,331.69,0.45,0.39,2026-08-23,1949,SNPP,SNPP,n,2.0NRT,287.58,3.46,N
22.37646,87.2821,311.21,0.45,0.39,2026-08-23,1949,SNPP,SNPP,n,2.0NRT,286.62,3.46,N
22.38041,87.28827,307.22,0.45,0.39,2026-08-23,1949,SNPP,SNPP,n,2.0NRT,285.8,2.54,N
22.37808,87.27902,335.54,0.45,0.39,2026-08-23,1949,SNPP,SNPP,n,2.0NRT,287.71,6.18,N
22.36435,87.29896,320.25,0.45,0.39,2026-08-23,1949,SNPP,SNPP,n,2.0NRT,289.13,3.59,N
22.35846,87.28915,315.8,0.45,0.39,2026-08-23,1949,SNPP,SNPP,n,2.0NRT,289.23,3.44,N
22.36707,87.01698,305.19,0.46,0.39,2026-08-23,1949,SNPP,SNPP,n,2.0NRT,280.79,1.1,N
22.36347,87.01639,307.08,0.46,0.39,2026-08-23,1949,SNPP,SNPP,n,2.0NRT,281.28,1.1,N
22.24415,87.38719,316.48,0.44,0.38,2026-08-23,1949,SNPP,SNPP,n,2.0NRT,289.59,2.84,N
22.05338,88.12582,312.77,0.41,0.37,2026-08-23,1949,SNPP,SNPP,n,2.0NRT,274.86,0.97,N
22.04995,88.12524,300.72,0.41,0.37,2026-08-23,1949,SNPP,SNPP,n,2.0NRT,274.65,0.97,N
23.72301,86.42394,302.85,0.51,0.41,2026-08-23,1949,SNPP,SNPP,n,2.0NRT,283.39,0.68,N
25.03607,87.38985,300.94,0.47,0.4,2026-08-23,1949,SNPP,SNPP,n,2.0NRT,276.37,0.78,N
24.11867,86.86238,304.73,0.49,0.4,2026-08-23,1949,SNPP,SNPP,n,2.0NRT,283.7,1.2,N
24.11497,86.86179,315.04,0.49,0.4,2026-08-23,1949,SNPP,SNPP,n,2.0NRT,284.19,1.2,N
23.79316,86.35529,302.79,0.51,0.41,2026-08-23,1949,SNPP,SNPP,n,2.0NRT,285.79,3.48,N
23.6977,87.09478,303.2,0.47,0.4,2026-08-23,1949,SNPP,SNPP,n,2.0NRT,287.02,2.05,N
23.69225,87.10797,302.31,0.47,0.4,2026-08-23,1949,SNPP,SNPP,n,2.0NRT,286.2,3.18,N
23.79394,86.35359,310.56,0.51,0.41,2026-08-23,1949,SNPP,SNPP,n,2.0NRT,285.98,3.37,N
23.69247,87.10574,304.11,0.47,0.4,2026-08-23,1949,SNPP,SNPP,n,2.0NRT,286.05,1.4,N
23.69184,87.11031,304.34,0.47,0.4,2026-08-23,1949,SNPP,SNPP,n,2.0NRT,286.12,2.47,N
23.68946,87.10056,303.81,0.47,0.4,2026-08-23,1949,SNPP,SNPP,n,2.0NRT,285.44,1.4,N
23.77992,86.37187,307.54,0.51,0.41,2026-08-23,1949,SNPP,SNPP,n,2.0NRT,286.83,2.64,N
23.77368,86.36065,305.88,0.51,0.41,2026-08-23,1949,SNPP,SNPP,n,2.0NRT,285.7,2.7,N
23.77302,86.36568,319.44,0.51,0.41,2026-08-23,1949,SNPP,SNPP,n,2.0NRT,286.74,2.7,N
23.76398,86.40508,320.1,0.51,0.41,2026-08-23,1949,SNPP,SNPP,n,2.0NRT,286.71,3.24,N
23.76086,86.39946,312.32,0.51,0.41,2026-08-23,1949,SNPP,SNPP,n,2.0NRT,286.91,3.24,N
23.7507,86.41822,311.61,0.51,0.41,2026-08-23,1949,SNPP,SNPP,n,2.0NRT,286.58,3.23,N
23.73744,86.43132,315.58,0.51,0.41,2026-08-23,1949,SNPP,SNPP,n,2.0NRT,283.11,3.36,N
23.73679,86.43628,301.72,0.51,0.41,2026-08-23,1949,SNPP,SNPP,n,2.0NRT,280.07,0.7,N
23.72484,86.43946,305.83,0.5,0.41,2026-08-23,1949,SNPP,SNPP,n,2.0NRT,284.04,1.33,N
23.72365,86.41901,304.57,0.51,0.41,2026-08-23,1949,SNPP,SNPP,n,2.0NRT,284.1,1.4,N
23.71924,86.42335,302.48,0.51,0.41,2026-08-23,1949,SNPP,SNPP,n,2.0NRT,282.02,0.68,N
23.71666,86.44323,307.55,0.5,0.41,2026-08-23,1949,SNPP,SNPP,n,2.0NRT,284.24,2.41,N
23.71547,86.42276,309.67,0.51,0.41,2026-08-23,1949,SNPP,SNPP,n,2.0NRT,284.04,1.37,N
23.71483,86.4277,303.14,0.51,0.41,2026-08-23,1949,SNPP,SNPP,n,2.0NRT,282.95,1.37,N
23.71226,86.44759,304.5,0.5,0.41,2026-08-23,1949,SNPP,SNPP,n,2.0NRT,284.46,1.32,N
23.71161,86.45256,316.85,0.5,0.41,2026-08-23,1949,SNPP,SNPP,n,2.0NRT,284.65,2.32,N
23.70849,86.44699,306.06,0.5,0.41,2026-08-23,1949,SNPP,SNPP,n,2.0NRT,284.37,1.32,N
23.68469,86.39252,319.99,0.51,0.41,2026-08-23,1949,SNPP,SNPP,n,2.0NRT,287.19,4.18,N
23.68028,86.39692,310.89,0.51,0.41,2026-08-23,1949,SNPP,SNPP,n,2.0NRT,286.89,1.83,N
23.67651,86.3963,313.29,0.51,0.41,2026-08-23,1949,SNPP,SNPP,n,2.0NRT,287.7,1.83,N
23.67588,86.40126,314.16,0.51,0.41,2026-08-23,1949,SNPP,SNPP,n,2.0NRT,287.11,1.83,N
23.68546,86.39105,315.22,0.51,0.41,2026-08-23,1949,SNPP,SNPP,n,2.0NRT,287.03,1.98,N
23.68479,86.39607,308.93,0.51,0.41,2026-08-23,1949,SNPP,SNPP,n,2.0NRT,286.78,1.98,N
23.68102,86.39546,308.42,0.51,0.41,2026-08-23,1949,SNPP,SNPP,n,2.0NRT,287.08,1.95,N
23.67725,86.39486,309.09,0.51,0.41,2026-08-23,1949,SNPP,SNPP,n,2.0NRT,287.15,1.95,N
23.67659,86.3998,319.75,0.51,0.41,2026-08-23,1949,SNPP,SNPP,n,2.0NRT,287.62,3.66,N
23.675,86.08497,311.06,0.53,0.42,2026-08-23,1949,SNPP,SNPP,n,2.0NRT,262.8,0.74,N
23.67103,86.11588,308.29,0.52,0.42,2026-08-23,1949,SNPP,SNPP,n,2.0NRT,276.87,1.63,N
22.37943,87.28702,304.16,0.45,0.39,2026-08-23,1949,SNPP,SNPP,n,2.0NRT,286.03,1.24,N
17.60466,83.20252,308.79,0.43,0.46,2026-08-23,1951,SNPP,SNPP,n,2.0NRT,284.47,1.86,N
17.6089,83.2031,312.06,0.43,0.46,2026-08-23,1951,SNPP,SNPP,n,2.0NRT,285.59,2.51,N
11.1382,77.34947,295.69,0.43,0.62,2026-08-23,1951,SNPP,SNPP,n,2.0NRT,265.86,0.63,N
10.0711,77.255,318.01,0.43,0.62,2026-08-23,1953,SNPP,SNPP,n,2.0NRT,277.2,1.65,N
10.07071,77.25803,298.24,0.42,0.61,2026-08-23,1953,SNPP,SNPP,n,2.0NRT,276.35,1.65,N
10.07274,77.25336,313.23,0.43,0.62,2026-08-23,1953,SNPP,SNPP,n,2.0NRT,276.82,1.63,N
10.07236,77.25639,313.63,0.43,0.62,2026-08-23,1953,SNPP,SNPP,n,2.0NRT,276.72,1.63,N
10.07149,77.25207,301.66,0.43,0.62,2026-08-23,1953,SNPP,SNPP,n,2.0NRT,276.97,2.47,N
29.35946,76.95735,305.21,0.35,0.57,2026-08-23,2127,SNPP,SNPP,n,2.0NRT,288.28,0.77,N
27.66743,76.13509,303.8,0.34,0.56,2026-08-23,2127,SNPP,SNPP,n,2.0NRT,288.75,0.76,N
31.25972,76.92417,303.56,0.63,0.54,2026-08-23,2127,SNPP,SNPP,n,2.0NRT,289.44,1.06,N
31.26044,76.92447,303.03,0.63,0.54,2026-08-23,2127,SNPP,SNPP,n,2.0NRT,289.55,1.21,N
29.45798,76.88937,307.07,0.34,0.56,2026-08-23,2127,SNPP,SNPP,n,2.0NRT,286.24,1.17,N
29.45706,76.87043,345.96,0.34,0.56,2026-08-23,2127,SNPP,SNPP,n,2.0NRT,287.56,3.77,N
29.45788,76.86697,309.22,0.34,0.56,2026-08-23,2127,SNPP,SNPP,n,2.0NRT,287.34,2.77,N
24.68984,73.00451,307.66,0.51,0.49,2026-08-23,2129,SNPP,SNPP,n,2.0NRT,291.76,1.64,N
16.7534,74.28566,301.79,0.44,0.62,2026-08-23,2131,SNPP,SNPP,n,2.0NRT,282.91,0.63,N
31.99853,78.5369,333.62,0.54,0.68,2026-08-24,0705,SNPP,SNPP,n,2.0NRT,298.58,4.85,D
8.86875,78.15804,341.5,0.41,0.45,2026-08-24,0839,SNPP,SNPP,n,2.0NRT,289.45,5.2,D
8.86698,78.08605,332.97,0.41,0.45,2026-08-24,0839,SNPP,SNPP,n,2.0NRT,286.72,3.33,D
30.4505,74.18115,332.79,0.44,0.46,2026-08-24,0845,SNPP,SNPP,n,2.0NRT,297.29,4.16,D
23.55243,87.23839,302.43,0.57,0.52,2026-08-24,1930,SNPP,SNPP,n,2.0NRT,275.19,2.3,N
22.86855,86.05769,301.01,0.33,0.56,2026-08-24,1930,SNPP,SNPP,n,2.0NRT,286.9,0.98,N
22.58832,85.90031,303.06,0.34,0.56,2026-08-24,1930,SNPP,SNPP,n,2.0NRT,286.7,1.24,N
22.58314,85.89967,302.78,0.34,0.56,2026-08-24,1930,SNPP,SNPP,n,2.0NRT,286.6,1.24,N
22.58779,85.89744,301.86,0.34,0.56,2026-08-24,1930,SNPP,SNPP,n,2.0NRT,286.83,1.66,N
22.56736,85.89178,306.82,0.34,0.56,2026-08-24,1930,SNPP,SNPP,n,2.0NRT,286.55,1.65,N
22.37227,87.27415,325.21,0.55,0.51,2026-08-24,1930,SNPP,SNPP,n,2.0NRT,288.95,5.77,N
22.3605,87.29447,314.52,0.55,0.51,2026-08-24,1930,SNPP,SNPP,n,2.0NRT,288.5,3.51,N
22.36139,87.01068,308.79,0.57,0.52,2026-08-24,1930,SNPP,SNPP,n,2.0NRT,289.02,3.56,N
22.36172,87.01392,310.09,0.57,0.52,2026-08-24,1930,SNPP,SNPP,n,2.0NRT,288.97,2.67,N
27.37654,95.08727,307.83,0.39,0.37,2026-08-24,1930,SNPP,SNPP,n,2.0NRT,286.2,1.51,N
25.94131,72.19123,311.79,0.4,0.37,2026-08-24,2110,SNPP,SNPP,n,2.0NRT,295.8,1.76,N
26.25756,74.09525,308.52,0.46,0.39,2026-08-24,2110,SNPP,SNPP,n,2.0NRT,293.4,1.39,N
31.25866,76.92591,304.88,0.52,0.42,2026-08-24,2110,SNPP,SNPP,n,2.0NRT,290.63,1.06,N
29.45879,76.8923,303.48,0.55,0.43,2026-08-24,2110,SNPP,SNPP,n,2.0NRT,287.77,2.12,N
26.87662,73.51538,307.36,0.43,0.38,2026-08-24,2110,SNPP,SNPP,n,2.0NRT,294.83,1.23,N
21.1091,72.64789,309.92,0.46,0.39,2026-08-24,2112,SNPP,SNPP,n,2.0NRT,293.66,3.01,N
23.10639,70.1897,306.28,0.38,0.36,2026-08-24,2112,SNPP,SNPP,n,2.0NRT,295.39,0.54,N
23.05546,69.99567,308.71,0.38,0.36,2026-08-24,2112,SNPP,SNPP,n,2.0NRT,294.75,0.63,N
22.92933,70.10716,313.68,0.38,0.36,2026-08-24,2112,SNPP,SNPP,n,2.0NRT,294.86,1.04,N
22.93641,69.69853,325.35,0.38,0.36,2026-08-24,2112,SNPP,SNPP,n,2.0NRT,295.02,2.55,N
22.93583,69.70226,321.57,0.38,0.36,2026-08-24,2112,SNPP,SNPP,n,2.0NRT,295.22,3.69,N
22.93312,69.69794,324.97,0.38,0.36,2026-08-24,2112,SNPP,SNPP,n,2.0NRT,295.2,2.55,N
22.34504,69.87063,323.05,0.38,0.36,2026-08-24,2112,SNPP,SNPP,n,2.0NRT,292.53,1.78,N
22.34174,69.87002,322.14,0.38,0.36,2026-08-24,2112,SNPP,SNPP,n,2.0NRT,292.79,1.78,N
22.3408,69.85459,305.94,0.38,0.36,2026-08-24,2112,SNPP,SNPP,n,2.0NRT,294.23,1.87,N
21.11144,72.63482,311.12,0.46,0.39,2026-08-24,2112,SNPP,SNPP,n,2.0NRT,293.41,2.9,N
21.10552,72.64716,337.64,0.46,0.39,2026-08-24,2112,SNPP,SNPP,n,2.0NRT,295.31,10.73,N
21.10352,72.63773,330.98,0.46,0.39,2026-08-24,2112,SNPP,SNPP,n,2.0NRT,293.45,9.49,N
20.91151,71.45895,310.03,0.41,0.37,2026-08-24,2112,SNPP,SNPP,n,2.0NRT,293.19,1.54,N
20.35698,72.95097,301.25,0.48,0.4,2026-08-24,2112,SNPP,SNPP,n,2.0NRT,288.29,2,N
24.8168,73.0893,306.65,0.43,0.38,2026-08-24,2112,SNPP,SNPP,n,2.0NRT,290.19,0.76,N
24.68826,72.99875,309.39,0.43,0.38,2026-08-24,2112,SNPP,SNPP,n,2.0NRT,290.77,1.05,N
23.3162,70.48951,309.1,0.39,0.36,2026-08-24,2112,SNPP,SNPP,n,2.0NRT,295.62,1.26,N
23.25788,70.26331,307.92,0.38,0.36,2026-08-24,2112,SNPP,SNPP,n,2.0NRT,295.12,0.65,N
23.2488,69.87011,307.12,0.38,0.36,2026-08-24,2112,SNPP,SNPP,n,2.0NRT,295.5,0.82,N
18.68722,73.03297,305.75,0.51,0.41,2026-08-24,2114,SNPP,SNPP,n,2.0NRT,288.63,1.88,N
18.68346,73.03221,304.3,0.51,0.41,2026-08-24,2114,SNPP,SNPP,n,2.0NRT,288.14,1.88,N
10.21385,79.24151,330.12,0.42,0.37,2026-08-25,0822,SNPP,SNPP,n,2.0NRT,278.65,3.48,D
14.20531,77.38112,337.11,0.39,0.36,2026-08-25,0822,SNPP,SNPP,n,2.0NRT,297.5,3.89,D
14.86806,79.7366,350.15,0.48,0.4,2026-08-25,0822,SNPP,SNPP,n,2.0NRT,299.64,9.7,D
17.08652,79.68517,330.79,0.51,0.41,2026-08-25,0822,SNPP,SNPP,n,2.0NRT,293.24,3.75,D
10.2144,79.2453,332.07,0.42,0.37,2026-08-25,0822,SNPP,SNPP,n,2.0NRT,277.4,4.51,D
15.65774,78.98273,344.31,0.45,0.39,2026-08-25,0822,SNPP,SNPP,n,2.0NRT,299.23,6.07,D
16.00588,79.10636,330.37,0.46,0.39,2026-08-25,0822,SNPP,SNPP,n,2.0NRT,297.38,1.63,D
30.41115,73.77779,332.39,0.4,0.37,2026-08-25,0826,SNPP,SNPP,n,2.0NRT,303.01,1.7,D
30.38699,73.90166,331.03,0.4,0.37,2026-08-25,0826,SNPP,SNPP,l,2.0NRT,303.76,3.83,D
22.37654,87.27341,299.76,0.55,0.68,2026-08-25,1910,SNPP,SNPP,n,2.0NRT,276.37,2.54,N
27.32489,95.27836,310.53,0.4,0.44,2026-08-25,1910,SNPP,SNPP,n,2.0NRT,288.02,2.34,N
27.31814,95.26488,317.39,0.4,0.45,2026-08-25,1910,SNPP,SNPP,n,2.0NRT,287.49,2.44,N
22.37854,87.27468,305.68,0.55,0.68,2026-08-25,1910,SNPP,SNPP,n,2.0NRT,275.84,2.05,N
22.37812,87.2802,307.89,0.55,0.68,2026-08-25,1910,SNPP,SNPP,n,2.0NRT,276.62,2.05,N
22.37608,87.27892,311.74,0.55,0.68,2026-08-25,1910,SNPP,SNPP,n,2.0NRT,279.11,3.21,N
22.36787,87.30032,305.12,0.55,0.68,2026-08-25,1910,SNPP,SNPP,n,2.0NRT,281.45,1.59,N
22.35603,87.28809,299.91,0.55,0.68,2026-08-25,1910,SNPP,SNPP,n,2.0NRT,278.54,1.02,N
22.36498,87.01769,302.1,0.57,0.69,2026-08-25,1910,SNPP,SNPP,n,2.0NRT,277.98,0.5,N
22.24567,87.3872,301.79,0.54,0.68,2026-08-25,1910,SNPP,SNPP,n,2.0NRT,281.07,0.71,N
21.80047,83.89091,298.89,0.35,0.57,2026-08-25,2053,SNPP,SNPP,n,2.0NRT,274.09,0.38,N
21.82554,83.90067,298.76,0.35,0.57,2026-08-25,2053,SNPP,SNPP,n,2.0NRT,272.21,0.53,N
22.03749,83.35403,297.68,0.32,0.55,2026-08-25,2053,SNPP,SNPP,n,2.0NRT,272.66,1.02,N
17.95771,80.79256,318.24,0.53,0.5,2026-08-25,2053,SNPP,SNPP,n,2.0NRT,287.88,4.11,N
18.80515,74.26173,306.85,0.39,0.36,2026-08-25,2053,SNPP,SNPP,n,2.0NRT,290.55,0.58,N
15.17962,76.67442,300.33,0.5,0.41,2026-08-25,2053,SNPP,SNPP,n,2.0NRT,283.81,0.71,N
15.1759,76.67371,305.07,0.5,0.41,2026-08-25,2053,SNPP,SNPP,n,2.0NRT,286.46,0.71,N
25.9415,72.19053,306.2,0.45,0.39,2026-08-25,2053,SNPP,SNPP,n,2.0NRT,280.44,0.87,N
15.17508,76.67832,297.22,0.5,0.41,2026-08-25,2053,SNPP,SNPP,n,2.0NRT,285.37,2.28,N
17.95664,80.79015,304.6,0.53,0.5,2026-08-25,2053,SNPP,SNPP,n,2.0NRT,287.69,2.22,N
17.95564,80.7951,310.43,0.53,0.5,2026-08-25,2053,SNPP,SNPP,n,2.0NRT,287.79,1.62,N
22.93312,69.69748,314.65,0.55,0.43,2026-08-25,2053,SNPP,SNPP,n,2.0NRT,292.93,2.18,N
22.93243,69.69887,311.42,0.55,0.43,2026-08-25,2053,SNPP,SNPP,n,2.0NRT,293.13,2.23,N
21.46661,80.1269,300.63,0.42,0.45,2026-08-25,2053,SNPP,SNPP,n,2.0NRT,271.13,0.53,N
21.37644,81.67916,295.33,0.52,0.5,2026-08-25,2053,SNPP,SNPP,n,2.0NRT,271.65,1.1,N
21.80072,82.0384,300.33,0.54,0.51,2026-08-25,2053,SNPP,SNPP,n,2.0NRT,277.59,0.72,N
21.74012,83.84026,308.08,0.35,0.57,2026-08-25,2053,SNPP,SNPP,n,2.0NRT,277.41,2.32,N
21.7445,83.84505,298.77,0.35,0.57,2026-08-25,2053,SNPP,SNPP,n,2.0NRT,276.34,2.32,N
21.74524,83.84165,344.62,0.35,0.57,2026-08-25,2053,SNPP,SNPP,n,2.0NRT,278.44,2.32,N
21.75037,83.84305,301.57,0.35,0.57,2026-08-25,2053,SNPP,SNPP,n,2.0NRT,274.45,0.9,N
19.82175,79.2376,301.47,0.39,0.44,2026-08-25,2055,SNPP,SNPP,n,2.0NRT,286.07,0.86,N
14.87239,78.05413,309.87,0.4,0.44,2026-08-25,2055,SNPP,SNPP,n,2.0NRT,281.77,2.06,N
9.70498,77.43482,295.89,0.45,0.47,2026-08-25,2055,SNPP,SNPP,n,2.0NRT,271.73,1.89,N
22.4152,69.03896,305.3,0.39,0.44,2026-08-25,2055,SNPP,SNPP,n,2.0NRT,285.84,1.39,N
21.1113,72.63686,301.26,0.4,0.37,2026-08-25,2055,SNPP,SNPP,n,2.0NRT,279.28,1.51,N
21.10678,72.64395,316.16,0.4,0.37,2026-08-25,2055,SNPP,SNPP,n,2.0NRT,277.94,2.31,N
21.1062,72.64778,310.96,0.4,0.37,2026-08-25,2055,SNPP,SNPP,n,2.0NRT,275.72,1.33,N
21.10456,72.63571,316.63,0.4,0.37,2026-08-25,2055,SNPP,SNPP,n,2.0NRT,287.4,3.21,N
21.10119,72.63515,333.85,0.4,0.37,2026-08-25,2055,SNPP,SNPP,n,2.0NRT,290.63,7.38,N
9.38904,78.88414,334.56,0.47,0.4,2026-08-26,0801,SNPP,SNPP,l,2.0NRT,299.26,5.44,D
9.38948,78.88505,336.31,0.47,0.4,2026-08-26,0801,SNPP,SNPP,l,2.0NRT,299.69,6.1,D
9.80408,78.17467,337.02,0.5,0.41,2026-08-26,0801,SNPP,SNPP,n,2.0NRT,296.81,4,D
9.90871,78.08326,333.9,0.51,0.41,2026-08-26,0801,SNPP,SNPP,n,2.0NRT,295.44,5.83,D
9.90823,78.08034,333.85,0.51,0.41,2026-08-26,0801,SNPP,SNPP,n,2.0NRT,295.48,5.5,D
10.05334,77.95324,348.01,0.51,0.41,2026-08-26,0801,SNPP,SNPP,n,2.0NRT,296.96,10.17,D
12.13064,79.65323,333.44,0.41,0.37,2026-08-26,0801,SNPP,SNPP,l,2.0NRT,306.63,24.35,D
13.84194,79.25305,330.21,0.41,0.37,2026-08-26,0803,SNPP,SNPP,l,2.0NRT,296.56,5.29,D
14.25997,80.11976,330.87,0.39,0.36,2026-08-26,0803,SNPP,SNPP,l,2.0NRT,302.06,9.65,D
14.2594,80.11615,332.94,0.39,0.36,2026-08-26,0803,SNPP,SNPP,l,2.0NRT,301.84,5.44,D
15.17995,76.68201,334.96,0.51,0.41,2026-08-26,0803,SNPP,SNPP,n,2.0NRT,296.78,3.33,D
15.90841,79.10486,332.68,0.4,0.37,2026-08-26,0803,SNPP,SNPP,l,2.0NRT,300.64,3.57,D
16.40065,79.36692,335.87,0.39,0.36,2026-08-26,0803,SNPP,SNPP,n,2.0NRT,297.3,4.44,D
17.95717,80.79728,333.75,0.39,0.36,2026-08-26,0803,SNPP,SNPP,n,2.0NRT,296.44,3.39,D
18.54734,74.17914,332.83,0.42,0.45,2026-08-26,0803,SNPP,SNPP,n,2.0NRT,294.44,5.43,D
21.74366,83.84032,332.06,0.53,0.42,2026-08-26,0805,SNPP,SNPP,n,2.0NRT,291.1,5.71,D
21.74819,83.84499,338.5,0.53,0.42,2026-08-26,0805,SNPP,SNPP,n,2.0NRT,294.05,5.71,D
21.75594,83.84392,339.67,0.53,0.42,2026-08-26,0805,SNPP,SNPP,n,2.0NRT,293.25,10.06,D
22.35679,82.30565,330.32,0.45,0.39,2026-08-26,0805,SNPP,SNPP,n,2.0NRT,295.09,5.19,D
21.10306,72.64542,336.67,0.47,0.48,2026-08-26,0805,SNPP,SNPP,n,2.0NRT,293.41,4.7,D
21.10126,72.63638,355.87,0.47,0.48,2026-08-26,0805,SNPP,SNPP,n,2.0NRT,294.3,11.1,D
30.37266,73.89281,332.4,0.44,0.38,2026-08-26,0807,SNPP,SNPP,l,2.0NRT,302.55,4.26,D
30.37163,73.89048,336.49,0.44,0.38,2026-08-26,0807,SNPP,SNPP,n,2.0NRT,302.65,4.25,D
33.57693,74.22216,330.71,0.4,0.37,2026-08-26,0807,SNPP,SNPP,n,2.0NRT,299.53,2.99,D
24.92307,92.52792,297.19,0.55,0.68,2026-08-26,1851,SNPP,SNPP,n,2.0NRT,284.62,4.53,N
29.92137,74.95252,298.99,0.42,0.45,2026-08-26,2032,SNPP,SNPP,n,2.0NRT,282.32,0.96,N
23.61321,86.7896,311.97,0.5,0.49,2026-08-26,2034,SNPP,SNPP,n,2.0NRT,287.72,3.11,N
23.61457,86.79169,311.36,0.5,0.49,2026-08-26,2034,SNPP,SNPP,n,2.0NRT,287.95,3.56,N
23.55976,87.23328,304.51,0.53,0.5,2026-08-26,2034,SNPP,SNPP,n,2.0NRT,285.34,2.46,N
23.56083,87.22818,300.7,0.53,0.5,2026-08-26,2034,SNPP,SNPP,n,2.0NRT,280.42,2.21,N
23.79305,86.23392,297.85,0.46,0.47,2026-08-26,2034,SNPP,SNPP,n,2.0NRT,284.98,3.42,N
23.79604,86.28603,299.33,0.46,0.47,2026-08-26,2034,SNPP,SNPP,n,2.0NRT,285.08,1.39,N
23.69875,87.09306,301.23,0.52,0.5,2026-08-26,2034,SNPP,SNPP,n,2.0NRT,285.24,2.02,N
23.12196,70.08334,311,0.34,0.56,2026-08-26,2034,SNPP,SNPP,n,2.0NRT,290.15,1.48,N
20.78876,85.25801,301.02,0.45,0.47,2026-08-26,2034,SNPP,SNPP,n,2.0NRT,286.65,1.13,N
22.9245,69.82229,301.64,0.35,0.57,2026-08-26,2034,SNPP,SNPP,n,2.0NRT,290.12,1.76,N
22.92565,69.82343,303.65,0.35,0.57,2026-08-26,2034,SNPP,SNPP,n,2.0NRT,290.14,0.67,N
20.86715,84.99306,303.85,0.43,0.46,2026-08-26,2034,SNPP,SNPP,n,2.0NRT,281.88,2.21,N
20.86633,84.99726,302.62,0.43,0.46,2026-08-26,2034,SNPP,SNPP,n,2.0NRT,282.26,1.86,N
20.86377,84.98796,331.05,0.43,0.46,2026-08-26,2034,SNPP,SNPP,n,2.0NRT,283.25,2.41,N
20.86296,84.99215,308.93,0.43,0.46,2026-08-26,2034,SNPP,SNPP,n,2.0NRT,281.55,2.41,N
20.79388,85.25462,303.84,0.45,0.47,2026-08-26,2034,SNPP,SNPP,n,2.0NRT,286.57,1.13,N
20.79303,85.25893,302.21,0.45,0.47,2026-08-26,2034,SNPP,SNPP,n,2.0NRT,287.06,1.13,N
15.0046,77.00061,310.42,0.39,0.36,2026-08-26,2036,SNPP,SNPP,n,2.0NRT,292.26,0.69,N
15.68362,78.45876,306.97,0.39,0.36,2026-08-26,2036,SNPP,SNPP,n,2.0NRT,292.66,0.94,N
15.01486,79.80273,316.21,0.43,0.38,2026-08-26,2036,SNPP,SNPP,n,2.0NRT,292.67,4.81,N
15.33239,76.28411,306.46,0.4,0.37,2026-08-26,2036,SNPP,SNPP,n,2.0NRT,287.96,0.93,N
15.17826,77.10178,302.31,0.39,0.36,2026-08-26,2036,SNPP,SNPP,n,2.0NRT,285.43,0.81,N
15.17495,77.10123,306.08,0.39,0.36,2026-08-26,2036,SNPP,SNPP,n,2.0NRT,287.24,0.81,N
15.02314,78.01447,308.69,0.39,0.36,2026-08-26,2036,SNPP,SNPP,n,2.0NRT,280.87,1.12,N
15.30111,76.21888,304.95,0.4,0.37,2026-08-26,2036,SNPP,SNPP,n,2.0NRT,289.96,0.69,N
15.1731,76.78556,304.39,0.39,0.36,2026-08-26,2036,SNPP,SNPP,n,2.0NRT,291.16,0.82,N
15.18476,76.66579,311.2,0.39,0.36,2026-08-26,2036,SNPP,SNPP,n,2.0NRT,290.28,1.57,N
15.18143,76.66524,326.3,0.39,0.36,2026-08-26,2036,SNPP,SNPP,n,2.0NRT,290.26,1.57,N
15.18476,76.64362,304.82,0.39,0.36,2026-08-26,2036,SNPP,SNPP,n,2.0NRT,289.85,0.6,N
15.18088,76.66885,306.97,0.39,0.36,2026-08-26,2036,SNPP,SNPP,n,2.0NRT,290.26,2.45,N
15.17922,76.67965,309.1,0.39,0.36,2026-08-26,2036,SNPP,SNPP,n,2.0NRT,291.74,1.91,N
15.17733,76.67619,328.74,0.39,0.36,2026-08-26,2036,SNPP,SNPP,n,2.0NRT,292.52,3.51,N
15.17453,76.69421,316.22,0.39,0.36,2026-08-26,2036,SNPP,SNPP,n,2.0NRT,290.04,1.32,N
15.17736,76.65406,327.76,0.39,0.36,2026-08-26,2036,SNPP,SNPP,n,2.0NRT,291.09,2.93,N
15.1768,76.65766,332.51,0.39,0.36,2026-08-26,2036,SNPP,SNPP,n,2.0NRT,290.69,2.93,N
15.17624,76.66125,304.34,0.39,0.36,2026-08-26,2036,SNPP,SNPP,n,2.0NRT,288.3,1.72,N
15.1712,76.69366,302.91,0.39,0.36,2026-08-26,2036,SNPP,SNPP,n,2.0NRT,287.77,1.32,N
15.17403,76.65352,310.22,0.39,0.36,2026-08-26,2036,SNPP,SNPP,n,2.0NRT,286.79,1,N
15.17348,76.65711,311.66,0.39,0.36,2026-08-26,2036,SNPP,SNPP,n,2.0NRT,287.35,1,N
15.16791,76.67098,309.55,0.39,0.36,2026-08-26,2036,SNPP,SNPP,n,2.0NRT,285.83,1.47,N
15.16735,76.6746,304.85,0.39,0.36,2026-08-26,2036,SNPP,SNPP,n,2.0NRT,285.55,0.5,N
15.17149,76.38216,301.43,0.39,0.36,2026-08-26,2036,SNPP,SNPP,n,2.0NRT,288.15,0.46,N
15.16815,76.38161,308.5,0.39,0.36,2026-08-26,2036,SNPP,SNPP,n,2.0NRT,288.52,1.39,N
13.8324,79.25771,300.63,0.42,0.37,2026-08-26,2036,SNPP,SNPP,n,2.0NRT,283.62,0.19,N
13.70935,79.61942,304.18,0.43,0.38,2026-08-26,2036,SNPP,SNPP,n,2.0NRT,281.75,0.92,N
13.62073,78.48496,299.89,0.4,0.37,2026-08-26,2036,SNPP,SNPP,n,2.0NRT,281.72,0.4,N
18.95733,73.94366,324.36,0.53,0.42,2026-08-26,2036,SNPP,SNPP,n,2.0NRT,290,2.23,N
18.68391,73.0312,312.29,0.39,0.44,2026-08-26,2036,SNPP,SNPP,n,2.0NRT,291.47,2.8,N
18.68293,73.03869,308.16,0.39,0.44,2026-08-26,2036,SNPP,SNPP,n,2.0NRT,291.72,2.52,N
16.63467,74.34213,301.82,0.47,0.4,2026-08-26,2036,SNPP,SNPP,n,2.0NRT,290.9,0.52,N
11.18108,79.10128,303.57,0.43,0.38,2026-08-26,2038,SNPP,SNPP,n,2.0NRT,285.73,0.43,N
11.81618,77.91673,315.08,0.4,0.37,2026-08-26,2038,SNPP,SNPP,n,2.0NRT,286.24,2.03,N
11.80979,77.00835,302.99,0.38,0.36,2026-08-26,2038,SNPP,SNPP,n,2.0NRT,272.49,0.44,N
8.53767,77.95551,330.37,0.37,0.58,2026-08-27,0744,SNPP,SNPP,n,2.0NRT,291.3,2.88,D
8.53706,77.95217,335.66,0.37,0.58,2026-08-27,0744,SNPP,SNPP,n,2.0NRT,291.67,2.88,D
8.93558,77.80733,336.01,0.37,0.58,2026-08-27,0744,SNPP,SNPP,n,2.0NRT,294.19,2.63,D
9.30486,78.81577,336.81,0.62,0.54,2026-08-27,0744,SNPP,SNPP,n,2.0NRT,296.38,6.54,D
9.13252,77.84334,338.51,0.36,0.58,2026-08-27,0744,SNPP,SNPP,n,2.0NRT,296.56,3.68,D
9.30457,78.81348,334.81,0.62,0.54,2026-08-27,0744,SNPP,SNPP,n,2.0NRT,296.26,0.98,D
9.1307,77.84574,335.59,0.36,0.58,2026-08-27,0744,SNPP,SNPP,n,2.0NRT,296.02,4.28,D
9.13009,77.84245,341.07,0.36,0.58,2026-08-27,0744,SNPP,SNPP,n,2.0NRT,296.5,4.92,D
9.20093,77.46384,331.96,0.38,0.59,2026-08-27,0744,SNPP,SNPP,n,2.0NRT,295.68,1.61,D
9.9931,79.18903,333.06,0.57,0.52,2026-08-27,0744,SNPP,SNPP,n,2.0NRT,295.75,1.7,D
9.91843,77.93557,335.55,0.35,0.56,2026-08-27,0744,SNPP,SNPP,n,2.0NRT,294.03,2.57,D
10.02469,78.36389,334.84,0.32,0.55,2026-08-27,0744,SNPP,SNPP,n,2.0NRT,295.39,2.55,D
10.28012,78.98431,339.64,0.58,0.52,2026-08-27,0744,SNPP,SNPP,n,2.0NRT,296.95,7.07,D
10.99141,78.89906,338.6,0.57,0.52,2026-08-27,0744,SNPP,SNPP,n,2.0NRT,298.76,10.52,D
10.87787,77.24078,330.18,0.37,0.58,2026-08-27,0744,SNPP,SNPP,n,2.0NRT,295.55,3.26,D
11.69187,79.39234,332.69,0.52,0.5,2026-08-27,0744,SNPP,SNPP,n,2.0NRT,295.48,1.98,D
12.19828,79.71751,331.74,0.48,0.48,2026-08-27,0744,SNPP,SNPP,n,2.0NRT,293.89,2.89,D
17.64342,74.69589,335.54,0.41,0.61,2026-08-27,0746,SNPP,SNPP,n,2.0NRT,291.34,4.07,D
20.78782,85.26209,335.01,0.39,0.36,2026-08-27,0746,SNPP,SNPP,n,2.0NRT,289.15,1.55,D
20.86458,84.98833,338.21,0.39,0.36,2026-08-27,0746,SNPP,SNPP,n,2.0NRT,293.29,4.15,D
20.884,84.98126,330.65,0.39,0.36,2026-08-27,0746,SNPP,SNPP,n,2.0NRT,295.69,2.97,D
27.26775,88.31142,332.2,0.4,0.44,2026-08-27,0748,SNPP,SNPP,n,2.0NRT,278.62,4.19,D
26.63397,70.38496,340.33,0.49,0.65,2026-08-27,0748,SNPP,SNPP,n,2.0NRT,300.41,3.37,D
26.63018,70.38756,336.05,0.49,0.65,2026-08-27,0748,SNPP,SNPP,n,2.0NRT,299.79,4.07,D
30.60386,74.03584,337.14,0.49,0.48,2026-08-27,0750,SNPP,SNPP,n,2.0NRT,298.61,3.14,D
30.69802,74.17593,330.82,0.48,0.48,2026-08-27,0750,SNPP,SNPP,l,2.0NRT,300.88,3.07,D
29.9094,74.95135,321.57,0.4,0.6,2026-08-27,2014,SNPP,SNPP,n,2.0NRT,293.15,13.61,N
22.24742,87.38844,309.29,0.46,0.39,2026-08-27,2014,SNPP,SNPP,n,2.0NRT,285.15,1.81,N
22.3576,87.29176,305.77,0.46,0.39,2026-08-27,2014,SNPP,SNPP,n,2.0NRT,285.89,1.78,N
22.36518,87.3004,323.59,0.46,0.39,2026-08-27,2014,SNPP,SNPP,n,2.0NRT,287.19,3.88,N
22.3771,87.27546,307.83,0.46,0.39,2026-08-27,2014,SNPP,SNPP,n,2.0NRT,286.36,1.49,N
22.3763,87.27986,324.45,0.46,0.39,2026-08-27,2014,SNPP,SNPP,n,2.0NRT,287.22,3.31,N
22.78921,86.19717,327.01,0.41,0.37,2026-08-27,2014,SNPP,SNPP,n,2.0NRT,278.39,3.24,N
22.79055,86.20983,306.4,0.41,0.37,2026-08-27,2014,SNPP,SNPP,n,2.0NRT,278.4,1.08,N
23.69652,85.29062,304.11,0.39,0.36,2026-08-27,2014,SNPP,SNPP,n,2.0NRT,279.36,0.74,N
23.84105,85.30284,296.4,0.39,0.36,2026-08-27,2014,SNPP,SNPP,n,2.0NRT,270.04,0.35,N
23.54881,87.24468,296.44,0.44,0.39,2026-08-27,2014,SNPP,SNPP,n,2.0NRT,266.9,0.54,N
23.55232,87.24541,308.68,0.44,0.39,2026-08-27,2014,SNPP,SNPP,n,2.0NRT,275.15,0.54,N
23.55659,87.24186,305.1,0.44,0.38,2026-08-27,2014,SNPP,SNPP,n,2.0NRT,278.17,1.94,N
23.56009,87.24259,308.29,0.44,0.38,2026-08-27,2014,SNPP,SNPP,n,2.0NRT,278.93,1.94,N
23.56085,87.2383,327.01,0.44,0.38,2026-08-27,2014,SNPP,SNPP,n,2.0NRT,278.76,1.94,N
23.66214,87.15569,314.34,0.44,0.38,2026-08-27,2014,SNPP,SNPP,n,2.0NRT,274.6,2.08,N
23.66489,87.16066,304.31,0.44,0.38,2026-08-27,2014,SNPP,SNPP,n,2.0NRT,275.89,0.75,N
23.68629,87.12115,295.74,0.44,0.38,2026-08-27,2014,SNPP,SNPP,n,2.0NRT,261.37,0.41,N
29.457,76.86609,334.4,0.61,0.53,2026-08-27,2014,SNPP,SNPP,n,2.0NRT,289.84,7.66,N
29.90971,74.94712,350.51,0.4,0.6,2026-08-27,2014,SNPP,SNPP,n,2.0NRT,294.75,13.61,N
29.91002,74.94289,346.19,0.4,0.6,2026-08-27,2014,SNPP,SNPP,n,2.0NRT,292.71,12.52,N
29.91529,74.9477,308.09,0.4,0.6,2026-08-27,2014,SNPP,SNPP,n,2.0NRT,292.96,1.59,N
29.90909,74.95557,306.55,0.4,0.6,2026-08-27,2014,SNPP,SNPP,n,2.0NRT,292.96,2.25,N
29.91033,74.93867,305.44,0.4,0.6,2026-08-27,2014,SNPP,SNPP,n,2.0NRT,292.26,12.52,N
29.91498,74.95193,306.17,0.4,0.6,2026-08-27,2014,SNPP,SNPP,n,2.0NRT,293,1.59,N
15.99257,78.3996,304.82,0.51,0.41,2026-08-27,2017,SNPP,SNPP,n,2.0NRT,283.96,1.89,N
11.81603,77.91864,320.62,0.48,0.4,2026-08-27,2017,SNPP,SNPP,n,2.0NRT,290.36,2.43,N
11.81781,77.91653,311.73,0.48,0.4,2026-08-27,2017,SNPP,SNPP,n,2.0NRT,289.98,2.88,N
11.18222,79.10208,304.71,0.42,0.38,2026-08-27,2017,SNPP,SNPP,n,2.0NRT,290.78,2.06,N
11.17704,79.08945,307.88,0.42,0.38,2026-08-27,2017,SNPP,SNPP,n,2.0NRT,291.52,1.27,N
11.10949,77.76649,309.44,0.48,0.4,2026-08-27,2017,SNPP,SNPP,n,2.0NRT,292.92,1.12,N
10.14528,78.35623,306.72,0.44,0.38,2026-08-27,2017,SNPP,SNPP,n,2.0NRT,293.87,0.73,N
9.49338,77.62221,302,0.47,0.4,2026-08-27,2017,SNPP,SNPP,n,2.0NRT,281.79,0.44,N
9.49335,77.62408,304.15,0.47,0.4,2026-08-27,2017,SNPP,SNPP,n,2.0NRT,283.83,0.45,N
22.38937,73.11508,295.06,0.43,0.62,2026-08-27,2017,SNPP,SNPP,n,2.0NRT,272.37,0.59,N
21.10433,72.64272,305.89,0.45,0.63,2026-08-27,2017,SNPP,SNPP,n,2.0NRT,264.87,2.66,N
17.95681,80.78843,308.3,0.42,0.37,2026-08-27,2017,SNPP,SNPP,n,2.0NRT,291.87,3.03,N
17.95565,80.79626,317.3,0.42,0.37,2026-08-27,2017,SNPP,SNPP,n,2.0NRT,291.82,2.91,N
17.46458,80.65409,319.97,0.42,0.37,2026-08-27,2017,SNPP,SNPP,n,2.0NRT,292.22,2.91,N
16.54488,79.75774,307.31,0.44,0.39,2026-08-27,2017,SNPP,SNPP,n,2.0NRT,293.17,3.09,N
15.84457,79.77414,312.68,0.44,0.38,2026-08-27,2017,SNPP,SNPP,n,2.0NRT,293.76,3.7,N
8.30766,77.63818,310.18,0.46,0.39,2026-08-27,2019,SNPP,SNPP,n,2.0NRT,293.28,1.33,N
13.39244,80.10186,316.57,0.41,0.37,2026-08-27,2019,SNPP,SNPP,n,2.0NRT,295.63,2.51,N
13.70962,79.61949,310.51,0.42,0.38,2026-08-27,2019,SNPP,SNPP,n,2.0NRT,292.96,1.84,N
13.82483,79.2569,309.05,0.44,0.38,2026-08-27,2019,SNPP,SNPP,n,2.0NRT,292,1.07,N
15.07126,76.86606,302.03,0.4,0.44,2026-08-27,2019,SNPP,SNPP,n,2.0NRT,286.05,1.52,N
15.17371,76.65434,309.23,0.42,0.45,2026-08-27,2019,SNPP,SNPP,n,2.0NRT,285.98,2.19,N
15.17269,76.6937,297.01,0.41,0.45,2026-08-27,2019,SNPP,SNPP,n,2.0NRT,273.2,1.21,N
15.02335,78.01398,308.39,0.52,0.41,2026-08-27,2019,SNPP,SNPP,n,2.0NRT,285.12,2.22,N
15.17564,77.10123,299.95,0.39,0.44,2026-08-27,2019,SNPP,SNPP,n,2.0NRT,280.76,1.48,N
15.33447,76.2467,304.65,0.44,0.46,2026-08-27,2019,SNPP,SNPP,n,2.0NRT,290.98,0.65,N
15.33388,76.28443,306.14,0.44,0.46,2026-08-27,2019,SNPP,SNPP,n,2.0NRT,289.24,1.24,N
8.30407,77.63763,313.44,0.46,0.39,2026-08-27,2019,SNPP,SNPP,n,2.0NRT,293.13,1.33,N
29.91607,74.94938,305.84,0.6,0.7,2026-08-27,2155,SNPP,SNPP,n,2.0NRT,292.75,14.38,N
29.90671,74.9599,317.64,0.6,0.7,2026-08-27,2155,SNPP,SNPP,n,2.0NRT,292.12,15.44,N
29.91005,74.94773,319.45,0.6,0.7,2026-08-27,2155,SNPP,SNPP,n,2.0NRT,292.36,28.69,N
29.90838,74.95381,367,0.6,0.7,2026-08-27,2155,SNPP,SNPP,h,2.0NRT,294.14,15.44,N
29.91466,74.95614,306.96,0.6,0.7,2026-08-27,2155,SNPP,SNPP,n,2.0NRT,293.04,15.44,N
29.90638,74.95924,319.9,0.6,0.7,2026-08-27,2155,SNPP,SNPP,n,2.0NRT,292.24,19.52,N
29.90978,74.9471,319.17,0.6,0.7,2026-08-27,2155,SNPP,SNPP,n,2.0NRT,292.2,14.38,N
29.90808,74.95317,367,0.6,0.7,2026-08-27,2155,SNPP,SNPP,h,2.0NRT,294.32,14.38,N
29.47338,76.864,304,0.78,0.78,2026-08-27,2155,SNPP,SNPP,n,2.0NRT,286.48,2.54,N
29.91436,74.95547,310.32,0.6,0.7,2026-08-27,2155,SNPP,SNPP,n,2.0NRT,292.87,14.38,N
8.73258,78.10741,334.15,0.73,0.76,2026-08-28,0724,SNPP,SNPP,n,2.0NRT,291.19,7.04,D
8.71467,77.97586,332.45,0.75,0.77,2026-08-28,0724,SNPP,SNPP,n,2.0NRT,291.91,6.6,D
9.277,78.39668,334.35,0.69,0.74,2026-08-28,0724,SNPP,SNPP,n,2.0NRT,290.53,6.4,D
8.72874,78.1054,335.79,0.73,0.76,2026-08-28,0724,SNPP,SNPP,n,2.0NRT,291.61,9.62,D
9.27714,78.39496,335.92,0.69,0.74,2026-08-28,0724,SNPP,SNPP,n,2.0NRT,290.19,4.62,D
14.49166,79.70969,339.76,0.45,0.63,2026-08-28,0726,SNPP,SNPP,n,2.0NRT,297.46,6.57,D
15.02867,79.75406,334.11,0.44,0.62,2026-08-28,0726,SNPP,SNPP,n,2.0NRT,296.17,2.51,D
15.63637,79.58625,330.26,0.44,0.62,2026-08-28,0726,SNPP,SNPP,n,2.0NRT,295.72,4.78,D
15.76769,79.49413,331.28,0.44,0.62,2026-08-28,0726,SNPP,SNPP,n,2.0NRT,292.63,3.29,D
14.49187,79.7094,335.09,0.45,0.63,2026-08-28,0726,SNPP,SNPP,n,2.0NRT,297.62,5.47,D
14.75162,79.71841,330.88,0.45,0.63,2026-08-28,0726,SNPP,SNPP,n,2.0NRT,293.97,2.94,D
26.60799,90.33498,336.49,0.43,0.38,2026-08-28,0729,SNPP,SNPP,n,2.0NRT,289.46,5.57,D
21.74797,83.84405,332.09,0.55,0.43,2026-08-28,0729,SNPP,SNPP,n,2.0NRT,289.1,4.65,D
28.31779,95.1801,329.86,0.54,0.51,2026-08-28,0729,SNPP,SNPP,n,2.0NRT,290.37,4.86,D
22.36216,87.01751,332.41,0.4,0.37,2026-08-28,0729,SNPP,SNPP,n,2.0NRT,295.92,4.8,D
22.377,87.2805,341.05,0.4,0.37,2026-08-28,0729,SNPP,SNPP,n,2.0NRT,291.28,7.49,D
9.27846,78.39858,336.74,0.57,0.69,2026-08-28,0905,SNPP,SNPP,n,2.0NRT,293.77,6.18,D
9.33131,77.52667,334.29,0.5,0.66,2026-08-28,0905,SNPP,SNPP,n,2.0NRT,297.26,1.72,D
9.33079,77.52433,334.37,0.5,0.66,2026-08-28,0905,SNPP,SNPP,n,2.0NRT,297.58,4.97,D
9.4159,77.509,332.41,0.5,0.66,2026-08-28,0905,SNPP,SNPP,n,2.0NRT,296.85,1.46,D
9.41621,77.50993,334.29,0.5,0.66,2026-08-28,0905,SNPP,SNPP,n,2.0NRT,297.25,2.78,D
22.92944,70.106,336.34,0.49,0.48,2026-08-28,0907,SNPP,SNPP,n,2.0NRT,295.78,4.39,D
25.9428,72.19143,351.1,0.36,0.57,2026-08-28,0909,SNPP,SNPP,n,2.0NRT,296.52,18.43,D
25.94344,72.1987,330.75,0.36,0.57,2026-08-28,0909,SNPP,SNPP,n,2.0NRT,298.95,21.83,D
25.94312,72.19508,367,0.36,0.57,2026-08-28,0909,SNPP,SNPP,h,2.0NRT,302.25,21.83,D
27.37928,95.33176,306.89,0.56,0.43,2026-08-28,1953,SNPP,SNPP,n,2.0NRT,289.99,3.02,N
27.326,95.27651,309.19,0.56,0.43,2026-08-28,1953,SNPP,SNPP,n,2.0NRT,290.24,0.92,N
27.32473,95.27738,308.91,0.56,0.43,2026-08-28,1953,SNPP,SNPP,n,2.0NRT,289.97,0.89,N
27.37818,95.33735,310.91,0.56,0.43,2026-08-28,1953,SNPP,SNPP,n,2.0NRT,290.26,2.81,N
24.11609,86.8623,299.6,0.42,0.38,2026-08-28,1955,SNPP,SNPP,n,2.0NRT,273.16,1.75,N
24.11668,86.85818,299.08,0.42,0.38,2026-08-28,1955,SNPP,SNPP,n,2.0NRT,270.26,1.25,N
15.18244,76.67507,315.47,0.43,0.62,2026-08-28,1957,SNPP,SNPP,n,2.0NRT,286.94,2.9,N
15.18653,76.67741,301.38,0.43,0.62,2026-08-28,1957,SNPP,SNPP,n,2.0NRT,286.17,1.49,N
15.18174,76.66875,301.69,0.43,0.62,2026-08-28,1957,SNPP,SNPP,n,2.0NRT,286.44,2,N
15.18128,76.67277,310.62,0.43,0.62,2026-08-28,1957,SNPP,SNPP,n,2.0NRT,286.51,2,N
15.18081,76.67679,307.26,0.43,0.62,2026-08-28,1957,SNPP,SNPP,n,2.0NRT,285.14,1.49,N
15.17742,76.65607,302.89,0.43,0.62,2026-08-28,1957,SNPP,SNPP,n,2.0NRT,286.94,2.55,N
15.17508,76.67622,297.14,0.43,0.62,2026-08-28,1957,SNPP,SNPP,n,2.0NRT,282.33,0.95,N
13.71205,79.61907,307.18,0.52,0.5,2026-08-28,1957,SNPP,SNPP,n,2.0NRT,290.35,2.67,N
15.17891,76.65431,302.81,0.43,0.62,2026-08-28,1957,SNPP,SNPP,n,2.0NRT,286.99,1.76,N
15.18288,76.67104,302.34,0.43,0.62,2026-08-28,1957,SNPP,SNPP,n,2.0NRT,287.09,1.48,N
15.18332,76.66703,307.26,0.43,0.62,2026-08-28,1957,SNPP,SNPP,n,2.0NRT,287.05,1.48,N
15.17497,77.10068,306.28,0.4,0.6,2026-08-28,1957,SNPP,SNPP,n,2.0NRT,288.41,0.83,N
15.65942,73.98846,301.95,0.65,0.73,2026-08-28,1957,SNPP,SNPP,n,2.0NRT,285.04,0.75,N
15.66104,73.9874,299.07,0.65,0.73,2026-08-28,1957,SNPP,SNPP,n,2.0NRT,285.44,0.86,N
17.46277,80.65205,305.23,0.5,0.49,2026-08-28,1957,SNPP,SNPP,n,2.0NRT,287.76,2.54,N
17.46345,80.65358,305.28,0.5,0.49,2026-08-28,1957,SNPP,SNPP,n,2.0NRT,287.2,1.06,N
17.95635,80.79659,310.34,0.49,0.49,2026-08-28,1957,SNPP,SNPP,n,2.0NRT,286.49,1.61,N
10.61728,77.41994,301.09,0.33,0.55,2026-08-28,2000,SNPP,SNPP,n,2.0NRT,284.85,0.23,N
30.47519,76.58662,304.01,0.38,0.59,2026-08-28,2133,SNPP,SNPP,n,2.0NRT,288.36,0.86,N
25.94091,72.19165,311.26,0.53,0.5,2026-08-28,2136,SNPP,SNPP,n,2.0NRT,294.86,2.14,N
24.66053,74.63365,302.81,0.4,0.6,2026-08-28,2136,SNPP,SNPP,n,2.0NRT,289.45,1.34,N
21.10043,72.63733,305.36,0.35,0.57,2026-08-28,2138,SNPP,SNPP,n,2.0NRT,289.84,1.2,N
21.1034,72.64882,301.14,0.35,0.57,2026-08-28,2138,SNPP,SNPP,n,2.0NRT,288.98,0.74,N
20.9107,71.46196,305.7,0.6,0.53,2026-08-28,2138,SNPP,SNPP,n,2.0NRT,292.17,2.89,N
22.37586,87.27822,331.92,0.43,0.46,2026-08-29,0707,SNPP,SNPP,n,2.0NRT,292.02,4.74,D
22.37665,87.28234,332.05,0.43,0.46,2026-08-29,0707,SNPP,SNPP,n,2.0NRT,292.39,4.74,D
28.10045,95.53236,330.43,0.47,0.39,2026-08-29,0709,SNPP,SNPP,n,2.0NRT,294.85,2.14,D
23.55899,87.24026,330.62,0.41,0.45,2026-08-29,0709,SNPP,SNPP,n,2.0NRT,290.41,2.57,D
31.65704,78.40268,329.09,0.46,0.63,2026-08-29,0712,SNPP,SNPP,l,2.0NRT,303.31,4.03,D
8.65245,77.83784,330.16,0.49,0.49,2026-08-29,0845,SNPP,SNPP,n,2.0NRT,291.93,1.92,D
8.60485,77.9724,339.73,0.5,0.49,2026-08-29,0845,SNPP,SNPP,n,2.0NRT,288.68,3.44,D
8.60874,77.96722,336.02,0.5,0.49,2026-08-29,0845,SNPP,SNPP,n,2.0NRT,287.79,2.7,D
8.57969,77.66151,339.99,0.48,0.48,2026-08-29,0845,SNPP,SNPP,n,2.0NRT,295.44,3.72,D
8.64795,77.83846,336.15,0.49,0.49,2026-08-29,0845,SNPP,SNPP,n,2.0NRT,293.65,2.82,D
8.74677,78.08665,332.55,0.51,0.49,2026-08-29,0845,SNPP,SNPP,n,2.0NRT,287.41,2.69,D
9.50563,77.60714,335.3,0.49,0.48,2026-08-29,0845,SNPP,SNPP,n,2.0NRT,295.79,4.45,D
10.93459,78.47301,337.47,0.58,0.52,2026-08-29,0845,SNPP,SNPP,n,2.0NRT,299.46,5.59,D
11.74922,79.71774,333.73,0.36,0.58,2026-08-29,0845,SNPP,SNPP,n,2.0NRT,294.78,2.57,D
11.83292,79.64937,332.56,0.36,0.57,2026-08-29,0845,SNPP,SNPP,n,2.0NRT,295.44,2.65,D
12.17967,79.73842,344.66,0.37,0.58,2026-08-29,0845,SNPP,SNPP,n,2.0NRT,295.14,7.67,D
16.34823,78.444,337.73,0.34,0.56,2026-08-29,0848,SNPP,SNPP,n,2.0NRT,290.62,3.06,D
16.22416,80.35689,334.08,0.46,0.63,2026-08-29,0848,SNPP,SNPP,n,2.0NRT,290.07,3.15,D
14.14709,77.40031,330.17,0.55,0.51,2026-08-29,0848,SNPP,SNPP,n,2.0NRT,296,1.36,D
14.78831,79.94443,332.64,0.41,0.61,2026-08-29,0848,SNPP,SNPP,n,2.0NRT,290.36,6.21,D
15.46434,80.16425,349.37,0.43,0.62,2026-08-29,0848,SNPP,SNPP,n,2.0NRT,293.78,5.8,D
15.47011,80.16361,333.26,0.43,0.62,2026-08-29,0848,SNPP,SNPP,n,2.0NRT,289.99,5.8,D
13.51015,78.18242,335.03,0.6,0.53,2026-08-29,0848,SNPP,SNPP,n,2.0NRT,295.74,6.93,D
14.20221,79.16484,336.34,0.36,0.57,2026-08-29,0848,SNPP,SNPP,n,2.0NRT,292.66,2.54,D
27.31574,72.3643,338.67,0.39,0.44,2026-08-29,0852,SNPP,SNPP,n,2.0NRT,308.58,3.5,D
29.90926,74.9532,331.09,0.6,0.53,2026-08-29,0852,SNPP,SNPP,n,2.0NRT,299.09,6.53,D
27.37603,95.33333,305.91,0.39,0.36,2026-08-29,1936,SNPP,SNPP,n,2.0NRT,282.11,1.99,N
27.22117,95.34689,312.89,0.39,0.36,2026-08-29,1936,SNPP,SNPP,n,2.0NRT,291.18,1.76,N
27.47018,95.42361,307.94,0.39,0.36,2026-08-29,1936,SNPP,SNPP,n,2.0NRT,289.54,1.89,N
27.37933,95.33401,331.37,0.39,0.36,2026-08-29,1936,SNPP,SNPP,n,2.0NRT,282.55,1.99,N
27.37836,95.08643,306.1,0.38,0.36,2026-08-29,1936,SNPP,SNPP,n,2.0NRT,288.98,2.62,N
22.37698,87.28178,298.14,0.44,0.46,2026-08-29,1938,SNPP,SNPP,n,2.0NRT,260.23,0.46,N
22.36034,87.01775,301.87,0.46,0.47,2026-08-29,1938,SNPP,SNPP,n,2.0NRT,276.38,0.63,N
22.36468,87.01837,303.34,0.46,0.47,2026-08-29,1938,SNPP,SNPP,n,2.0NRT,275.56,0.63,N
22.37749,87.27749,301.79,0.44,0.46,2026-08-29,1938,SNPP,SNPP,n,2.0NRT,261.04,0.46,N
22.36584,87.30197,304.37,0.44,0.46,2026-08-29,1938,SNPP,SNPP,n,2.0NRT,263.27,0.61,N
10.93793,78.46664,321.14,0.59,0.7,2026-08-29,1940,SNPP,SNPP,n,2.0NRT,278.39,1.99,N
9.75605,77.51919,313.12,0.66,0.73,2026-08-29,1940,SNPP,SNPP,n,2.0NRT,282.92,1.18,N
9.75551,77.517,308.74,0.66,0.73,2026-08-29,1940,SNPP,SNPP,n,2.0NRT,282.3,1.86,N
10.94446,78.46751,302.27,0.59,0.7,2026-08-29,1940,SNPP,SNPP,n,2.0NRT,277.97,1.99,N
28.37428,77.22549,303.85,0.49,0.49,2026-08-29,2116,SNPP,SNPP,n,2.0NRT,273.19,1.03,N
26.87508,73.5155,307.67,0.5,0.41,2026-08-29,2116,SNPP,SNPP,n,2.0NRT,290.4,1.58,N
29.45932,76.89091,330.32,0.45,0.47,2026-08-29,2116,SNPP,SNPP,n,2.0NRT,274.43,4.63,N
26.8731,73.51817,306.91,0.5,0.41,2026-08-29,2116,SNPP,SNPP,n,2.0NRT,290.25,1.12,N
29.12339,75.77961,313.16,0.4,0.44,2026-08-29,2116,SNPP,SNPP,n,2.0NRT,288.46,1.65,N
24.69089,73.00126,300.42,0.5,0.41,2026-08-29,2118,SNPP,SNPP,n,2.0NRT,281.62,0.74,N
25.94332,72.19199,305.54,0.45,0.39,2026-08-29,2118,SNPP,SNPP,n,2.0NRT,291.65,0.98,N
24.66288,74.63297,297.52,0.41,0.45,2026-08-29,2118,SNPP,SNPP,n,2.0NRT,277.29,0.45,N
24.66208,74.63699,297.67,0.41,0.45,2026-08-29,2118,SNPP,SNPP,n,2.0NRT,277.18,0.36,N
24.82164,73.09422,296.48,0.51,0.41,2026-08-29,2118,SNPP,SNPP,n,2.0NRT,276.77,0.53,N
20.86841,71.39706,303.07,0.48,0.4,2026-08-29,2118,SNPP,SNPP,n,2.0NRT,292.83,2.52,N
18.77881,73.74908,300.74,0.46,0.47,2026-08-29,2121,SNPP,SNPP,n,2.0NRT,286.8,0.99,N
18.68258,73.03453,301.67,0.42,0.45,2026-08-29,2121,SNPP,SNPP,n,2.0NRT,288.88,1.27,N
18.68334,73.03059,312.61,0.42,0.45,2026-08-29,2121,SNPP,SNPP,n,2.0NRT,289.26,1.66,N
18.68747,73.03146,301.4,0.42,0.45,2026-08-29,2121,SNPP,SNPP,n,2.0NRT,287.56,1.66,N
12.07226,78.52171,302.25,0.63,0.72,2026-08-29,2121,SNPP,SNPP,n,2.0NRT,284.22,1.07,N
18.68072,73.03546,301.74,0.42,0.45,2026-08-29,2121,SNPP,SNPP,n,2.0NRT,286.59,1.16,N
13.03323,77.87466,295.27,0.55,0.68,2026-08-29,2121,SNPP,SNPP,n,2.0NRT,280.63,0.36,N
12.49513,76.73359,298.77,0.47,0.64,2026-08-29,2121,SNPP,SNPP,n,2.0NRT,284.16,0.38,N
9.75523,77.51794,313.52,0.6,0.7,2026-08-29,2123,SNPP,SNPP,n,2.0NRT,288.15,2.38,N
10.94256,78.46865,309.17,0.65,0.73,2026-08-29,2123,SNPP,SNPP,n,2.0NRT,288.02,2.26,N
27.98973,94.2222,336.75,0.42,0.38,2026-08-30,0652,SNPP,SNPP,n,2.0NRT,297.24,18.02,D
8.60875,77.83811,330.12,0.41,0.37,2026-08-30,0826,SNPP,SNPP,n,2.0NRT,284.72,2.3,D
9.49209,77.66238,342.98,0.41,0.37,2026-08-30,0828,SNPP,SNPP,n,2.0NRT,299.79,7.59,D
9.86126,78.18573,338.34,0.43,0.38,2026-08-30,0828,SNPP,SNPP,n,2.0NRT,303.91,4.18,D
9.87797,78.03197,336.6,0.42,0.38,2026-08-30,0828,SNPP,SNPP,n,2.0NRT,294.37,1.97,D
9.82619,77.39869,331.44,0.4,0.37,2026-08-30,0828,SNPP,SNPP,l,2.0NRT,303.27,1.05,D
10.00316,76.4542,333.81,0.39,0.36,2026-08-30,0828,SNPP,SNPP,n,2.0NRT,298.59,0.94,D
11.80984,77.21425,335.6,0.41,0.37,2026-08-30,0828,SNPP,SNPP,n,2.0NRT,301.41,61.33,D
12.07999,76.99017,338.02,0.41,0.37,2026-08-30,0828,SNPP,SNPP,n,2.0NRT,303.8,3.7,D
12.81456,78.60983,333.07,0.48,0.4,2026-08-30,0828,SNPP,SNPP,n,2.0NRT,291.11,2.64,D
12.48661,76.3177,336.89,0.39,0.37,2026-08-30,0828,SNPP,SNPP,n,2.0NRT,298.79,3.61,D
13.99587,79.86121,330.58,0.39,0.44,2026-08-30,0828,SNPP,SNPP,n,2.0NRT,297.69,3.16,D
13.9402,78.66064,331.18,0.5,0.41,2026-08-30,0828,SNPP,SNPP,n,2.0NRT,299.53,2.81,D
14.4991,79.69765,330.15,0.38,0.44,2026-08-30,0828,SNPP,SNPP,n,2.0NRT,297.16,1.87,D
14.50312,79.69711,336.85,0.38,0.44,2026-08-30,0828,SNPP,SNPP,n,2.0NRT,296.91,1.54,D
14.18999,77.3446,342.86,0.43,0.38,2026-08-30,0828,SNPP,SNPP,n,2.0NRT,298.23,3.06,D
14.29174,77.98407,337.34,0.46,0.39,2026-08-30,0828,SNPP,SNPP,n,2.0NRT,294.69,3.76,D
14.3499,77.63499,335.71,0.45,0.39,2026-08-30,0828,SNPP,SNPP,n,2.0NRT,300.01,3.47,D
14.71446,79.98879,342.4,0.4,0.44,2026-08-30,0828,SNPP,SNPP,n,2.0NRT,295.02,7.26,D
14.69206,79.62556,331.61,0.38,0.43,2026-08-30,0828,SNPP,SNPP,n,2.0NRT,295.71,2.12,D
14.84624,78.37249,332.45,0.49,0.4,2026-08-30,0828,SNPP,SNPP,n,2.0NRT,299.84,2.01,D
14.67836,76.89172,333.67,0.42,0.38,2026-08-30,0828,SNPP,SNPP,n,2.0NRT,291.89,2.11,D
15.43925,77.664,333.31,0.46,0.39,2026-08-30,0828,SNPP,SNPP,n,2.0NRT,291.37,2.43,D
15.93384,79.5267,343.13,0.39,0.44,2026-08-30,0828,SNPP,SNPP,n,2.0NRT,289.76,4.06,D
9.15121,78.32916,331.35,0.43,0.38,2026-08-30,0828,SNPP,SNPP,n,2.0NRT,293.35,1.56,D
8.78732,78.01003,339.42,0.42,0.37,2026-08-30,0828,SNPP,SNPP,n,2.0NRT,301.37,4.32,D
8.80542,78.10815,335.36,0.42,0.38,2026-08-30,0828,SNPP,SNPP,n,2.0NRT,296.09,2.62,D
8.88687,77.78855,336.67,0.41,0.37,2026-08-30,0828,SNPP,SNPP,n,2.0NRT,297.2,3,D
8.93294,77.9651,349.29,0.42,0.37,2026-08-30,0828,SNPP,SNPP,n,2.0NRT,296.81,2.9,D
8.93239,77.96133,333.2,0.42,0.37,2026-08-30,0828,SNPP,SNPP,n,2.0NRT,296.5,2.9,D
8.91,77.59529,335.65,0.4,0.37,2026-08-30,0828,SNPP,SNPP,n,2.0NRT,296.51,1.37,D
9.11369,77.77237,334.29,0.41,0.37,2026-08-30,0828,SNPP,SNPP,n,2.0NRT,298.66,1.37,D
9.32007,77.4914,333.17,0.4,0.37,2026-08-30,0828,SNPP,SNPP,n,2.0NRT,290.35,2.53,D
9.44472,77.67329,339.12,0.41,0.37,2026-08-30,0828,SNPP,SNPP,n,2.0NRT,287.31,5.42,D
9.44417,77.66956,357.05,0.41,0.37,2026-08-30,0828,SNPP,SNPP,n,2.0NRT,290.55,5.42,D
9.51278,78.066,343.56,0.42,0.38,2026-08-30,0828,SNPP,SNPP,n,2.0NRT,303.22,10.29,D
21.17639,74.58324,334.94,0.4,0.37,2026-08-30,0830,SNPP,SNPP,n,2.0NRT,291.83,1.91,D
19.7772,73.79005,333.97,0.39,0.36,2026-08-30,0830,SNPP,SNPP,n,2.0NRT,293.26,2.03,D
30.16407,74.51582,331.57,0.47,0.4,2026-08-30,0835,SNPP,SNPP,l,2.0NRT,302.09,3.35,D
30.51386,73.90864,335.57,0.45,0.39,2026-08-30,0835,SNPP,SNPP,n,2.0NRT,299.41,2.87,D
31.10913,74.49384,345.2,0.48,0.4,2026-08-30,0835,SNPP,SNPP,n,2.0NRT,299.84,9.69,D
31.64126,74.42704,308.12,0.39,0.36,2026-08-30,2055,SNPP,SNPP,n,2.0NRT,295.23,0.49,N
27.66938,76.12862,299.11,0.41,0.37,2026-08-30,2057,SNPP,SNPP,n,2.0NRT,279.78,0.32,N
24.68952,73.00175,308.21,0.39,0.36,2026-08-30,2057,SNPP,SNPP,n,2.0NRT,292.27,1.08,N
27.66868,76.13271,296.11,0.41,0.37,2026-08-30,2057,SNPP,SNPP,n,2.0NRT,276.77,0.32,N
26.60605,73.68385,305.13,0.38,0.36,2026-08-30,2057,SNPP,SNPP,n,2.0NRT,292.92,0.71,N
26.87274,73.51597,306.77,0.39,0.36,2026-08-30,2057,SNPP,SNPP,n,2.0NRT,293.13,1.35,N
26.87605,73.51661,309.34,0.39,0.36,2026-08-30,2057,SNPP,SNPP,n,2.0NRT,293.23,1.26,N
26.87664,73.51275,304.99,0.39,0.36,2026-08-30,2057,SNPP,SNPP,n,2.0NRT,292.77,1.39,N
29.4759,76.85623,311.77,0.41,0.37,2026-08-30,2057,SNPP,SNPP,n,2.0NRT,289.97,2.28,N
29.45914,76.89161,316.03,0.41,0.37,2026-08-30,2057,SNPP,SNPP,n,2.0NRT,292.1,3.18,N
28.74306,76.92912,316.04,0.42,0.38,2026-08-30,2057,SNPP,SNPP,n,2.0NRT,291.02,1.91,N
25.94431,72.19051,325.37,0.4,0.37,2026-08-30,2057,SNPP,SNPP,n,2.0NRT,295.03,2.14,N
25.9433,72.19072,329.62,0.4,0.37,2026-08-30,2057,SNPP,SNPP,n,2.0NRT,294.95,2.98,N
20.35619,72.94963,305.96,0.39,0.36,2026-08-30,2059,SNPP,SNPP,n,2.0NRT,291.96,1.84,N
19.93695,73.71136,323.05,0.4,0.37,2026-08-30,2059,SNPP,SNPP,n,2.0NRT,287.35,2.32,N
18.54634,74.25378,311.92,0.42,0.38,2026-08-30,2059,SNPP,SNPP,n,2.0NRT,289.64,1.13,N
18.69302,73.0416,319.89,0.39,0.36,2026-08-30,2059,SNPP,SNPP,n,2.0NRT,293.8,3.62,N
18.68969,73.04101,304.97,0.39,0.36,2026-08-30,2059,SNPP,SNPP,n,2.0NRT,291.93,1.57,N
21.10102,72.63954,295.93,0.38,0.36,2026-08-30,2059,SNPP,SNPP,n,2.0NRT,281.97,0.49,N
21.26307,72.94081,312.03,0.38,0.36,2026-08-30,2059,SNPP,SNPP,n,2.0NRT,293.36,2.1,N
21.79665,72.08905,308.36,0.39,0.36,2026-08-30,2059,SNPP,SNPP,n,2.0NRT,292.6,1.45,N
21.1016,72.63586,315.23,0.38,0.36,2026-08-30,2059,SNPP,SNPP,n,2.0NRT,282.26,1.65,N
15.1757,76.65623,320.74,0.41,0.45,2026-08-30,2101,SNPP,SNPP,n,2.0NRT,283.06,3.12,N
15.17345,76.78623,302.27,0.42,0.45,2026-08-30,2101,SNPP,SNPP,n,2.0NRT,284.14,0.79,N
15.1825,76.66548,315.65,0.41,0.45,2026-08-30,2101,SNPP,SNPP,n,2.0NRT,280.75,1.46,N
15.18182,76.66927,302.97,0.41,0.45,2026-08-30,2101,SNPP,SNPP,n,2.0NRT,282.18,1.46,N
15.17842,76.66464,301.31,0.41,0.45,2026-08-30,2101,SNPP,SNPP,n,2.0NRT,282.67,1.47,N
15.17636,76.67603,312.47,0.41,0.45,2026-08-30,2101,SNPP,SNPP,n,2.0NRT,284.26,2.05,N
15.17362,76.69113,301.13,0.41,0.45,2026-08-30,2101,SNPP,SNPP,n,2.0NRT,281.35,0.52,N
15.16888,76.67051,297.02,0.41,0.45,2026-08-30,2101,SNPP,SNPP,n,2.0NRT,279.46,0.4,N
13.82868,79.33408,302.13,0.32,0.55,2026-08-30,2101,SNPP,SNPP,n,2.0NRT,278.63,0.73,N
13.82812,79.33691,305.97,0.32,0.55,2026-08-30,2101,SNPP,SNPP,n,2.0NRT,279.11,0.49,N
13.82755,79.33979,302.83,0.32,0.55,2026-08-30,2101,SNPP,SNPP,n,2.0NRT,278.47,0.49,N
13.82871,79.33633,304.76,0.32,0.55,2026-08-30,2101,SNPP,SNPP,n,2.0NRT,278.4,0.64,N
13.82816,79.33921,305.91,0.32,0.55,2026-08-30,2101,SNPP,SNPP,n,2.0NRT,278.87,0.64,N
13.71089,79.62021,304.97,0.34,0.56,2026-08-30,2101,SNPP,SNPP,n,2.0NRT,281.19,1.05,N
11.62482,79.08276,304.91,0.34,0.56,2026-08-30,2101,SNPP,SNPP,n,2.0NRT,283.7,0.94,N
9.67002,77.45597,297.92,0.57,0.52,2026-08-30,2101,SNPP,SNPP,n,2.0NRT,278.12,0.77,N
9.17741,78.13036,346.2,0.43,0.38,2026-08-31,0807,SNPP,SNPP,n,2.0NRT,304.75,6.86,D
9.47052,78.63935,342.36,0.41,0.37,2026-08-31,0807,SNPP,SNPP,l,2.0NRT,300.43,5.55,D
9.77185,78.36581,340.43,0.42,0.38,2026-08-31,0807,SNPP,SNPP,n,2.0NRT,303.44,3.64,D
9.90981,78.52617,339.05,0.41,0.37,2026-08-31,0807,SNPP,SNPP,l,2.0NRT,304.96,4.17,D
9.80675,77.88925,344.35,0.44,0.38,2026-08-31,0807,SNPP,SNPP,l,2.0NRT,314.76,7.57,D
9.8061,77.88528,340.12,0.44,0.38,2026-08-31,0807,SNPP,SNPP,l,2.0NRT,312.07,7.57,D
9.98556,77.43252,336.54,0.46,0.39,2026-08-31,0807,SNPP,SNPP,l,2.0NRT,304.75,5.73,D
11.62862,78.61463,331.27,0.4,0.37,2026-08-31,0807,SNPP,SNPP,l,2.0NRT,298.12,4.3,D
9.22821,77.66577,339.43,0.45,0.39,2026-08-31,0807,SNPP,SNPP,l,2.0NRT,303.45,16.19,D
9.02789,77.86799,345.65,0.45,0.39,2026-08-31,0807,SNPP,SNPP,n,2.0NRT,311.04,11.75,D
14.47656,78.25895,335.97,0.39,0.36,2026-08-31,0809,SNPP,SNPP,n,2.0NRT,296.94,5.87,D
11.52934,77.24984,332.74,0.45,0.39,2026-08-31,0809,SNPP,SNPP,n,2.0NRT,298.98,4.63,D
11.52704,77.24921,330.49,0.45,0.39,2026-08-31,0809,SNPP,SNPP,l,2.0NRT,299.28,3.56,D
11.73493,77.98431,331.16,0.42,0.37,2026-08-31,0809,SNPP,SNPP,n,2.0NRT,299.52,3.07,D
11.99381,79.54753,350.08,0.39,0.36,2026-08-31,0809,SNPP,SNPP,n,2.0NRT,310.35,8.02,D
11.99713,79.547,346.13,0.39,0.36,2026-08-31,0809,SNPP,SNPP,n,2.0NRT,308.36,8.02,D
11.80935,77.92519,331.34,0.42,0.38,2026-08-31,0809,SNPP,SNPP,l,2.0NRT,292.97,2.83,D
12.05555,79.07794,330.89,0.39,0.36,2026-08-31,0809,SNPP,SNPP,l,2.0NRT,302.51,2.96,D
12.58657,79.6415,349.15,0.38,0.36,2026-08-31,0809,SNPP,SNPP,n,2.0NRT,307.62,4.02,D
13.40939,80.26858,339.14,0.39,0.36,2026-08-31,0809,SNPP,SNPP,n,2.0NRT,301.29,2.09,D
13.81923,79.34404,351.56,0.38,0.36,2026-08-31,0809,SNPP,SNPP,n,2.0NRT,293.93,13.51,D
28.12977,76.78864,335.41,0.39,0.36,2026-08-31,0813,SNPP,SNPP,n,2.0NRT,296.53,2.37,D
31.1293,74.65489,341.05,0.39,0.36,2026-08-31,0813,SNPP,SNPP,n,2.0NRT,298.33,4.79,D
29.4606,76.88784,308.38,0.43,0.38,2026-08-31,2038,SNPP,SNPP,n,2.0NRT,292.7,2.34,N
28.34651,77.2308,309.35,0.41,0.37,2026-08-31,2038,SNPP,SNPP,n,2.0NRT,291.76,1.97,N
28.37152,77.22688,323.5,0.41,0.37,2026-08-31,2038,SNPP,SNPP,n,2.0NRT,289.42,1.55,N
29.47525,76.859,314.13,0.43,0.38,2026-08-31,2038,SNPP,SNPP,n,2.0NRT,292.51,2.78,N
21.10902,72.64436,299.5,0.54,0.42,2026-08-31,2040,SNPP,SNPP,n,2.0NRT,284.52,1.6,N
24.76271,74.60774,306.91,0.47,0.4,2026-08-31,2040,SNPP,SNPP,n,2.0NRT,281.39,1.26,N
24.76335,74.60571,303.34,0.47,0.4,2026-08-31,2040,SNPP,SNPP,n,2.0NRT,280.61,0.71,N
22.38964,73.11803,318.73,0.53,0.42,2026-08-31,2040,SNPP,SNPP,n,2.0NRT,282.32,1.41,N
22.3858,73.11745,305.2,0.53,0.42,2026-08-31,2040,SNPP,SNPP,n,2.0NRT,282.63,1.11,N
22.3882,73.11613,321.54,0.53,0.42,2026-08-31,2040,SNPP,SNPP,n,2.0NRT,282.49,2.6,N
21.10513,72.64378,330.75,0.54,0.42,2026-08-31,2040,SNPP,SNPP,n,2.0NRT,287.66,5.89,N
18.68213,73.03376,305.47,0.48,0.4,2026-08-31,2042,SNPP,SNPP,n,2.0NRT,292.44,1.93,N
18.68149,73.03835,311.06,0.48,0.4,2026-08-31,2042,SNPP,SNPP,n,2.0NRT,292.45,3.11,N
17.43479,74.96613,307.73,0.4,0.37,2026-08-31,2042,SNPP,SNPP,n,2.0NRT,289.13,0.74,N
15.1696,76.37997,296.09,0.39,0.36,2026-08-31,2042,SNPP,SNPP,n,2.0NRT,271.6,0.65,N
15.65919,73.98986,315.41,0.41,0.37,2026-08-31,2042,SNPP,SNPP,n,2.0NRT,289.55,1.8,N
17.06269,76.97835,306.39,0.39,0.36,2026-08-31,2042,SNPP,SNPP,n,2.0NRT,286.56,0.84,N
18.42431,74.38948,307.81,0.42,0.38,2026-08-31,2042,SNPP,SNPP,n,2.0NRT,290.41,0.44,N
18.59601,74.25494,317.81,0.43,0.38,2026-08-31,2042,SNPP,SNPP,n,2.0NRT,290.26,1.7,N
18.68646,73.02973,306.48,0.48,0.4,2026-08-31,2042,SNPP,SNPP,n,2.0NRT,288.82,1.93,N
10.94284,78.06322,316.81,0.46,0.39,2026-08-31,2044,SNPP,SNPP,n,2.0NRT,294.36,1.41,N
11.08366,78.75399,311.37,0.5,0.41,2026-08-31,2044,SNPP,SNPP,n,2.0NRT,294.08,2.89,N
10.41461,77.11382,305.75,0.43,0.38,2026-08-31,2044,SNPP,SNPP,n,2.0NRT,289.06,0.43,N
8.74017,78.09332,306.91,0.49,0.4,2026-08-31,2044,SNPP,SNPP,n,2.0NRT,294.39,0.38,N
12.60132,77.88569,308.19,0.43,0.38,2026-08-31,2044,SNPP,SNPP,n,2.0NRT,283.62,0.27,N
12.59783,77.8851,299.48,0.43,0.38,2026-08-31,2044,SNPP,SNPP,n,2.0NRT,281.77,0.27,N
11.81802,77.91586,308.19,0.44,0.39,2026-08-31,2044,SNPP,SNPP,n,2.0NRT,291.36,1.71,N
11.81027,77.91869,306.89,0.44,0.39,2026-08-31,2044,SNPP,SNPP,n,2.0NRT,292.03,2.44,N
11.80957,77.92274,309.05,0.44,0.39,2026-08-31,2044,SNPP,SNPP,n,2.0NRT,293.67,1.65,N
11.18313,79.09899,304.24,0.51,0.41,2026-08-31,2044,SNPP,SNPP,n,2.0NRT,283.87,0.5,N
9.96654,77.89884,339.99,0.55,0.51,2026-09-01,0750,SNPP,SNPP,n,2.0NRT,305.78,6.17,D
8.29291,77.57172,340.35,0.61,0.54,2026-09-01,0750,SNPP,SNPP,n,2.0NRT,300.05,3.49,D
8.69359,78.05819,331.91,0.56,0.52,2026-09-01,0750,SNPP,SNPP,n,2.0NRT,300.81,4.74,D
8.69272,78.05309,339.6,0.56,0.52,2026-09-01,0750,SNPP,SNPP,n,2.0NRT,301.29,4.6,D
8.69322,78.05519,347.78,0.56,0.52,2026-09-01,0750,SNPP,SNPP,n,2.0NRT,301.94,6.31,D
9.57735,78.58523,342.46,0.5,0.49,2026-09-01,0750,SNPP,SNPP,n,2.0NRT,305.45,8.92,D
9.77143,78.21916,333.13,0.52,0.5,2026-09-01,0750,SNPP,SNPP,n,2.0NRT,302.84,3.49,D
9.8107,78.22701,330.36,0.52,0.5,2026-09-01,0750,SNPP,SNPP,l,2.0NRT,302.93,3.51,D
9.95757,77.88288,336.99,0.55,0.51,2026-09-01,0750,SNPP,SNPP,n,2.0NRT,305.57,8.44,D
9.96955,77.89621,343.87,0.55,0.51,2026-09-01,0750,SNPP,SNPP,n,2.0NRT,306.5,13.59,D
9.95914,77.88472,337.66,0.55,0.51,2026-09-01,0750,SNPP,SNPP,n,2.0NRT,305.78,11.36,D
10.015,78.08784,345.21,0.53,0.5,2026-09-01,0750,SNPP,SNPP,n,2.0NRT,304.53,8.15,D
9.99659,77.51824,343.88,0.58,0.52,2026-09-01,0750,SNPP,SNPP,n,2.0NRT,303.84,3,D
9.99667,77.52258,334.74,0.58,0.52,2026-09-01,0750,SNPP,SNPP,n,2.0NRT,303.41,8.15,D
10.38719,79.27933,343.55,0.44,0.46,2026-09-01,0750,SNPP,SNPP,n,2.0NRT,305.99,11.34,D
10.44507,78.80642,332.13,0.47,0.48,2026-09-01,0750,SNPP,SNPP,l,2.0NRT,302.64,3.98,D
10.44559,78.8073,332.18,0.47,0.48,2026-09-01,0750,SNPP,SNPP,n,2.0NRT,301.71,5.72,D
10.67588,78.80834,334.64,0.46,0.47,2026-09-01,0750,SNPP,SNPP,l,2.0NRT,305.76,4.1,D
10.86091,79.81236,332.03,0.4,0.44,2026-09-01,0750,SNPP,SNPP,n,2.0NRT,298.78,0.93,D
10.74769,78.83463,344.12,0.46,0.47,2026-09-01,0750,SNPP,SNPP,n,2.0NRT,306.06,6.13,D
10.77378,78.65028,335.4,0.47,0.48,2026-09-01,0750,SNPP,SNPP,l,2.0NRT,307.67,5.62,D
11.01958,79.83994,336.41,0.39,0.44,2026-09-01,0750,SNPP,SNPP,n,2.0NRT,303.87,2.22,D
11.01218,79.41254,334.72,0.42,0.45,2026-09-01,0750,SNPP,SNPP,n,2.0NRT,302.36,1.56,D
11.00781,77.43622,332.41,0.56,0.52,2026-09-01,0750,SNPP,SNPP,n,2.0NRT,299.6,7.15,D
11.14795,78.03258,336.34,0.51,0.49,2026-09-01,0750,SNPP,SNPP,n,2.0NRT,300.6,4.53,D
11.69378,79.12559,336.91,0.43,0.46,2026-09-01,0750,SNPP,SNPP,n,2.0NRT,304.65,3.94,D
11.69394,79.12669,334.62,0.43,0.46,2026-09-01,0750,SNPP,SNPP,l,2.0NRT,305.59,5.89,D
11.69813,79.12595,355.18,0.43,0.46,2026-09-01,0750,SNPP,SNPP,n,2.0NRT,304.79,5.89,D
11.83094,79.66526,331.46,0.39,0.44,2026-09-01,0750,SNPP,SNPP,l,2.0NRT,303.93,1.86,D
12.05853,79.84698,331.63,0.57,0.43,2026-09-01,0750,SNPP,SNPP,n,2.0NRT,299.32,3.58,D
12.09285,79.56569,341.02,0.39,0.44,2026-09-01,0750,SNPP,SNPP,n,2.0NRT,303.15,4.53,D
12.09304,79.56533,342.44,0.39,0.44,2026-09-01,0750,SNPP,SNPP,n,2.0NRT,303.39,2.38,D
12.13102,78.14007,332.63,0.49,0.48,2026-09-01,0750,SNPP,SNPP,n,2.0NRT,299.71,8.28,D
12.38799,79.56133,332.27,0.39,0.44,2026-09-01,0750,SNPP,SNPP,n,2.0NRT,303.14,2.06,D
12.55496,79.97733,343.27,0.55,0.43,2026-09-01,0750,SNPP,SNPP,n,2.0NRT,303.72,6.59,D
12.63548,79.86098,334.7,0.56,0.43,2026-09-01,0750,SNPP,SNPP,n,2.0NRT,302.52,5.87,D
12.6515,79.40098,337.49,0.4,0.44,2026-09-01,0750,SNPP,SNPP,n,2.0NRT,301.46,2.19,D
12.65554,79.40025,336.68,0.4,0.44,2026-09-01,0750,SNPP,SNPP,n,2.0NRT,302.28,2.19,D
12.8083,79.95654,331.11,0.55,0.43,2026-09-01,0750,SNPP,SNPP,l,2.0NRT,302.28,3.64,D
12.82044,79.10441,338.59,0.41,0.45,2026-09-01,0750,SNPP,SNPP,n,2.0NRT,303.67,5.45,D
12.82455,79.10368,332.39,0.41,0.45,2026-09-01,0750,SNPP,SNPP,l,2.0NRT,304.02,5.9,D
12.88371,78.21547,333.65,0.47,0.47,2026-09-01,0750,SNPP,SNPP,n,2.0NRT,302.7,3.46,D
13.20734,79.73056,330.12,0.56,0.43,2026-09-01,0750,SNPP,SNPP,l,2.0NRT,301.37,3.71,D
13.85709,79.33201,344.02,0.38,0.43,2026-09-01,0750,SNPP,SNPP,n,2.0NRT,298.61,4.74,D
13.85649,79.3286,340.87,0.38,0.43,2026-09-01,0750,SNPP,SNPP,n,2.0NRT,296.39,4.74,D
13.86103,79.33105,334.63,0.38,0.43,2026-09-01,0750,SNPP,SNPP,n,2.0NRT,296.24,4.74,D
14.54064,79.68484,344.26,0.54,0.42,2026-09-01,0750,SNPP,SNPP,n,2.0NRT,297.25,9.29,D
14.43581,77.70943,343.02,0.47,0.48,2026-09-01,0750,SNPP,SNPP,n,2.0NRT,298.18,11.47,D
14.43501,77.70506,330.81,0.47,0.48,2026-09-01,0750,SNPP,SNPP,n,2.0NRT,296.7,5.22,D
14.49206,77.77126,343.95,0.47,0.48,2026-09-01,0750,SNPP,SNPP,n,2.0NRT,298.34,8.52,D
15.18663,76.75148,337.67,0.53,0.5,2026-09-01,0752,SNPP,SNPP,n,2.0NRT,289.96,3.78,D
14.95399,79.63455,333.95,0.53,0.42,2026-09-01,0752,SNPP,SNPP,n,2.0NRT,299.32,5.79,D
15.88618,79.82315,338.82,0.5,0.41,2026-09-01,0752,SNPP,SNPP,l,2.0NRT,301.09,7,D
15.88993,79.82246,339.55,0.5,0.41,2026-09-01,0752,SNPP,SNPP,n,2.0NRT,299.72,7,D
17.95781,80.79736,336.54,0.43,0.38,2026-09-01,0752,SNPP,SNPP,n,2.0NRT,292.25,5.73,D
14.95313,79.62963,338.9,0.53,0.42,2026-09-01,0752,SNPP,SNPP,n,2.0NRT,300.36,5.79,D
14.86462,77.31979,335.31,0.49,0.49,2026-09-01,0752,SNPP,SNPP,n,2.0NRT,292.46,2.62,D
34.42354,73.96882,306.24,0.41,0.61,2026-09-01,2017,SNPP,SNPP,n,2.0NRT,283.6,1.5,N
18.73882,74.40549,299.3,0.51,0.49,2026-09-01,2021,SNPP,SNPP,n,2.0NRT,284.89,0.54,N
21.10112,72.63706,308.66,0.36,0.57,2026-09-01,2021,SNPP,SNPP,n,2.0NRT,282.05,1.18,N
21.10147,72.63356,308.84,0.36,0.57,2026-09-01,2021,SNPP,SNPP,n,2.0NRT,282.25,1.18,N
21.10537,72.64811,310.93,0.35,0.57,2026-09-01,2021,SNPP,SNPP,n,2.0NRT,284.27,2.9,N
21.10572,72.64465,331.23,0.36,0.57,2026-09-01,2021,SNPP,SNPP,n,2.0NRT,285.01,4.16,N
11.58907,77.26917,316.85,0.43,0.38,2026-09-01,2023,SNPP,SNPP,n,2.0NRT,288.53,1.3,N
11.58561,77.26827,302.6,0.43,0.38,2026-09-01,2023,SNPP,SNPP,n,2.0NRT,289.36,0.71,N
11.58526,77.26942,302.45,0.43,0.38,2026-09-01,2023,SNPP,SNPP,n,2.0NRT,289.46,0.63,N
11.10827,79.43034,306.12,0.38,0.36,2026-09-01,2023,SNPP,SNPP,n,2.0NRT,291.65,1.26,N
11.43151,77.16531,308.64,0.44,0.38,2026-09-01,2023,SNPP,SNPP,n,2.0NRT,293.07,1.7,N
10.99333,79.23576,307.67,0.39,0.36,2026-09-01,2023,SNPP,SNPP,n,2.0NRT,291.5,2.35,N
10.99278,79.23927,318.53,0.39,0.36,2026-09-01,2023,SNPP,SNPP,n,2.0NRT,291.83,2.33,N
10.92252,78.51923,325.57,0.39,0.37,2026-09-01,2023,SNPP,SNPP,n,2.0NRT,293.57,1.96,N
10.94335,76.3877,303.97,0.47,0.4,2026-09-01,2023,SNPP,SNPP,n,2.0NRT,291.59,0.57,N
11.81017,77.92106,307.2,0.41,0.37,2026-09-01,2023,SNPP,SNPP,n,2.0NRT,292.19,2.41,N
14.51576,75.63882,301.84,0.57,0.43,2026-09-01,2023,SNPP,SNPP,n,2.0NRT,286.6,0.94,N
14.5171,75.64188,300.76,0.57,0.43,2026-09-01,2023,SNPP,SNPP,n,2.0NRT,286.89,0.94,N
13.89658,76.56571,300.57,0.49,0.41,2026-09-01,2023,SNPP,SNPP,n,2.0NRT,285.29,0.51,N
12.74743,77.61809,300.42,0.43,0.38,2026-09-01,2023,SNPP,SNPP,n,2.0NRT,288.9,0.43,N
12.29417,79.93931,325.11,0.38,0.36,2026-09-01,2023,SNPP,SNPP,n,2.0NRT,291.53,1.98,N
12.29086,79.93877,311.05,0.38,0.36,2026-09-01,2023,SNPP,SNPP,n,2.0NRT,291.14,1.98,N
13.00275,74.8494,305.21,0.4,0.44,2026-09-01,2023,SNPP,SNPP,n,2.0NRT,289.72,0.85,N
12.07241,79.15073,306.96,0.39,0.36,2026-09-01,2023,SNPP,SNPP,n,2.0NRT,290.91,1.83,N
11.80976,77.92097,306.97,0.41,0.37,2026-09-01,2023,SNPP,SNPP,n,2.0NRT,292.26,2.29,N
11.592,77.27362,325.47,0.43,0.38,2026-09-01,2023,SNPP,SNPP,n,2.0NRT,290.18,2.54,N
11.59257,77.26982,304.87,0.43,0.38,2026-09-01,2023,SNPP,SNPP,n,2.0NRT,287.86,1.3,N
11.58795,77.27676,328.51,0.43,0.38,2026-09-01,2023,SNPP,SNPP,n,2.0NRT,290.39,2.54,N
15.33235,76.28368,306.58,0.53,0.42,2026-09-01,2023,SNPP,SNPP,n,2.0NRT,286.1,1.69,N
15.18782,76.65921,310.47,0.51,0.41,2026-09-01,2023,SNPP,SNPP,n,2.0NRT,285.67,2.82,N
15.18272,76.66805,312.13,0.5,0.41,2026-09-01,2023,SNPP,SNPP,n,2.0NRT,282.34,3.48,N
15.18291,76.63927,319.2,0.51,0.41,2026-09-01,2023,SNPP,SNPP,n,2.0NRT,285.55,2.14,N
15.17715,76.65287,304.64,0.51,0.41,2026-09-01,2023,SNPP,SNPP,n,2.0NRT,285,2.24,N
15.17649,76.65758,318.85,0.51,0.41,2026-09-01,2023,SNPP,SNPP,n,2.0NRT,285.28,2.24,N
15.00385,77.61399,301.52,0.45,0.39,2026-09-01,2023,SNPP,SNPP,n,2.0NRT,281.69,0.86,N
15.17009,76.38125,302.75,0.52,0.42,2026-09-01,2023,SNPP,SNPP,n,2.0NRT,285.05,1.63,N
10.19173,77.64243,304.01,0.41,0.37,2026-09-01,2025,SNPP,SNPP,n,2.0NRT,291.74,0.42,N
9.58141,77.54852,311.48,0.41,0.37,2026-09-01,2025,SNPP,SNPP,n,2.0NRT,272.37,1.01,N
9.2637,77.50169,313.85,0.41,0.37,2026-09-01,2025,SNPP,SNPP,n,2.0NRT,293.16,1.36,N
9.57284,77.53609,305.91,0.41,0.37,2026-09-01,2025,SNPP,SNPP,n,2.0NRT,268.13,1.24,N
9.5723,77.5396,299.71,0.41,0.37,2026-09-01,2025,SNPP,SNPP,n,2.0NRT,269.85,0.85,N
9.56999,77.5319,304.75,0.41,0.37,2026-09-01,2025,SNPP,SNPP,n,2.0NRT,267.28,1.35,N
9.56943,77.53551,308.38,0.41,0.37,2026-09-01,2025,SNPP,SNPP,n,2.0NRT,268.79,1.35,N
8.6686,77.99117,299.21,0.39,0.37,2026-09-01,2025,SNPP,SNPP,n,2.0NRT,278.27,0.36,N
23.43164,68.71332,303.25,0.45,0.63,2026-09-01,2201,SNPP,SNPP,n,2.0NRT,289.63,0.77,N
12.1557,79.81212,330.94,0.39,0.59,2026-09-02,0731,SNPP,SNPP,n,2.0NRT,288.02,2.65,D
9.99482,79.18996,341.62,0.47,0.64,2026-09-02,0731,SNPP,SNPP,n,2.0NRT,287.05,4.89,D
9.94405,78.17075,330.98,0.55,0.68,2026-09-02,0731,SNPP,SNPP,n,2.0NRT,292.36,8.81,D
14.88849,79.31078,332.39,0.37,0.58,2026-09-02,0731,SNPP,SNPP,n,2.0NRT,273.26,2.5,D
15.95654,79.91642,341.23,0.32,0.55,2026-09-02,0731,SNPP,SNPP,n,2.0NRT,293.08,4.66,D
17.67918,75.30824,332.06,0.6,0.7,2026-09-02,0733,SNPP,SNPP,n,2.0NRT,286.29,6.74,D
20.96492,85.17074,326.69,0.42,0.38,2026-09-02,0733,SNPP,SNPP,l,2.0NRT,284.61,7.94,D
30.44718,73.801,331.74,0.39,0.59,2026-09-02,0735,SNPP,SNPP,n,2.0NRT,294.92,2.56,D
31.09262,74.68887,340.43,0.33,0.55,2026-09-02,0737,SNPP,SNPP,n,2.0NRT,293.1,3.98,D
11.34867,77.58162,343.48,0.68,0.74,2026-09-02,0911,SNPP,SNPP,n,2.0NRT,291.66,6.73,D
9.92334,78.1786,333.46,0.72,0.75,2026-09-02,0911,SNPP,SNPP,n,2.0NRT,287.09,8.28,D
27.85456,72.35793,335.36,0.48,0.65,2026-09-02,0915,SNPP,SNPP,n,2.0NRT,295.85,6.23,D
27.37742,95.33333,296.12,0.46,0.47,2026-09-02,2000,SNPP,SNPP,n,2.0NRT,277.24,1.17,N
23.77812,86.39218,303.48,0.39,0.36,2026-09-02,2002,SNPP,SNPP,n,2.0NRT,289.43,1.06,N
23.80529,86.32597,299.68,0.39,0.36,2026-09-02,2002,SNPP,SNPP,n,2.0NRT,288.61,0.85,N
23.80471,86.32983,311.61,0.39,0.36,2026-09-02,2002,SNPP,SNPP,n,2.0NRT,289.63,0.85,N
23.80136,86.32924,302.76,0.39,0.36,2026-09-02,2002,SNPP,SNPP,n,2.0NRT,288.9,0.85,N
23.78102,86.37297,301.83,0.39,0.36,2026-09-02,2002,SNPP,SNPP,n,2.0NRT,289.08,1.41,N
23.7787,86.38834,311.58,0.39,0.36,2026-09-02,2002,SNPP,SNPP,n,2.0NRT,289.49,1.75,N
23.77536,86.38774,305.74,0.39,0.36,2026-09-02,2002,SNPP,SNPP,n,2.0NRT,289.53,2.1,N
23.76637,86.40189,301.52,0.39,0.36,2026-09-02,2002,SNPP,SNPP,n,2.0NRT,288.02,0.98,N
23.7665,86.37826,303.1,0.39,0.36,2026-09-02,2002,SNPP,SNPP,n,2.0NRT,288.33,1.13,N
23.76419,86.39362,305.69,0.39,0.36,2026-09-02,2002,SNPP,SNPP,n,2.0NRT,289.46,1.77,N
23.76303,86.40129,306.39,0.39,0.36,2026-09-02,2002,SNPP,SNPP,n,2.0NRT,288.44,0.98,N
23.76244,86.40514,302.54,0.39,0.36,2026-09-02,2002,SNPP,SNPP,n,2.0NRT,288.11,1.07,N
23.75969,86.40069,312.71,0.39,0.36,2026-09-02,2002,SNPP,SNPP,n,2.0NRT,289.41,1.45,N
23.75911,86.40453,307.12,0.39,0.36,2026-09-02,2002,SNPP,SNPP,n,2.0NRT,288.73,1.05,N
23.75693,86.39625,306.5,0.39,0.36,2026-09-02,2002,SNPP,SNPP,n,2.0NRT,290.21,1.45,N
23.75577,86.40394,306.39,0.39,0.36,2026-09-02,2002,SNPP,SNPP,n,2.0NRT,289.59,1.05,N
23.75301,86.3995,306.1,0.39,0.36,2026-09-02,2002,SNPP,SNPP,n,2.0NRT,290.05,1.79,N
23.77554,85.99434,303.22,0.4,0.37,2026-09-02,2002,SNPP,SNPP,n,2.0NRT,289.35,0.93,N
23.77496,85.99825,304.92,0.4,0.37,2026-09-02,2002,SNPP,SNPP,n,2.0NRT,289.68,0.93,N
23.76929,86.01326,303.69,0.4,0.37,2026-09-02,2002,SNPP,SNPP,n,2.0NRT,289.14,1.06,N
23.66686,86.09244,303.59,0.4,0.37,2026-09-02,2002,SNPP,SNPP,n,2.0NRT,287.9,2,N
23.69712,85.35915,298.21,0.42,0.37,2026-09-02,2002,SNPP,SNPP,n,2.0NRT,282.2,0.72,N
22.24434,87.38933,307.58,0.38,0.36,2026-09-02,2002,SNPP,SNPP,n,2.0NRT,284.82,1.69,N
20.97389,86.00428,303.42,0.39,0.36,2026-09-02,2002,SNPP,SNPP,n,2.0NRT,279.75,0.75,N
20.97057,86.0037,307.75,0.39,0.36,2026-09-02,2002,SNPP,SNPP,n,2.0NRT,279.33,1.07,N
20.96373,86.04834,300.88,0.39,0.36,2026-09-02,2002,SNPP,SNPP,n,2.0NRT,279.16,0.85,N
20.95044,86.04603,320.77,0.39,0.36,2026-09-02,2002,SNPP,SNPP,n,2.0NRT,277.16,2.41,N
20.94987,86.04974,317.46,0.39,0.36,2026-09-02,2002,SNPP,SNPP,n,2.0NRT,278.53,1.99,N
20.94769,86.04173,329.92,0.39,0.36,2026-09-02,2002,SNPP,SNPP,n,2.0NRT,276.62,2.41,N
20.94712,86.04544,299.71,0.39,0.36,2026-09-02,2002,SNPP,SNPP,n,2.0NRT,275.89,2.41,N
21.1658,72.66228,301.64,0.71,0.75,2026-09-02,2004,SNPP,SNPP,n,2.0NRT,284.7,1.54,N
21.16249,72.6673,304.69,0.71,0.75,2026-09-02,2004,SNPP,SNPP,n,2.0NRT,284.74,1.98,N
17.60785,83.20464,298.93,0.44,0.38,2026-09-02,2004,SNPP,SNPP,n,2.0NRT,270.69,0.82,N
17.60491,83.19991,295.25,0.44,0.38,2026-09-02,2004,SNPP,SNPP,n,2.0NRT,268.04,1.14,N
18.6843,73.02866,303.48,0.64,0.72,2026-09-02,2004,SNPP,SNPP,n,2.0NRT,282.8,2.69,N
18.68376,73.03494,307.43,0.64,0.72,2026-09-02,2004,SNPP,SNPP,n,2.0NRT,282.78,2.69,N
18.68321,73.04121,301.76,0.64,0.72,2026-09-02,2004,SNPP,SNPP,n,2.0NRT,283.02,3.91,N
15.78634,80.24809,304.51,0.4,0.44,2026-09-02,2004,SNPP,SNPP,n,2.0NRT,283.42,1.63,N
15.18241,76.66785,303.1,0.33,0.56,2026-09-02,2004,SNPP,SNPP,n,2.0NRT,283.02,2.21,N
15.17876,76.65467,303.64,0.34,0.56,2026-09-02,2004,SNPP,SNPP,n,2.0NRT,283.83,1.51,N
15.17838,76.65782,304.14,0.34,0.56,2026-09-02,2004,SNPP,SNPP,n,2.0NRT,284.25,1.94,N
15.17359,76.65408,300.96,0.34,0.56,2026-09-02,2004,SNPP,SNPP,n,2.0NRT,281.77,1.23,N
15.17321,76.65722,298.31,0.34,0.56,2026-09-02,2004,SNPP,SNPP,n,2.0NRT,283.72,1.52,N
15.16884,76.38137,303.55,0.35,0.57,2026-09-02,2004,SNPP,SNPP,n,2.0NRT,285.17,1.08,N
17.61139,83.20518,299.79,0.44,0.38,2026-09-02,2004,SNPP,SNPP,n,2.0NRT,271.87,1.06,N
11.17563,79.08776,304.65,0.41,0.45,2026-09-02,2006,SNPP,SNPP,n,2.0NRT,286.18,0.63,N
11.80807,77.92142,313.58,0.5,0.49,2026-09-02,2006,SNPP,SNPP,n,2.0NRT,284.21,2.3,N
11.59569,77.25757,301.79,0.55,0.51,2026-09-02,2006,SNPP,SNPP,n,2.0NRT,268.93,1.73,N
11.59482,77.264,308.29,0.55,0.51,2026-09-02,2006,SNPP,SNPP,n,2.0NRT,271.1,1.73,N
9.56071,77.53418,314.02,0.49,0.49,2026-09-02,2006,SNPP,SNPP,n,2.0NRT,281.53,2.32,N
9.56267,77.52,312.46,0.49,0.49,2026-09-02,2006,SNPP,SNPP,n,2.0NRT,278.52,2.11,N
9.55874,77.51527,299.36,0.49,0.49,2026-09-02,2006,SNPP,SNPP,n,2.0NRT,278.95,2.55,N
9.55315,77.52262,321,0.49,0.49,2026-09-02,2006,SNPP,SNPP,n,2.0NRT,280.86,2.59,N
9.55481,77.51051,305.7,0.49,0.49,2026-09-02,2006,SNPP,SNPP,n,2.0NRT,277.36,0.75,N
9.55174,77.51925,300.72,0.49,0.49,2026-09-02,2006,SNPP,SNPP,n,2.0NRT,280.12,0.75,N
9.55933,77.5109,299.08,0.49,0.49,2026-09-02,2006,SNPP,SNPP,n,2.0NRT,278.15,0.75,N
13.09088,79.98233,304.44,0.38,0.43,2026-09-02,2006,SNPP,SNPP,n,2.0NRT,285.15,0.52,N
12.85253,79.90434,343.13,0.38,0.44,2026-09-02,2006,SNPP,SNPP,n,2.0NRT,289.45,5.36,N
12.84852,79.90374,334.6,0.38,0.44,2026-09-02,2006,SNPP,SNPP,n,2.0NRT,288.54,4,N
31.3686,76.35826,302.36,0.44,0.62,2026-09-02,2140,SNPP,SNPP,n,2.0NRT,289.07,0.62,N
24.82198,73.09294,304.11,0.4,0.6,2026-09-02,2142,SNPP,SNPP,n,2.0NRT,290.78,0.64,N
27.28717,73.83898,303.91,0.39,0.59,2026-09-02,2142,SNPP,SNPP,n,2.0NRT,290.51,0.55,N
21.10334,72.63613,318.44,0.44,0.63,2026-09-02,2144,SNPP,SNPP,n,2.0NRT,287.95,2.34,N
21.1071,72.64617,347.86,0.44,0.63,2026-09-02,2144,SNPP,SNPP,n,2.0NRT,288.32,7.05,N
21.10903,72.63763,307.73,0.44,0.63,2026-09-02,2144,SNPP,SNPP,n,2.0NRT,288.01,2.25,N
21.10142,72.64466,307.16,0.44,0.63,2026-09-02,2144,SNPP,SNPP,n,2.0NRT,287.46,2.25,N
26.80206,90.32026,331.09,0.38,0.36,2026-09-03,0716,SNPP,SNPP,n,2.0NRT,295.86,4.05,D
27.98586,95.93726,334.3,0.39,0.44,2026-09-03,0716,SNPP,SNPP,n,2.0NRT,295.68,5.03,D
27.99035,95.94063,340.52,0.39,0.44,2026-09-03,0716,SNPP,SNPP,n,2.0NRT,294.12,6.05,D
28.181,95.66731,333.32,0.57,0.43,2026-09-03,0716,SNPP,SNPP,n,2.0NRT,294.3,5.65,D
26.52341,90.53152,337.85,0.38,0.36,2026-09-03,0716,SNPP,SNPP,n,2.0NRT,295.1,3.17,D
26.88079,92.32764,335.88,0.4,0.37,2026-09-03,0716,SNPP,SNPP,n,2.0NRT,295.78,6.54,D
27.37946,95.33263,333.29,0.53,0.42,2026-09-03,0716,SNPP,SNPP,n,2.0NRT,293.87,1.57,D
23.80334,86.3283,329.9,0.56,0.43,2026-09-03,0716,SNPP,SNPP,n,2.0NRT,292.97,4.25,D
11.50817,79.52599,344.98,0.44,0.63,2026-09-03,0852,SNPP,SNPP,n,2.0NRT,294.04,2.7,D
11.5078,79.52651,346.56,0.45,0.63,2026-09-03,0852,SNPP,SNPP,n,2.0NRT,294.32,4.34,D
10.23653,79.19613,367,0.41,0.6,2026-09-03,0852,SNPP,SNPP,h,2.0NRT,294.56,11.42,D
8.81097,78.0528,333.07,0.32,0.55,2026-09-03,0852,SNPP,SNPP,n,2.0NRT,298.05,0.97,D
8.86688,78.08226,334.12,0.33,0.55,2026-09-03,0852,SNPP,SNPP,n,2.0NRT,296.85,1.34,D
8.86421,78.08301,337.52,0.33,0.55,2026-09-03,0852,SNPP,SNPP,n,2.0NRT,296.67,2.55,D
8.99612,78.11604,340.09,0.33,0.55,2026-09-03,0852,SNPP,SNPP,n,2.0NRT,296.73,1.58,D
8.99572,78.11298,337.77,0.33,0.55,2026-09-03,0852,SNPP,SNPP,n,2.0NRT,296.58,1.58,D
9.40996,78.80921,341.22,0.37,0.58,2026-09-03,0852,SNPP,SNPP,n,2.0NRT,292.88,0.73,D
10.9525,78.43614,334.3,0.37,0.58,2026-09-03,0852,SNPP,SNPP,n,2.0NRT,273.55,2.9,D
18.51911,74.35187,330.29,0.5,0.49,2026-09-03,0856,SNPP,SNPP,n,2.0NRT,296.04,4.86,D
18.51854,74.3471,334.46,0.5,0.49,2026-09-03,0856,SNPP,SNPP,n,2.0NRT,296.41,4.86,D
18.56307,74.36423,332.55,0.5,0.49,2026-09-03,0856,SNPP,SNPP,n,2.0NRT,297.39,7.46,D
18.69169,73.04173,334.81,0.42,0.45,2026-09-03,0856,SNPP,SNPP,n,2.0NRT,295.45,5.14,D
21.10661,72.64839,332.65,0.42,0.45,2026-09-03,0856,SNPP,SNPP,n,2.0NRT,296.01,4.4,D
22.4173,69.04085,340.77,0.43,0.38,2026-09-03,0856,SNPP,SNPP,n,2.0NRT,302.56,5.33,D
22.92752,70.11013,330.19,0.48,0.4,2026-09-03,0856,SNPP,SNPP,n,2.0NRT,293.5,3.07,D
22.93244,69.69634,330.89,0.46,0.39,2026-09-03,0856,SNPP,SNPP,l,2.0NRT,302.24,4.13,D
29.88983,73.90404,333.23,0.32,0.55,2026-09-03,0858,SNPP,SNPP,n,2.0NRT,296.63,1.81,D
26.75918,83.19909,306.85,0.35,0.57,2026-09-03,1942,SNPP,SNPP,n,2.0NRT,285.78,1.16,N
23.61394,86.78859,309.63,0.39,0.44,2026-09-03,1945,SNPP,SNPP,n,2.0NRT,289.21,1.7,N
24.11965,86.86556,305.15,0.39,0.44,2026-09-03,1945,SNPP,SNPP,n,2.0NRT,287.3,0.4,N
24.11606,86.86103,316.46,0.39,0.44,2026-09-03,1945,SNPP,SNPP,n,2.0NRT,287.24,2.21,N
23.80754,86.32885,303.74,0.42,0.45,2026-09-03,1945,SNPP,SNPP,n,2.0NRT,279.15,0.61,N
23.80646,86.33013,307.16,0.42,0.45,2026-09-03,1945,SNPP,SNPP,n,2.0NRT,276.81,1.77,N
23.80228,86.32954,314.47,0.42,0.45,2026-09-03,1945,SNPP,SNPP,n,2.0NRT,273.05,1.77,N
23.79976,86.35018,300.15,0.42,0.45,2026-09-03,1945,SNPP,SNPP,n,2.0NRT,272.56,0.74,N
23.79559,86.34954,297.82,0.42,0.45,2026-09-03,1945,SNPP,SNPP,n,2.0NRT,273.2,0.83,N
23.79508,86.35372,302.73,0.42,0.45,2026-09-03,1945,SNPP,SNPP,n,2.0NRT,275.18,0.83,N
23.78223,86.3897,305.21,0.42,0.45,2026-09-03,1945,SNPP,SNPP,n,2.0NRT,275.26,1.38,N
23.78174,86.39377,300.97,0.42,0.45,2026-09-03,1945,SNPP,SNPP,n,2.0NRT,278.02,1.38,N
23.69338,87.10863,305.36,0.57,0.43,2026-09-03,1945,SNPP,SNPP,n,2.0NRT,285.59,1.71,N
23.69199,87.11974,307.04,0.57,0.43,2026-09-03,1945,SNPP,SNPP,n,2.0NRT,285.93,1.93,N
23.79659,86.2353,298,0.43,0.46,2026-09-03,1945,SNPP,SNPP,n,2.0NRT,279.57,0.51,N
23.77807,86.38908,317.93,0.42,0.45,2026-09-03,1945,SNPP,SNPP,n,2.0NRT,274.17,1.38,N
23.68801,87.11914,310.76,0.57,0.43,2026-09-03,1945,SNPP,SNPP,n,2.0NRT,285.56,1.93,N
23.7769,86.36366,309.48,0.42,0.45,2026-09-03,1945,SNPP,SNPP,n,2.0NRT,278.5,1.88,N
23.68263,87.12968,304.46,0.57,0.43,2026-09-03,1945,SNPP,SNPP,n,2.0NRT,286.13,1.02,N
23.76777,86.40421,320.79,0.42,0.45,2026-09-03,1945,SNPP,SNPP,n,2.0NRT,277.99,2,N
23.77272,86.36308,311,0.42,0.45,2026-09-03,1945,SNPP,SNPP,n,2.0NRT,279.79,1.88,N
23.76827,86.40009,301.49,0.42,0.45,2026-09-03,1945,SNPP,SNPP,n,2.0NRT,276.21,1.42,N
23.76411,86.39948,301.48,0.42,0.45,2026-09-03,1945,SNPP,SNPP,n,2.0NRT,276.62,1.13,N
23.76361,86.40362,319.57,0.42,0.45,2026-09-03,1945,SNPP,SNPP,n,2.0NRT,279.65,1.9,N
23.75995,86.39886,303.16,0.42,0.45,2026-09-03,1945,SNPP,SNPP,n,2.0NRT,278.33,1.13,N
23.75945,86.403,311.53,0.42,0.45,2026-09-03,1945,SNPP,SNPP,n,2.0NRT,281.99,1.9,N
23.77853,86.20712,305.87,0.43,0.46,2026-09-03,1945,SNPP,SNPP,n,2.0NRT,284.37,1.4,N
23.75333,86.41881,306.57,0.41,0.45,2026-09-03,1945,SNPP,SNPP,n,2.0NRT,285.49,2.21,N
23.66326,87.15506,315.58,0.56,0.43,2026-09-03,1945,SNPP,SNPP,n,2.0NRT,286.04,2.72,N
23.73892,86.43327,332.15,0.41,0.45,2026-09-03,1945,SNPP,SNPP,n,2.0NRT,289.42,4.27,N
23.66999,86.93584,305.31,0.39,0.44,2026-09-03,1945,SNPP,SNPP,n,2.0NRT,286.93,0.5,N
23.7255,86.43961,312.66,0.41,0.45,2026-09-03,1945,SNPP,SNPP,n,2.0NRT,287.88,2.79,N
23.72328,86.4226,307.96,0.41,0.45,2026-09-03,1945,SNPP,SNPP,n,2.0NRT,287.66,2.1,N
23.71913,86.422,311.36,0.41,0.45,2026-09-03,1945,SNPP,SNPP,n,2.0NRT,287.6,1.61,N
23.71672,86.44246,305.75,0.41,0.45,2026-09-03,1945,SNPP,SNPP,n,2.0NRT,287.65,0.91,N
23.71576,86.45063,309.84,0.41,0.45,2026-09-03,1945,SNPP,SNPP,n,2.0NRT,288.46,1.59,N
23.71498,86.42139,307.53,0.41,0.45,2026-09-03,1945,SNPP,SNPP,n,2.0NRT,287.58,1.61,N
23.71161,86.45001,317.27,0.41,0.45,2026-09-03,1945,SNPP,SNPP,n,2.0NRT,288.58,1.59,N
23.71034,86.42485,309.97,0.41,0.45,2026-09-03,1945,SNPP,SNPP,n,2.0NRT,285.13,1.8,N
23.70747,86.44939,305.52,0.41,0.45,2026-09-03,1945,SNPP,SNPP,n,2.0NRT,288.22,0.94,N
23.75867,85.85327,305.82,0.45,0.47,2026-09-03,1945,SNPP,SNPP,n,2.0NRT,284.84,1.3,N
23.78732,85.55491,301.71,0.47,0.48,2026-09-03,1945,SNPP,SNPP,n,2.0NRT,281.18,1.46,N
23.75436,85.85263,310.98,0.45,0.47,2026-09-03,1945,SNPP,SNPP,n,2.0NRT,284.88,1.3,N
23.75731,85.85121,303.97,0.45,0.47,2026-09-03,1945,SNPP,SNPP,n,2.0NRT,284.59,1.56,N
23.75678,85.85565,310.42,0.45,0.47,2026-09-03,1945,SNPP,SNPP,n,2.0NRT,285.22,1.56,N
23.78801,85.55334,308.69,0.47,0.48,2026-09-03,1945,SNPP,SNPP,n,2.0NRT,282,0.87,N
23.63301,86.83422,306.94,0.39,0.44,2026-09-03,1945,SNPP,SNPP,n,2.0NRT,288.53,0.84,N
23.56118,87.08237,307.04,0.57,0.43,2026-09-03,1945,SNPP,SNPP,n,2.0NRT,282.82,2.48,N
23.58044,86.72423,309.01,0.4,0.44,2026-09-03,1945,SNPP,SNPP,n,2.0NRT,288.21,1.24,N
23.73955,85.01097,308.09,0.5,0.49,2026-09-03,1945,SNPP,SNPP,n,2.0NRT,285.74,1.92,N
23.7117,85.28757,301.95,0.48,0.48,2026-09-03,1945,SNPP,SNPP,n,2.0NRT,284.85,0.73,N
23.73894,85.0092,308.95,0.5,0.49,2026-09-03,1945,SNPP,SNPP,n,2.0NRT,285.68,1.68,N
23.69792,85.36774,302.62,0.48,0.48,2026-09-03,1945,SNPP,SNPP,n,2.0NRT,285.21,0.93,N
23.69777,85.2904,303.8,0.48,0.48,2026-09-03,1945,SNPP,SNPP,n,2.0NRT,285.73,1.48,N
23.67558,85.32627,302.56,0.48,0.48,2026-09-03,1945,SNPP,SNPP,n,2.0NRT,285.85,0.87,N
23.64945,85.43736,328.16,0.47,0.48,2026-09-03,1945,SNPP,SNPP,n,2.0NRT,285.76,4,N
23.64893,85.44199,304.53,0.47,0.48,2026-09-03,1945,SNPP,SNPP,n,2.0NRT,285.44,1.15,N
23.6091,85.67449,308.9,0.46,0.47,2026-09-03,1945,SNPP,SNPP,n,2.0NRT,287.95,0.98,N
23.67128,84.99492,302,0.5,0.49,2026-09-03,1945,SNPP,SNPP,n,2.0NRT,285.16,0.81,N
23.6662,84.99924,305.61,0.5,0.49,2026-09-03,1945,SNPP,SNPP,n,2.0NRT,284.33,1.64,N
17.3574,76.87903,295.01,0.71,0.75,2026-09-03,1947,SNPP,SNPP,n,2.0NRT,274.37,0.63,N
15.18083,76.6638,298.03,0.69,0.74,2026-09-03,1947,SNPP,SNPP,n,2.0NRT,269.99,2.73,N
15.18172,76.66895,299.3,0.69,0.74,2026-09-03,1947,SNPP,SNPP,n,2.0NRT,274.25,1.25,N
15.18106,76.67557,302.03,0.69,0.74,2026-09-03,1947,SNPP,SNPP,n,2.0NRT,278.37,1.25,N
15.02242,78.01557,301.82,0.56,0.69,2026-09-03,1947,SNPP,SNPP,n,2.0NRT,278.54,2.54,N
9.54534,77.51893,301.06,0.52,0.67,2026-09-03,1949,SNPP,SNPP,n,2.0NRT,279.69,2.19,N
9.54608,77.51984,305.2,0.52,0.66,2026-09-03,1949,SNPP,SNPP,n,2.0NRT,279.89,1.59,N
24.68892,73.00289,302.62,0.41,0.45,2026-09-03,2123,SNPP,SNPP,n,2.0NRT,286.47,2.05,N
22.97782,72.56509,308.61,0.41,0.45,2026-09-03,2123,SNPP,SNPP,n,2.0NRT,291.96,1.43,N
23.4967,68.57797,310.58,0.4,0.37,2026-09-03,2123,SNPP,SNPP,n,2.0NRT,293.71,1.65,N
23.12061,70.08583,325.11,0.46,0.39,2026-09-03,2123,SNPP,SNPP,n,2.0NRT,293.82,3.65,N
22.38261,73.12849,303.37,0.45,0.47,2026-09-03,2123,SNPP,SNPP,n,2.0NRT,289.72,0.81,N
22.92733,69.82601,305.45,0.45,0.39,2026-09-03,2123,SNPP,SNPP,n,2.0NRT,294.43,2.2,N
22.93564,69.69796,316.67,0.44,0.39,2026-09-03,2123,SNPP,SNPP,n,2.0NRT,293.47,1.43,N
22.93487,69.70225,311.79,0.44,0.39,2026-09-03,2123,SNPP,SNPP,n,2.0NRT,293.42,1.43,N
22.93212,69.69724,321.98,0.44,0.39,2026-09-03,2123,SNPP,SNPP,n,2.0NRT,293.81,1.43,N
22.93135,69.70153,306.91,0.44,0.39,2026-09-03,2123,SNPP,SNPP,n,2.0NRT,293.25,1.43,N
22.33898,69.85583,307.29,0.46,0.39,2026-09-03,2123,SNPP,SNPP,n,2.0NRT,294.92,2.56,N
29.47329,76.85825,320.78,0.55,0.51,2026-09-03,2123,SNPP,SNPP,n,2.0NRT,290.76,5.35,N
29.4779,76.85962,322.24,0.55,0.51,2026-09-03,2123,SNPP,SNPP,n,2.0NRT,291.14,5.5,N
29.47618,76.85554,311.96,0.55,0.51,2026-09-03,2123,SNPP,SNPP,n,2.0NRT,290.99,4.41,N
29.47491,76.86111,321.58,0.55,0.51,2026-09-03,2123,SNPP,SNPP,n,2.0NRT,291.09,4.53,N
31.26022,76.92496,303.07,0.51,0.49,2026-09-03,2123,SNPP,SNPP,n,2.0NRT,288.42,2.04,N
20.35351,72.95026,295.9,0.48,0.48,2026-09-03,2125,SNPP,SNPP,n,2.0NRT,283.56,0.44,N
21.16711,72.67277,339.36,0.45,0.47,2026-09-03,2125,SNPP,SNPP,n,2.0NRT,291.7,7.63,N
21.16286,72.67182,331.87,0.45,0.47,2026-09-03,2125,SNPP,SNPP,n,2.0NRT,291.11,4.97,N
21.16523,72.66869,321.34,0.45,0.47,2026-09-03,2125,SNPP,SNPP,n,2.0NRT,291.15,4.37,N
21.1644,72.67298,336.65,0.45,0.47,2026-09-03,2125,SNPP,SNPP,n,2.0NRT,291.46,4.37,N
21.10739,72.64669,342.3,0.45,0.47,2026-09-03,2125,SNPP,SNPP,n,2.0NRT,292.6,7.81,N
21.10483,72.63718,307.78,0.45,0.47,2026-09-03,2125,SNPP,SNPP,n,2.0NRT,291.05,1.6,N
21.10314,72.64573,307.67,0.45,0.47,2026-09-03,2125,SNPP,SNPP,n,2.0NRT,291,2.61,N
21.10058,72.63622,307.03,0.45,0.47,2026-09-03,2125,SNPP,SNPP,n,2.0NRT,290.82,1.6,N
27.28717,73.83929,306.83,0.41,0.45,2026-09-03,2125,SNPP,SNPP,n,2.0NRT,293.71,0.98,N
27.081,73.81882,306.77,0.41,0.45,2026-09-03,2125,SNPP,SNPP,n,2.0NRT,294.29,0.77,N
26.87735,73.51431,305.85,0.4,0.44,2026-09-03,2125,SNPP,SNPP,n,2.0NRT,293.66,1.4,N
25.94198,72.19152,328.97,0.53,0.42,2026-09-03,2125,SNPP,SNPP,n,2.0NRT,295.09,4.61,N
25.94437,72.19054,317.01,0.53,0.42,2026-09-03,2125,SNPP,SNPP,n,2.0NRT,294.81,2.7,N
25.94338,72.19575,311.07,0.53,0.42,2026-09-03,2125,SNPP,SNPP,n,2.0NRT,294.72,2.18,N
20.91002,71.45757,304.58,0.38,0.44,2026-09-03,2125,SNPP,SNPP,n,2.0NRT,291.59,0.89,N
20.90932,71.46124,307.63,0.38,0.44,2026-09-03,2125,SNPP,SNPP,n,2.0NRT,291.99,0.99,N
20.86657,70.56716,305.32,0.52,0.41,2026-09-03,2125,SNPP,SNPP,n,2.0NRT,291.77,1.43,N
20.35693,72.94828,312.62,0.48,0.48,2026-09-03,2125,SNPP,SNPP,n,2.0NRT,283.84,1.12,N
18.68717,73.03136,303.75,0.52,0.5,2026-09-03,2125,SNPP,SNPP,n,2.0NRT,286.82,3.48,N
18.68517,73.04121,303.66,0.52,0.5,2026-09-03,2125,SNPP,SNPP,n,2.0NRT,286.86,2.63,N
18.69051,73.04059,303.23,0.52,0.5,2026-09-03,2125,SNPP,SNPP,n,2.0NRT,286.61,2.42,N
18.68594,73.03958,303.16,0.52,0.5,2026-09-03,2125,SNPP,SNPP,n,2.0NRT,286.88,1.63,N
18.68331,73.0287,301.11,0.52,0.5,2026-09-03,2125,SNPP,SNPP,n,2.0NRT,286.49,2.72,N
18.68235,73.03365,304.96,0.52,0.5,2026-09-03,2125,SNPP,SNPP,n,2.0NRT,286.6,1.63,N
18.68138,73.03857,306.06,0.52,0.5,2026-09-03,2125,SNPP,SNPP,n,2.0NRT,286.54,1.63,N
16.18728,78.91104,307.9,0.7,0.75,2026-09-03,2125,SNPP,SNPP,n,2.0NRT,282.64,6.01,N
16.18613,78.91606,303.5,0.7,0.75,2026-09-03,2125,SNPP,SNPP,n,2.0NRT,282.21,3.56,N
15.17637,77.09987,300.85,0.56,0.69,2026-09-03,2125,SNPP,SNPP,n,2.0NRT,285.39,1.68,N
15.01009,77.61835,303.55,0.61,0.71,2026-09-03,2125,SNPP,SNPP,n,2.0NRT,283.74,0.98,N
15.18179,76.66799,306.52,0.53,0.67,2026-09-03,2125,SNPP,SNPP,n,2.0NRT,281.19,2.6,N
15.17781,76.65665,313.84,0.52,0.67,2026-09-03,2125,SNPP,SNPP,n,2.0NRT,281.26,3.05,N
15.19921,76.37984,298.37,0.5,0.66,2026-09-03,2125,SNPP,SNPP,n,2.0NRT,276.11,1.48,N
15.19833,76.37807,297.68,0.5,0.66,2026-09-03,2125,SNPP,SNPP,n,2.0NRT,276.75,1.14,N
15.07013,76.86538,303.5,0.54,0.68,2026-09-03,2125,SNPP,SNPP,n,2.0NRT,284.27,1.56,N
12.75382,92.88086,332.85,0.44,0.46,2026-09-04,0654,SNPP,SNPP,n,2.0NRT,284.25,2.49,D
10.16814,78.80172,335.48,0.56,0.43,2026-09-04,0835,SNPP,SNPP,n,2.0NRT,300.33,6.42,D
10.16672,78.79148,331.56,0.56,0.43,2026-09-04,0835,SNPP,SNPP,n,2.0NRT,300.74,8.56,D
10.31339,79.34061,330.68,0.4,0.44,2026-09-04,0835,SNPP,SNPP,n,2.0NRT,296.16,2.09,D
10.28257,78.88253,334.67,0.57,0.43,2026-09-04,0835,SNPP,SNPP,n,2.0NRT,298.75,2.52,D
8.92773,77.46704,336.21,0.46,0.39,2026-09-04,0835,SNPP,SNPP,n,2.0NRT,305.16,2.97,D
12.0522,78.36801,333.87,0.56,0.43,2026-09-04,0835,SNPP,SNPP,n,2.0NRT,298.13,4.2,D
8.88569,77.40527,339.72,0.45,0.39,2026-09-04,0835,SNPP,SNPP,n,2.0NRT,306.78,5.49,D
8.61746,77.98914,342.96,0.48,0.4,2026-09-04,0835,SNPP,SNPP,n,2.0NRT,299.73,3.29,D
8.73204,77.86298,347.6,0.48,0.4,2026-09-04,0835,SNPP,SNPP,n,2.0NRT,304,16.91,D
8.66597,77.40293,332.62,0.45,0.39,2026-09-04,0835,SNPP,SNPP,l,2.0NRT,304.58,6.07,D
8.81464,77.83777,342.22,0.48,0.4,2026-09-04,0835,SNPP,SNPP,n,2.0NRT,304.59,11.75,D
8.84638,77.70205,345.51,0.47,0.4,2026-09-04,0835,SNPP,SNPP,n,2.0NRT,310.41,22.48,D
9.95849,79.1076,342.39,0.39,0.44,2026-09-04,0835,SNPP,SNPP,n,2.0NRT,298.57,2.39,D
12.80993,77.7602,332.58,0.52,0.42,2026-09-04,0835,SNPP,SNPP,n,2.0NRT,298.05,3.52,D
13.93385,78.31989,344.3,0.39,0.44,2026-09-04,0835,SNPP,SNPP,n,2.0NRT,300.15,5.9,D
13.90749,78.06878,335.38,0.56,0.43,2026-09-04,0835,SNPP,SNPP,n,2.0NRT,301.05,1.75,D
13.93448,78.31924,342.27,0.39,0.44,2026-09-04,0835,SNPP,SNPP,n,2.0NRT,300.78,5.51,D
14.5526,77.48568,330.23,0.53,0.42,2026-09-04,0835,SNPP,SNPP,n,2.0NRT,293.53,2.5,D
9.17593,78.22559,337.95,0.5,0.41,2026-09-04,0835,SNPP,SNPP,n,2.0NRT,304.11,10.26,D
9.1797,78.22505,341.55,0.5,0.41,2026-09-04,0835,SNPP,SNPP,n,2.0NRT,304.13,10.26,D
9.20293,77.64448,345.47,0.47,0.4,2026-09-04,0835,SNPP,SNPP,n,2.0NRT,309.68,19.15,D
9.33688,76.59934,331.72,0.43,0.38,2026-09-04,0835,SNPP,SNPP,n,2.0NRT,299.27,2.02,D
9.62262,78.11741,340.95,0.5,0.41,2026-09-04,0835,SNPP,SNPP,n,2.0NRT,306.67,10.24,D
9.95692,79.105,336.23,0.38,0.44,2026-09-04,0835,SNPP,SNPP,n,2.0NRT,298.7,2.64,D
8.93915,77.83005,339.25,0.48,0.4,2026-09-04,0835,SNPP,SNPP,n,2.0NRT,301.79,7.77,D
25.9841,73.41638,340.25,0.45,0.39,2026-09-04,0837,SNPP,SNPP,n,2.0NRT,290.2,5.6,D
14.9584,75.91736,334.21,0.45,0.39,2026-09-04,0837,SNPP,SNPP,n,2.0NRT,296.21,2.59,D
15.17642,76.65735,335.25,0.49,0.4,2026-09-04,0837,SNPP,SNPP,n,2.0NRT,297.04,5.16,D
15.18196,76.64268,333.96,0.49,0.4,2026-09-04,0837,SNPP,SNPP,n,2.0NRT,295.73,3.59,D
15.52757,73.99412,332.48,0.39,0.36,2026-09-04,0837,SNPP,SNPP,n,2.0NRT,297.41,3.12,D
17.6268,82.57391,330.76,0.41,0.61,2026-09-04,0837,SNPP,SNPP,n,2.0NRT,288.86,4.48,D
21.10191,72.63843,334.26,0.39,0.36,2026-09-04,0837,SNPP,SNPP,n,2.0NRT,293.93,7.03,D
21.10135,72.63466,332.85,0.39,0.36,2026-09-04,0837,SNPP,SNPP,n,2.0NRT,295.09,7.03,D
21.10636,72.64542,344.24,0.39,0.36,2026-09-04,0837,SNPP,SNPP,n,2.0NRT,299.55,8.1,D
22.41645,69.03945,333.49,0.41,0.37,2026-09-04,0837,SNPP,SNPP,l,2.0NRT,301.9,5.64,D
22.92779,70.1069,338.61,0.39,0.36,2026-09-04,0837,SNPP,SNPP,n,2.0NRT,306.81,5.54,D
22.93431,69.69743,334.99,0.4,0.37,2026-09-04,0837,SNPP,SNPP,n,2.0NRT,304.23,3.12,D
24.0682,72.24971,330.15,0.4,0.37,2026-09-04,0837,SNPP,SNPP,n,2.0NRT,300.13,1.4,D
27.14095,72.44164,335.03,0.42,0.38,2026-09-04,0837,SNPP,SNPP,l,2.0NRT,305.47,1.99,D
29.911,74.95192,341.22,0.39,0.44,2026-09-04,0839,SNPP,SNPP,n,2.0NRT,299.43,5.47,D
27.31744,95.26737,327.06,0.43,0.38,2026-09-04,1921,SNPP,SNPP,n,2.0NRT,290.45,3.22,N
23.66712,85.00002,299.7,0.5,0.66,2026-09-04,1923,SNPP,SNPP,n,2.0NRT,284.04,2.86,N
22.22516,84.75098,301.08,0.5,0.66,2026-09-04,1923,SNPP,SNPP,n,2.0NRT,286.63,1.2,N
22.05509,85.46492,302.15,0.45,0.63,2026-09-04,1923,SNPP,SNPP,n,2.0NRT,286.52,0.66,N
22.32409,82.59403,303.05,0.69,0.74,2026-09-04,1923,SNPP,SNPP,n,2.0NRT,284.75,1.56,N
22.31921,82.56583,303.93,0.69,0.74,2026-09-04,1923,SNPP,SNPP,n,2.0NRT,284.52,1.65,N
22.05641,85.46532,301.04,0.45,0.63,2026-09-04,1923,SNPP,SNPP,n,2.0NRT,286.36,0.82,N
23.77868,86.21198,304.15,0.42,0.61,2026-09-04,1923,SNPP,SNPP,n,2.0NRT,285.94,1.31,N
24.31163,85.42353,303.75,0.48,0.65,2026-09-04,1923,SNPP,SNPP,n,2.0NRT,285.26,0.75,N
23.80416,86.3309,312.49,0.42,0.61,2026-09-04,1923,SNPP,SNPP,n,2.0NRT,283.03,3.17,N
23.79671,86.35096,319.39,0.42,0.61,2026-09-04,1923,SNPP,SNPP,n,2.0NRT,283.86,4.1,N
23.77262,86.36506,321.88,0.41,0.61,2026-09-04,1923,SNPP,SNPP,n,2.0NRT,285.55,4.47,N
23.78033,86.20491,303.18,0.42,0.61,2026-09-04,1923,SNPP,SNPP,n,2.0NRT,285.92,1.53,N
23.77998,86.20918,310.75,0.42,0.61,2026-09-04,1923,SNPP,SNPP,n,2.0NRT,286.39,1.53,N
23.76381,86.40175,305.79,0.41,0.61,2026-09-04,1923,SNPP,SNPP,n,2.0NRT,282.63,3.31,N
23.76345,86.40598,299.36,0.41,0.61,2026-09-04,1923,SNPP,SNPP,n,2.0NRT,279.21,3.69,N
23.75817,86.40104,303.52,0.41,0.61,2026-09-04,1923,SNPP,SNPP,n,2.0NRT,284.47,3.31,N
23.7797,86.3896,302.64,0.41,0.61,2026-09-04,1923,SNPP,SNPP,n,2.0NRT,278.49,2.79,N
23.77635,86.36388,318.15,0.41,0.61,2026-09-04,1923,SNPP,SNPP,n,2.0NRT,285.94,2.96,N
23.77596,86.36807,306.29,0.41,0.61,2026-09-04,1923,SNPP,SNPP,n,2.0NRT,285.7,1.85,N
23.76689,86.40472,305.75,0.41,0.61,2026-09-04,1923,SNPP,SNPP,n,2.0NRT,279.25,3.54,N
23.77907,86.2077,310.15,0.42,0.61,2026-09-04,1923,SNPP,SNPP,n,2.0NRT,286.07,1.31,N
23.76239,86.39155,304.11,0.41,0.61,2026-09-04,1923,SNPP,SNPP,n,2.0NRT,285.44,3.52,N
23.76163,86.39988,311.81,0.41,0.61,2026-09-04,1923,SNPP,SNPP,n,2.0NRT,285.21,2.07,N
23.76124,86.4041,303.71,0.41,0.61,2026-09-04,1923,SNPP,SNPP,n,2.0NRT,282.59,2.07,N
23.83774,85.46945,301.33,0.47,0.64,2026-09-04,1923,SNPP,SNPP,n,2.0NRT,285.37,1.6,N
23.82338,85.49656,302.05,0.47,0.64,2026-09-04,1923,SNPP,SNPP,n,2.0NRT,285.66,1.6,N
23.73572,86.43427,307.61,0.41,0.61,2026-09-04,1923,SNPP,SNPP,n,2.0NRT,281.7,2.56,N
23.71992,86.41992,304.33,0.41,0.61,2026-09-04,1923,SNPP,SNPP,n,2.0NRT,284.78,1.68,N
23.71392,86.42335,307.48,0.41,0.61,2026-09-04,1923,SNPP,SNPP,n,2.0NRT,285.94,1.96,N
23.71136,86.45217,311.04,0.41,0.6,2026-09-04,1923,SNPP,SNPP,n,2.0NRT,285.88,1.74,N
23.75746,85.85387,309.71,0.45,0.63,2026-09-04,1923,SNPP,SNPP,n,2.0NRT,285.95,1.79,N
23.68826,86.39115,303.86,0.41,0.61,2026-09-04,1923,SNPP,SNPP,n,2.0NRT,285.4,0.91,N
23.68225,86.3947,307.39,0.41,0.61,2026-09-04,1923,SNPP,SNPP,n,2.0NRT,285.55,2.78,N
23.67626,86.39803,315.53,0.41,0.61,2026-09-04,1923,SNPP,SNPP,n,2.0NRT,285.7,1.36,N
23.67591,86.40213,303.59,0.41,0.61,2026-09-04,1923,SNPP,SNPP,n,2.0NRT,285.43,1.36,N
23.68471,86.09391,302.91,0.43,0.62,2026-09-04,1923,SNPP,SNPP,n,2.0NRT,283.95,1.17,N
23.67966,86.08476,304.85,0.43,0.62,2026-09-04,1923,SNPP,SNPP,n,2.0NRT,285.66,1.67,N
23.6793,86.08908,305.54,0.43,0.62,2026-09-04,1923,SNPP,SNPP,n,2.0NRT,285.15,1.67,N
23.67895,86.09338,303.36,0.43,0.62,2026-09-04,1923,SNPP,SNPP,n,2.0NRT,283.32,1.17,N
23.67909,86.396,305.97,0.41,0.61,2026-09-04,1923,SNPP,SNPP,n,2.0NRT,285.43,2.56,N
23.67871,86.40009,311.2,0.41,0.61,2026-09-04,1923,SNPP,SNPP,n,2.0NRT,285.8,2.46,N
23.82546,84.57072,305.89,0.54,0.68,2026-09-04,1923,SNPP,SNPP,n,2.0NRT,283.26,1.88,N
23.68351,86.09599,305.12,0.43,0.62,2026-09-04,1923,SNPP,SNPP,n,2.0NRT,283.11,1.25,N
23.67852,86.08686,305.34,0.43,0.62,2026-09-04,1923,SNPP,SNPP,n,2.0NRT,285.83,3.15,N
23.58107,86.72517,301.92,0.39,0.59,2026-09-04,1923,SNPP,SNPP,n,2.0NRT,285.24,0.65,N
23.67289,84.9959,296.21,0.5,0.66,2026-09-04,1923,SNPP,SNPP,n,2.0NRT,283.89,2.91,N
23.66674,84.99536,296.08,0.5,0.66,2026-09-04,1923,SNPP,SNPP,n,2.0NRT,283.69,1.49,N
23.66637,85.00024,299.89,0.5,0.66,2026-09-04,1923,SNPP,SNPP,n,2.0NRT,284.07,1.49,N
20.9649,86.00615,315.28,0.41,0.6,2026-09-04,1925,SNPP,SNPP,n,2.0NRT,287.92,2.12,N
22.00621,82.67161,300.84,0.68,0.74,2026-09-04,1925,SNPP,SNPP,n,2.0NRT,284.77,2.21,N
21.67952,84.03887,306.32,0.55,0.68,2026-09-04,1925,SNPP,SNPP,n,2.0NRT,285.77,1.89,N
21.67781,84.03859,305.65,0.55,0.68,2026-09-04,1925,SNPP,SNPP,n,2.0NRT,286.12,2.34,N
21.80354,82.03689,300.24,0.74,0.76,2026-09-04,1925,SNPP,SNPP,n,2.0NRT,282.65,1.26,N
21.67499,82.07859,301.52,0.73,0.76,2026-09-04,1925,SNPP,SNPP,n,2.0NRT,284.48,1.32,N
20.99857,86.01012,305.85,0.41,0.6,2026-09-04,1925,SNPP,SNPP,n,2.0NRT,288.25,0.72,N
20.99819,86.01408,304.21,0.41,0.6,2026-09-04,1925,SNPP,SNPP,n,2.0NRT,288.26,0.72,N
21.07717,85.03472,303.73,0.47,0.64,2026-09-04,1925,SNPP,SNPP,n,2.0NRT,287.19,2.04,N
21.07676,85.03937,304.32,0.47,0.64,2026-09-04,1925,SNPP,SNPP,n,2.0NRT,287.05,1.41,N
21.07634,85.04405,307.57,0.47,0.64,2026-09-04,1925,SNPP,SNPP,n,2.0NRT,286.81,1.41,N
20.97089,86.00281,306.17,0.41,0.6,2026-09-04,1925,SNPP,SNPP,n,2.0NRT,288.42,1.7,N
20.97015,86.01069,307.09,0.41,0.6,2026-09-04,1925,SNPP,SNPP,n,2.0NRT,288.37,2.21,N
20.96528,86.00221,306.29,0.41,0.6,2026-09-04,1925,SNPP,SNPP,n,2.0NRT,288.08,1.79,N
22.00575,82.67023,304.37,0.68,0.74,2026-09-04,1925,SNPP,SNPP,n,2.0NRT,284.9,1.03,N
20.95558,86.04523,305.01,0.4,0.6,2026-09-04,1925,SNPP,SNPP,n,2.0NRT,287.63,1.4,N
20.95,86.04442,323.28,0.4,0.6,2026-09-04,1925,SNPP,SNPP,n,2.0NRT,288.01,2.27,N
20.94963,86.04832,323.89,0.4,0.6,2026-09-04,1925,SNPP,SNPP,n,2.0NRT,288.03,2.27,N
20.96638,86.01173,310.73,0.41,0.6,2026-09-04,1925,SNPP,SNPP,n,2.0NRT,288.16,2.97,N
20.96156,86.00327,307.14,0.41,0.6,2026-09-04,1925,SNPP,SNPP,n,2.0NRT,287.47,0.79,N
20.95159,86.0461,327.1,0.4,0.6,2026-09-04,1925,SNPP,SNPP,n,2.0NRT,288.09,2.23,N
20.95199,86.04217,313.92,0.4,0.6,2026-09-04,1925,SNPP,SNPP,n,2.0NRT,287.64,2.7,N
20.9512,86.04997,310.23,0.4,0.6,2026-09-04,1925,SNPP,SNPP,n,2.0NRT,287.85,2.23,N
20.97126,85.17391,305.19,0.46,0.63,2026-09-04,1925,SNPP,SNPP,n,2.0NRT,286.74,1.35,N
20.97084,85.17846,307.71,0.46,0.63,2026-09-04,1925,SNPP,SNPP,n,2.0NRT,286.43,2.67,N
20.96576,85.16875,309.08,0.46,0.63,2026-09-04,1925,SNPP,SNPP,n,2.0NRT,286.82,1.35,N
20.96534,85.1733,306,0.46,0.63,2026-09-04,1925,SNPP,SNPP,n,2.0NRT,286.79,1.35,N
20.96411,85.18684,307.86,0.46,0.63,2026-09-04,1925,SNPP,SNPP,n,2.0NRT,286.71,1.57,N
20.89002,84.98002,311.47,0.47,0.64,2026-09-04,1925,SNPP,SNPP,n,2.0NRT,286.43,1.53,N
20.86526,84.98695,321.87,0.47,0.64,2026-09-04,1925,SNPP,SNPP,n,2.0NRT,286.26,3.63,N
20.80561,85.25348,304.62,0.45,0.63,2026-09-04,1925,SNPP,SNPP,n,2.0NRT,287.35,1.78,N
20.86249,84.98462,316.08,0.47,0.64,2026-09-04,1925,SNPP,SNPP,n,2.0NRT,286.31,2.17,N
20.86205,84.98914,309.94,0.47,0.64,2026-09-04,1925,SNPP,SNPP,n,2.0NRT,286.24,1.72,N
20.80653,85.256,313.31,0.45,0.63,2026-09-04,1925,SNPP,SNPP,n,2.0NRT,287.45,1.63,N
20.79477,85.25492,316.12,0.45,0.63,2026-09-04,1925,SNPP,SNPP,n,2.0NRT,286.91,2.9,N
20.78849,85.25857,306.91,0.45,0.63,2026-09-04,1925,SNPP,SNPP,n,2.0NRT,287.45,2.84,N
20.76171,85.29136,305.86,0.45,0.63,2026-09-04,1925,SNPP,SNPP,n,2.0NRT,287.15,2.2,N
20.7613,85.29581,313.55,0.45,0.63,2026-09-04,1925,SNPP,SNPP,n,2.0NRT,287.42,2.27,N
19.09592,82.16854,300.28,0.68,0.74,2026-09-04,1925,SNPP,SNPP,n,2.0NRT,285.1,2.29,N
19.08846,82.17459,301.41,0.68,0.74,2026-09-04,1925,SNPP,SNPP,n,2.0NRT,285.65,1.21,N
19.09711,82.16754,303.66,0.68,0.74,2026-09-04,1925,SNPP,SNPP,n,2.0NRT,285.33,1.56,N
19.0896,82.17361,300.24,0.68,0.74,2026-09-04,1925,SNPP,SNPP,n,2.0NRT,285.82,1.22,N
21.92587,85.22215,315.27,0.47,0.64,2026-09-04,1925,SNPP,SNPP,n,2.0NRT,287.75,2.18,N
13.15911,80.28068,306.72,0.77,0.78,2026-09-04,1928,SNPP,SNPP,n,2.0NRT,285.02,1.63,N
13.1608,80.27946,307.93,0.77,0.78,2026-09-04,1928,SNPP,SNPP,n,2.0NRT,285.03,1.92,N
23.67768,86.3978,298.43,0.71,0.75,2026-09-04,2104,SNPP,SNPP,n,2.0NRT,279.73,6.8,N
23.67941,86.08627,301.55,0.68,0.74,2026-09-04,2104,SNPP,SNPP,n,2.0NRT,283.28,2.58,N
23.79008,85.55405,297.1,0.63,0.72,2026-09-04,2104,SNPP,SNPP,n,2.0NRT,282.49,2.74,N
23.67849,86.08708,301.87,0.68,0.74,2026-09-04,2104,SNPP,SNPP,n,2.0NRT,283.36,3.56,N
23.78611,85.55335,301.45,0.63,0.72,2026-09-04,2104,SNPP,SNPP,n,2.0NRT,282.32,1.22,N
23.69545,85.36923,311.51,0.61,0.71,2026-09-04,2104,SNPP,SNPP,n,2.0NRT,284.1,2.54,N
23.67414,85.32425,296.63,0.61,0.71,2026-09-04,2104,SNPP,SNPP,n,2.0NRT,284.11,2.29,N
24.16024,82.56169,300.91,0.41,0.6,2026-09-04,2104,SNPP,SNPP,n,2.0NRT,273.66,0.96,N
24.15935,82.56554,302.1,0.41,0.6,2026-09-04,2104,SNPP,SNPP,n,2.0NRT,274.26,0.96,N
22.57313,85.89704,313.33,0.7,0.75,2026-09-04,2104,SNPP,SNPP,n,2.0NRT,283.34,3.39,N
24.82128,73.0907,306.03,0.39,0.36,2026-09-04,2104,SNPP,SNPP,n,2.0NRT,293.89,0.74,N
24.82064,73.09454,306.69,0.39,0.36,2026-09-04,2104,SNPP,SNPP,n,2.0NRT,293.39,0.74,N
20.96696,86.00981,303.19,0.77,0.77,2026-09-04,2106,SNPP,SNPP,n,2.0NRT,280.35,1.45,N
24.69059,73.00319,312.77,0.39,0.36,2026-09-04,2106,SNPP,SNPP,n,2.0NRT,294.49,1.28,N
22.22193,84.75527,297,0.61,0.71,2026-09-04,2106,SNPP,SNPP,n,2.0NRT,283.98,1.82,N
21.92594,85.22113,305.9,0.66,0.73,2026-09-04,2106,SNPP,SNPP,n,2.0NRT,285.28,2.86,N
21.92364,85.2219,307.46,0.66,0.73,2026-09-04,2106,SNPP,SNPP,n,2.0NRT,285.39,2.13,N
22.35826,82.30389,331.05,0.43,0.62,2026-09-04,2106,SNPP,SNPP,n,2.0NRT,286.53,3.98,N
22.3592,82.29978,311.54,0.43,0.62,2026-09-04,2106,SNPP,SNPP,n,2.0NRT,285.65,3.99,N
22.01755,83.75123,300.6,0.53,0.67,2026-09-04,2106,SNPP,SNPP,n,2.0NRT,284.85,1.06,N
22.1076,83.12428,302.56,0.49,0.65,2026-09-04,2106,SNPP,SNPP,n,2.0NRT,286.66,0.81,N
22.0352,83.35267,301.68,0.5,0.66,2026-09-04,2106,SNPP,SNPP,n,2.0NRT,286.05,1.18,N
22.03287,83.36258,301.81,0.5,0.66,2026-09-04,2106,SNPP,SNPP,n,2.0NRT,286.6,1.97,N
22.0317,83.36752,303.54,0.5,0.66,2026-09-04,2106,SNPP,SNPP,n,2.0NRT,286.54,1.32,N
21.87868,83.55658,307.68,0.52,0.67,2026-09-04,2106,SNPP,SNPP,n,2.0NRT,286.18,1.86,N
21.92071,83.35161,317.63,0.51,0.66,2026-09-04,2106,SNPP,SNPP,n,2.0NRT,287.11,3.02,N
21.87359,83.4966,302.93,0.52,0.67,2026-09-04,2106,SNPP,SNPP,n,2.0NRT,286.42,0.84,N
21.76307,83.84924,309.57,0.55,0.68,2026-09-04,2106,SNPP,SNPP,n,2.0NRT,285.94,2.87,N
21.7582,83.84217,315,0.55,0.68,2026-09-04,2106,SNPP,SNPP,n,2.0NRT,286.06,4.25,N
21.75692,83.84747,303.92,0.55,0.68,2026-09-04,2106,SNPP,SNPP,n,2.0NRT,285.81,2.94,N
21.75206,83.84034,323.03,0.55,0.68,2026-09-04,2106,SNPP,SNPP,n,2.0NRT,286.27,4.25,N
21.75076,83.8457,314.42,0.55,0.68,2026-09-04,2106,SNPP,SNPP,n,2.0NRT,285.99,2.94,N
21.74463,83.84384,332.64,0.55,0.68,2026-09-04,2106,SNPP,SNPP,n,2.0NRT,286.65,3.35,N
21.74593,83.83846,317.19,0.55,0.68,2026-09-04,2106,SNPP,SNPP,n,2.0NRT,285.9,6.72,N
21.7385,83.84195,301.88,0.55,0.68,2026-09-04,2106,SNPP,SNPP,n,2.0NRT,285.84,3.35,N
22.00665,82.66977,306.25,0.46,0.63,2026-09-04,2106,SNPP,SNPP,n,2.0NRT,286.71,1.36,N
21.67763,84.03689,301.22,0.56,0.69,2026-09-04,2106,SNPP,SNPP,n,2.0NRT,285.83,3.55,N
21.75471,83.84011,303.53,0.55,0.68,2026-09-04,2106,SNPP,SNPP,n,2.0NRT,286.16,4.01,N
21.75344,83.84547,319.43,0.55,0.68,2026-09-04,2106,SNPP,SNPP,n,2.0NRT,286.47,4.01,N
21.74731,83.8436,348.71,0.55,0.68,2026-09-04,2106,SNPP,SNPP,n,2.0NRT,286.9,4.01,N
21.74858,83.83821,303.2,0.55,0.68,2026-09-04,2106,SNPP,SNPP,n,2.0NRT,285.55,4.01,N
21.74119,83.84169,321.01,0.55,0.68,2026-09-04,2106,SNPP,SNPP,n,2.0NRT,286.55,3.34,N
22.00664,82.6723,305.81,0.46,0.63,2026-09-04,2106,SNPP,SNPP,n,2.0NRT,286.69,1.03,N
22.00088,82.67083,305.77,0.46,0.63,2026-09-04,2106,SNPP,SNPP,n,2.0NRT,286.92,1.43,N
22.01587,82.17987,301.54,0.43,0.62,2026-09-04,2106,SNPP,SNPP,n,2.0NRT,286.43,0.65,N
20.95286,86.04846,304.94,0.77,0.78,2026-09-04,2106,SNPP,SNPP,n,2.0NRT,284.19,2.74,N
21.93913,81.98277,302.44,0.42,0.61,2026-09-04,2106,SNPP,SNPP,n,2.0NRT,286.54,1.05,N
20.97437,85.1714,306,0.68,0.74,2026-09-04,2106,SNPP,SNPP,n,2.0NRT,281.55,1.95,N
20.96767,85.16939,310.81,0.68,0.74,2026-09-04,2106,SNPP,SNPP,n,2.0NRT,282.73,3.15,N
20.96604,85.17587,302.79,0.69,0.74,2026-09-04,2106,SNPP,SNPP,n,2.0NRT,283.85,3.15,N
20.96438,85.18245,306.42,0.69,0.74,2026-09-04,2106,SNPP,SNPP,n,2.0NRT,282.57,1.3,N
20.96267,85.18922,299.1,0.69,0.74,2026-09-04,2106,SNPP,SNPP,n,2.0NRT,281.62,1.3,N
20.97304,85.17196,312.5,0.69,0.74,2026-09-04,2106,SNPP,SNPP,n,2.0NRT,282.27,3.32,N
20.96635,85.16991,306.46,0.69,0.74,2026-09-04,2106,SNPP,SNPP,n,2.0NRT,282.86,3.32,N
20.96312,85.18304,307.59,0.69,0.74,2026-09-04,2106,SNPP,SNPP,n,2.0NRT,282.97,5.19,N
21.67574,82.08032,301.97,0.43,0.62,2026-09-04,2106,SNPP,SNPP,n,2.0NRT,286.74,1.19,N
20.95502,85.0124,301.65,0.67,0.74,2026-09-04,2106,SNPP,SNPP,n,2.0NRT,285.18,1.52,N
20.80867,85.25465,303.12,0.7,0.75,2026-09-04,2106,SNPP,SNPP,n,2.0NRT,284.93,1.74,N
21.62011,81.79417,304.05,0.41,0.61,2026-09-04,2106,SNPP,SNPP,n,2.0NRT,286.39,0.52,N
20.86771,84.98637,305.94,0.67,0.74,2026-09-04,2106,SNPP,SNPP,n,2.0NRT,285.46,2.49,N
20.86599,84.99335,309.5,0.67,0.74,2026-09-04,2106,SNPP,SNPP,n,2.0NRT,285.86,2.49,N
20.7952,85.2505,317.2,0.7,0.75,2026-09-04,2106,SNPP,SNPP,n,2.0NRT,284.74,2.9,N
20.79352,85.25729,305.82,0.7,0.75,2026-09-04,2106,SNPP,SNPP,n,2.0NRT,285.35,2.9,N
22.33891,69.85638,308.84,0.4,0.37,2026-09-04,2106,SNPP,SNPP,n,2.0NRT,296.41,2.92,N
22.33719,69.86794,308.4,0.4,0.37,2026-09-04,2106,SNPP,SNPP,n,2.0NRT,296.38,3.19,N
21.43225,72.97722,304.92,0.41,0.37,2026-09-04,2106,SNPP,SNPP,n,2.0NRT,290.99,1.2,N
21.10881,72.64918,305.26,0.4,0.37,2026-09-04,2106,SNPP,SNPP,n,2.0NRT,291.28,2.05,N
21.10608,72.6447,333.02,0.4,0.37,2026-09-04,2106,SNPP,SNPP,n,2.0NRT,292.63,7.31,N
21.10738,72.637,305.46,0.4,0.37,2026-09-04,2106,SNPP,SNPP,n,2.0NRT,290.68,2.25,N
21.10544,72.64854,317.25,0.4,0.37,2026-09-04,2106,SNPP,SNPP,n,2.0NRT,290.81,2.05,N
21.10401,72.63636,332.65,0.4,0.37,2026-09-04,2106,SNPP,SNPP,n,2.0NRT,290.83,4,N
21.10271,72.64404,302.63,0.4,0.37,2026-09-04,2106,SNPP,SNPP,n,2.0NRT,287.6,1.38,N
19.10059,82.1667,304.42,0.49,0.65,2026-09-04,2106,SNPP,SNPP,n,2.0NRT,287.57,1.71,N
19.09743,82.16936,307.92,0.49,0.65,2026-09-04,2106,SNPP,SNPP,n,2.0NRT,287.64,1.77,N
20.91163,71.45867,308.37,0.39,0.36,2026-09-04,2106,SNPP,SNPP,n,2.0NRT,293.47,1.38,N
18.71995,79.53621,303.8,0.34,0.56,2026-09-04,2106,SNPP,SNPP,n,2.0NRT,284.54,0.99,N
17.60933,83.20343,316.08,0.61,0.71,2026-09-04,2106,SNPP,SNPP,n,2.0NRT,286.93,5.27,N
17.95946,80.79095,298.26,0.42,0.61,2026-09-04,2106,SNPP,SNPP,n,2.0NRT,280.44,0.79,N
17.95858,80.79491,300.72,0.42,0.61,2026-09-04,2106,SNPP,SNPP,n,2.0NRT,278.98,0.84,N
17.95682,80.79215,300.9,0.42,0.61,2026-09-04,2106,SNPP,SNPP,n,2.0NRT,278.73,1.17,N
18.69389,73.04198,319.91,0.43,0.38,2026-09-04,2106,SNPP,SNPP,n,2.0NRT,293.84,2.13,N
18.6904,73.04131,317.38,0.43,0.38,2026-09-04,2106,SNPP,SNPP,n,2.0NRT,292.88,2.13,N
18.68064,73.03526,304.1,0.43,0.38,2026-09-04,2106,SNPP,SNPP,n,2.0NRT,291.57,0.89,N
18.2715,74.19861,304.38,0.49,0.4,2026-09-04,2106,SNPP,SNPP,n,2.0NRT,290.01,0.84,N
20.76308,85.292,301.75,0.7,0.75,2026-09-04,2106,SNPP,SNPP,n,2.0NRT,284.99,2.48,N
20.76145,85.29849,309.4,0.7,0.75,2026-09-04,2106,SNPP,SNPP,n,2.0NRT,284.98,2.11,N
23.40848,72.41589,318.21,0.39,0.36,2026-09-04,2106,SNPP,SNPP,n,2.0NRT,293.57,1.43,N
21.30924,81.59233,302.07,0.41,0.6,2026-09-04,2106,SNPP,SNPP,n,2.0NRT,285.53,0.77,N
23.31575,70.48792,310.46,0.39,0.36,2026-09-04,2106,SNPP,SNPP,n,2.0NRT,295.34,1.37,N
23.30355,70.4779,305.59,0.39,0.36,2026-09-04,2106,SNPP,SNPP,n,2.0NRT,294.44,1.17,N
23.26578,70.25954,305.99,0.4,0.37,2026-09-04,2106,SNPP,SNPP,n,2.0NRT,294.82,1.02,N
21.18848,81.38943,302.2,0.4,0.6,2026-09-04,2106,SNPP,SNPP,n,2.0NRT,285.96,1.44,N
21.18765,81.39323,302.69,0.4,0.6,2026-09-04,2106,SNPP,SNPP,n,2.0NRT,286.34,1.74,N
21.18306,81.38803,301.41,0.4,0.6,2026-09-04,2106,SNPP,SNPP,n,2.0NRT,284.53,1.44,N
22.92655,69.82481,306.95,0.4,0.37,2026-09-04,2106,SNPP,SNPP,n,2.0NRT,295.48,1.98,N
22.93417,69.69827,336.76,0.41,0.37,2026-09-04,2106,SNPP,SNPP,n,2.0NRT,295.59,2.85,N
22.93359,69.7022,309.39,0.41,0.37,2026-09-04,2106,SNPP,SNPP,n,2.0NRT,295.17,2.85,N
22.93078,69.69768,309.29,0.41,0.37,2026-09-04,2106,SNPP,SNPP,n,2.0NRT,294.83,2.23,N
17.05184,75.64252,302.08,0.41,0.45,2026-09-04,2108,SNPP,SNPP,n,2.0NRT,290.04,0.6,N
15.17019,76.38186,305.67,0.49,0.49,2026-09-04,2108,SNPP,SNPP,n,2.0NRT,290.39,1.27,N
14.87154,78.05151,313.86,0.32,0.55,2026-09-04,2108,SNPP,SNPP,n,2.0NRT,289.54,2.49,N
14.87653,78.05255,303.35,0.32,0.55,2026-09-04,2108,SNPP,SNPP,n,2.0NRT,287.23,1.34,N
15.17759,76.65895,316.42,0.51,0.5,2026-09-04,2108,SNPP,SNPP,n,2.0NRT,292.36,2.02,N
15.1785,76.65421,311.15,0.51,0.5,2026-09-04,2108,SNPP,SNPP,n,2.0NRT,292.46,2.02,N
15.1803,76.66946,304.37,0.51,0.5,2026-09-04,2108,SNPP,SNPP,n,2.0NRT,291.72,1.54,N
15.18121,76.66469,311.06,0.51,0.5,2026-09-04,2108,SNPP,SNPP,n,2.0NRT,291.83,1.54,N
15.30146,76.22165,304.93,0.48,0.48,2026-09-04,2108,SNPP,SNPP,n,2.0NRT,289.8,0.52,N
15.1777,77.10036,305.68,0.55,0.51,2026-09-04,2108,SNPP,SNPP,n,2.0NRT,290.97,2.43,N
10.61797,77.50148,308.59,0.35,0.57,2026-09-04,2108,SNPP,SNPP,n,2.0NRT,287.83,0.82,N
10.61668,77.42152,304.1,0.35,0.56,2026-09-04,2108,SNPP,SNPP,n,2.0NRT,289.3,0.28,N
9.94628,77.48783,305.53,0.36,0.57,2026-09-04,2108,SNPP,SNPP,n,2.0NRT,289.26,0.47,N
9.94102,77.48679,308.54,0.36,0.57,2026-09-04,2108,SNPP,SNPP,n,2.0NRT,289.38,0.6,N
15.1687,76.37943,305.66,0.49,0.49,2026-09-04,2108,SNPP,SNPP,n,2.0NRT,290.3,1.6,N
16.36108,81.2864,304.31,0.49,0.65,2026-09-04,2108,SNPP,SNPP,n,2.0NRT,287.53,0.57,N
15.33428,76.28631,304.46,0.48,0.48,2026-09-04,2108,SNPP,SNPP,n,2.0NRT,290.03,1.07,N
17.0538,75.64399,303.85,0.41,0.45,2026-09-04,2108,SNPP,SNPP,n,2.0NRT,290.02,0.7,N
15.07176,76.86304,303.44,0.53,0.5,2026-09-04,2108,SNPP,SNPP,n,2.0NRT,291.41,1.91,N
15.07287,76.86671,304,0.53,0.5,2026-09-04,2108,SNPP,SNPP,n,2.0NRT,291.87,1.61,N
11.56157,77.70795,302.5,0.35,0.57,2026-09-04,2108,SNPP,SNPP,n,2.0NRT,285.11,0.52,N
13.7111,79.6208,304.94,0.43,0.62,2026-09-04,2108,SNPP,SNPP,n,2.0NRT,288.3,0.66,N
13.89855,76.56493,302.15,0.53,0.5,2026-09-04,2108,SNPP,SNPP,n,2.0NRT,290.36,0.62,N
12.74499,77.61853,301.04,0.33,0.55,2026-09-04,2108,SNPP,SNPP,n,2.0NRT,286.93,0.33,N
11.48045,77.62241,298.62,0.35,0.56,2026-09-04,2108,SNPP,SNPP,n,2.0NRT,264.84,0.77,N
11.48001,77.62247,300.66,0.35,0.56,2026-09-04,2108,SNPP,SNPP,n,2.0NRT,266.67,0.59,N
11.42084,77.48328,312.92,0.34,0.56,2026-09-04,2108,SNPP,SNPP,n,2.0NRT,284.16,0.82,N
27.95755,96.95478,334.77,0.44,0.38,2026-09-05,0637,SNPP,SNPP,n,2.0NRT,285.13,5.26,D
27.95821,96.95849,328.12,0.44,0.38,2026-09-05,0637,SNPP,SNPP,n,2.0NRT,284.71,5.26,D
9.30931,78.79927,340.57,0.38,0.36,2026-09-05,0813,SNPP,SNPP,n,2.0NRT,302.17,4.62,D
9.39375,78.88885,340.06,0.38,0.36,2026-09-05,0813,SNPP,SNPP,n,2.0NRT,303.67,4.57,D
9.33446,77.69536,346.22,0.4,0.37,2026-09-05,0813,SNPP,SNPP,n,2.0NRT,307.87,7.2,D
9.76186,79.01588,333.28,0.38,0.36,2026-09-05,0813,SNPP,SNPP,n,2.0NRT,301.89,1.74,D
9.62122,77.4757,330.24,0.4,0.37,2026-09-05,0813,SNPP,SNPP,n,2.0NRT,297.29,5.38,D
10.54381,79.22341,346.01,0.39,0.36,2026-09-05,0813,SNPP,SNPP,n,2.0NRT,303.01,5.35,D
8.76241,78.10452,333.26,0.39,0.36,2026-09-05,0813,SNPP,SNPP,l,2.0NRT,302.74,2.68,D
14.57245,79.93675,342.49,0.42,0.37,2026-09-05,0816,SNPP,SNPP,n,2.0NRT,302.56,12.86,D
14.52509,79.062,341.72,0.39,0.37,2026-09-05,0816,SNPP,SNPP,n,2.0NRT,307.25,4.51,D
14.66624,79.76509,337.69,0.41,0.37,2026-09-05,0816,SNPP,SNPP,n,2.0NRT,305.53,3.1,D
14.68695,79.73852,349.33,0.41,0.37,2026-09-05,0816,SNPP,SNPP,n,2.0NRT,309.32,6.04,D
14.69037,79.738,337.92,0.41,0.37,2026-09-05,0816,SNPP,SNPP,n,2.0NRT,306.41,6.04,D
14.77525,79.79544,353.09,0.41,0.37,2026-09-05,0816,SNPP,SNPP,n,2.0NRT,310.85,25.68,D
14.66658,78.99778,341.44,0.39,0.37,2026-09-05,0816,SNPP,SNPP,n,2.0NRT,306.16,3.54,D
14.46633,77.33766,338.22,0.39,0.36,2026-09-05,0816,SNPP,SNPP,n,2.0NRT,307.13,5.56,D
14.89181,79.23329,349.38,0.4,0.37,2026-09-05,0816,SNPP,SNPP,n,2.0NRT,308.74,9.19,D
14.59007,76.56956,333.14,0.4,0.37,2026-09-05,0816,SNPP,SNPP,l,2.0NRT,301.11,2.28,D
15.16295,78.87427,337.1,0.39,0.36,2026-09-05,0816,SNPP,SNPP,l,2.0NRT,307.74,3.6,D
15.4074,80.12518,340.46,0.43,0.38,2026-09-05,0816,SNPP,SNPP,n,2.0NRT,298.97,6.1,D
15.08564,77.31834,337.72,0.39,0.36,2026-09-05,0816,SNPP,SNPP,n,2.0NRT,303.89,7.62,D
15.05285,77.10738,337.92,0.39,0.36,2026-09-05,0816,SNPP,SNPP,n,2.0NRT,305.06,3.63,D
15.45176,79.12704,342.13,0.4,0.37,2026-09-05,0816,SNPP,SNPP,n,2.0NRT,305.39,5.98,D
15.60291,79.61507,338.85,0.41,0.37,2026-09-05,0816,SNPP,SNPP,n,2.0NRT,302.66,6.08,D
15.17266,76.66496,335.32,0.39,0.36,2026-09-05,0816,SNPP,SNPP,l,2.0NRT,305.84,5.73,D
15.17484,76.65714,335.27,0.39,0.36,2026-09-05,0816,SNPP,SNPP,l,2.0NRT,306.58,3.25,D
15.17818,76.65657,333.69,0.39,0.36,2026-09-05,0816,SNPP,SNPP,l,2.0NRT,301.98,3.25,D
14.95491,75.19309,333.16,0.43,0.38,2026-09-05,0816,SNPP,SNPP,n,2.0NRT,295.4,2.89,D
15.22651,76.76752,338.75,0.39,0.36,2026-09-05,0816,SNPP,SNPP,n,2.0NRT,306.89,8.29,D
15.16875,76.38062,330.07,0.4,0.37,2026-09-05,0816,SNPP,SNPP,l,2.0NRT,304.76,5.59,D
15.57417,78.94083,332.99,0.4,0.37,2026-09-05,0816,SNPP,SNPP,l,2.0NRT,303.61,3.19,D
15.18627,76.31717,331.27,0.4,0.37,2026-09-05,0816,SNPP,SNPP,l,2.0NRT,305.6,5.01,D
15.54765,78.12994,338.43,0.39,0.36,2026-09-05,0816,SNPP,SNPP,n,2.0NRT,303.03,3.47,D
15.82935,79.52122,340.2,0.41,0.37,2026-09-05,0816,SNPP,SNPP,n,2.0NRT,305.37,9.8,D
15.9781,78.4109,334.76,0.39,0.36,2026-09-05,0816,SNPP,SNPP,n,2.0NRT,302.36,3.85,D
16.27654,80.32413,337.8,0.45,0.39,2026-09-05,0816,SNPP,SNPP,n,2.0NRT,300.38,4.93,D
16.49307,79.94553,334.64,0.43,0.38,2026-09-05,0816,SNPP,SNPP,n,2.0NRT,303.86,5.38,D
16.27423,78.39685,339.27,0.39,0.36,2026-09-05,0816,SNPP,SNPP,n,2.0NRT,302.22,2.49,D
16.46479,79.59985,337.28,0.42,0.38,2026-09-05,0816,SNPP,SNPP,n,2.0NRT,303.58,3.25,D
16.51543,78.36472,334.28,0.39,0.36,2026-09-05,0816,SNPP,SNPP,n,2.0NRT,299.48,3.19,D
16.8774,79.9932,332.78,0.44,0.38,2026-09-05,0816,SNPP,SNPP,n,2.0NRT,301.37,3.15,D
16.18071,75.15405,337.87,0.42,0.38,2026-09-05,0816,SNPP,SNPP,n,2.0NRT,303.1,7.59,D
16.59789,77.40491,342.06,0.38,0.36,2026-09-05,0816,SNPP,SNPP,n,2.0NRT,302.15,7.02,D
17.07409,78.59189,334.67,0.4,0.37,2026-09-05,0816,SNPP,SNPP,n,2.0NRT,300.67,3.91,D
17.75859,75.82333,339.69,0.4,0.37,2026-09-05,0816,SNPP,SNPP,l,2.0NRT,307.83,6.23,D
15.9341,78.1999,330.62,0.39,0.36,2026-09-05,0816,SNPP,SNPP,n,2.0NRT,297.99,2.24,D
10.71104,79.432,341.49,0.39,0.36,2026-09-05,0816,SNPP,SNPP,n,2.0NRT,306.21,6.82,D
10.79202,79.03259,340.12,0.38,0.36,2026-09-05,0816,SNPP,SNPP,n,2.0NRT,304.36,10.43,D
10.82872,79.18511,346.57,0.39,0.36,2026-09-05,0816,SNPP,SNPP,n,2.0NRT,300.54,2.98,D
10.83204,79.18459,332.25,0.39,0.36,2026-09-05,0816,SNPP,SNPP,n,2.0NRT,301.85,2.98,D
10.87647,79.25341,338.54,0.39,0.36,2026-09-05,0816,SNPP,SNPP,n,2.0NRT,304.22,2.99,D
10.85818,78.95408,341.88,0.38,0.36,2026-09-05,0816,SNPP,SNPP,n,2.0NRT,304.07,4.71,D
10.98545,78.22152,341.16,0.39,0.36,2026-09-05,0816,SNPP,SNPP,n,2.0NRT,307.93,4.83,D
10.92989,77.06577,339.03,0.4,0.37,2026-09-05,0816,SNPP,SNPP,l,2.0NRT,308.06,3.75,D
11.00525,77.1251,345.45,0.4,0.37,2026-09-05,0816,SNPP,SNPP,l,2.0NRT,309.27,7.94,D
11.57037,79.64236,335.47,0.39,0.36,2026-09-05,0816,SNPP,SNPP,n,2.0NRT,290.73,1.41,D
11.48627,78.88146,338.67,0.38,0.36,2026-09-05,0816,SNPP,SNPP,n,2.0NRT,304.46,4.68,D
11.81176,79.62698,335.58,0.39,0.36,2026-09-05,0816,SNPP,SNPP,n,2.0NRT,301.35,3.95,D
11.85545,78.73141,330.2,0.38,0.36,2026-09-05,0816,SNPP,SNPP,n,2.0NRT,299.24,2.96,D
11.89135,78.72217,333.36,0.38,0.36,2026-09-05,0816,SNPP,SNPP,n,2.0NRT,303.29,1.26,D
11.96101,78.80475,336.43,0.38,0.36,2026-09-05,0816,SNPP,SNPP,n,2.0NRT,303.7,7.02,D
11.96047,78.80122,331.4,0.38,0.36,2026-09-05,0816,SNPP,SNPP,n,2.0NRT,301.09,4.31,D
12.09322,79.02973,338.07,0.39,0.36,2026-09-05,0816,SNPP,SNPP,n,2.0NRT,300.9,3.38,D
12.80918,79.95596,332.32,0.41,0.37,2026-09-05,0816,SNPP,SNPP,l,2.0NRT,304.04,4.06,D
12.83815,79.94009,334.31,0.41,0.37,2026-09-05,0816,SNPP,SNPP,l,2.0NRT,305.24,5.26,D
12.87172,80.07278,330.58,0.41,0.37,2026-09-05,0816,SNPP,SNPP,n,2.0NRT,298.93,1.57,D
12.85665,79.94463,332.34,0.41,0.37,2026-09-05,0816,SNPP,SNPP,l,2.0NRT,302.97,4.58,D
12.86005,79.94411,330.17,0.41,0.37,2026-09-05,0816,SNPP,SNPP,l,2.0NRT,302.1,2.67,D
13.14227,79.26152,336.42,0.39,0.36,2026-09-05,0816,SNPP,SNPP,n,2.0NRT,301.2,1.48,D
13.29621,80.06625,330.97,0.41,0.37,2026-09-05,0816,SNPP,SNPP,l,2.0NRT,302.74,2.46,D
13.29584,80.0663,331.23,0.41,0.37,2026-09-05,0816,SNPP,SNPP,l,2.0NRT,302.64,4.15,D
12.93002,76.32658,335.18,0.41,0.37,2026-09-05,0816,SNPP,SNPP,n,2.0NRT,305.77,4.73,D
13.66856,78.35713,333.98,0.38,0.36,2026-09-05,0816,SNPP,SNPP,l,2.0NRT,306.22,3.12,D
13.98457,78.95074,345.01,0.39,0.36,2026-09-05,0816,SNPP,SNPP,n,2.0NRT,307.45,7.01,D
14.07302,79.44398,339.09,0.4,0.37,2026-09-05,0816,SNPP,SNPP,n,2.0NRT,302.05,5.39,D
13.9938,78.45014,339.2,0.39,0.36,2026-09-05,0816,SNPP,SNPP,l,2.0NRT,310.21,5.97,D
13.88681,77.37984,347.76,0.39,0.36,2026-09-05,0816,SNPP,SNPP,n,2.0NRT,311.54,8.42,D
14.21456,79.22671,348.93,0.4,0.37,2026-09-05,0816,SNPP,SNPP,n,2.0NRT,307.57,9.3,D
14.2971,79.05283,351.03,0.39,0.36,2026-09-05,0816,SNPP,SNPP,n,2.0NRT,305.22,9.37,D
14.57383,79.93979,334.23,0.42,0.37,2026-09-05,0816,SNPP,SNPP,n,2.0NRT,299.73,6.63,D
14.57326,79.93592,332.81,0.42,0.37,2026-09-05,0816,SNPP,SNPP,n,2.0NRT,299.7,6.63,D
19.10191,82.16685,333.53,0.4,0.44,2026-09-05,0818,SNPP,SNPP,n,2.0NRT,295.65,4.75,D
19.09782,82.1674,334.75,0.4,0.44,2026-09-05,0818,SNPP,SNPP,n,2.0NRT,295.4,6.04,D
19.02065,72.89297,332.56,0.49,0.4,2026-09-05,0818,SNPP,SNPP,l,2.0NRT,298.09,4.9,D
20.86472,84.9909,330.54,0.63,0.54,2026-09-05,0818,SNPP,SNPP,n,2.0NRT,293.37,6.34,D
20.96047,85.18738,333.23,0.33,0.55,2026-09-05,0818,SNPP,SNPP,n,2.0NRT,295,3.52,D
20.9636,85.16774,331.63,0.32,0.55,2026-09-05,0818,SNPP,SNPP,n,2.0NRT,295.36,6.38,D
20.9697,85.17672,330.55,0.33,0.55,2026-09-05,0818,SNPP,SNPP,n,2.0NRT,294.23,4.26,D
20.96937,85.17357,345.88,0.33,0.55,2026-09-05,0818,SNPP,SNPP,n,2.0NRT,295.24,4.26,D
20.96741,85.15464,333.4,0.32,0.55,2026-09-05,0818,SNPP,SNPP,n,2.0NRT,295.34,4.32,D
20.97448,85.17305,333.03,0.33,0.55,2026-09-05,0818,SNPP,SNPP,n,2.0NRT,294.32,3.48,D
21.7415,83.84051,331.26,0.55,0.51,2026-09-05,0818,SNPP,SNPP,n,2.0NRT,293.72,5.4,D
21.74681,83.84541,343.02,0.55,0.51,2026-09-05,0818,SNPP,SNPP,n,2.0NRT,293.86,13.65,D
21.74623,83.83998,341.98,0.55,0.51,2026-09-05,0818,SNPP,SNPP,n,2.0NRT,294.07,5.4,D
21.75626,83.84433,336.65,0.55,0.51,2026-09-05,0818,SNPP,SNPP,n,2.0NRT,294.06,11.19,D
21.92067,83.35186,334.17,0.51,0.49,2026-09-05,0818,SNPP,SNPP,n,2.0NRT,294.02,7.73,D
22.3772,87.27846,333.8,0.46,0.64,2026-09-05,0818,SNPP,SNPP,n,2.0NRT,290.72,6.49,D
21.10671,72.64536,336.44,0.47,0.4,2026-09-05,0818,SNPP,SNPP,n,2.0NRT,281.68,7.04,D
23.68271,86.39385,331.16,0.42,0.61,2026-09-05,0818,SNPP,SNPP,n,2.0NRT,291.17,8.81,D
23.71049,86.45036,328.02,0.42,0.61,2026-09-05,0818,SNPP,SNPP,n,2.0NRT,290.43,5,D
23.73798,86.4348,333.13,0.42,0.61,2026-09-05,0818,SNPP,SNPP,n,2.0NRT,290.42,3.33,D
23.75821,86.40292,331.56,0.42,0.61,2026-09-05,0818,SNPP,SNPP,n,2.0NRT,290.06,4.62,D
23.75978,86.40414,328.16,0.42,0.61,2026-09-05,0818,SNPP,SNPP,n,2.0NRT,289.56,4.93,D
23.78617,85.55293,333.73,0.37,0.58,2026-09-05,0818,SNPP,SNPP,n,2.0NRT,292.06,4.76,D
22.831,69.52864,338.61,0.44,0.46,2026-09-05,0818,SNPP,SNPP,n,2.0NRT,298.65,2.4,D
31.23082,75.08361,335.64,0.4,0.37,2026-09-05,0820,SNPP,SNPP,n,2.0NRT,295.18,4.59,D
31.73204,74.48511,340.17,0.39,0.36,2026-09-05,0822,SNPP,SNPP,n,2.0NRT,298.88,4.36,D
27.37908,95.33517,307.45,0.5,0.49,2026-09-05,1904,SNPP,SNPP,n,2.0NRT,280.23,0.85,N
23.69161,87.117,309.44,0.74,0.76,2026-09-05,1906,SNPP,SNPP,n,2.0NRT,285.14,4.15,N
23.69684,87.10555,302.82,0.74,0.76,2026-09-05,1906,SNPP,SNPP,n,2.0NRT,285.1,4.09,N
23.69583,87.12045,308.23,0.73,0.76,2026-09-05,1906,SNPP,SNPP,n,2.0NRT,285.22,2.7,N
23.6887,87.11978,306.73,0.73,0.76,2026-09-05,1906,SNPP,SNPP,n,2.0NRT,285.17,2.7,N
23.6648,87.15537,306.2,0.73,0.76,2026-09-05,1906,SNPP,SNPP,n,2.0NRT,285.59,1.48,N
23.55211,87.24216,311.64,0.72,0.76,2026-09-05,1906,SNPP,SNPP,n,2.0NRT,285.12,3.82,N
23.61425,86.7878,303.11,0.77,0.77,2026-09-05,1906,SNPP,SNPP,n,2.0NRT,285.37,1.33,N
23.55509,87.23924,305.77,0.72,0.76,2026-09-05,1906,SNPP,SNPP,n,2.0NRT,285.16,4.18,N
22.38052,87.27566,312.79,0.7,0.75,2026-09-05,1906,SNPP,SNPP,n,2.0NRT,285.85,3.53,N
22.37548,87.27741,315.33,0.7,0.75,2026-09-05,1906,SNPP,SNPP,n,2.0NRT,285.35,4.57,N
22.3653,87.01733,311.4,0.73,0.76,2026-09-05,1906,SNPP,SNPP,n,2.0NRT,285.76,3.35,N
31.25029,76.9273,306.11,0.4,0.37,2026-09-05,2044,SNPP,SNPP,n,2.0NRT,290.29,0.57,N
29.47524,76.8587,312.67,0.39,0.36,2026-09-05,2044,SNPP,SNPP,n,2.0NRT,292.14,0.88,N
20.96626,86.00883,319.76,0.39,0.59,2026-09-05,2046,SNPP,SNPP,n,2.0NRT,288.78,2.55,N
20.96185,85.18448,315.38,0.35,0.57,2026-09-05,2046,SNPP,SNPP,n,2.0NRT,287.37,4.52,N
20.96112,85.18789,314.48,0.35,0.57,2026-09-05,2046,SNPP,SNPP,n,2.0NRT,287.6,1.67,N
21.57817,82.02279,298.05,0.43,0.46,2026-09-05,2046,SNPP,SNPP,n,2.0NRT,285.6,1.82,N
20.95634,85.01005,303.16,0.34,0.56,2026-09-05,2046,SNPP,SNPP,n,2.0NRT,288.16,1.61,N
20.95564,85.01325,305.69,0.34,0.56,2026-09-05,2046,SNPP,SNPP,n,2.0NRT,288.22,1.33,N
20.88604,84.98206,325.41,0.34,0.56,2026-09-05,2046,SNPP,SNPP,n,2.0NRT,288.97,1.67,N
20.88534,84.98534,305.67,0.34,0.56,2026-09-05,2046,SNPP,SNPP,n,2.0NRT,288.63,1.67,N
20.86803,84.99112,305.14,0.34,0.56,2026-09-05,2046,SNPP,SNPP,n,2.0NRT,288.57,1.56,N
20.8673,84.99452,308.75,0.34,0.56,2026-09-05,2046,SNPP,SNPP,n,2.0NRT,288.98,1.56,N
20.86291,84.98999,332.66,0.34,0.56,2026-09-05,2046,SNPP,SNPP,n,2.0NRT,288.66,1.56,N
20.86363,84.98669,316.71,0.34,0.56,2026-09-05,2046,SNPP,SNPP,n,2.0NRT,288.39,2.97,N
20.80538,85.25605,310.73,0.35,0.57,2026-09-05,2046,SNPP,SNPP,n,2.0NRT,288.14,2.3,N
20.79505,85.25336,334.7,0.35,0.57,2026-09-05,2046,SNPP,SNPP,n,2.0NRT,287.79,4.69,N
20.79357,85.26019,308.35,0.35,0.57,2026-09-05,2046,SNPP,SNPP,n,2.0NRT,287.49,2.35,N
26.75865,83.20107,303.4,0.41,0.45,2026-09-05,2046,SNPP,SNPP,n,2.0NRT,284.8,1.1,N
23.66354,87.15416,309.16,0.41,0.6,2026-09-05,2046,SNPP,SNPP,n,2.0NRT,280.21,2.85,N
23.66264,87.15807,305.04,0.41,0.6,2026-09-05,2046,SNPP,SNPP,n,2.0NRT,280.27,2.21,N
23.75916,86.40092,297.2,0.36,0.58,2026-09-05,2046,SNPP,SNPP,n,2.0NRT,258.38,1.87,N
23.74075,86.43363,304.09,0.37,0.58,2026-09-05,2046,SNPP,SNPP,n,2.0NRT,278.08,1.41,N
23.73551,86.43227,309.67,0.37,0.58,2026-09-05,2046,SNPP,SNPP,n,2.0NRT,276.83,1.68,N
24.44885,83.0391,300.77,0.44,0.46,2026-09-05,2046,SNPP,SNPP,n,2.0NRT,280.08,0.66,N
23.71498,86.44942,307.91,0.37,0.58,2026-09-05,2046,SNPP,SNPP,n,2.0NRT,284.92,2.22,N
23.70973,86.44808,315.23,0.37,0.58,2026-09-05,2046,SNPP,SNPP,n,2.0NRT,285.54,2.15,N
23.69034,86.43555,303.17,0.37,0.58,2026-09-05,2046,SNPP,SNPP,n,2.0NRT,281.46,0.77,N
23.68354,86.3924,317.36,0.36,0.58,2026-09-05,2046,SNPP,SNPP,n,2.0NRT,287.63,4.39,N
23.67989,86.39262,310.41,0.36,0.58,2026-09-05,2046,SNPP,SNPP,n,2.0NRT,287.59,1.9,N
23.67911,86.39612,308.56,0.36,0.58,2026-09-05,2046,SNPP,SNPP,n,2.0NRT,288.37,1.9,N
23.67832,86.39969,311.12,0.36,0.58,2026-09-05,2046,SNPP,SNPP,n,2.0NRT,288.74,3.47,N
23.75568,85.85284,304.07,0.34,0.56,2026-09-05,2046,SNPP,SNPP,n,2.0NRT,277.94,0.97,N
23.70117,86.07451,298.32,0.35,0.57,2026-09-05,2046,SNPP,SNPP,n,2.0NRT,266.21,0.77,N
23.69453,86.07994,302.22,0.35,0.57,2026-09-05,2046,SNPP,SNPP,n,2.0NRT,272.29,0.75,N
23.68052,86.094,301.32,0.35,0.57,2026-09-05,2046,SNPP,SNPP,n,2.0NRT,274.43,0.93,N
23.67692,86.08581,305.12,0.35,0.57,2026-09-05,2046,SNPP,SNPP,n,2.0NRT,277.3,1.1,N
23.79019,85.55246,308.47,0.32,0.55,2026-09-05,2046,SNPP,SNPP,n,2.0NRT,282.49,0.87,N
23.78521,85.55125,307.79,0.32,0.55,2026-09-05,2046,SNPP,SNPP,n,2.0NRT,282.31,0.87,N
23.5474,86.53539,301.35,0.37,0.58,2026-09-05,2046,SNPP,SNPP,n,2.0NRT,280.35,0.53,N
23.69439,85.372,308.29,0.63,0.54,2026-09-05,2046,SNPP,SNPP,n,2.0NRT,279.18,3.4,N
23.65894,85.50828,303.09,0.32,0.55,2026-09-05,2046,SNPP,SNPP,n,2.0NRT,285.19,1.23,N
23.6945,85.37199,309.93,0.63,0.54,2026-09-05,2046,SNPP,SNPP,n,2.0NRT,281.38,3.98,N
23.65503,85.5074,307.41,0.32,0.55,2026-09-05,2046,SNPP,SNPP,n,2.0NRT,283.93,1.06,N
23.64934,85.43687,299.05,0.32,0.54,2026-09-05,2046,SNPP,SNPP,n,2.0NRT,271.74,0.32,N
23.64866,85.44,299.87,0.32,0.54,2026-09-05,2046,SNPP,SNPP,n,2.0NRT,274.08,0.32,N
22.87299,86.06194,318,0.36,0.57,2026-09-05,2046,SNPP,SNPP,n,2.0NRT,289.02,1.62,N
22.87465,86.06137,308.9,0.36,0.57,2026-09-05,2046,SNPP,SNPP,n,2.0NRT,288.82,0.9,N
22.87387,86.06493,304.88,0.36,0.57,2026-09-05,2046,SNPP,SNPP,n,2.0NRT,288.81,0.9,N
22.79832,86.20602,319.84,0.37,0.58,2026-09-05,2046,SNPP,SNPP,n,2.0NRT,288.96,1.44,N
22.7975,86.20966,308.81,0.37,0.58,2026-09-05,2046,SNPP,SNPP,n,2.0NRT,288.97,1.44,N
22.78704,86.20657,336.36,0.37,0.58,2026-09-05,2046,SNPP,SNPP,n,2.0NRT,289.55,2.71,N
22.78942,86.19597,308.1,0.37,0.58,2026-09-05,2046,SNPP,SNPP,n,2.0NRT,289.55,1.26,N
22.78863,86.19949,306,0.37,0.58,2026-09-05,2046,SNPP,SNPP,n,2.0NRT,289.8,1.26,N
22.78784,86.20303,309.19,0.37,0.58,2026-09-05,2046,SNPP,SNPP,n,2.0NRT,289.34,2.71,N
17.61234,83.206,310.53,0.6,0.53,2026-09-05,2046,SNPP,SNPP,n,2.0NRT,289.95,2.84,N
17.60749,83.20487,311.25,0.6,0.53,2026-09-05,2046,SNPP,SNPP,n,2.0NRT,289.69,2.84,N
17.95661,80.79498,302.11,0.42,0.45,2026-09-05,2046,SNPP,SNPP,n,2.0NRT,285.82,1.26,N
18.04078,74.8643,310.8,0.38,0.36,2026-09-05,2046,SNPP,SNPP,n,2.0NRT,290.71,0.83,N
17.14167,77.18513,308.39,0.42,0.38,2026-09-05,2046,SNPP,SNPP,n,2.0NRT,292.92,1.68,N
17.13956,77.17656,306.26,0.42,0.38,2026-09-05,2046,SNPP,SNPP,n,2.0NRT,293,1.56,N
15.3352,76.28614,312.29,0.41,0.37,2026-09-05,2046,SNPP,SNPP,n,2.0NRT,291.87,0.84,N
15.33179,76.28551,303.39,0.41,0.37,2026-09-05,2046,SNPP,SNPP,n,2.0NRT,291.01,0.84,N
15.02384,78.01737,309.76,0.49,0.4,2026-09-05,2046,SNPP,SNPP,n,2.0NRT,294.41,2.21,N
15.17896,77.10342,307.02,0.44,0.38,2026-09-05,2046,SNPP,SNPP,n,2.0NRT,291.83,1.47,N
15.17545,77.10278,306.89,0.44,0.38,2026-09-05,2046,SNPP,SNPP,n,2.0NRT,292.02,1.48,N
15.22675,76.76101,305.38,0.43,0.38,2026-09-05,2046,SNPP,SNPP,n,2.0NRT,291.57,1.06,N
15.22608,76.76495,308.86,0.43,0.38,2026-09-05,2046,SNPP,SNPP,n,2.0NRT,291.56,1.06,N
15.309,76.2541,302.96,0.41,0.37,2026-09-05,2046,SNPP,SNPP,n,2.0NRT,290.92,0.61,N
15.3005,76.22136,303.55,0.41,0.37,2026-09-05,2046,SNPP,SNPP,n,2.0NRT,291.33,0.72,N
15.65914,73.98743,304.12,0.39,0.36,2026-09-05,2046,SNPP,SNPP,n,2.0NRT,290.25,0.59,N
15.65858,73.99101,308.41,0.39,0.36,2026-09-05,2046,SNPP,SNPP,n,2.0NRT,289.16,0.59,N
15.17463,76.78519,305.64,0.43,0.38,2026-09-05,2046,SNPP,SNPP,n,2.0NRT,291.85,2.58,N
15.18671,76.64958,306.13,0.42,0.38,2026-09-05,2046,SNPP,SNPP,n,2.0NRT,292.46,1.58,N
15.18408,76.66525,309.32,0.42,0.38,2026-09-05,2046,SNPP,SNPP,n,2.0NRT,291.73,1.48,N
15.18342,76.66917,318.33,0.42,0.38,2026-09-05,2046,SNPP,SNPP,n,2.0NRT,292.33,1.48,N
15.18062,76.66463,307.28,0.42,0.38,2026-09-05,2046,SNPP,SNPP,n,2.0NRT,292.43,1.48,N
15.17865,76.67638,308.7,0.42,0.38,2026-09-05,2046,SNPP,SNPP,n,2.0NRT,293.14,2.25,N
15.17849,76.65616,318.32,0.42,0.38,2026-09-05,2046,SNPP,SNPP,n,2.0NRT,293.73,1.51,N
15.17783,76.66007,308.24,0.42,0.38,2026-09-05,2046,SNPP,SNPP,n,2.0NRT,292.41,1.51,N
15.17519,76.67574,306.33,0.42,0.38,2026-09-05,2046,SNPP,SNPP,n,2.0NRT,291.78,1.16,N
15.17453,76.67966,305.76,0.42,0.38,2026-09-05,2046,SNPP,SNPP,n,2.0NRT,292.15,1.17,N
15.17255,76.69141,319.54,0.42,0.38,2026-09-05,2046,SNPP,SNPP,n,2.0NRT,292.3,2.3,N
15.17504,76.65553,312.27,0.42,0.38,2026-09-05,2046,SNPP,SNPP,n,2.0NRT,293.05,1.51,N
15.16894,76.67054,306.65,0.42,0.38,2026-09-05,2046,SNPP,SNPP,n,2.0NRT,292.39,0.73,N
15.16829,76.67445,305.39,0.42,0.38,2026-09-05,2046,SNPP,SNPP,n,2.0NRT,292.09,0.73,N
15.13741,76.7094,307.17,0.43,0.38,2026-09-05,2046,SNPP,SNPP,n,2.0NRT,291.66,1.14,N
15.18638,76.31535,313.8,0.41,0.37,2026-09-05,2046,SNPP,SNPP,n,2.0NRT,292.18,1.39,N
15.17135,76.38354,305.11,0.41,0.37,2026-09-05,2046,SNPP,SNPP,n,2.0NRT,291.53,0.76,N
15.16858,76.3791,314.2,0.41,0.37,2026-09-05,2046,SNPP,SNPP,n,2.0NRT,292.21,1.64,N
15.07068,76.86605,305.47,0.43,0.38,2026-09-05,2046,SNPP,SNPP,n,2.0NRT,292.31,2.19,N
22.80193,86.09046,314.38,0.36,0.58,2026-09-05,2046,SNPP,SNPP,n,2.0NRT,289.31,2.09,N
22.37973,87.27766,308.18,0.44,0.62,2026-09-05,2046,SNPP,SNPP,n,2.0NRT,284.46,1.08,N
22.37874,87.28191,307.02,0.44,0.62,2026-09-05,2046,SNPP,SNPP,n,2.0NRT,284.97,1.08,N
22.36908,87.2974,304.62,0.44,0.62,2026-09-05,2046,SNPP,SNPP,n,2.0NRT,284.39,0.53,N
22.36808,87.30167,310.24,0.44,0.62,2026-09-05,2046,SNPP,SNPP,n,2.0NRT,288.1,2.1,N
22.36242,87.30013,305.66,0.44,0.62,2026-09-05,2046,SNPP,SNPP,n,2.0NRT,288.63,1.39,N
22.37881,87.27996,318.15,0.44,0.62,2026-09-05,2046,SNPP,SNPP,n,2.0NRT,285.4,2.47,N
22.36829,87.29976,309.34,0.44,0.62,2026-09-05,2046,SNPP,SNPP,n,2.0NRT,286.86,1.67,N
22.36731,87.30403,309.19,0.44,0.62,2026-09-05,2046,SNPP,SNPP,n,2.0NRT,288.63,2.06,N
22.36706,87.01907,313.72,0.42,0.61,2026-09-05,2046,SNPP,SNPP,n,2.0NRT,289.89,1.12,N
22.61234,85.91286,304.85,0.36,0.57,2026-09-05,2046,SNPP,SNPP,n,2.0NRT,288.86,0.63,N
22.36147,87.01765,309.38,0.42,0.61,2026-09-05,2046,SNPP,SNPP,n,2.0NRT,289.41,1.12,N
22.59233,85.90408,305.92,0.36,0.57,2026-09-05,2046,SNPP,SNPP,n,2.0NRT,288.9,0.78,N
22.24478,87.38964,305.49,0.45,0.63,2026-09-05,2046,SNPP,SNPP,n,2.0NRT,288.62,0.71,N
22.05721,88.12426,307.72,0.5,0.66,2026-09-05,2046,SNPP,SNPP,n,2.0NRT,287.52,1.99,N
22.57314,85.89168,307.27,0.36,0.57,2026-09-05,2046,SNPP,SNPP,n,2.0NRT,289.17,1.6,N
22.57237,85.89508,312.43,0.36,0.57,2026-09-05,2046,SNPP,SNPP,n,2.0NRT,288.9,1.39,N
22.57162,85.89843,310.28,0.36,0.57,2026-09-05,2046,SNPP,SNPP,n,2.0NRT,288.88,1.39,N
22.05124,88.12263,306.46,0.5,0.66,2026-09-05,2046,SNPP,SNPP,n,2.0NRT,287.53,1.99,N
22.57335,85.89222,307.09,0.36,0.57,2026-09-05,2046,SNPP,SNPP,n,2.0NRT,289.03,1.64,N
22.5726,85.89563,315.04,0.36,0.57,2026-09-05,2046,SNPP,SNPP,n,2.0NRT,289.31,1.32,N
22.57186,85.89901,307.13,0.36,0.57,2026-09-05,2046,SNPP,SNPP,n,2.0NRT,288.97,1.32,N
20.75956,85.29154,300.22,0.36,0.57,2026-09-05,2046,SNPP,SNPP,n,2.0NRT,276.32,1.38,N
21.00243,86.02597,306.67,0.39,0.59,2026-09-05,2046,SNPP,SNPP,n,2.0NRT,288.82,3.58,N
20.97081,86.01405,327.75,0.39,0.59,2026-09-05,2046,SNPP,SNPP,n,2.0NRT,289.02,2.55,N
20.97332,86.00273,307.13,0.39,0.59,2026-09-05,2046,SNPP,SNPP,n,2.0NRT,288.82,5.04,N
20.97165,86.01027,305.74,0.39,0.59,2026-09-05,2046,SNPP,SNPP,n,2.0NRT,289.26,2.55,N
20.96543,86.01258,329.65,0.39,0.59,2026-09-05,2046,SNPP,SNPP,n,2.0NRT,288.87,2.55,N
20.96087,86.00738,327.32,0.39,0.59,2026-09-05,2046,SNPP,SNPP,n,2.0NRT,288.37,3.85,N
20.9525,86.045,320.13,0.39,0.6,2026-09-05,2046,SNPP,SNPP,n,2.0NRT,288.64,4.04,N
20.95163,86.04891,315.49,0.39,0.6,2026-09-05,2046,SNPP,SNPP,n,2.0NRT,289.05,4.04,N
20.98341,85.13425,304.37,0.35,0.56,2026-09-05,2046,SNPP,SNPP,n,2.0NRT,287.74,1.44,N
20.97636,85.1673,307.05,0.35,0.56,2026-09-05,2046,SNPP,SNPP,n,2.0NRT,287.84,1.86,N
20.97565,85.17059,311.04,0.35,0.56,2026-09-05,2046,SNPP,SNPP,n,2.0NRT,287.42,1.44,N
20.97495,85.17385,310.9,0.35,0.57,2026-09-05,2046,SNPP,SNPP,n,2.0NRT,287.89,1.44,N
20.96983,85.17253,335.81,0.35,0.57,2026-09-05,2046,SNPP,SNPP,n,2.0NRT,288.32,2.04,N
20.97829,85.13296,306.72,0.35,0.56,2026-09-05,2046,SNPP,SNPP,n,2.0NRT,288.96,2.12,N
21.33674,78.97054,306.77,0.45,0.39,2026-09-05,2046,SNPP,SNPP,n,2.0NRT,287.46,1.04,N
20.97758,85.13626,310.46,0.35,0.56,2026-09-05,2046,SNPP,SNPP,n,2.0NRT,288.32,1.68,N
20.96912,85.1758,318.77,0.35,0.57,2026-09-05,2046,SNPP,SNPP,n,2.0NRT,288.11,4.27,N
20.96627,85.18915,309.58,0.35,0.57,2026-09-05,2046,SNPP,SNPP,n,2.0NRT,288,1.67,N
20.96894,85.15144,339.81,0.35,0.56,2026-09-05,2046,SNPP,SNPP,n,2.0NRT,288.69,5.08,N
20.96822,85.15479,307.93,0.35,0.56,2026-09-05,2046,SNPP,SNPP,n,2.0NRT,288.01,2.87,N
20.96611,85.16463,307.29,0.35,0.56,2026-09-05,2046,SNPP,SNPP,n,2.0NRT,287.47,1.93,N
20.9654,85.16793,305.85,0.35,0.56,2026-09-05,2046,SNPP,SNPP,n,2.0NRT,286.58,2.04,N
20.9647,85.1712,303.06,0.35,0.57,2026-09-05,2046,SNPP,SNPP,n,2.0NRT,285.55,2.04,N
22.05639,88.1225,304.22,0.5,0.66,2026-09-05,2046,SNPP,SNPP,n,2.0NRT,287.22,1.6,N
22.05524,88.12738,308.96,0.5,0.66,2026-09-05,2046,SNPP,SNPP,n,2.0NRT,287.38,1.6,N
22.20868,84.86357,304.19,0.63,0.54,2026-09-05,2046,SNPP,SNPP,n,2.0NRT,288.58,3.01,N
21.96996,85.3136,301.33,0.34,0.56,2026-09-05,2046,SNPP,SNPP,n,2.0NRT,286.98,1.69,N
19.10373,82.16882,307.37,0.49,0.48,2026-09-05,2049,SNPP,SNPP,n,2.0NRT,289.24,1.32,N
20.90938,71.45822,311.03,0.51,0.41,2026-09-05,2049,SNPP,SNPP,n,2.0NRT,293.48,1.45,N
21.10577,72.64375,331.2,0.45,0.39,2026-09-05,2049,SNPP,SNPP,n,2.0NRT,294.54,8.99,N
21.11057,72.63561,313.66,0.45,0.39,2026-09-05,2049,SNPP,SNPP,n,2.0NRT,293.99,4.62,N
20.65857,78.49527,304.78,0.44,0.38,2026-09-05,2049,SNPP,SNPP,n,2.0NRT,289.97,0.7,N
12.62502,79.78784,308.38,0.44,0.46,2026-09-05,2049,SNPP,SNPP,n,2.0NRT,289.72,1.63,N
13.41842,75.98045,306.9,0.42,0.37,2026-09-05,2049,SNPP,SNPP,n,2.0NRT,291.32,0.73,N
13.16123,80.28672,323.74,0.47,0.48,2026-09-05,2049,SNPP,SNPP,n,2.0NRT,289.72,2.49,N
13.16061,80.2888,315.1,0.47,0.48,2026-09-05,2049,SNPP,SNPP,n,2.0NRT,289.67,1.1,N
13.16142,80.28448,309.21,0.47,0.48,2026-09-05,2049,SNPP,SNPP,n,2.0NRT,289.81,1.99,N
13.89843,76.56497,313.55,0.43,0.38,2026-09-05,2049,SNPP,SNPP,n,2.0NRT,293.28,1.25,N
19.09932,82.16781,317.65,0.49,0.48,2026-09-05,2049,SNPP,SNPP,n,2.0NRT,288.78,3.2,N
21.1028,72.63883,305.88,0.45,0.39,2026-09-05,2049,SNPP,SNPP,n,2.0NRT,292.33,4.18,N
13.71024,79.61983,308.48,0.42,0.45,2026-09-05,2049,SNPP,SNPP,n,2.0NRT,293.37,1.7,N
14.15012,77.59451,305.37,0.48,0.4,2026-09-05,2049,SNPP,SNPP,n,2.0NRT,293.27,1.16,N
14.15089,77.59003,320.11,0.48,0.4,2026-09-05,2049,SNPP,SNPP,n,2.0NRT,293.75,2.02,N
18.72045,79.53607,307.44,0.52,0.41,2026-09-05,2049,SNPP,SNPP,n,2.0NRT,290.76,1.46,N
18.71578,79.54022,308.94,0.52,0.41,2026-09-05,2049,SNPP,SNPP,n,2.0NRT,290.52,1.46,N
17.6949,83.24507,309.35,0.6,0.53,2026-09-05,2049,SNPP,SNPP,n,2.0NRT,290.69,3.38,N
17.60913,83.20568,317.89,0.6,0.53,2026-09-05,2049,SNPP,SNPP,n,2.0NRT,290.33,6.72,N
11.6361,77.65678,327.2,0.52,0.41,2026-09-05,2049,SNPP,SNPP,n,2.0NRT,290.59,2.4,N
21.10341,72.63448,327.06,0.45,0.39,2026-09-05,2049,SNPP,SNPP,n,2.0NRT,292.52,5.41,N
21.10517,72.6481,316.64,0.45,0.39,2026-09-05,2049,SNPP,SNPP,n,2.0NRT,294.04,6.41,N
