latitude,longitude,brightness,confidence,satellite,acq_date,acq_time
11.15094,78.02576,330.71,60,VIIRS,2026-08-01,0750
10.38009,78.3605,331.79,60,VIIRS,2026-08-01,0750
8.75747,78.18472,341.86,60,VIIRS,2026-08-01,0750
10.26295,79.14907,331.65,60,VIIRS,2026-08-01,0750
9.68989,78.37985,335.15,60,VIIRS,2026-08-01,0750
9.39618,78.85063,345.85,60,VIIRS,2026-08-01,0750
8.7568,78.18086,337.41,60,VIIRS,2026-08-01,0750
11.27329,78.15312,337.74,60,VIIRS,2026-08-01,0750
11.87308,79.73968,332.62,60,VIIRS,2026-08-01,0750
11.72811,78.7383,333.55,60,VIIRS,2026-08-01,0750
11.87655,79.37332,337.57,60,VIIRS,2026-08-01,0750
11.93526,79.55087,335.31,60,VIIRS,2026-08-01,0750
12.41949,80.10271,335.44,60,VIIRS,2026-08-01,0750
12.57915,79.24837,332.54,60,VIIRS,2026-08-01,0750
11.155,77.7301,330.49,60,VIIRS,2026-08-01,0750
8.75609,78.18428,333.7,60,VIIRS,2026-08-01,0750
11.29113,79.78253,335.48,60,VIIRS,2026-08-01,0750
11.02383,78.76881,332.56,60,VIIRS,2026-08-01,0750
11.05059,79.3532,341.89,60,VIIRS,2026-08-01,0750
10.96096,79.73511,331.46,60,VIIRS,2026-08-01,0750
21.75245,83.84271,333.3,60,VIIRS,2026-08-01,0752
21.75659,83.8465,334.92,60,VIIRS,2026-08-01,0752
21.756,83.84217,334.59,60,VIIRS,2026-08-01,0752
21.91989,83.35123,343.28,60,VIIRS,2026-08-01,0752
22.78513,86.20668,330.33,60,VIIRS,2026-08-01,0752
22.78832,86.19825,333.15,60,VIIRS,2026-08-01,0752
24.20259,82.70964,331.81,60,VIIRS,2026-08-01,0752
22.3573,82.3028,345.09,60,VIIRS,2026-08-01,0752
23.78719,85.55325,332.66,60,VIIRS,2026-08-01,0752
24.14243,82.71046,330.26,60,VIIRS,2026-08-01,0752
20.96636,86.01635,335.7,60,VIIRS,2026-08-01,0752
21.29788,81.60934,330.83,60,VIIRS,2026-08-01,0752
21.74177,83.84429,338.72,60,VIIRS,2026-08-01,0752
21.74533,83.84377,348.35,60,VIIRS,2026-08-01,0752
24.16346,82.63028,330.04,60,VIIRS,2026-08-01,0752
21.74889,83.84324,341.48,60,VIIRS,2026-08-01,0752
23.16558,82.33907,309.5,60,VIIRS,2026-08-01,2019
23.16494,82.3429,295.32,60,VIIRS,2026-08-01,2019
23.16289,82.33456,295.63,60,VIIRS,2026-08-01,2019
26.64381,79.47885,311.21,60,VIIRS,2026-08-01,2019
26.64038,79.47826,308.02,60,VIIRS,2026-08-01,2019
25.03351,87.3898,301.06,60,VIIRS,2026-08-01,2019
24.12186,86.86384,309.91,60,VIIRS,2026-08-01,2019
24.12118,86.86406,309.77,60,VIIRS,2026-08-01,2019
24.11791,86.85925,308.61,60,VIIRS,2026-08-01,2019
23.80529,86.32943,312.24,60,VIIRS,2026-08-01,2019
23.79707,86.35059,300.13,60,VIIRS,2026-08-01,2019
23.78638,86.34246,297.56,60,VIIRS,2026-08-01,2019
23.77422,86.36267,295.99,60,VIIRS,2026-08-01,2019
23.77842,86.38842,295.34,60,VIIRS,2026-08-01,2019
23.78337,86.34074,298.07,60,VIIRS,2026-08-01,2019
23.79527,86.23495,297.43,60,VIIRS,2026-08-01,2019
23.7631,86.40427,300.18,60,VIIRS,2026-08-01,2019
23.75916,86.4034,300.03,60,VIIRS,2026-08-01,2019
23.73701,86.43325,306.48,60,VIIRS,2026-08-01,2019
23.68758,86.39125,302.55,60,VIIRS,2026-08-01,2019
23.68686,86.39489,298.84,60,VIIRS,2026-08-01,2019
23.68292,86.39404,308.4,60,VIIRS,2026-08-01,2019
23.67898,86.39319,298.2,60,VIIRS,2026-08-01,2019
23.67825,86.39687,303.28,60,VIIRS,2026-08-01,2019
23.67752,86.4006,300.56,60,VIIRS,2026-08-01,2019
23.82386,85.49789,308.15,60,VIIRS,2026-08-01,2019
23.78652,85.55202,309.45,60,VIIRS,2026-08-01,2019
23.78371,85.56706,300.4,60,VIIRS,2026-08-01,2019
23.78277,85.5721,300.92,60,VIIRS,2026-08-01,2019
23.78183,85.57716,301.41,60,VIIRS,2026-08-01,2019
23.68404,86.0956,306.81,60,VIIRS,2026-08-01,2019
23.68017,86.09469,325.52,60,VIIRS,2026-08-01,2019
23.69513,85.28842,306.7,60,VIIRS,2026-08-01,2019
23.64797,85.43639,307.59,60,VIIRS,2026-08-01,2019
23.64702,85.44136,312.65,60,VIIRS,2026-08-01,2019
24.76533,74.60587,305.62,60,VIIRS,2026-08-01,2019
22.37671,87.27874,311.91,60,VIIRS,2026-08-01,2019
23.16828,82.34354,295.31,60,VIIRS,2026-08-01,2019
21.00937,80.87962,303.97,60,VIIRS,2026-08-01,2021
22.33272,82.60599,299.53,60,VIIRS,2026-08-01,2021
22.32516,82.54797,298.63,60,VIIRS,2026-08-01,2021
22.32251,82.56358,295.39,60,VIIRS,2026-08-01,2021
22.32185,82.56748,295.04,60,VIIRS,2026-08-01,2021
22.31914,82.56291,301.39,60,VIIRS,2026-08-01,2021
22.31848,82.56682,298.12,60,VIIRS,2026-08-01,2021
22.3597,82.30285,323.6,60,VIIRS,2026-08-01,2021
22.35636,82.30221,309.28,60,VIIRS,2026-08-01,2021
22.31705,82.53432,296.12,60,VIIRS,2026-08-01,2021
22.00468,82.67042,314.24,60,VIIRS,2026-08-01,2021
21.73024,82.21424,309.17,60,VIIRS,2026-08-01,2021
21.67444,82.08134,304.84,60,VIIRS,2026-08-01,2021
21.63124,82.11251,304.85,60,VIIRS,2026-08-01,2021
21.62338,81.79445,308.07,60,VIIRS,2026-08-01,2021
21.56129,81.75552,308.68,60,VIIRS,2026-08-01,2021
21.18878,81.39098,312.27,60,VIIRS,2026-08-01,2021
21.18547,81.39037,309.62,60,VIIRS,2026-08-01,2021
21.18277,81.38604,323.77,60,VIIRS,2026-08-01,2021
21.17946,81.38543,306.98,60,VIIRS,2026-08-01,2021
21.18909,81.20028,309.08,60,VIIRS,2026-08-01,2021
21.33872,78.97022,310.54,60,VIIRS,2026-08-01,2021
21.33537,78.96964,309.48,60,VIIRS,2026-08-01,2021
21.24936,79.20856,303.01,60,VIIRS,2026-08-01,2021
20.69718,78.63522,307.55,60,VIIRS,2026-08-01,2021
17.61027,83.2024,300.35,60,VIIRS,2026-08-01,2021
17.14112,77.18571,307.49,60,VIIRS,2026-08-01,2021
17.13884,77.17729,305.53,60,VIIRS,2026-08-01,2021
11.81586,77.9163,305.33,60,VIIRS,2026-08-01,2023
11.28767,79.75057,330.43,60,VIIRS,2026-08-01,2023
11.36164,79.23067,307.7,60,VIIRS,2026-08-01,2023
11.42618,77.49764,314.74,60,VIIRS,2026-08-01,2023
10.81198,79.84731,314.36,60,VIIRS,2026-08-01,2023
10.63879,77.44735,301.63,60,VIIRS,2026-08-01,2023
8.82747,78.08612,331.31,60,VIIRS,2026-08-01,2025
8.82692,78.08961,324.72,60,VIIRS,2026-08-01,2025
8.82417,78.08559,306.46,60,VIIRS,2026-08-01,2025
8.82361,78.08907,306.98,60,VIIRS,2026-08-01,2025
8.66925,77.99277,304.57,60,VIIRS,2026-08-01,2025
10.61565,79.65601,338.06,60,VIIRS,2026-08-02,0729
10.88474,79.83207,339.26,60,VIIRS,2026-08-02,0729
10.94911,79.78835,339.3,60,VIIRS,2026-08-02,0729
11.18027,79.53069,336.33,60,VIIRS,2026-08-02,0729
11.49028,79.55821,339.59,60,VIIRS,2026-08-02,0731
12.04076,79.63448,340.49,60,VIIRS,2026-08-02,0731
12.06237,78.75201,367,90,VIIRS,2026-08-02,0731
13.6854,78.08358,340.21,60,VIIRS,2026-08-02,0731
14.67235,79.53287,331.94,60,VIIRS,2026-08-02,0731
15.1253,76.765,335.8,60,VIIRS,2026-08-02,0731
17.60891,83.20403,338.42,60,VIIRS,2026-08-02,0731
17.34344,80.85319,345.23,60,VIIRS,2026-08-02,0731
19.10179,82.16485,330.28,60,VIIRS,2026-08-02,0731
20.96793,86.00375,337.35,60,VIIRS,2026-08-02,0733
21.07794,85.03757,332.32,30,VIIRS,2026-08-02,0733
21.67383,84.04063,330.91,30,VIIRS,2026-08-02,0733
21.67717,84.04002,337.96,30,VIIRS,2026-08-02,0733
21.76636,84.02389,338.6,30,VIIRS,2026-08-02,0733
21.74012,83.84264,331.9,30,VIIRS,2026-08-02,0733
21.74349,83.842,345.51,30,VIIRS,2026-08-02,0733
21.74748,83.84521,337.28,30,VIIRS,2026-08-02,0733
21.7542,83.84396,346.78,30,VIIRS,2026-08-02,0733
21.76219,83.85041,336,30,VIIRS,2026-08-02,0733
22.35817,87.29308,330.47,60,VIIRS,2026-08-02,0733
22.37799,87.28196,338.58,60,VIIRS,2026-08-02,0733
22.37743,87.27801,347.93,60,VIIRS,2026-08-02,0733
22.36522,87.01934,330.83,60,VIIRS,2026-08-02,0733
22.57195,85.89941,331.09,60,VIIRS,2026-08-02,0733
22.35583,82.3048,331.86,30,VIIRS,2026-08-02,0733
22.35936,82.30412,339.68,60,VIIRS,2026-08-02,0733
23.16589,82.34008,331.55,30,VIIRS,2026-08-02,0733
26.00009,93.45987,333.39,60,VIIRS,2026-08-02,0733
28.18286,76.60889,337.22,60,VIIRS,2026-08-02,0735
29.63628,77.26997,334.98,60,VIIRS,2026-08-02,0735
29.59424,76.10698,333.3,60,VIIRS,2026-08-02,0735
29.59857,76.10577,343.58,60,VIIRS,2026-08-02,0735
29.59477,76.10917,331.84,60,VIIRS,2026-08-02,0735
29.59909,76.10796,338.67,60,VIIRS,2026-08-02,0735
29.99296,73.6627,344.36,60,VIIRS,2026-08-02,0735
30.31361,73.75098,330.67,60,VIIRS,2026-08-02,0735
28.7467,76.92795,303.75,60,VIIRS,2026-08-02,2000
20.96531,86.05065,317.47,60,VIIRS,2026-08-02,2002
25.03508,87.38956,306.3,60,VIIRS,2026-08-02,2002
23.6966,87.09495,308.06,60,VIIRS,2026-08-02,2002
23.69469,87.10643,306.28,60,VIIRS,2026-08-02,2002
23.69405,87.11027,306.13,60,VIIRS,2026-08-02,2002
23.69342,87.11409,303.44,60,VIIRS,2026-08-02,2002
23.69214,87.12176,308.54,60,VIIRS,2026-08-02,2002
23.68881,87.12111,310.82,60,VIIRS,2026-08-02,2002
23.68932,87.09747,303.29,60,VIIRS,2026-08-02,2002
23.68549,87.12046,303.45,60,VIIRS,2026-08-02,2002
23.80519,86.32856,322.4,60,VIIRS,2026-08-02,2002
23.80458,86.3323,319.84,60,VIIRS,2026-08-02,2002
23.8019,86.32793,311.61,60,VIIRS,2026-08-02,2002
23.80129,86.33167,312.44,60,VIIRS,2026-08-02,2002
23.79827,86.35041,317.48,60,VIIRS,2026-08-02,2002
23.79437,86.35352,319.83,60,VIIRS,2026-08-02,2002
23.66245,87.15553,310.79,60,VIIRS,2026-08-02,2002
23.78087,86.37411,314.56,60,VIIRS,2026-08-02,2002
23.77845,86.38909,316.45,60,VIIRS,2026-08-02,2002
23.78182,86.34728,308.85,60,VIIRS,2026-08-02,2002
23.77576,86.38472,307.38,60,VIIRS,2026-08-02,2002
23.7755,86.36537,324.08,60,VIIRS,2026-08-02,2002
23.76944,86.40283,320.5,60,VIIRS,2026-08-02,2002
23.77611,86.36163,312.06,60,VIIRS,2026-08-02,2002
23.76554,86.40596,324.58,60,VIIRS,2026-08-02,2002
23.76614,86.40221,309.8,60,VIIRS,2026-08-02,2002
23.76407,86.3941,310.71,60,VIIRS,2026-08-02,2002
23.76285,86.40158,319.53,60,VIIRS,2026-08-02,2002
23.76225,86.40533,317.36,60,VIIRS,2026-08-02,2002
23.75841,86.40484,320.27,60,VIIRS,2026-08-02,2002
23.75902,86.40109,311.52,60,VIIRS,2026-08-02,2002
23.75633,86.39672,310.55,60,VIIRS,2026-08-02,2002
23.78311,86.20896,311.99,60,VIIRS,2026-08-02,2002
23.77982,86.20834,323.76,60,VIIRS,2026-08-02,2002
23.77922,86.21207,320.28,60,VIIRS,2026-08-02,2002
23.77593,86.21146,307.34,60,VIIRS,2026-08-02,2002
23.77175,86.19526,310.26,60,VIIRS,2026-08-02,2002
23.71371,86.45043,311.71,60,VIIRS,2026-08-02,2002
23.686,86.39107,306.38,60,VIIRS,2026-08-02,2002
23.68539,86.39481,303.29,60,VIIRS,2026-08-02,2002
23.6821,86.39417,308.72,60,VIIRS,2026-08-02,2002
23.6782,86.39729,306.92,60,VIIRS,2026-08-02,2002
23.67759,86.40105,304.26,60,VIIRS,2026-08-02,2002
23.61422,86.78865,303.56,60,VIIRS,2026-08-02,2002
23.67369,86.40417,296.87,60,VIIRS,2026-08-02,2002
23.56163,87.08474,308.41,60,VIIRS,2026-08-02,2002
23.7583,85.85448,318.56,60,VIIRS,2026-08-02,2002
23.75561,85.85014,307.81,60,VIIRS,2026-08-02,2002
23.75502,85.85387,316.42,60,VIIRS,2026-08-02,2002
23.26589,88.54272,306.54,60,VIIRS,2026-08-02,2002
23.66928,86.09188,303.72,60,VIIRS,2026-08-02,2002
24.76735,74.60503,297.2,60,VIIRS,2026-08-02,2002
22.37754,87.27596,302.82,60,VIIRS,2026-08-02,2002
22.37688,87.27986,313.67,60,VIIRS,2026-08-02,2002
22.3662,87.30193,305.38,60,VIIRS,2026-08-02,2002
22.36283,87.30126,296,60,VIIRS,2026-08-02,2002
22.35808,87.28825,302.52,60,VIIRS,2026-08-02,2002
22.57402,85.89589,304.82,60,VIIRS,2026-08-02,2002
22.24586,87.38796,303.59,60,VIIRS,2026-08-02,2002
21.80234,82.0415,295.24,60,VIIRS,2026-08-02,2002
21.80086,82.03843,295.04,60,VIIRS,2026-08-02,2002
21.00332,86.02699,309.42,60,VIIRS,2026-08-02,2002
21.00001,86.02637,313.99,60,VIIRS,2026-08-02,2002
20.97585,86.00678,310.78,60,VIIRS,2026-08-02,2002
20.97013,86.021,310.48,60,VIIRS,2026-08-02,2002
20.96803,86.01297,310.14,60,VIIRS,2026-08-02,2002
20.96203,86.00803,319.44,60,VIIRS,2026-08-02,2002
20.95207,86.04819,331.88,60,VIIRS,2026-08-02,2002
20.95268,86.04448,315.01,60,VIIRS,2026-08-02,2002
20.9223,86.04272,304.65,60,VIIRS,2026-08-02,2002
20.80777,85.25494,304.39,60,VIIRS,2026-08-02,2002
20.80719,85.2586,299.77,60,VIIRS,2026-08-02,2002
20.8039,85.25801,297.5,60,VIIRS,2026-08-02,2002
20.80061,85.25742,299.21,60,VIIRS,2026-08-02,2002
20.79733,85.25683,295.4,60,VIIRS,2026-08-02,2002
20.79675,85.26048,299.25,60,VIIRS,2026-08-02,2002
20.79462,85.25258,331.28,60,VIIRS,2026-08-02,2002
20.79404,85.25623,302.29,60,VIIRS,2026-08-02,2002
20.79133,85.25199,305.31,60,VIIRS,2026-08-02,2002
20.79017,85.2593,298.71,60,VIIRS,2026-08-02,2002
20.7863,85.26237,303.61,60,VIIRS,2026-08-02,2002
20.78572,85.26602,299.85,60,VIIRS,2026-08-02,2002
20.76073,85.29199,304.7,60,VIIRS,2026-08-02,2002
20.76015,85.29565,304.05,60,VIIRS,2026-08-02,2002
20.75957,85.2993,309.29,60,VIIRS,2026-08-02,2002
20.51417,85.72617,305.99,60,VIIRS,2026-08-02,2002
19.10312,82.17064,305.19,60,VIIRS,2026-08-02,2004
19.10371,82.16659,333.8,60,VIIRS,2026-08-02,2004
19.09676,82.16548,312.61,60,VIIRS,2026-08-02,2004
18.54154,83.34146,306.89,60,VIIRS,2026-08-02,2004
17.9686,83.15366,310.1,60,VIIRS,2026-08-02,2004
17.6115,83.20597,320.56,60,VIIRS,2026-08-02,2004
17.61375,83.19126,307.5,60,VIIRS,2026-08-02,2004
17.6054,83.20119,310.56,60,VIIRS,2026-08-02,2004
17.95569,80.79449,308.13,60,VIIRS,2026-08-02,2004
17.46376,80.6548,312.46,60,VIIRS,2026-08-02,2004
15.0254,78.0157,307.25,60,VIIRS,2026-08-02,2004
19.10023,82.16604,309.56,60,VIIRS,2026-08-02,2004
29.47797,76.85978,307.2,60,VIIRS,2026-08-02,2140
17.60679,83.20387,336,60,VIIRS,2026-08-03,0714
20.86302,84.9925,331.12,60,VIIRS,2026-08-03,0714
20.86234,84.98875,347.01,60,VIIRS,2026-08-03,0714
20.86379,84.9929,331.5,60,VIIRS,2026-08-03,0714
17.07052,81.6089,328.92,60,VIIRS,2026-08-03,0714
20.88319,84.98493,329.78,60,VIIRS,2026-08-03,0714
20.8872,84.98403,341.89,60,VIIRS,2026-08-03,0714
20.88649,84.98027,335.86,60,VIIRS,2026-08-03,0714
20.86308,84.98917,339.36,60,VIIRS,2026-08-03,0714
15.23059,76.74387,345.8,60,VIIRS,2026-08-03,0854
15.23342,76.74485,340.34,60,VIIRS,2026-08-03,0854
21.10404,72.6461,335.31,60,VIIRS,2026-08-03,0856
22.78971,86.19771,296.17,60,VIIRS,2026-08-03,1945
22.05452,88.12509,306.03,60,VIIRS,2026-08-03,1945
22.21446,84.86998,308.05,60,VIIRS,2026-08-03,1945
21.92705,85.22448,295.19,60,VIIRS,2026-08-03,1945
21.92715,85.22404,296.76,60,VIIRS,2026-08-03,1945
20.86334,84.98847,299.63,60,VIIRS,2026-08-03,1945
17.60932,83.20399,312.21,60,VIIRS,2026-08-03,1945
17.60512,83.20341,305.01,60,VIIRS,2026-08-03,1945
12.747,77.61954,298.19,60,VIIRS,2026-08-03,1947
22.92707,69.82308,304.26,60,VIIRS,2026-08-03,2123
22.93262,69.69827,308.68,60,VIIRS,2026-08-03,2123
22.9088,69.69844,307.32,60,VIIRS,2026-08-03,2123
8.64996,77.84708,331.15,60,VIIRS,2026-08-04,0835
8.94327,78.07706,331.27,60,VIIRS,2026-08-04,0835
9.4172,77.78387,337.45,60,VIIRS,2026-08-04,0835
13.88589,77.49372,332.68,60,VIIRS,2026-08-04,0835
14.94077,79.90197,335.26,60,VIIRS,2026-08-04,0835
21.10588,72.64592,347.16,60,VIIRS,2026-08-04,0835
17.61057,83.20392,318.88,60,VIIRS,2026-08-04,1925
22.34027,69.85518,308.21,60,VIIRS,2026-08-04,2106
10.34656,77.54609,348.92,60,VIIRS,2026-08-05,0813
8.98639,77.9323,331.56,60,VIIRS,2026-08-05,0813
9.37203,78.84874,339.67,60,VIIRS,2026-08-05,0813
9.28354,78.23689,349.51,60,VIIRS,2026-08-05,0813
9.40154,78.85131,340.8,60,VIIRS,2026-08-05,0813
9.42462,78.84413,337.84,60,VIIRS,2026-08-05,0813
9.58819,78.81952,337.82,60,VIIRS,2026-08-05,0813
9.5614,77.60436,342.51,60,VIIRS,2026-08-05,0813
9.8193,79.0771,345.46,60,VIIRS,2026-08-05,0813
9.61993,77.74524,345.63,60,VIIRS,2026-08-05,0813
9.76575,78.28732,336.49,60,VIIRS,2026-08-05,0813
9.86244,78.77674,338.87,60,VIIRS,2026-08-05,0813
9.87702,78.25932,342.75,60,VIIRS,2026-08-05,0813
9.88035,78.25882,339.92,60,VIIRS,2026-08-05,0813
9.87982,78.25526,337.75,60,VIIRS,2026-08-05,0813
10.02021,78.65574,337.01,60,VIIRS,2026-08-05,0813
9.96631,78.24514,336.96,60,VIIRS,2026-08-05,0813
9.96965,78.24463,338.21,60,VIIRS,2026-08-05,0813
9.98151,78.05077,330.56,60,VIIRS,2026-08-05,0813
10.10668,78.09279,343.38,60,VIIRS,2026-08-05,0813
10.59416,79.7034,340.01,60,VIIRS,2026-08-05,0813
10.59132,79.70403,338.61,60,VIIRS,2026-08-05,0813
10.59075,79.70005,330.72,60,VIIRS,2026-08-05,0813
10.59483,79.70353,337.59,60,VIIRS,2026-08-05,0813
10.65871,79.02698,333.29,60,VIIRS,2026-08-05,0813
10.86822,79.07246,335.22,60,VIIRS,2026-08-05,0813
10.99911,77.93703,334.26,60,VIIRS,2026-08-05,0813
11.28048,78.47698,331.64,60,VIIRS,2026-08-05,0813
11.28171,78.47571,335.54,60,VIIRS,2026-08-05,0813
14.49299,79.59117,338.14,60,VIIRS,2026-08-05,0816
14.49723,79.59502,335.36,60,VIIRS,2026-08-05,0816
14.41257,78.48093,342.52,60,VIIRS,2026-08-05,0816
14.41602,78.48034,336.88,60,VIIRS,2026-08-05,0816
14.4836,78.49083,330.65,60,VIIRS,2026-08-05,0816
14.95594,79.48812,337.23,60,VIIRS,2026-08-05,0816
14.72739,77.27681,331.57,60,VIIRS,2026-08-05,0816
15.16453,79.54033,338.5,60,VIIRS,2026-08-05,0816
15.14045,79.33853,340.08,60,VIIRS,2026-08-05,0816
15.72879,79.91379,333.56,60,VIIRS,2026-08-05,0816
15.72755,79.81848,336.04,60,VIIRS,2026-08-05,0816
15.85899,79.68302,341.04,60,VIIRS,2026-08-05,0816
15.48999,76.92797,336.41,60,VIIRS,2026-08-05,0816
15.94053,79.96963,341.91,60,VIIRS,2026-08-05,0816
16.48337,79.87724,332.88,60,VIIRS,2026-08-05,0816
17.95611,80.79485,326.53,60,VIIRS,2026-08-05,0816
30.48066,73.8685,331.72,60,VIIRS,2026-08-05,0820
30.428,73.87297,337.33,60,VIIRS,2026-08-05,0820
30.46339,73.87922,337.94,60,VIIRS,2026-08-05,0820
27.37885,95.33604,319.57,60,VIIRS,2026-08-05,1904
27.37923,95.3353,324.76,60,VIIRS,2026-08-05,1904
27.37909,95.08685,314.51,60,VIIRS,2026-08-05,1904
27.22478,95.34709,311.21,60,VIIRS,2026-08-05,1904
31.41325,76.83527,305.18,60,VIIRS,2026-08-05,2044
31.32849,76.8965,305.89,60,VIIRS,2026-08-05,2044
31.25127,76.92996,305.33,60,VIIRS,2026-08-05,2044
25.94178,72.187,307.99,60,VIIRS,2026-08-05,2046
25.94118,72.19144,326.85,60,VIIRS,2026-08-05,2046
25.94411,72.19648,307.72,60,VIIRS,2026-08-05,2046
25.94532,72.18759,310.74,60,VIIRS,2026-08-05,2046
25.94472,72.19203,330.67,60,VIIRS,2026-08-05,2046
25.78086,73.69974,311.64,60,VIIRS,2026-08-05,2046
26.25941,74.09792,305.48,60,VIIRS,2026-08-05,2046
26.60505,73.68496,305.32,60,VIIRS,2026-08-05,2046
26.87412,73.5176,306.28,60,VIIRS,2026-08-05,2046
24.76417,74.60862,313.02,60,VIIRS,2026-08-05,2046
24.93367,74.63535,306.22,60,VIIRS,2026-08-05,2046
15.18043,76.67332,299.8,60,VIIRS,2026-08-05,2049
15.33508,76.28782,300.06,60,VIIRS,2026-08-05,2049
15.33569,76.28526,301.06,60,VIIRS,2026-08-05,2049
15.2262,76.76402,310.07,60,VIIRS,2026-08-05,2049
15.18208,76.66402,301.53,60,VIIRS,2026-08-05,2049
15.18126,76.66867,312.59,60,VIIRS,2026-08-05,2049
15.17836,76.66331,301.57,60,VIIRS,2026-08-05,2049
15.17587,76.67725,314.73,60,VIIRS,2026-08-05,2049
15.17464,76.66259,323.77,60,VIIRS,2026-08-05,2049
15.17629,76.6533,302.74,60,VIIRS,2026-08-05,2049
15.17546,76.65794,316.88,60,VIIRS,2026-08-05,2049
15.16926,76.67113,302.36,60,VIIRS,2026-08-05,2049
15.07226,76.86432,301.76,60,VIIRS,2026-08-05,2049
27.69781,96.24203,341.06,60,VIIRS,2026-08-06,0620
21.10347,72.64658,354.74,60,VIIRS,2026-08-06,0758
19.96325,79.33332,333.34,60,VIIRS,2026-08-06,0758
26.16067,92.94205,295.62,60,VIIRS,2026-08-06,1845
26.15446,92.94144,296,60,VIIRS,2026-08-06,1845
26.15988,92.95267,297.37,60,VIIRS,2026-08-06,1845
26.16027,92.94733,296.55,60,VIIRS,2026-08-06,1845
23.70799,86.07117,298.92,60,VIIRS,2026-08-06,2025
23.61259,87.14576,304.87,60,VIIRS,2026-08-06,2025
25.43655,86.06909,306.06,60,VIIRS,2026-08-06,2025
25.03468,87.37018,307.36,60,VIIRS,2026-08-06,2025
23.79603,86.35184,304.21,60,VIIRS,2026-08-06,2025
23.77409,86.19598,308.53,60,VIIRS,2026-08-06,2025
23.77165,86.19753,305.46,60,VIIRS,2026-08-06,2025
23.56366,87.0838,311.23,60,VIIRS,2026-08-06,2025
22.20951,84.86139,299.6,60,VIIRS,2026-08-06,2027
20.58127,74.5366,299.17,60,VIIRS,2026-08-06,2027
18.95567,73.94324,309.36,60,VIIRS,2026-08-06,2027
18.9567,73.94102,312.09,60,VIIRS,2026-08-06,2027
8.58266,77.97887,367,90,VIIRS,2026-08-07,0735
9.40517,77.77493,340.05,60,VIIRS,2026-08-07,0735
8.57914,77.95925,335.98,60,VIIRS,2026-08-07,0735
9.52495,78.04314,330.31,60,VIIRS,2026-08-07,0737
23.70941,86.44973,330.45,60,VIIRS,2026-08-07,0739
23.67759,86.40043,330.24,60,VIIRS,2026-08-07,0739
23.67701,86.39612,334.95,60,VIIRS,2026-08-07,0739
23.68406,86.39498,334.35,60,VIIRS,2026-08-07,0739
23.70935,86.44843,331.11,60,VIIRS,2026-08-07,0739
23.64634,68.56316,346.63,60,VIIRS,2026-08-07,0922
23.72148,85.009,311.93,60,VIIRS,2026-08-07,2008
23.6651,84.99844,311.54,60,VIIRS,2026-08-07,2008
26.7614,83.20079,302.9,60,VIIRS,2026-08-07,2008
25.43868,86.06711,308.26,60,VIIRS,2026-08-07,2008
25.03437,87.38967,309.42,60,VIIRS,2026-08-07,2008
25.03395,87.37189,311.33,60,VIIRS,2026-08-07,2008
25.94346,72.18764,319.37,60,VIIRS,2026-08-07,2008
25.94566,72.18745,328.13,60,VIIRS,2026-08-07,2008
23.79395,86.23575,303.73,60,VIIRS,2026-08-07,2008
23.77231,86.19855,304.89,60,VIIRS,2026-08-07,2008
24.14751,82.65939,295.89,60,VIIRS,2026-08-07,2008
24.14051,82.70663,303.1,60,VIIRS,2026-08-07,2008
23.73612,85.02348,302.72,60,VIIRS,2026-08-07,2008
23.77952,86.39025,342.22,60,VIIRS,2026-08-08,0722
29.06436,79.52175,337.22,60,VIIRS,2026-08-08,0724
28.85252,77.14256,303.76,60,VIIRS,2026-08-08,1947
26.75992,83.19685,307.83,60,VIIRS,2026-08-08,1947
26.76135,83.19946,307.21,60,VIIRS,2026-08-08,1947
25.54309,91.2356,305.85,60,VIIRS,2026-08-08,1947
26.64249,79.47604,319.1,60,VIIRS,2026-08-08,1947
23.68207,86.39709,316.37,60,VIIRS,2026-08-08,1949
23.67918,86.39229,304.16,60,VIIRS,2026-08-08,1949
23.67859,86.39649,305.1,60,VIIRS,2026-08-08,1949
23.56342,87.08524,302.34,60,VIIRS,2026-08-08,1949
23.54922,86.54599,303.54,60,VIIRS,2026-08-08,1949
23.73825,85.00724,299.27,60,VIIRS,2026-08-08,1949
23.72111,85.00737,303.14,60,VIIRS,2026-08-08,1949
22.36072,87.01862,302.22,60,VIIRS,2026-08-08,1949
22.05327,88.12409,317.7,60,VIIRS,2026-08-08,1949
21.93223,85.22158,297.9,60,VIIRS,2026-08-08,1949
21.00043,86.02753,309.01,60,VIIRS,2026-08-08,1949
21.00165,86.02482,308.89,60,VIIRS,2026-08-08,1949
20.97302,86.00365,308.61,60,VIIRS,2026-08-08,1949
20.95286,86.04559,332.55,60,VIIRS,2026-08-08,1949
20.95228,86.04957,325.52,60,VIIRS,2026-08-08,1949
21.07747,85.03615,309.08,60,VIIRS,2026-08-08,1949
21.07626,85.04499,308.61,60,VIIRS,2026-08-08,1949
20.98473,85.13493,307.85,60,VIIRS,2026-08-08,1949
20.98116,85.13437,302.21,60,VIIRS,2026-08-08,1949
20.9763,85.16914,305.74,60,VIIRS,2026-08-08,1949
20.97569,85.17348,314.6,60,VIIRS,2026-08-08,1949
20.97152,85.17728,319.85,60,VIIRS,2026-08-08,1949
20.96917,85.16802,311.11,60,VIIRS,2026-08-08,1949
20.96856,85.17236,314.5,60,VIIRS,2026-08-08,1949
20.96795,85.17672,316.4,60,VIIRS,2026-08-08,1949
20.96614,85.18969,304.74,60,VIIRS,2026-08-08,1949
20.96258,85.18911,328.3,60,VIIRS,2026-08-08,1949
20.96621,85.16311,313.47,60,VIIRS,2026-08-08,1949
20.9656,85.16747,309.42,60,VIIRS,2026-08-08,1949
20.96499,85.17181,311.45,60,VIIRS,2026-08-08,1949
20.96439,85.17616,306.31,60,VIIRS,2026-08-08,1949
20.96378,85.18049,310.49,60,VIIRS,2026-08-08,1949
20.96318,85.18481,314.66,60,VIIRS,2026-08-08,1949
20.86744,84.98976,299.76,60,VIIRS,2026-08-08,1949
20.86685,84.99406,309.86,60,VIIRS,2026-08-08,1949
20.86386,84.98915,316.6,60,VIIRS,2026-08-08,1949
20.86326,84.9935,306.65,60,VIIRS,2026-08-08,1949
20.80891,85.25505,314.19,60,VIIRS,2026-08-08,1949
20.80477,85.25878,309.56,60,VIIRS,2026-08-08,1949
20.79768,85.25767,309.27,60,VIIRS,2026-08-08,1949
20.79472,85.25284,319.28,60,VIIRS,2026-08-08,1949
20.79,85.26079,304.87,60,VIIRS,2026-08-08,1949
20.78941,85.26505,303.33,60,VIIRS,2026-08-08,1949
20.78646,85.26022,310.94,60,VIIRS,2026-08-08,1949
20.78587,85.26447,313.51,60,VIIRS,2026-08-08,1949
20.78656,85.26159,321.15,60,VIIRS,2026-08-08,1949
20.76046,85.29235,305.84,60,VIIRS,2026-08-08,1949
20.75985,85.29664,318.9,60,VIIRS,2026-08-08,1949
20.96957,86.0031,303.83,60,VIIRS,2026-08-08,1949
25.03469,87.39004,308.49,60,VIIRS,2026-08-08,1949
25.03335,87.37007,310.04,60,VIIRS,2026-08-08,1949
24.1201,86.86292,309.55,60,VIIRS,2026-08-08,1949
24.11726,86.85825,305.43,60,VIIRS,2026-08-08,1949
24.11667,86.86233,305.44,60,VIIRS,2026-08-08,1949
23.69414,87.12292,312.8,60,VIIRS,2026-08-08,1949
23.80323,86.32977,312.97,60,VIIRS,2026-08-08,1949
23.69305,87.10648,309.3,60,VIIRS,2026-08-08,1949
23.69248,87.11044,308.7,60,VIIRS,2026-08-08,1949
23.69076,87.12234,305.84,60,VIIRS,2026-08-08,1949
23.79623,86.35448,309.89,60,VIIRS,2026-08-08,1949
23.69081,87.09795,306.72,60,VIIRS,2026-08-08,1949
23.68284,87.1291,309.75,60,VIIRS,2026-08-08,1949
23.78053,86.39062,307.01,60,VIIRS,2026-08-08,1949
23.78289,86.34789,306.09,60,VIIRS,2026-08-08,1949
23.77938,86.37319,315.23,60,VIIRS,2026-08-08,1949
23.66529,87.1545,327.61,60,VIIRS,2026-08-08,1949
23.77941,86.34731,307.68,60,VIIRS,2026-08-08,1949
23.77707,86.36417,311.64,60,VIIRS,2026-08-08,1949
23.77416,86.38523,305.77,60,VIIRS,2026-08-08,1949
23.66471,87.15846,308.7,60,VIIRS,2026-08-08,1949
23.77359,86.36359,328.01,60,VIIRS,2026-08-08,1949
23.76778,86.40562,325.11,60,VIIRS,2026-08-08,1949
23.76836,86.40141,318.64,60,VIIRS,2026-08-08,1949
23.66191,87.15392,308.39,60,VIIRS,2026-08-08,1949
23.7643,86.40504,321.26,60,VIIRS,2026-08-08,1949
23.76605,86.39243,306.84,60,VIIRS,2026-08-08,1949
23.76488,86.40083,308.19,60,VIIRS,2026-08-08,1949
23.76599,86.40699,323.55,60,VIIRS,2026-08-08,1949
23.76659,86.40277,316.18,60,VIIRS,2026-08-08,1949
23.76311,86.4022,313.6,60,VIIRS,2026-08-08,1949
23.76024,86.3974,304.41,60,VIIRS,2026-08-08,1949
23.75964,86.40161,319.24,60,VIIRS,2026-08-08,1949
23.75904,86.40582,306.3,60,VIIRS,2026-08-08,1949
23.75378,86.41779,312.32,60,VIIRS,2026-08-08,1949
23.75031,86.4172,311.42,60,VIIRS,2026-08-08,1949
24.20755,82.71158,303.82,60,VIIRS,2026-08-08,1949
24.2033,82.71077,303.58,60,VIIRS,2026-08-08,1949
24.19848,82.71488,302.04,60,VIIRS,2026-08-08,1949
23.71841,86.44173,308.23,60,VIIRS,2026-08-08,1949
23.7179,86.42026,308.22,60,VIIRS,2026-08-08,1949
23.71376,86.4495,303.89,60,VIIRS,2026-08-08,1949
23.71384,86.42384,304.29,60,VIIRS,2026-08-08,1949
24.18365,82.65485,304.81,60,VIIRS,2026-08-08,1949
24.16996,82.62179,310.52,60,VIIRS,2026-08-08,1949
23.69019,86.38985,308.81,60,VIIRS,2026-08-08,1949
23.68612,86.39349,320.67,60,VIIRS,2026-08-08,1949
23.68265,86.39288,304.55,60,VIIRS,2026-08-08,1949
15.18034,77.10195,299.76,60,VIIRS,2026-08-08,1951
15.02639,78.0145,304.39,60,VIIRS,2026-08-08,1951
11.03697,77.77518,297.17,60,VIIRS,2026-08-08,1951
9.76131,77.62019,297.9,60,VIIRS,2026-08-08,1953
26.64129,79.48198,298.08,60,VIIRS,2026-08-08,2127
31.2613,76.92593,304.77,60,VIIRS,2026-08-08,2127
26.64099,79.48178,297.58,60,VIIRS,2026-08-08,2127
25.94461,72.19249,327.14,60,VIIRS,2026-08-08,2129
22.93449,69.69886,306.59,60,VIIRS,2026-08-08,2129
18.95796,73.94247,295.97,60,VIIRS,2026-08-08,2131
18.95629,73.94073,295.62,60,VIIRS,2026-08-08,2131
23.69815,86.07658,328.72,60,VIIRS,2026-08-09,0701
27.96522,95.60564,330.57,30,VIIRS,2026-08-09,0703
27.77813,95.53909,330.71,30,VIIRS,2026-08-09,0703
27.77391,95.53493,331.1,30,VIIRS,2026-08-09,0703
27.96945,95.60986,332.72,60,VIIRS,2026-08-09,0703
9.33855,77.71365,337.5,60,VIIRS,2026-08-09,0839
9.33919,77.71819,337.47,60,VIIRS,2026-08-09,0839
9.55403,77.81441,335.36,60,VIIRS,2026-08-09,0839
13.68176,76.16438,334.11,60,VIIRS,2026-08-09,0839
13.35395,76.12534,352.49,60,VIIRS,2026-08-09,0839
13.43076,79.83887,367,90,VIIRS,2026-08-09,0839
12.53732,77.01344,334.41,60,VIIRS,2026-08-09,0839
11.19376,78.23439,339.25,60,VIIRS,2026-08-09,0839
11.07198,78.70229,337.59,60,VIIRS,2026-08-09,0839
11.07089,78.70502,334.46,60,VIIRS,2026-08-09,0839
9.34092,77.71509,345.75,60,VIIRS,2026-08-09,0839
26.06175,70.26306,340.74,60,VIIRS,2026-08-09,0843
28.61605,73.78303,330.42,60,VIIRS,2026-08-09,0845
27.40552,96.0146,308.47,60,VIIRS,2026-08-09,1928
23.80263,86.333,305.58,60,VIIRS,2026-08-09,1930
24.16866,82.61945,312.03,60,VIIRS,2026-08-09,1930
23.80776,86.32849,309.13,60,VIIRS,2026-08-09,1930
23.80318,86.3279,319.29,60,VIIRS,2026-08-09,1930
23.80096,86.34815,309.88,60,VIIRS,2026-08-09,1930
23.8004,86.35328,304.87,60,VIIRS,2026-08-09,1930
23.79584,86.35263,314.98,60,VIIRS,2026-08-09,1930
23.77993,86.37107,307.02,60,VIIRS,2026-08-09,1930
23.77827,86.38636,315.55,60,VIIRS,2026-08-09,1930
23.77592,86.36537,321.27,60,VIIRS,2026-08-09,1930
23.69369,87.10718,308.64,60,VIIRS,2026-08-09,1930
23.69318,87.11169,309.79,60,VIIRS,2026-08-09,1930
23.69215,87.12071,317.84,60,VIIRS,2026-08-09,1930
23.76753,86.40013,306.11,60,VIIRS,2026-08-09,1930
23.76698,86.40524,318.41,60,VIIRS,2026-08-09,1930
23.69037,87.09753,306.69,60,VIIRS,2026-08-09,1930
23.68781,87.12008,314.11,60,VIIRS,2026-08-09,1930
23.78325,86.21065,305.69,60,VIIRS,2026-08-09,1930
23.76299,86.39951,310.56,60,VIIRS,2026-08-09,1930
23.76243,86.40464,309.63,60,VIIRS,2026-08-09,1930
23.68245,87.12855,306.09,60,VIIRS,2026-08-09,1930
23.7792,86.20475,305.55,60,VIIRS,2026-08-09,1930
23.77864,86.20998,309.25,60,VIIRS,2026-08-09,1930
23.75844,86.39886,307.16,60,VIIRS,2026-08-09,1930
23.75789,86.40396,309.87,60,VIIRS,2026-08-09,1930
23.6664,87.15377,312.24,60,VIIRS,2026-08-09,1930
23.74102,86.43219,307.75,60,VIIRS,2026-08-09,1930
23.66207,87.15318,307.75,60,VIIRS,2026-08-09,1930
23.73648,86.43156,319.98,60,VIIRS,2026-08-09,1930
23.72634,86.44032,309.25,60,VIIRS,2026-08-09,1930
23.7218,86.4397,305.79,60,VIIRS,2026-08-09,1930
23.71938,86.41898,305.17,60,VIIRS,2026-08-09,1930
23.71673,86.44408,304.11,60,VIIRS,2026-08-09,1930
23.7162,86.4491,305.81,60,VIIRS,2026-08-09,1930
23.72552,86.43864,313.31,60,VIIRS,2026-08-09,1930
23.66858,86.93404,304.88,60,VIIRS,2026-08-09,1930
23.72042,86.44305,305.57,60,VIIRS,2026-08-09,1930
23.71815,86.42233,307.08,60,VIIRS,2026-08-09,1930
23.71476,86.45244,316.01,60,VIIRS,2026-08-09,1930
23.70795,86.43107,308.24,60,VIIRS,2026-08-09,1930
23.75755,85.85046,304.48,60,VIIRS,2026-08-09,1930
23.75696,85.85595,307.31,60,VIIRS,2026-08-09,1930
23.61313,87.14422,306.56,60,VIIRS,2026-08-09,1930
23.69257,86.40362,306.66,60,VIIRS,2026-08-09,1930
23.68914,86.39288,305.02,60,VIIRS,2026-08-09,1930
23.68459,86.3922,313.68,60,VIIRS,2026-08-09,1930
23.68403,86.39732,308.59,60,VIIRS,2026-08-09,1930
23.63527,86.83443,304.87,60,VIIRS,2026-08-09,1930
23.67949,86.39664,324.02,60,VIIRS,2026-08-09,1930
23.67894,86.40165,306.48,60,VIIRS,2026-08-09,1930
23.56351,87.23245,333.44,60,VIIRS,2026-08-09,1930
23.68398,86.09574,319.64,60,VIIRS,2026-08-09,1930
23.55819,87.24075,311.66,60,VIIRS,2026-08-09,1930
23.56292,87.08218,313.01,60,VIIRS,2026-08-09,1930
23.4847,87.36115,313.17,60,VIIRS,2026-08-09,1930
23.65034,85.43754,329.37,60,VIIRS,2026-08-09,1930
22.87357,88.21239,305.31,60,VIIRS,2026-08-09,1930
22.87456,86.05971,304.32,60,VIIRS,2026-08-09,1930
22.87399,86.06478,303.36,60,VIIRS,2026-08-09,1930
22.8109,86.08758,303.78,60,VIIRS,2026-08-09,1930
22.80119,86.09136,311.64,60,VIIRS,2026-08-09,1930
22.78982,86.19749,306.64,60,VIIRS,2026-08-09,1930
22.79198,86.21184,306.4,60,VIIRS,2026-08-09,1930
22.80127,86.09036,311.6,60,VIIRS,2026-08-09,1930
22.78914,86.19627,305.92,60,VIIRS,2026-08-09,1930
22.36613,87.01873,311.28,60,VIIRS,2026-08-09,1930
22.36184,87.0181,309.81,60,VIIRS,2026-08-09,1930
27.31784,95.26588,307.88,60,VIIRS,2026-08-09,1930
24.20835,82.70866,303.83,60,VIIRS,2026-08-09,1930
24.20799,82.71298,303.89,60,VIIRS,2026-08-09,1930
24.1829,82.66151,304.97,60,VIIRS,2026-08-09,1930
24.20751,82.71186,308.6,60,VIIRS,2026-08-09,1930
24.20174,82.71103,301.51,60,VIIRS,2026-08-09,1930
24.20134,82.71565,305.62,60,VIIRS,2026-08-09,1930
24.18312,82.65615,299.78,60,VIIRS,2026-08-09,1930
24.18274,82.66058,304.02,60,VIIRS,2026-08-09,1930
24.17769,82.65121,301.64,60,VIIRS,2026-08-09,1930
21.76072,83.84116,303.05,60,VIIRS,2026-08-09,1932
21.7653,83.84863,312.51,60,VIIRS,2026-08-09,1932
22.004,82.66974,314.99,60,VIIRS,2026-08-09,1932
21.75876,84.02281,311.01,60,VIIRS,2026-08-09,1932
22.06671,83.70587,302.74,60,VIIRS,2026-08-09,1932
22.20396,84.59077,300.31,60,VIIRS,2026-08-09,1932
21.9717,83.19962,301.17,60,VIIRS,2026-08-09,1932
21.76504,83.84802,311.47,60,VIIRS,2026-08-09,1932
34.15832,77.61065,299.54,60,VIIRS,2026-08-09,2108
25.94308,72.19237,323.48,60,VIIRS,2026-08-09,2110
29.47427,76.85662,308.43,60,VIIRS,2026-08-09,2110
29.47654,76.86024,309.21,60,VIIRS,2026-08-09,2110
21.10605,72.64634,322.71,60,VIIRS,2026-08-09,2112
19.8015,78.86324,301.41,60,VIIRS,2026-08-09,2112
19.93199,79.12069,301.99,60,VIIRS,2026-08-09,2112
22.33982,69.85525,302.09,60,VIIRS,2026-08-09,2112
22.33785,69.86696,301.74,60,VIIRS,2026-08-09,2112
22.93224,69.69859,321.56,60,VIIRS,2026-08-09,2112
22.93379,69.70245,307.21,60,VIIRS,2026-08-09,2112
22.93444,69.6986,319.78,60,VIIRS,2026-08-09,2112
23.49984,68.57928,308.19,60,VIIRS,2026-08-09,2112
23.31344,70.20078,302.83,60,VIIRS,2026-08-09,2112
23.24687,69.86861,305.87,60,VIIRS,2026-08-09,2112
22.92689,69.82484,306.64,60,VIIRS,2026-08-09,2112
21.05469,72.85502,306.21,60,VIIRS,2026-08-09,2112
21.10486,72.64937,304.97,60,VIIRS,2026-08-09,2112
21.10583,72.6441,310.51,60,VIIRS,2026-08-09,2112
21.05456,72.85148,304.19,60,VIIRS,2026-08-09,2112
11.30191,77.87934,304.66,60,VIIRS,2026-08-09,2114
15.07372,76.86428,300.48,60,VIIRS,2026-08-09,2114
14.87509,78.05061,301.43,60,VIIRS,2026-08-09,2114
15.17463,76.65839,305.91,60,VIIRS,2026-08-09,2114
15.17543,76.65447,305.44,60,VIIRS,2026-08-09,2114
10.41613,77.10946,304.02,60,VIIRS,2026-08-09,2114
10.41274,77.106,297.29,60,VIIRS,2026-08-09,2114
15.17702,76.67539,300.84,60,VIIRS,2026-08-09,2114
15.18098,76.65578,300.94,60,VIIRS,2026-08-09,2114
15.18574,76.66101,302.94,60,VIIRS,2026-08-09,2114
15.18654,76.6571,306.69,60,VIIRS,2026-08-09,2114
14.87422,78.05255,305.93,60,VIIRS,2026-08-09,2114
15.17825,76.65834,309.19,60,VIIRS,2026-08-09,2114
15.17907,76.65443,306.28,60,VIIRS,2026-08-09,2114
15.18936,76.66093,302.58,60,VIIRS,2026-08-09,2114
15.33559,76.28592,296.76,60,VIIRS,2026-08-09,2114
15.1803,77.10293,297.77,60,VIIRS,2026-08-09,2114
17.14878,78.22474,300.48,60,VIIRS,2026-08-09,2114
9.71661,77.60519,314.24,60,VIIRS,2026-08-09,2116
9.72237,77.61021,316.17,60,VIIRS,2026-08-09,2116
9.7239,77.60253,315.84,60,VIIRS,2026-08-09,2116
27.77472,95.5388,330.86,30,VIIRS,2026-08-10,0644
22.37571,87.28049,331.03,60,VIIRS,2026-08-10,0644
9.24181,77.61673,341.53,60,VIIRS,2026-08-10,0820
9.21721,77.95048,338.78,60,VIIRS,2026-08-10,0820
9.11584,77.54512,347.39,60,VIIRS,2026-08-10,0820
9.11244,77.54563,339.22,60,VIIRS,2026-08-10,0820
9.21488,78.68938,335.6,60,VIIRS,2026-08-10,0820
9.45328,77.62675,344.8,60,VIIRS,2026-08-10,0820
9.00506,77.7899,342.06,60,VIIRS,2026-08-10,0820
8.73037,77.89612,340.37,60,VIIRS,2026-08-10,0820
8.66383,77.87165,338.08,60,VIIRS,2026-08-10,0820
8.66362,77.87156,336.94,60,VIIRS,2026-08-10,0820
10.00575,78.03493,346.98,60,VIIRS,2026-08-10,0820
9.21539,78.68924,335.67,60,VIIRS,2026-08-10,0820
9.63104,77.74139,341.86,60,VIIRS,2026-08-10,0820
9.67609,77.4088,347.17,60,VIIRS,2026-08-10,0820
9.94512,78.71644,337.78,60,VIIRS,2026-08-10,0820
9.5336,78.52003,333.08,30,VIIRS,2026-08-10,0820
15.75783,79.76744,335.57,60,VIIRS,2026-08-10,0822
10.00979,78.03833,335.25,60,VIIRS,2026-08-10,0822
10.14497,78.85644,331.26,60,VIIRS,2026-08-10,0822
9.98345,77.63867,339.66,60,VIIRS,2026-08-10,0822
10.05825,77.90831,331.1,60,VIIRS,2026-08-10,0822
10.39875,79.41953,333.63,60,VIIRS,2026-08-10,0822
10.64331,79.07994,335.42,60,VIIRS,2026-08-10,0822
10.72432,78.83788,339.84,60,VIIRS,2026-08-10,0822
10.73855,78.73103,335.66,60,VIIRS,2026-08-10,0822
10.73917,78.72775,332.28,60,VIIRS,2026-08-10,0822
11.7135,77.73086,336.43,60,VIIRS,2026-08-10,0822
11.86015,77.02831,338.33,60,VIIRS,2026-08-10,0822
12.03508,77.07492,336.61,60,VIIRS,2026-08-10,0822
12.46242,78.27564,334.7,60,VIIRS,2026-08-10,0822
12.27599,76.51857,335.51,60,VIIRS,2026-08-10,0822
12.61552,77.65279,335.2,60,VIIRS,2026-08-10,0822
12.56628,76.95201,334.51,60,VIIRS,2026-08-10,0822
12.55401,76.62975,330.41,60,VIIRS,2026-08-10,0822
12.60272,76.67905,332.22,60,VIIRS,2026-08-10,0822
12.86452,78.37373,333.13,60,VIIRS,2026-08-10,0822
13.1379,79.62981,330.41,60,VIIRS,2026-08-10,0822
13.21113,78.82519,335.3,60,VIIRS,2026-08-10,0822
13.21487,78.82461,337.51,60,VIIRS,2026-08-10,0822
13.49751,79.59806,334.53,60,VIIRS,2026-08-10,0822
13.43354,78.25616,333.66,60,VIIRS,2026-08-10,0822
13.57464,77.34303,337.24,60,VIIRS,2026-08-10,0822
13.57614,77.34341,336.1,60,VIIRS,2026-08-10,0822
13.76895,78.33397,332.77,60,VIIRS,2026-08-10,0822
13.99193,79.82552,339.29,60,VIIRS,2026-08-10,0822
14.15537,79.64816,330.71,60,VIIRS,2026-08-10,0822
14.21666,78.06795,339,60,VIIRS,2026-08-10,0822
14.21716,78.06883,346.62,60,VIIRS,2026-08-10,0822
14.14986,77.24381,345.82,60,VIIRS,2026-08-10,0822
14.14929,77.23981,335.55,60,VIIRS,2026-08-10,0822
14.14816,77.2318,341.68,60,VIIRS,2026-08-10,0822
14.15165,77.23126,349.09,60,VIIRS,2026-08-10,0822
14.15458,77.22675,337.66,60,VIIRS,2026-08-10,0822
14.24873,77.45737,338.59,60,VIIRS,2026-08-10,0822
14.25226,77.45686,332.16,60,VIIRS,2026-08-10,0822
14.25112,77.44867,335.77,60,VIIRS,2026-08-10,0822
14.27824,77.43636,337.49,60,VIIRS,2026-08-10,0822
14.28235,77.43993,346.08,60,VIIRS,2026-08-10,0822
14.28178,77.43584,345.06,60,VIIRS,2026-08-10,0822
14.2812,77.43176,346.66,60,VIIRS,2026-08-10,0822
14.28646,77.44348,338.54,60,VIIRS,2026-08-10,0822
14.28884,77.43481,350.18,60,VIIRS,2026-08-10,0822
14.28827,77.43073,336,60,VIIRS,2026-08-10,0822
14.29706,77.44194,340.53,60,VIIRS,2026-08-10,0822
14.29591,77.43378,344.53,60,VIIRS,2026-08-10,0822
14.29648,77.43787,355.99,30,VIIRS,2026-08-10,0822
14.30471,77.44501,338.9,60,VIIRS,2026-08-10,0822
14.30413,77.44093,340.38,60,VIIRS,2026-08-10,0822
14.30239,77.42867,343.69,60,VIIRS,2026-08-10,0822
14.30181,77.42458,341.63,60,VIIRS,2026-08-10,0822
14.30297,77.43273,356.07,30,VIIRS,2026-08-10,0822
14.30825,77.44452,337.17,60,VIIRS,2026-08-10,0822
14.30592,77.42816,341.86,60,VIIRS,2026-08-10,0822
14.31236,77.44811,338.01,60,VIIRS,2026-08-10,0822
14.31178,77.44402,343.64,60,VIIRS,2026-08-10,0822
14.32301,77.42155,337.25,60,VIIRS,2026-08-10,0822
14.33184,77.40768,355.06,60,VIIRS,2026-08-10,0822
14.33125,77.40359,345.33,60,VIIRS,2026-08-10,0822
14.71122,79.80875,330.02,60,VIIRS,2026-08-10,0822
14.80234,79.93763,332.22,60,VIIRS,2026-08-10,0822
14.78591,79.71244,343.58,60,VIIRS,2026-08-10,0822
14.78995,79.71188,339.35,60,VIIRS,2026-08-10,0822
14.55706,77.39198,338.34,60,VIIRS,2026-08-10,0822
14.55707,77.39243,337.62,60,VIIRS,2026-08-10,0822
14.97224,80.03103,336.77,60,VIIRS,2026-08-10,0822
14.66078,77.3604,331.89,60,VIIRS,2026-08-10,0822
14.97743,79.43329,333,60,VIIRS,2026-08-10,0822
15.09287,79.96823,339.81,60,VIIRS,2026-08-10,0822
14.78169,77.37339,336.48,60,VIIRS,2026-08-10,0822
14.78524,77.37289,336.64,60,VIIRS,2026-08-10,0822
14.88878,78.10177,338.18,60,VIIRS,2026-08-10,0822
14.84694,77.79433,337.54,60,VIIRS,2026-08-10,0822
14.89306,78.10571,337.64,60,VIIRS,2026-08-10,0822
14.85055,77.79381,337.12,60,VIIRS,2026-08-10,0822
15.31365,79.78667,341.47,60,VIIRS,2026-08-10,0822
15.31296,79.78638,342.14,60,VIIRS,2026-08-10,0822
15.49235,79.8241,332.11,60,VIIRS,2026-08-10,0822
15.5248,79.9765,351.78,60,VIIRS,2026-08-10,0822
15.41795,78.95978,331.92,60,VIIRS,2026-08-10,0822
15.66667,80.24131,343.19,60,VIIRS,2026-08-10,0822
15.67091,80.24074,343.53,60,VIIRS,2026-08-10,0822
15.61103,79.78051,334.72,60,VIIRS,2026-08-10,0822
15.60812,79.18585,330.25,60,VIIRS,2026-08-10,0822
15.19627,76.08163,337.68,60,VIIRS,2026-08-10,0822
15.7542,79.77182,338.71,60,VIIRS,2026-08-10,0822
15.75735,79.76363,336.35,60,VIIRS,2026-08-10,0822
15.81728,79.80627,336.88,60,VIIRS,2026-08-10,0822
15.86669,79.77642,335.2,60,VIIRS,2026-08-10,0822
15.55135,76.48229,335.96,60,VIIRS,2026-08-10,0822
15.55479,76.48177,339.78,60,VIIRS,2026-08-10,0822
15.56179,76.03996,338.87,60,VIIRS,2026-08-10,0822
15.56125,76.03621,343.31,60,VIIRS,2026-08-10,0822
15.56572,76.0432,336.78,60,VIIRS,2026-08-10,0822
15.56518,76.03944,336.13,60,VIIRS,2026-08-10,0822
15.73907,76.86617,338.1,60,VIIRS,2026-08-10,0822
16.05512,78.06351,330.08,60,VIIRS,2026-08-10,0822
16.62461,80.19436,331.67,60,VIIRS,2026-08-10,0822
16.60608,75.57046,330,60,VIIRS,2026-08-10,0822
27.53482,95.39982,308.55,60,VIIRS,2026-08-10,1910
27.37869,95.33251,325.7,60,VIIRS,2026-08-10,1910
27.3791,95.08576,306.78,60,VIIRS,2026-08-10,1910
26.77439,94.50468,308.83,60,VIIRS,2026-08-10,1910
23.68155,86.0921,312.29,60,VIIRS,2026-08-10,1913
23.75644,85.85308,307.01,60,VIIRS,2026-08-10,1913
23.66453,87.15629,299.42,60,VIIRS,2026-08-10,1913
23.79861,86.34744,300.65,60,VIIRS,2026-08-10,1913
22.78907,86.20575,298.88,60,VIIRS,2026-08-10,1913
23.64963,85.43684,324.65,60,VIIRS,2026-08-10,1913
23.61393,86.78837,302.67,60,VIIRS,2026-08-10,1913
23.61654,86.78923,302.22,60,VIIRS,2026-08-10,1913
22.87483,86.0607,309.68,60,VIIRS,2026-08-10,1913
23.64957,85.43659,321.91,60,VIIRS,2026-08-10,1913
31.6313,74.4256,304.51,60,VIIRS,2026-08-10,2049
29.45847,76.86858,313.9,60,VIIRS,2026-08-10,2049
29.45921,76.86439,300.55,60,VIIRS,2026-08-10,2049
23.78639,85.55227,305.35,60,VIIRS,2026-08-10,2051
23.78147,85.5724,303.08,60,VIIRS,2026-08-10,2051
23.69555,85.37071,315.69,60,VIIRS,2026-08-10,2051
23.69679,85.28837,305.54,60,VIIRS,2026-08-10,2051
23.64775,85.43591,313.62,60,VIIRS,2026-08-10,2051
23.64651,85.44092,299.89,60,VIIRS,2026-08-10,2051
23.69436,85.36815,313.48,60,VIIRS,2026-08-10,2051
23.65179,85.44008,303.94,60,VIIRS,2026-08-10,2051
23.64582,85.43847,305.49,60,VIIRS,2026-08-10,2051
22.87393,86.06034,307.16,60,VIIRS,2026-08-10,2051
22.79116,86.1979,302.84,60,VIIRS,2026-08-10,2051
22.78977,86.20351,316.04,60,VIIRS,2026-08-10,2051
22.78837,86.20921,301.4,60,VIIRS,2026-08-10,2051
24.76402,74.60906,296.61,60,VIIRS,2026-08-10,2051
20.98444,85.12879,297.34,60,VIIRS,2026-08-10,2051
20.98315,85.13412,299.79,60,VIIRS,2026-08-10,2051
20.98612,85.1319,299.74,60,VIIRS,2026-08-10,2051
20.97995,85.1302,299.23,60,VIIRS,2026-08-10,2051
20.97868,85.13556,296.34,60,VIIRS,2026-08-10,2051
21.5029,81.81057,298.76,60,VIIRS,2026-08-10,2051
23.714,86.44791,310.79,60,VIIRS,2026-08-10,2051
23.76558,86.40242,313.51,60,VIIRS,2026-08-10,2051
26.25819,74.0951,303.12,60,VIIRS,2026-08-10,2051
23.73986,86.43388,312.4,60,VIIRS,2026-08-10,2051
23.76097,86.40368,303.25,60,VIIRS,2026-08-10,2051
23.76862,86.4,304.07,60,VIIRS,2026-08-10,2051
23.78405,86.33894,308.11,60,VIIRS,2026-08-10,2051
23.79377,86.35343,305.95,60,VIIRS,2026-08-10,2051
23.79513,86.34801,306.53,60,VIIRS,2026-08-10,2051
23.80698,86.32746,310.28,60,VIIRS,2026-08-10,2051
26.64114,79.47723,312.55,60,VIIRS,2026-08-10,2051
23.70771,86.44617,305.44,60,VIIRS,2026-08-10,2051
23.68758,86.39223,307.96,60,VIIRS,2026-08-10,2051
23.68129,86.39057,306.83,60,VIIRS,2026-08-10,2051
23.67991,86.39603,309.85,60,VIIRS,2026-08-10,2051
23.69786,86.07152,301.54,60,VIIRS,2026-08-10,2051
23.66668,86.09091,303.34,60,VIIRS,2026-08-10,2051
23.73844,86.43079,311.63,60,VIIRS,2026-08-10,2051
18.85651,72.9276,318.01,60,VIIRS,2026-08-10,2053
9.52623,77.45048,305.38,60,VIIRS,2026-08-10,2055
9.52703,77.44603,308.2,60,VIIRS,2026-08-10,2055
9.53123,77.45007,347.58,60,VIIRS,2026-08-10,2055
9.53198,77.44591,338.6,60,VIIRS,2026-08-10,2055
9.70288,77.59147,311.67,60,VIIRS,2026-08-10,2055
9.70375,77.58665,313.21,60,VIIRS,2026-08-10,2055
9.76019,77.70898,302.96,60,VIIRS,2026-08-10,2055
8.61649,77.94954,307.5,60,VIIRS,2026-08-10,2055
9.29199,77.49243,307.91,60,VIIRS,2026-08-10,2055
9.28053,77.3913,310.02,60,VIIRS,2026-08-10,2055
27.72578,95.4888,331.18,30,VIIRS,2026-08-11,0625
27.773,95.53599,330.11,30,VIIRS,2026-08-11,0625
27.77858,95.54299,330.41,30,VIIRS,2026-08-11,0625
27.80815,95.56168,329.71,30,VIIRS,2026-08-11,0625
27.95623,95.60721,329.33,30,VIIRS,2026-08-11,0625
28.06727,95.37943,332.36,60,VIIRS,2026-08-11,0625
28.06329,95.35921,332.38,60,VIIRS,2026-08-11,0625
28.06248,95.35514,334.09,60,VIIRS,2026-08-11,0625
27.24228,88.3063,334.79,60,VIIRS,2026-08-11,0625
27.24037,88.29879,325.72,60,VIIRS,2026-08-11,0625
27.24048,88.30505,337.86,60,VIIRS,2026-08-11,0625
12.80698,79.95535,331.35,30,VIIRS,2026-08-11,0803
16.42483,80.22822,336.66,60,VIIRS,2026-08-11,0805
24.16899,82.62115,335.93,60,VIIRS,2026-08-11,0805
25.94187,72.19154,334,60,VIIRS,2026-08-11,0805
13.36676,80.1537,345.95,60,VIIRS,2026-08-11,0805
13.41835,80.20307,332.78,60,VIIRS,2026-08-11,0805
14.44843,77.61977,337,30,VIIRS,2026-08-11,0805
14.79032,79.71083,337.76,30,VIIRS,2026-08-11,0805
14.79469,79.71741,347.18,60,VIIRS,2026-08-11,0805
14.798,79.71689,336.59,60,VIIRS,2026-08-11,0805
15.55267,80.06813,340.26,60,VIIRS,2026-08-11,0805
15.63307,79.89992,348.35,60,VIIRS,2026-08-11,0805
15.68148,79.9514,338.38,60,VIIRS,2026-08-11,0805
15.17736,76.65829,331.25,30,VIIRS,2026-08-11,0805
15.7331,79.90997,337.28,60,VIIRS,2026-08-11,0805
16.33412,80.46732,331.58,60,VIIRS,2026-08-11,0805
16.2183,79.40965,332.77,30,VIIRS,2026-08-11,0805
16.19033,79.22364,334.87,60,VIIRS,2026-08-11,0805
16.18979,79.22009,330.28,30,VIIRS,2026-08-11,0805
16.18925,79.21652,335,60,VIIRS,2026-08-11,0805
16.19309,79.21957,331.36,30,VIIRS,2026-08-11,0805
16.77258,80.1543,338.17,60,VIIRS,2026-08-11,0805
16.93329,80.66364,331.57,60,VIIRS,2026-08-11,0805
17.09067,81.20401,330.65,60,VIIRS,2026-08-11,0805
16.86279,78.9577,331.33,60,VIIRS,2026-08-11,0805
17.14918,80.78049,336.76,60,VIIRS,2026-08-11,0805
17.23456,81.26965,334.53,60,VIIRS,2026-08-11,0805
16.90999,78.88714,334.77,60,VIIRS,2026-08-11,0805
17.1221,79.64639,337.06,60,VIIRS,2026-08-11,0805
17.95493,80.79514,330.24,60,VIIRS,2026-08-11,0805
17.9502,79.46566,342.37,60,VIIRS,2026-08-11,0805
18.7149,79.54169,330.71,30,VIIRS,2026-08-11,0805
22.35736,82.30417,338.94,60,VIIRS,2026-08-11,0807
25.56323,88.43333,295.19,60,VIIRS,2026-08-11,1851
25.56276,88.4414,295.25,60,VIIRS,2026-08-11,1851
28.66428,77.57787,311.08,60,VIIRS,2026-08-11,2032
28.37074,77.26344,310.58,60,VIIRS,2026-08-11,2032
25.03829,87.38792,312.24,60,VIIRS,2026-08-11,2032
28.35049,77.2597,307.19,60,VIIRS,2026-08-11,2032
28.2789,77.27592,309.9,60,VIIRS,2026-08-11,2032
28.34712,77.25909,311.4,60,VIIRS,2026-08-11,2032
23.68402,86.0943,308.31,60,VIIRS,2026-08-11,2034
23.78876,85.55288,309.98,60,VIIRS,2026-08-11,2034
23.78448,85.57327,301.1,60,VIIRS,2026-08-11,2034
23.67584,86.08637,306.11,60,VIIRS,2026-08-11,2034
23.66999,86.09066,303.96,60,VIIRS,2026-08-11,2034
23.69359,85.3704,315.89,60,VIIRS,2026-08-11,2034
23.69675,85.28836,307.4,60,VIIRS,2026-08-11,2034
23.65083,85.43866,318.02,60,VIIRS,2026-08-11,2034
23.64632,85.43761,311.42,60,VIIRS,2026-08-11,2034
23.8256,84.57082,297.59,60,VIIRS,2026-08-11,2034
23.65055,85.43652,311.66,60,VIIRS,2026-08-11,2034
23.64951,85.4416,316.71,60,VIIRS,2026-08-11,2034
22.38033,87.27895,323.37,60,VIIRS,2026-08-11,2034
22.3811,87.27553,304.46,60,VIIRS,2026-08-11,2034
22.37956,87.28238,306.74,60,VIIRS,2026-08-11,2034
22.37516,87.27764,305.35,60,VIIRS,2026-08-11,2034
22.37052,87.29823,305.28,60,VIIRS,2026-08-11,2034
22.38022,87.27884,326.55,60,VIIRS,2026-08-11,2034
22.37947,87.28227,312.67,60,VIIRS,2026-08-11,2034
22.37055,87.29816,306.46,60,VIIRS,2026-08-11,2034
22.36096,87.29205,303.43,60,VIIRS,2026-08-11,2034
22.05571,88.12351,308.61,60,VIIRS,2026-08-11,2034
22.05482,88.12746,303.38,60,VIIRS,2026-08-11,2034
21.96473,83.7708,299.18,60,VIIRS,2026-08-11,2034
17.95876,80.79718,309.9,60,VIIRS,2026-08-11,2034
17.95963,80.79234,310.82,60,VIIRS,2026-08-11,2034
19.10163,82.17058,303.57,60,VIIRS,2026-08-11,2034
21.00171,86.02567,299.76,60,VIIRS,2026-08-11,2034
21.23481,79.62927,307.62,60,VIIRS,2026-08-11,2034
23.48966,87.36847,299.79,60,VIIRS,2026-08-11,2034
23.48532,87.36385,304.55,60,VIIRS,2026-08-11,2034
23.70853,86.07167,334.03,60,VIIRS,2026-08-11,2034
17.03654,81.80577,297.07,60,VIIRS,2026-08-11,2036
15.024,78.01444,313.7,60,VIIRS,2026-08-11,2036
14.93165,78.33964,306.82,60,VIIRS,2026-08-11,2036
15.18492,76.6724,298.67,60,VIIRS,2026-08-11,2036
15.18219,76.66824,300.27,60,VIIRS,2026-08-11,2036
14.87312,78.05287,318.43,60,VIIRS,2026-08-11,2036
13.39343,80.10166,305.49,60,VIIRS,2026-08-11,2036
13.89893,76.56593,308.17,60,VIIRS,2026-08-11,2036
13.15991,80.28368,303.75,60,VIIRS,2026-08-11,2036
17.02847,81.78075,298.82,60,VIIRS,2026-08-11,2036
16.37022,82.32142,318.83,60,VIIRS,2026-08-11,2036
9.52236,77.44857,302.37,60,VIIRS,2026-08-11,2038
9.53981,77.45353,319.07,60,VIIRS,2026-08-11,2038
9.48627,77.62683,305.24,60,VIIRS,2026-08-11,2038
9.52275,77.44942,306.38,60,VIIRS,2026-08-11,2038
9.20908,77.63577,341.99,60,VIIRS,2026-08-12,0744
9.20449,77.60951,335.56,60,VIIRS,2026-08-12,0744
9.6383,78.88969,341.3,60,VIIRS,2026-08-12,0744
9.97957,79.08302,332.1,60,VIIRS,2026-08-12,0744
10.04167,78.29845,331.42,60,VIIRS,2026-08-12,0744
9.91037,77.56055,335.31,60,VIIRS,2026-08-12,0744
10.39741,79.03778,333.73,60,VIIRS,2026-08-12,0744
10.77627,79.65818,343,60,VIIRS,2026-08-12,0744
10.83158,79.46785,330.5,60,VIIRS,2026-08-12,0744
10.85851,78.56897,338.97,60,VIIRS,2026-08-12,0744
10.9262,78.90511,330.07,30,VIIRS,2026-08-12,0744
10.87308,78.57518,330.32,60,VIIRS,2026-08-12,0744
11.11998,79.63828,333.57,60,VIIRS,2026-08-12,0744
18.08656,81.24291,335.15,60,VIIRS,2026-08-12,0746
18.08593,81.23905,356.33,30,VIIRS,2026-08-12,0746
21.67827,84.03967,331.58,60,VIIRS,2026-08-12,0746
21.74458,83.84264,341.87,60,VIIRS,2026-08-12,0746
21.74793,83.8421,345.22,60,VIIRS,2026-08-12,0746
21.75521,83.84486,343.61,60,VIIRS,2026-08-12,0746
21.76248,83.8476,331.66,60,VIIRS,2026-08-12,0746
21.92081,83.35064,346.59,60,VIIRS,2026-08-12,0746
22.35893,82.30504,333.67,60,VIIRS,2026-08-12,0746
23.82221,84.57487,333.58,60,VIIRS,2026-08-12,0746
25.33686,83.10394,330.3,30,VIIRS,2026-08-12,0748
25.45755,83.14108,336.4,60,VIIRS,2026-08-12,0748
25.46093,83.1405,335.44,60,VIIRS,2026-08-12,0748
25.4643,83.13992,333.19,60,VIIRS,2026-08-12,0748
29.73349,78.01696,332.85,30,VIIRS,2026-08-12,0748
29.32052,74.35227,338.87,60,VIIRS,2026-08-12,0748
31.49857,75.84365,330.44,30,VIIRS,2026-08-12,0750
24.16228,82.60419,304.2,60,VIIRS,2026-08-12,2014
27.46261,95.47537,305.77,60,VIIRS,2026-08-12,2014
28.65299,77.58749,312.79,60,VIIRS,2026-08-12,2014
26.64241,79.47778,308.34,60,VIIRS,2026-08-12,2014
25.94514,72.18692,321.54,60,VIIRS,2026-08-12,2014
24.20732,82.70832,305.55,60,VIIRS,2026-08-12,2014
24.20403,82.7077,305.63,60,VIIRS,2026-08-12,2014
24.20345,82.71145,304.55,60,VIIRS,2026-08-12,2014
24.19957,82.71458,303.79,60,VIIRS,2026-08-12,2014
24.1854,82.6541,306.41,60,VIIRS,2026-08-12,2014
24.17882,82.65287,307.32,60,VIIRS,2026-08-12,2014
24.16979,82.62099,318.69,60,VIIRS,2026-08-12,2014
24.1692,82.62474,306.16,60,VIIRS,2026-08-12,2014
24.16861,82.62848,309.23,60,VIIRS,2026-08-12,2014
24.16145,82.631,302.49,60,VIIRS,2026-08-12,2014
24.13923,82.70773,305.69,60,VIIRS,2026-08-12,2014
23.82724,84.57159,297.82,60,VIIRS,2026-08-12,2014
23.8232,84.57487,301.72,60,VIIRS,2026-08-12,2014
11.76602,77.00774,317.57,60,VIIRS,2026-08-12,2017
21.2455,81.77003,307.98,60,VIIRS,2026-08-12,2017
21.21967,81.39117,307.04,60,VIIRS,2026-08-12,2017
21.1945,81.39828,317.88,60,VIIRS,2026-08-12,2017
21.18847,81.39343,306.85,60,VIIRS,2026-08-12,2017
21.18358,81.3812,311.86,60,VIIRS,2026-08-12,2017
21.18085,81.37692,303.51,60,VIIRS,2026-08-12,2017
21.33706,78.96845,302.49,60,VIIRS,2026-08-12,2017
21.24927,79.2072,305.11,60,VIIRS,2026-08-12,2017
21.24867,79.2114,303.02,60,VIIRS,2026-08-12,2017
21.24339,79.22346,305.21,60,VIIRS,2026-08-12,2017
10.6178,77.42089,304.49,60,VIIRS,2026-08-12,2017
10.92998,77.0639,306.78,60,VIIRS,2026-08-12,2017
10.92072,78.51337,318.72,60,VIIRS,2026-08-12,2017
10.92405,78.51392,312.26,60,VIIRS,2026-08-12,2017
11.15497,77.94162,302.25,60,VIIRS,2026-08-12,2017
22.35889,82.30314,320.33,60,VIIRS,2026-08-12,2017
22.3556,82.30254,305.44,60,VIIRS,2026-08-12,2017
22.08837,83.11952,312.44,60,VIIRS,2026-08-12,2017
22.04029,83.3499,304.76,60,VIIRS,2026-08-12,2017
22.03967,83.35366,301.84,60,VIIRS,2026-08-12,2017
21.92591,83.34019,309.86,60,VIIRS,2026-08-12,2017
21.92404,83.35147,309.96,60,VIIRS,2026-08-12,2017
21.92072,83.35084,327.23,60,VIIRS,2026-08-12,2017
21.91678,83.35397,300.5,60,VIIRS,2026-08-12,2017
21.98617,82.01643,300.01,60,VIIRS,2026-08-12,2017
21.31084,81.59235,309.73,60,VIIRS,2026-08-12,2017
21.29379,81.59311,305.98,60,VIIRS,2026-08-12,2017
8.67153,77.9933,304.22,60,VIIRS,2026-08-12,2019
15.33323,76.28339,300.09,60,VIIRS,2026-08-12,2019
15.33402,76.28646,299.45,60,VIIRS,2026-08-12,2019
14.1833,79.55907,304.67,60,VIIRS,2026-08-12,2019
12.85167,79.90427,341.34,60,VIIRS,2026-08-12,2019
25.94436,72.19416,319,60,VIIRS,2026-08-12,2153
25.9415,72.18927,302.41,60,VIIRS,2026-08-12,2153
25.93983,72.19559,309.26,60,VIIRS,2026-08-12,2153
9.61558,78.6358,334.43,60,VIIRS,2026-08-13,0724
9.88432,78.81351,331.34,60,VIIRS,2026-08-13,0724
23.67665,86.40098,333.86,60,VIIRS,2026-08-13,0729
23.67608,86.39724,331.99,60,VIIRS,2026-08-13,0729
23.68266,86.39605,333.38,60,VIIRS,2026-08-13,0729
23.68537,86.39171,330.93,60,VIIRS,2026-08-13,0729
23.71159,86.45226,346.75,60,VIIRS,2026-08-13,0729
23.75834,86.40134,333.68,60,VIIRS,2026-08-13,0729
23.76221,86.40449,340.79,60,VIIRS,2026-08-13,0729
23.7655,86.40389,339.52,60,VIIRS,2026-08-13,0729
23.77693,86.39029,334.95,60,VIIRS,2026-08-13,0729
23.78022,86.38969,334.79,60,VIIRS,2026-08-13,0729
23.79478,86.35245,333.48,60,VIIRS,2026-08-13,0729
23.8039,86.32387,339.14,60,VIIRS,2026-08-13,0729
25.2817,87.65293,335.42,60,VIIRS,2026-08-13,0729
26.89398,93.03973,342.38,60,VIIRS,2026-08-13,0729
26.93147,92.41478,342.18,60,VIIRS,2026-08-13,0729
29.06069,79.5211,330.18,60,VIIRS,2026-08-13,0731
23.76066,86.40447,303.03,60,VIIRS,2026-08-13,1955
23.75734,86.40388,307.4,60,VIIRS,2026-08-13,1955
23.75229,86.4147,299.86,60,VIIRS,2026-08-13,1955
23.76397,86.40507,300.84,60,VIIRS,2026-08-13,1955
23.69424,86.07922,300.84,60,VIIRS,2026-08-13,1955
22.06623,88.12367,330.11,60,VIIRS,2026-08-13,1955
22.06685,88.11991,311.52,60,VIIRS,2026-08-13,1955
22.06291,88.12305,322.96,60,VIIRS,2026-08-13,1955
22.06353,88.11928,312.11,60,VIIRS,2026-08-13,1955
22.05295,88.12115,313.37,60,VIIRS,2026-08-13,1955
22.05233,88.12492,307.35,60,VIIRS,2026-08-13,1955
23.76123,86.40067,307.01,60,VIIRS,2026-08-13,1955
23.69758,86.0798,298.91,60,VIIRS,2026-08-13,1955
17.06605,76.97811,296.17,60,VIIRS,2026-08-13,1957
10.44673,77.30595,329.87,60,VIIRS,2026-08-13,2000
9.93408,78.31805,302.76,60,VIIRS,2026-08-13,2000
9.30736,77.42999,306.93,60,VIIRS,2026-08-13,2000
26.26141,74.09524,303.01,60,VIIRS,2026-08-13,2136
25.80267,93.35385,332.42,60,VIIRS,2026-08-14,0709
25.99782,93.54985,346.08,60,VIIRS,2026-08-14,0709
25.78723,93.29169,333.86,60,VIIRS,2026-08-14,0709
9.67238,77.66545,340.87,60,VIIRS,2026-08-14,0845
8.89687,77.86032,347.59,60,VIIRS,2026-08-14,0845
9.48519,78.8107,351.98,60,VIIRS,2026-08-14,0845
9.41618,77.8159,341.75,60,VIIRS,2026-08-14,0845
9.61044,77.69771,330.73,60,VIIRS,2026-08-14,0845
9.84466,77.92301,334.67,60,VIIRS,2026-08-14,0845
9.84711,77.92158,338.34,60,VIIRS,2026-08-14,0845
9.89835,77.83366,350.48,60,VIIRS,2026-08-14,0845
14.38171,78.2594,338.71,60,VIIRS,2026-08-14,0848
14.38047,78.25787,334.96,60,VIIRS,2026-08-14,0848
26.76095,83.19885,295.11,60,VIIRS,2026-08-14,1936
23.48498,87.36285,306.09,60,VIIRS,2026-08-14,1938
21.37745,81.64008,295.18,60,VIIRS,2026-08-14,1938
23.56334,87.08531,298.19,60,VIIRS,2026-08-14,1938
15.18426,76.66785,297.5,60,VIIRS,2026-08-14,1940
15.18363,76.67431,295.95,60,VIIRS,2026-08-14,1940
15.17863,76.65427,300.27,60,VIIRS,2026-08-14,1940
15.1836,76.66831,298.19,60,VIIRS,2026-08-14,1940
15.18293,76.67477,296.27,60,VIIRS,2026-08-14,1940
15.17805,76.65479,300.83,60,VIIRS,2026-08-14,1940
25.94182,72.19268,312.41,60,VIIRS,2026-08-14,2118
22.93377,69.69614,312.98,60,VIIRS,2026-08-14,2118
28.01448,95.62774,334.27,60,VIIRS,2026-08-15,0652
28.15596,95.59682,334.4,60,VIIRS,2026-08-15,0652
27.96747,95.60845,330.97,60,VIIRS,2026-08-15,0652
8.72452,77.74837,332.27,60,VIIRS,2026-08-15,0828
8.71118,78.09945,330.16,30,VIIRS,2026-08-15,0828
8.72422,77.74713,332.25,60,VIIRS,2026-08-15,0828
8.85816,77.84985,331.43,60,VIIRS,2026-08-15,0828
8.86184,77.84931,333.46,60,VIIRS,2026-08-15,0828
8.91909,77.88136,332.02,60,VIIRS,2026-08-15,0828
8.98031,77.76226,331.28,60,VIIRS,2026-08-15,0828
9.18277,78.05066,337.67,60,VIIRS,2026-08-15,0828
9.26736,77.4988,334.12,60,VIIRS,2026-08-15,0828
11.74272,79.05394,330.76,60,VIIRS,2026-08-15,0828
11.91172,78.91966,334.19,60,VIIRS,2026-08-15,0828
11.9112,78.91595,340.3,60,VIIRS,2026-08-15,0828
11.94247,76.73534,346.45,60,VIIRS,2026-08-15,0828
11.94186,76.73113,345.86,60,VIIRS,2026-08-15,0828
12.45337,78.93562,331.98,60,VIIRS,2026-08-15,0828
12.45564,77.96281,332.53,60,VIIRS,2026-08-15,0828
14.04676,79.78108,332.58,60,VIIRS,2026-08-15,0828
14.66047,79.828,350.57,60,VIIRS,2026-08-15,0828
14.66441,79.82272,331.71,60,VIIRS,2026-08-15,0828
15.11341,79.33398,330.16,60,VIIRS,2026-08-15,0828
15.36085,78.26549,332.5,60,VIIRS,2026-08-15,0828
15.17854,76.65572,333.15,60,VIIRS,2026-08-15,0828
15.17682,76.6573,331.4,60,VIIRS,2026-08-15,0828
17.76806,79.02612,331.63,60,VIIRS,2026-08-15,0830
23.00243,72.25909,330.84,60,VIIRS,2026-08-15,0833
27.39485,70.48853,342.4,60,VIIRS,2026-08-15,0833
26.34472,70.91782,340.29,60,VIIRS,2026-08-15,0833
22.3657,87.30025,297.48,60,VIIRS,2026-08-15,1917
23.64931,85.43652,303.76,60,VIIRS,2026-08-15,1917
23.64725,85.43779,306.85,60,VIIRS,2026-08-15,1917
23.56076,87.08296,305.22,60,VIIRS,2026-08-15,1917
23.55642,87.2413,299.46,60,VIIRS,2026-08-15,1917
23.56204,87.23838,337.89,60,VIIRS,2026-08-15,1917
23.66566,87.15396,306.25,60,VIIRS,2026-08-15,1917
23.69037,87.12052,301.6,60,VIIRS,2026-08-15,1917
23.69243,87.099,296.99,60,VIIRS,2026-08-15,1917
23.69569,87.12117,299.62,60,VIIRS,2026-08-15,1917
22.78325,86.20175,300.43,60,VIIRS,2026-08-15,1917
23.64892,85.44108,298.01,60,VIIRS,2026-08-15,1917
26.60431,73.68452,306.06,60,VIIRS,2026-08-15,2057
25.94181,72.19147,316.16,60,VIIRS,2026-08-15,2057
29.4775,76.85964,305.44,60,VIIRS,2026-08-15,2057
26.87821,73.5162,304.01,60,VIIRS,2026-08-15,2057
26.8749,73.51551,304.76,60,VIIRS,2026-08-15,2057
18.68538,73.04238,314.54,60,VIIRS,2026-08-15,2059
21.10713,72.64651,317.55,60,VIIRS,2026-08-15,2059
23.69072,68.83242,302.62,60,VIIRS,2026-08-15,2059
9.99408,77.39984,303.54,60,VIIRS,2026-08-15,2101
11.21631,77.89581,297.11,60,VIIRS,2026-08-15,2101
11.83828,78.92923,300.05,60,VIIRS,2026-08-15,2101
11.83588,78.92783,302.58,60,VIIRS,2026-08-15,2101
13.16184,80.28695,302.34,60,VIIRS,2026-08-15,2101
14.72852,79.64909,295.51,60,VIIRS,2026-08-15,2101
14.7293,79.64517,295.15,60,VIIRS,2026-08-15,2101
11.03142,76.76571,330.82,60,VIIRS,2026-08-16,0807
11.46894,79.36105,337.89,60,VIIRS,2026-08-16,0807
10.50322,79.3697,338.78,60,VIIRS,2026-08-16,0807
10.50269,79.36618,330.64,60,VIIRS,2026-08-16,0807
10.57658,79.36148,330.5,30,VIIRS,2026-08-16,0807
10.74422,79.59622,335.18,60,VIIRS,2026-08-16,0807
10.4347,77.16103,347.16,60,VIIRS,2026-08-16,0807
10.41348,78.82151,340.48,60,VIIRS,2026-08-16,0807
11.45258,79.22929,332.83,30,VIIRS,2026-08-16,0807
9.76485,77.82865,346.29,60,VIIRS,2026-08-16,0807
9.08676,77.46812,336.03,30,VIIRS,2026-08-16,0807
11.1945,79.81895,346.37,60,VIIRS,2026-08-16,0807
11.24804,78.79435,338.86,60,VIIRS,2026-08-16,0807
10.95592,78.34754,336.49,60,VIIRS,2026-08-16,0807
11.40161,79.70566,335.52,60,VIIRS,2026-08-16,0807
11.74016,79.31474,336.37,60,VIIRS,2026-08-16,0809
12.61728,80.07069,335.41,60,VIIRS,2026-08-16,0809
15.07026,79.59407,334.89,60,VIIRS,2026-08-16,0809
14.94035,79.35041,340.04,60,VIIRS,2026-08-16,0809
14.66595,79.14565,334.9,60,VIIRS,2026-08-16,0809
17.15829,78.70078,330.48,60,VIIRS,2026-08-16,0809
14.64559,79.26608,337.61,60,VIIRS,2026-08-16,0809
13.70646,78.71186,336.81,60,VIIRS,2026-08-16,0809
11.76464,79.29637,339.61,60,VIIRS,2026-08-16,0809
11.94815,79.04884,331.42,30,VIIRS,2026-08-16,0809
12.03966,79.50204,333.34,30,VIIRS,2026-08-16,0809
12.06248,79.60943,333.28,30,VIIRS,2026-08-16,0809
12.21756,79.85431,331.85,60,VIIRS,2026-08-16,0809
12.21702,79.85063,330.12,30,VIIRS,2026-08-16,0809
12.23862,79.08592,342.84,60,VIIRS,2026-08-16,0809
12.39126,80.05555,336.82,60,VIIRS,2026-08-16,0809
12.55336,80.08884,337.4,60,VIIRS,2026-08-16,0809
23.761,86.40435,327.5,60,VIIRS,2026-08-16,0811
22.37585,87.28014,326.83,60,VIIRS,2026-08-16,0811
31.14698,74.88023,330.78,30,VIIRS,2026-08-16,0813
31.14972,74.87548,331.94,30,VIIRS,2026-08-16,0813
31.68795,75.85299,338.05,60,VIIRS,2026-08-16,0813
30.65545,74.09787,330.5,30,VIIRS,2026-08-16,0813
31.14149,74.88973,330.12,30,VIIRS,2026-08-16,0813
30.67159,74.11517,330.4,30,VIIRS,2026-08-16,0813
30.65448,74.15956,335.32,60,VIIRS,2026-08-16,0813
30.57894,74.01856,330.29,30,VIIRS,2026-08-16,0813
30.80121,75.47137,334.22,60,VIIRS,2026-08-16,0813
31.13776,74.91158,331.68,30,VIIRS,2026-08-16,0813
31.13501,74.91634,330.24,30,VIIRS,2026-08-16,0813
30.99395,74.52837,330.83,30,VIIRS,2026-08-16,0813
30.96451,74.44192,332.26,30,VIIRS,2026-08-16,0813
30.96061,74.43853,330.21,30,VIIRS,2026-08-16,0813
30.94833,74.42435,331.52,30,VIIRS,2026-08-16,0813
27.37898,95.33293,305.35,60,VIIRS,2026-08-16,1858
27.60829,95.40208,304.73,60,VIIRS,2026-08-16,1858
29.47517,76.85713,306.58,60,VIIRS,2026-08-16,2038
29.97257,77.51968,296.97,60,VIIRS,2026-08-16,2038
30.31769,74.11001,307.79,60,VIIRS,2026-08-16,2038
28.74395,76.92806,306.2,60,VIIRS,2026-08-16,2038
26.60652,73.68246,302.52,60,VIIRS,2026-08-16,2040
23.75692,85.85303,298.55,60,VIIRS,2026-08-16,2040
23.78708,85.55046,295.8,60,VIIRS,2026-08-16,2040
22.799,86.09106,304.14,60,VIIRS,2026-08-16,2040
21.10734,72.64365,297.15,60,VIIRS,2026-08-16,2040
21.10674,72.64793,297.73,60,VIIRS,2026-08-16,2040
21.10499,72.63452,303.79,60,VIIRS,2026-08-16,2040
27.79236,75.33102,306.99,60,VIIRS,2026-08-16,2040
27.02486,77.7508,304.76,60,VIIRS,2026-08-16,2040
26.87851,73.51432,306.08,60,VIIRS,2026-08-16,2040
15.17799,76.65668,304.93,60,VIIRS,2026-08-16,2042
17.37053,77.44719,301.84,60,VIIRS,2026-08-16,2042
16.14073,78.94716,301.78,60,VIIRS,2026-08-16,2042
16.6478,74.31516,317.34,60,VIIRS,2026-08-16,2042
15.3352,76.28461,305.17,60,VIIRS,2026-08-16,2042
15.17896,77.10384,300.58,60,VIIRS,2026-08-16,2042
15.22637,76.76265,304.85,60,VIIRS,2026-08-16,2042
15.659,73.98969,314.56,60,VIIRS,2026-08-16,2042
15.18358,76.66583,309.47,60,VIIRS,2026-08-16,2042
15.18013,76.66521,296.99,60,VIIRS,2026-08-16,2042
15.1788,76.67311,316.93,60,VIIRS,2026-08-16,2042
15.17814,76.67706,295.31,60,VIIRS,2026-08-16,2042
15.17549,76.69284,296.27,60,VIIRS,2026-08-16,2042
15.17454,76.65605,297.47,60,VIIRS,2026-08-16,2042
15.17104,76.3823,299.58,60,VIIRS,2026-08-16,2042
11.10944,77.769,299.08,60,VIIRS,2026-08-16,2044
10.92371,77.04568,305.87,60,VIIRS,2026-08-16,2044
12.14472,77.20074,302.06,60,VIIRS,2026-08-16,2044
9.42815,77.81285,335.1,60,VIIRS,2026-08-17,0750
9.48396,78.08734,343.99,60,VIIRS,2026-08-17,0750
9.49715,77.61008,331.37,60,VIIRS,2026-08-17,0750
9.7597,78.59876,343.24,60,VIIRS,2026-08-17,0750
9.88949,77.86798,343.7,60,VIIRS,2026-08-17,0750
10.08603,77.82216,336.11,60,VIIRS,2026-08-17,0750
8.77448,77.48844,333.78,60,VIIRS,2026-08-17,0750
10.77951,79.40924,335.92,60,VIIRS,2026-08-17,0750
9.4059,78.81127,333.92,60,VIIRS,2026-08-17,0750
9.28788,78.06084,334.52,60,VIIRS,2026-08-17,0750
15.5401,76.73624,343.71,60,VIIRS,2026-08-17,0752
21.106,72.636,308.2,60,VIIRS,2026-08-17,2021
21.10542,72.64137,305.78,60,VIIRS,2026-08-17,2021
21.10485,72.64671,312.79,60,VIIRS,2026-08-17,2021
21.10957,72.64733,310.48,60,VIIRS,2026-08-17,2021
21.10465,72.63456,332.47,60,VIIRS,2026-08-17,2021
21.10343,72.64525,304.25,60,VIIRS,2026-08-17,2021
19.92939,79.12095,304.87,60,VIIRS,2026-08-17,2021
21.10814,72.64586,321.87,60,VIIRS,2026-08-17,2021
11.81497,77.91559,307.82,60,VIIRS,2026-08-17,2023
17.06293,76.98039,297.19,60,VIIRS,2026-08-17,2023
15.024,78.01602,297.98,60,VIIRS,2026-08-17,2023
15.17657,76.67589,305.77,60,VIIRS,2026-08-17,2023
15.17424,76.69157,301.98,60,VIIRS,2026-08-17,2023
15.17603,76.65577,304.84,60,VIIRS,2026-08-17,2023
13.39219,80.10155,312.05,60,VIIRS,2026-08-17,2023
13.22706,80.0965,314.08,60,VIIRS,2026-08-17,2023
12.74496,77.61843,307.09,60,VIIRS,2026-08-17,2023
11.81827,77.91612,316.62,60,VIIRS,2026-08-17,2023
11.81772,77.91962,308.04,60,VIIRS,2026-08-17,2023
11.81057,77.92205,307.43,60,VIIRS,2026-08-17,2023
11.81002,77.92554,319.98,60,VIIRS,2026-08-17,2023
11.46036,79.0536,309.79,60,VIIRS,2026-08-17,2023
11.12606,79.288,312.9,60,VIIRS,2026-08-17,2023
10.91836,78.14628,325.39,60,VIIRS,2026-08-17,2023
10.93194,77.06419,307.67,60,VIIRS,2026-08-17,2023
10.92198,77.06261,304.11,60,VIIRS,2026-08-17,2023
10.65612,78.70348,309.85,60,VIIRS,2026-08-17,2023
10.3618,77.1484,322.49,60,VIIRS,2026-08-17,2025
9.20862,77.45641,307.69,60,VIIRS,2026-08-17,2025
8.67144,77.99295,313.03,60,VIIRS,2026-08-17,2025
8.64393,77.83443,332.19,60,VIIRS,2026-08-18,0729
8.64255,77.83568,333.36,60,VIIRS,2026-08-18,0729
8.88035,77.79259,330.85,60,VIIRS,2026-08-18,0729
8.87058,77.64359,367,90,VIIRS,2026-08-18,0729
8.92457,77.53795,337.15,60,VIIRS,2026-08-18,0729
8.92738,77.53544,339.7,60,VIIRS,2026-08-18,0729
9.35471,78.81271,334.23,60,VIIRS,2026-08-18,0729
9.34194,78.71105,330.19,60,VIIRS,2026-08-18,0729
9.27297,77.61015,333.52,60,VIIRS,2026-08-18,0729
12.51511,80.06248,336.83,60,VIIRS,2026-08-18,0731
9.48994,78.58805,334.45,60,VIIRS,2026-08-18,0731
9.30694,77.47687,333.3,60,VIIRS,2026-08-18,0731
9.38653,77.3917,345.28,60,VIIRS,2026-08-18,0731
9.41546,77.51305,349.04,60,VIIRS,2026-08-18,0731
9.74118,78.35052,336.33,60,VIIRS,2026-08-18,0731
9.74047,78.34674,334.46,60,VIIRS,2026-08-18,0731
10.14966,79.14445,340.25,60,VIIRS,2026-08-18,0731
10.27211,78.84418,330.88,60,VIIRS,2026-08-18,0731
10.12096,77.56938,336.63,60,VIIRS,2026-08-18,0731
10.56221,79.45248,342,60,VIIRS,2026-08-18,0731
10.47282,78.95932,337.07,60,VIIRS,2026-08-18,0731
10.53808,79.23013,334.54,60,VIIRS,2026-08-18,0731
10.56489,79.45138,339.99,60,VIIRS,2026-08-18,0731
10.47191,78.95943,336.3,60,VIIRS,2026-08-18,0731
10.53918,79.22962,334.6,60,VIIRS,2026-08-18,0731
10.60104,79.33244,333.63,60,VIIRS,2026-08-18,0731
10.57066,77.79511,332.07,60,VIIRS,2026-08-18,0731
10.77641,78.64904,336.14,60,VIIRS,2026-08-18,0731
10.98911,79.11748,333.48,60,VIIRS,2026-08-18,0731
10.87521,77.78659,331.65,60,VIIRS,2026-08-18,0731
10.98517,78.24707,335.45,60,VIIRS,2026-08-18,0731
11.14397,78.58115,334.84,60,VIIRS,2026-08-18,0731
11.70979,78.74386,335.07,60,VIIRS,2026-08-18,0731
11.7348,78.6478,335.23,60,VIIRS,2026-08-18,0731
12.51642,80.06522,336.02,60,VIIRS,2026-08-18,0731
12.14322,77.04446,333.76,60,VIIRS,2026-08-18,0731
12.9239,78.28851,330.52,60,VIIRS,2026-08-18,0731
13.17513,78.8025,341.1,60,VIIRS,2026-08-18,0731
13.37215,78.61613,339.53,60,VIIRS,2026-08-18,0731
13.82664,79.285,334.08,60,VIIRS,2026-08-18,0731
13.82569,79.28007,340.25,60,VIIRS,2026-08-18,0731
14.02898,79.94829,333.71,60,VIIRS,2026-08-18,0731
14.0267,79.94611,331.24,60,VIIRS,2026-08-18,0731
13.98261,77.39257,337.62,60,VIIRS,2026-08-18,0731
14.41142,78.21088,342.22,60,VIIRS,2026-08-18,0731
18.72185,74.42528,328.15,60,VIIRS,2026-08-18,0913
18.72046,74.42578,328.05,60,VIIRS,2026-08-18,0913
27.37818,95.08637,309.36,60,VIIRS,2026-08-18,2000
27.32597,95.27937,305.62,60,VIIRS,2026-08-18,2000
27.22125,95.34516,305.31,60,VIIRS,2026-08-18,2000
27.31913,95.26543,309.59,60,VIIRS,2026-08-18,2000
27.60403,95.40225,310.42,60,VIIRS,2026-08-18,2000
28.85306,77.14323,306.41,60,VIIRS,2026-08-18,2002
23.7813,85.57607,298.28,60,VIIRS,2026-08-18,2002
27.53035,77.65999,331.65,60,VIIRS,2026-08-18,2002
28.37441,77.2247,306.28,60,VIIRS,2026-08-18,2002
28.70777,76.8554,308.89,60,VIIRS,2026-08-18,2002
21.10796,72.64498,295.71,60,VIIRS,2026-08-18,2004
9.31445,77.44357,314.49,60,VIIRS,2026-08-18,2006
9.31494,77.44009,310.01,60,VIIRS,2026-08-18,2006
10.61726,77.42172,303.89,60,VIIRS,2026-08-18,2006
10.48468,79.31949,308.8,60,VIIRS,2026-08-18,2006
10.48831,79.32004,322.7,60,VIIRS,2026-08-18,2006
11.02914,76.90601,316.92,60,VIIRS,2026-08-18,2006
12.66009,78.78571,301.56,60,VIIRS,2026-08-18,2006
12.65806,78.78379,305.3,60,VIIRS,2026-08-18,2006
20.79179,85.25556,332.73,60,VIIRS,2026-08-19,0714
20.79575,85.25475,342.63,60,VIIRS,2026-08-19,0714
22.36498,87.30222,339.31,60,VIIRS,2026-08-19,0716
10.93393,78.49468,330.44,60,VIIRS,2026-08-19,0852
8.63992,77.90443,337.42,60,VIIRS,2026-08-19,0852
8.63941,77.90063,339.32,60,VIIRS,2026-08-19,0852
8.64364,77.90237,344.29,60,VIIRS,2026-08-19,0852
8.64316,77.89857,330.82,60,VIIRS,2026-08-19,0852
8.74034,77.6055,340.56,60,VIIRS,2026-08-19,0852
9.52572,78.76215,341.98,60,VIIRS,2026-08-19,0852
10.74717,78.63906,334.31,60,VIIRS,2026-08-19,0852
10.95563,78.40146,332.42,60,VIIRS,2026-08-19,0852
21.10254,72.63605,333.38,60,VIIRS,2026-08-19,0856
27.31678,95.26754,311.22,60,VIIRS,2026-08-19,1942
25.61113,89.81218,317.83,60,VIIRS,2026-08-19,1942
23.67823,86.08537,303.17,60,VIIRS,2026-08-19,1945
24.92421,84.15677,303.69,60,VIIRS,2026-08-19,1945
23.69281,87.12199,307.96,60,VIIRS,2026-08-19,1945
23.6892,87.12139,312.33,60,VIIRS,2026-08-19,1945
23.78208,86.3897,300.95,60,VIIRS,2026-08-19,1945
23.68438,87.12988,307.68,60,VIIRS,2026-08-19,1945
23.77833,86.3891,307.41,60,VIIRS,2026-08-19,1945
23.76894,86.40264,303.97,60,VIIRS,2026-08-19,1945
23.76519,86.40205,300.36,60,VIIRS,2026-08-19,1945
23.76455,86.40701,301,60,VIIRS,2026-08-19,1945
23.76145,86.40147,302.7,60,VIIRS,2026-08-19,1945
23.66273,87.15408,308.91,60,VIIRS,2026-08-19,1945
23.75834,86.3959,295.73,60,VIIRS,2026-08-19,1945
23.75707,86.40581,300.21,60,VIIRS,2026-08-19,1945
23.75207,86.41506,302.77,60,VIIRS,2026-08-19,1945
23.73835,86.43285,309.16,60,VIIRS,2026-08-19,1945
23.73741,86.43033,302.84,60,VIIRS,2026-08-19,1945
23.73676,86.4352,303.04,60,VIIRS,2026-08-19,1945
23.71062,86.43102,299.96,60,VIIRS,2026-08-19,1945
23.6914,86.40305,301.88,60,VIIRS,2026-08-19,1945
23.68521,86.392,303.69,60,VIIRS,2026-08-19,1945
23.68456,86.39696,296.71,60,VIIRS,2026-08-19,1945
23.68082,86.39635,299.78,60,VIIRS,2026-08-19,1945
23.67708,86.39573,302.66,60,VIIRS,2026-08-19,1945
23.67645,86.40062,306.32,60,VIIRS,2026-08-19,1945
23.69857,86.07803,310.92,60,VIIRS,2026-08-19,1945
23.69476,86.07745,306.39,60,VIIRS,2026-08-19,1945
23.68269,86.08083,317.23,60,VIIRS,2026-08-19,1945
23.6814,86.09103,302.15,60,VIIRS,2026-08-19,1945
23.68076,86.09612,301.17,60,VIIRS,2026-08-19,1945
23.67504,86.11079,305.56,60,VIIRS,2026-08-19,1945
23.67935,86.08384,303.33,60,VIIRS,2026-08-19,1945
23.67219,86.10865,307.56,60,VIIRS,2026-08-19,1945
23.82895,84.57195,315.83,60,VIIRS,2026-08-19,1945
23.82477,84.57133,315.7,60,VIIRS,2026-08-19,1945
23.60963,85.675,305.59,60,VIIRS,2026-08-19,1945
23.60917,85.67301,301.79,60,VIIRS,2026-08-19,1945
22.87644,86.06029,304.74,60,VIIRS,2026-08-19,1945
22.79715,86.19865,311.6,60,VIIRS,2026-08-19,1945
22.79215,86.20784,319.15,60,VIIRS,2026-08-19,1945
22.79152,86.2127,304.03,60,VIIRS,2026-08-19,1945
22.79029,86.1926,308.82,60,VIIRS,2026-08-19,1945
22.78966,86.19751,311.22,60,VIIRS,2026-08-19,1945
22.7884,86.20729,305.8,60,VIIRS,2026-08-19,1945
22.79647,86.19669,310.02,60,VIIRS,2026-08-19,1945
22.79141,86.20586,325.08,60,VIIRS,2026-08-19,1945
22.79272,86.19611,310.55,60,VIIRS,2026-08-19,1945
22.79077,86.21069,310.22,60,VIIRS,2026-08-19,1945
22.78767,86.20531,307.42,60,VIIRS,2026-08-19,1945
22.61008,85.91367,306.4,60,VIIRS,2026-08-19,1945
22.57485,85.89123,305.64,60,VIIRS,2026-08-19,1945
22.57419,85.89626,310.24,60,VIIRS,2026-08-19,1945
22.38231,87.28905,305.9,60,VIIRS,2026-08-19,1945
22.38057,87.27562,308.73,60,VIIRS,2026-08-19,1945
22.37997,87.27991,316.34,60,VIIRS,2026-08-19,1945
22.37644,87.27934,324.04,60,VIIRS,2026-08-19,1945
22.3664,87.29961,318.07,60,VIIRS,2026-08-19,1945
22.36053,87.2899,305.78,60,VIIRS,2026-08-19,1945
22.35701,87.28933,309,60,VIIRS,2026-08-19,1945
22.36542,87.01572,306.73,60,VIIRS,2026-08-19,1945
22.36126,87.01955,308.03,60,VIIRS,2026-08-19,1945
22.36285,87.01693,313.65,60,VIIRS,2026-08-19,1945
22.06446,88.12053,311.48,60,VIIRS,2026-08-19,1945
22.05706,88.12335,313.71,60,VIIRS,2026-08-19,1945
22.05307,88.12675,310.93,60,VIIRS,2026-08-19,1945
22.13304,85.38209,304.05,60,VIIRS,2026-08-19,1945
22.05502,85.46635,301.37,60,VIIRS,2026-08-19,1945
20.9997,86.02561,309.19,60,VIIRS,2026-08-19,1945
20.99724,86.01566,322.16,60,VIIRS,2026-08-19,1945
20.97369,86.00464,317.65,60,VIIRS,2026-08-19,1945
20.96999,86.00407,327.37,60,VIIRS,2026-08-19,1945
20.96871,86.01344,307.98,60,VIIRS,2026-08-19,1945
20.96358,86.05087,315.65,60,VIIRS,2026-08-19,1945
20.95314,86.04453,320.25,60,VIIRS,2026-08-19,1945
20.95251,86.04915,314.27,60,VIIRS,2026-08-19,1945
20.94882,86.04855,324.64,60,VIIRS,2026-08-19,1945
21.07996,85.03458,307.48,60,VIIRS,2026-08-19,1945
21.07927,85.03988,310.25,60,VIIRS,2026-08-19,1945
21.07858,85.04521,309.08,60,VIIRS,2026-08-19,1945
21.07466,85.04465,304.62,60,VIIRS,2026-08-19,1945
20.98905,85.12326,304.83,60,VIIRS,2026-08-19,1945
20.97853,85.16805,305.89,60,VIIRS,2026-08-19,1945
20.97784,85.17326,306.79,60,VIIRS,2026-08-19,1945
20.97878,85.13621,305.9,60,VIIRS,2026-08-19,1945
20.96938,85.17738,324.77,60,VIIRS,2026-08-19,1945
20.97007,85.17216,318.33,60,VIIRS,2026-08-19,1945
20.96414,85.18718,329.26,60,VIIRS,2026-08-19,1945
20.96688,85.16637,309.23,60,VIIRS,2026-08-19,1945
20.96619,85.17161,317.35,60,VIIRS,2026-08-19,1945
20.96482,85.182,307.27,60,VIIRS,2026-08-19,1945
20.96231,85.17104,314.77,60,VIIRS,2026-08-19,1945
20.96163,85.17625,306.18,60,VIIRS,2026-08-19,1945
20.89102,84.9829,305.86,60,VIIRS,2026-08-19,1945
20.8871,84.98233,342.42,60,VIIRS,2026-08-19,1945
20.86612,84.99014,316.88,60,VIIRS,2026-08-19,1945
20.86544,84.99534,319,60,VIIRS,2026-08-19,1945
20.79929,85.26081,304.96,60,VIIRS,2026-08-19,1945
20.79609,85.25515,330.5,60,VIIRS,2026-08-19,1945
20.79224,85.25455,310.53,60,VIIRS,2026-08-19,1945
20.7594,85.29646,312.84,60,VIIRS,2026-08-19,1945
20.76146,85.29501,304.74,60,VIIRS,2026-08-19,1945
20.76076,85.30016,309.2,60,VIIRS,2026-08-19,1945
8.74267,77.59756,367,90,VIIRS,2026-08-19,1947
15.29888,80.01089,302.36,60,VIIRS,2026-08-19,1947
8.74219,77.60104,353.29,60,VIIRS,2026-08-19,1947
9.76584,77.51328,308.24,60,VIIRS,2026-08-19,1949
8.74455,77.59845,334.36,60,VIIRS,2026-08-19,1949
8.7441,77.60194,322.96,60,VIIRS,2026-08-19,1949
9.93454,78.31564,305.78,60,VIIRS,2026-08-19,1949
9.93416,78.31787,313.76,60,VIIRS,2026-08-19,1949
29.47378,76.85699,305.11,60,VIIRS,2026-08-19,2123
26.2566,74.0971,305.83,60,VIIRS,2026-08-19,2125
26.87804,73.51413,299.8,60,VIIRS,2026-08-19,2125
18.69369,73.04151,301.77,60,VIIRS,2026-08-19,2125
26.25852,74.09779,304.08,60,VIIRS,2026-08-19,2125
23.77547,86.367,328.11,60,VIIRS,2026-08-20,0657
23.73539,86.43382,330.07,60,VIIRS,2026-08-20,0657
23.77213,86.3663,327.08,60,VIIRS,2026-08-20,0657
23.80376,86.32996,329.87,60,VIIRS,2026-08-20,0657
26.26204,91.96658,331.64,60,VIIRS,2026-08-20,0659
14.39635,78.58465,337.63,60,VIIRS,2026-08-20,0835
8.73457,78.0784,333.92,60,VIIRS,2026-08-20,0835
8.73847,77.60493,351.61,60,VIIRS,2026-08-20,0835
8.73786,77.60059,352.24,60,VIIRS,2026-08-20,0835
8.74184,77.60004,340.6,60,VIIRS,2026-08-20,0835
8.82577,77.81587,343.95,60,VIIRS,2026-08-20,0835
8.82652,77.81555,343.01,60,VIIRS,2026-08-20,0835
9.01934,77.891,342.36,60,VIIRS,2026-08-20,0835
9.06651,77.75156,343.23,60,VIIRS,2026-08-20,0835
9.07037,77.43026,333.84,60,VIIRS,2026-08-20,0835
10.13192,77.77665,333.73,60,VIIRS,2026-08-20,0835
11.56117,79.1529,336.28,60,VIIRS,2026-08-20,0835
11.65141,79.12849,336.72,60,VIIRS,2026-08-20,0835
11.72925,78.97382,332.49,60,VIIRS,2026-08-20,0835
13.27826,79.15017,330.16,60,VIIRS,2026-08-20,0835
13.30639,76.27603,331.69,60,VIIRS,2026-08-20,0835
14.16944,77.45648,332.05,60,VIIRS,2026-08-20,0835
17.56894,75.63644,334.34,60,VIIRS,2026-08-20,0835
21.10601,72.64454,339.07,60,VIIRS,2026-08-20,0837
21.10136,72.63664,343.8,60,VIIRS,2026-08-20,0837
21.10658,72.64876,341.75,60,VIIRS,2026-08-20,0837
21.1025,72.64508,337.45,60,VIIRS,2026-08-20,0837
14.90438,77.5486,337.93,60,VIIRS,2026-08-20,0837
17.50858,82.95274,341.91,60,VIIRS,2026-08-20,0837
29.39208,74.30708,330.09,30,VIIRS,2026-08-20,0839
23.77616,85.99555,311.53,60,VIIRS,2026-08-20,1923
23.72652,86.44112,306.92,60,VIIRS,2026-08-20,1923
23.80333,86.32668,304.86,60,VIIRS,2026-08-20,1923
24.11533,86.85748,308.51,60,VIIRS,2026-08-20,1923
23.80302,86.32994,330.01,60,VIIRS,2026-08-20,1923
23.80366,86.32339,314.84,60,VIIRS,2026-08-20,1923
23.80115,86.34909,306.33,60,VIIRS,2026-08-20,1923
23.79609,86.34841,309.63,60,VIIRS,2026-08-20,1923
23.79578,86.35166,314.03,60,VIIRS,2026-08-20,1923
23.78193,86.38895,322.21,60,VIIRS,2026-08-20,1923
23.78163,86.39211,307.42,60,VIIRS,2026-08-20,1923
23.77689,86.38827,321.22,60,VIIRS,2026-08-20,1923
23.78092,86.34646,307.39,60,VIIRS,2026-08-20,1923
23.7772,86.38509,312.07,60,VIIRS,2026-08-20,1923
23.77431,86.36192,310.16,60,VIIRS,2026-08-20,1923
23.774,86.36514,319.32,60,VIIRS,2026-08-20,1923
23.77032,86.40342,316.13,60,VIIRS,2026-08-20,1923
23.76528,86.40279,322.87,60,VIIRS,2026-08-20,1923
23.76651,86.39001,306.97,60,VIIRS,2026-08-20,1923
23.7662,86.39318,306.01,60,VIIRS,2026-08-20,1923
23.76559,86.39957,304.72,60,VIIRS,2026-08-20,1923
23.76497,86.40604,316.25,60,VIIRS,2026-08-20,1923
23.69589,87.10812,307.9,60,VIIRS,2026-08-20,1923
23.69531,87.11382,304.39,60,VIIRS,2026-08-20,1923
23.69474,87.11948,307.93,60,VIIRS,2026-08-20,1923
23.76055,86.39892,317.79,60,VIIRS,2026-08-20,1923
23.76024,86.40215,311.01,60,VIIRS,2026-08-20,1923
23.68993,87.11884,307.32,60,VIIRS,2026-08-20,1923
23.75582,86.395,309.07,60,VIIRS,2026-08-20,1923
23.75368,86.41745,310.67,60,VIIRS,2026-08-20,1923
23.68398,87.12962,301.02,60,VIIRS,2026-08-20,1923
23.69527,87.12024,308.66,60,VIIRS,2026-08-20,1923
23.76594,86.40452,331.77,60,VIIRS,2026-08-20,1923
23.76726,86.39173,306.31,60,VIIRS,2026-08-20,1923
23.76627,86.40129,312.34,60,VIIRS,2026-08-20,1923
23.69046,87.1196,308.55,60,VIIRS,2026-08-20,1923
23.76123,86.40065,315.37,60,VIIRS,2026-08-20,1923
23.7609,86.40388,311.13,60,VIIRS,2026-08-20,1923
23.75686,86.39356,305.28,60,VIIRS,2026-08-20,1923
23.75653,86.39675,309.74,60,VIIRS,2026-08-20,1923
23.75455,86.41599,312.07,60,VIIRS,2026-08-20,1923
23.7492,86.41847,304.39,60,VIIRS,2026-08-20,1923
23.73754,86.43292,331.81,60,VIIRS,2026-08-20,1923
23.73785,86.42977,305.94,60,VIIRS,2026-08-20,1923
23.6622,87.15623,310.78,60,VIIRS,2026-08-20,1923
27.37876,95.0898,311.58,60,VIIRS,2026-08-20,1923
27.37922,95.33605,314.35,60,VIIRS,2026-08-20,1923
23.72341,86.42146,305.21,60,VIIRS,2026-08-20,1923
23.7215,86.44048,306.23,60,VIIRS,2026-08-20,1923
23.71838,86.42081,310.37,60,VIIRS,2026-08-20,1923
23.71616,86.44299,305.45,60,VIIRS,2026-08-20,1923
23.71552,86.44933,305.94,60,VIIRS,2026-08-20,1923
23.7152,86.4525,314.34,60,VIIRS,2026-08-20,1923
23.71304,86.42333,308.81,60,VIIRS,2026-08-20,1923
23.7105,86.44865,304.96,60,VIIRS,2026-08-20,1923
23.69101,86.38829,322.7,60,VIIRS,2026-08-20,1923
23.68566,86.39085,311.86,60,VIIRS,2026-08-20,1923
23.68534,86.39413,313.52,60,VIIRS,2026-08-20,1923
23.67999,86.39662,313.66,60,VIIRS,2026-08-20,1923
23.67969,86.39977,311.24,60,VIIRS,2026-08-20,1923
23.82971,84.56965,305.91,60,VIIRS,2026-08-20,1923
23.82936,84.57385,303.92,60,VIIRS,2026-08-20,1923
23.82405,84.56894,303.8,60,VIIRS,2026-08-20,1923
23.8237,84.57314,308.88,60,VIIRS,2026-08-20,1923
23.68428,86.08263,314.32,60,VIIRS,2026-08-20,1923
23.68335,86.0926,316.53,60,VIIRS,2026-08-20,1923
23.68304,86.09592,304.76,60,VIIRS,2026-08-20,1923
23.68038,86.0688,303.18,60,VIIRS,2026-08-20,1923
23.67882,86.0854,310.11,60,VIIRS,2026-08-20,1923
23.56148,87.23978,307.52,60,VIIRS,2026-08-20,1923
23.74441,85.50506,302.23,60,VIIRS,2026-08-20,1923
23.68715,86.08223,309.67,60,VIIRS,2026-08-20,1923
23.82678,84.57025,314.18,60,VIIRS,2026-08-20,1923
23.8264,84.57446,303.91,60,VIIRS,2026-08-20,1923
23.682,86.08169,305.22,60,VIIRS,2026-08-20,1923
23.681,86.09164,306.58,60,VIIRS,2026-08-20,1923
23.68066,86.09496,313.73,60,VIIRS,2026-08-20,1923
23.56105,87.23804,308.38,60,VIIRS,2026-08-20,1923
23.67785,86.0712,305.14,60,VIIRS,2026-08-20,1923
23.67652,86.08445,310.09,60,VIIRS,2026-08-20,1923
23.67353,86.11418,315.17,60,VIIRS,2026-08-20,1923
23.55093,87.24238,317.38,60,VIIRS,2026-08-20,1923
23.56301,87.08428,303.06,60,VIIRS,2026-08-20,1923
23.69801,85.366,296.73,60,VIIRS,2026-08-20,1923
23.50349,87.32597,308.31,60,VIIRS,2026-08-20,1923
23.65808,85.50532,300.06,60,VIIRS,2026-08-20,1923
23.64802,85.43788,324.05,60,VIIRS,2026-08-20,1923
23.64835,85.43425,310.77,60,VIIRS,2026-08-20,1923
23.6707,84.99498,307.3,60,VIIRS,2026-08-20,1923
23.65019,85.43918,324.83,60,VIIRS,2026-08-20,1923
23.65054,85.43557,314.67,60,VIIRS,2026-08-20,1923
23.67049,84.99657,305.79,60,VIIRS,2026-08-20,1923
23.66463,84.99976,307.31,60,VIIRS,2026-08-20,1923
21.75551,84.02298,307.28,60,VIIRS,2026-08-20,1925
21.76537,85.57951,300.29,60,VIIRS,2026-08-20,1925
21.75726,84.02222,306.22,60,VIIRS,2026-08-20,1925
21.9578,83.80929,296.81,60,VIIRS,2026-08-20,1925
14.82725,79.30776,303.63,60,VIIRS,2026-08-20,1928
14.82782,79.30177,314.69,60,VIIRS,2026-08-20,1928
14.8294,79.30762,307.16,60,VIIRS,2026-08-20,1928
14.83003,79.30145,306.86,60,VIIRS,2026-08-20,1928
29.91172,74.95081,329.68,60,VIIRS,2026-08-20,2104
25.94392,72.19305,308.63,60,VIIRS,2026-08-20,2104
26.87785,73.51696,306.36,60,VIIRS,2026-08-20,2104
26.92761,73.46851,305.3,60,VIIRS,2026-08-20,2104
27.28837,73.83765,305.67,60,VIIRS,2026-08-20,2104
28.74485,76.92733,310.37,60,VIIRS,2026-08-20,2104
29.45761,76.86263,303.86,60,VIIRS,2026-08-20,2104
29.46148,76.86364,305.65,60,VIIRS,2026-08-20,2104
29.90844,74.95241,316.28,60,VIIRS,2026-08-20,2104
29.90928,74.94781,321.89,60,VIIRS,2026-08-20,2104
19.80504,78.86545,303.93,60,VIIRS,2026-08-20,2106
19.07515,73.13273,306.98,60,VIIRS,2026-08-20,2106
19.80188,78.86395,302.98,60,VIIRS,2026-08-20,2106
15.17791,77.10345,301.74,60,VIIRS,2026-08-20,2108
12.66981,76.85625,299.97,60,VIIRS,2026-08-20,2108
12.86719,78.89952,305.3,60,VIIRS,2026-08-20,2108
12.86819,78.8947,305.74,60,VIIRS,2026-08-20,2108
15.16292,76.37949,322.52,60,VIIRS,2026-08-20,2108
15.16786,76.38057,309.06,60,VIIRS,2026-08-20,2108
15.17281,76.38165,299.71,60,VIIRS,2026-08-20,2108
15.18593,76.31431,311.46,60,VIIRS,2026-08-20,2108
15.13766,76.71173,301.79,60,VIIRS,2026-08-20,2108
15.13828,76.70865,305.75,60,VIIRS,2026-08-20,2108
15.17664,76.67516,304.87,60,VIIRS,2026-08-20,2108
15.18032,76.65672,302.56,60,VIIRS,2026-08-20,2108
11.60833,77.55147,297.2,60,VIIRS,2026-08-20,2108
15.1829,76.67016,303.73,60,VIIRS,2026-08-20,2108
15.18351,76.66707,308.7,60,VIIRS,2026-08-20,2108
9.56629,78.77435,335.88,60,VIIRS,2026-08-21,0813
9.36532,78.66089,339.1,60,VIIRS,2026-08-21,0813
9.36586,78.66449,340.59,60,VIIRS,2026-08-21,0813
9.34447,78.8119,345.55,60,VIIRS,2026-08-21,0813
9.3411,78.81241,343.64,60,VIIRS,2026-08-21,0813
8.6787,78.06282,340.22,60,VIIRS,2026-08-21,0813
9.83491,78.12406,330.57,30,VIIRS,2026-08-21,0813
9.91944,78.34734,343.05,60,VIIRS,2026-08-21,0813
9.63681,77.75274,340.17,30,VIIRS,2026-08-21,0813
9.6873,78.11195,334.47,30,VIIRS,2026-08-21,0813
9.57799,78.31016,340.05,60,VIIRS,2026-08-21,0813
9.57466,78.31066,340.16,60,VIIRS,2026-08-21,0813
9.57572,78.31776,338.87,60,VIIRS,2026-08-21,0813
9.55428,78.28836,348.21,60,VIIRS,2026-08-21,0813
9.46058,77.93517,338.91,60,VIIRS,2026-08-21,0813
9.46111,77.93867,345.08,60,VIIRS,2026-08-21,0813
9.39964,78.7998,334.22,30,VIIRS,2026-08-21,0813
9.94108,77.94887,338.99,60,VIIRS,2026-08-21,0816
9.91726,77.88062,340.62,60,VIIRS,2026-08-21,0816
10.00594,78.04284,331.05,60,VIIRS,2026-08-21,0816
9.91187,77.39479,333.92,60,VIIRS,2026-08-21,0816
10.04691,77.9536,333.39,30,VIIRS,2026-08-21,0816
10.05023,77.95309,347.01,60,VIIRS,2026-08-21,0816
10.0497,77.94958,347.7,60,VIIRS,2026-08-21,0816
10.40833,77.98684,340.67,60,VIIRS,2026-08-21,0816
10.42592,77.87876,341.73,60,VIIRS,2026-08-21,0816
10.40083,77.59858,336.57,60,VIIRS,2026-08-21,0816
10.84437,78.89214,337.08,60,VIIRS,2026-08-21,0816
10.82362,78.51756,333.02,30,VIIRS,2026-08-21,0816
10.86226,78.60471,335.58,30,VIIRS,2026-08-21,0816
10.90676,78.79072,337.1,30,VIIRS,2026-08-21,0816
10.8966,78.69748,336.22,30,VIIRS,2026-08-21,0816
10.8357,78.05394,340.99,30,VIIRS,2026-08-21,0816
10.8054,77.76113,340.48,60,VIIRS,2026-08-21,0816
11.10589,78.88667,338.26,60,VIIRS,2026-08-21,0816
11.10533,78.88292,337.62,60,VIIRS,2026-08-21,0816
11.10569,78.88302,340.59,60,VIIRS,2026-08-21,0816
11.1194,78.69011,339.67,60,VIIRS,2026-08-21,0816
11.04524,77.91196,345.73,60,VIIRS,2026-08-21,0816
11.21367,77.60988,338.37,30,VIIRS,2026-08-21,0816
11.25254,77.55219,338.94,60,VIIRS,2026-08-21,0816
11.17897,76.86507,331.84,30,VIIRS,2026-08-21,0816
11.34971,77.56582,335.42,60,VIIRS,2026-08-21,0816
11.42352,77.76451,339.77,60,VIIRS,2026-08-21,0816
11.42366,77.74271,337.5,30,VIIRS,2026-08-21,0816
11.71099,79.12828,348.21,60,VIIRS,2026-08-21,0816
11.71043,79.12439,333.44,60,VIIRS,2026-08-21,0816
11.52499,77.67209,339.7,60,VIIRS,2026-08-21,0816
11.52446,77.66854,337.79,60,VIIRS,2026-08-21,0816
12.05095,79.61237,343.91,60,VIIRS,2026-08-21,0816
11.81027,77.92296,343.83,60,VIIRS,2026-08-21,0816
12.31031,78.07397,331.42,60,VIIRS,2026-08-21,0816
12.72135,79.78169,335.43,60,VIIRS,2026-08-21,0816
12.79142,79.90376,332.75,60,VIIRS,2026-08-21,0816
12.85799,79.29736,334.29,60,VIIRS,2026-08-21,0816
12.86152,79.29686,336.55,60,VIIRS,2026-08-21,0816
13.09303,77.44754,334.14,60,VIIRS,2026-08-21,0816
13.26471,77.34718,341.7,60,VIIRS,2026-08-21,0816
14.60375,79.65997,333.91,60,VIIRS,2026-08-21,0816
14.68579,79.73881,336.96,60,VIIRS,2026-08-21,0816
14.68322,79.69376,341.06,60,VIIRS,2026-08-21,0816
14.68298,79.69458,344.78,60,VIIRS,2026-08-21,0816
14.72931,79.92735,336.28,60,VIIRS,2026-08-21,0816
14.73303,79.92682,336.47,60,VIIRS,2026-08-21,0816
14.72149,79.72996,336.1,60,VIIRS,2026-08-21,0816
14.52269,77.43584,335.59,60,VIIRS,2026-08-21,0816
15.10593,79.37793,341.84,60,VIIRS,2026-08-21,0816
15.4127,79.60164,337.37,60,VIIRS,2026-08-21,0816
15.41208,79.59715,335.37,60,VIIRS,2026-08-21,0816
15.69083,79.12525,334.57,60,VIIRS,2026-08-21,0816
15.80123,79.52772,340.5,60,VIIRS,2026-08-21,0816
15.60369,77.62315,334.52,60,VIIRS,2026-08-21,0816
16.01146,80.31809,339.73,60,VIIRS,2026-08-21,0816
15.94305,78.95891,332.2,30,VIIRS,2026-08-21,0816
16.04546,79.40362,338.7,60,VIIRS,2026-08-21,0816
16.30597,78.48191,336.18,60,VIIRS,2026-08-21,0816
16.39512,78.57832,338.95,60,VIIRS,2026-08-21,0816
16.38151,78.17361,334.6,60,VIIRS,2026-08-21,0816
15.76939,73.70415,207.93,30,VIIRS,2026-08-21,0816
15.76875,73.70028,253.68,30,VIIRS,2026-08-21,0816
15.77281,73.70358,337.78,30,VIIRS,2026-08-21,0816
16.70696,78.27788,338.78,60,VIIRS,2026-08-21,0816
17.34807,80.77615,336.74,60,VIIRS,2026-08-21,0816
17.61271,78.17559,330.62,60,VIIRS,2026-08-21,0816
18.68543,73.03734,336.4,30,VIIRS,2026-08-21,0818
18.68586,73.04067,338.76,60,VIIRS,2026-08-21,0818
18.68608,73.04124,335.45,60,VIIRS,2026-08-21,0818
25.54232,91.23663,300.15,60,VIIRS,2026-08-21,1904
22.24438,87.38752,299.85,60,VIIRS,2026-08-21,1906
24.76429,74.6105,305.21,60,VIIRS,2026-08-21,2046
23.31622,70.48621,306.24,60,VIIRS,2026-08-21,2046
23.31474,70.489,305.06,60,VIIRS,2026-08-21,2046
26.87782,73.51673,305.41,60,VIIRS,2026-08-21,2046
27.79147,75.33251,308.88,60,VIIRS,2026-08-21,2046
22.36782,87.30148,299.16,60,VIIRS,2026-08-21,2046
22.37672,87.2793,308.26,60,VIIRS,2026-08-21,2046
24.76488,74.60672,305.82,60,VIIRS,2026-08-21,2046
22.37936,87.28155,301.83,60,VIIRS,2026-08-21,2046
26.60544,73.68332,305.83,60,VIIRS,2026-08-21,2046
24.92892,84.14816,300.73,60,VIIRS,2026-08-21,2046
23.66717,87.15483,301.16,60,VIIRS,2026-08-21,2046
23.66597,87.15978,298.35,60,VIIRS,2026-08-21,2046
23.79865,86.35276,296.89,60,VIIRS,2026-08-21,2046
23.80517,86.32483,299.37,60,VIIRS,2026-08-21,2046
23.67524,86.10297,304.36,60,VIIRS,2026-08-21,2046
24.93433,74.63345,309.55,60,VIIRS,2026-08-21,2046
22.38068,87.27615,299.45,60,VIIRS,2026-08-21,2046
16.87272,80.02097,306.6,60,VIIRS,2026-08-21,2049
17.37239,77.44447,303.3,60,VIIRS,2026-08-21,2049
17.29276,78.40978,307.97,60,VIIRS,2026-08-21,2049
10.24804,77.21256,317.5,60,VIIRS,2026-08-21,2051
10.24693,77.2189,300.98,60,VIIRS,2026-08-21,2051
10.24635,77.22222,299.68,60,VIIRS,2026-08-21,2051
10.24284,77.21765,304.8,60,VIIRS,2026-08-21,2051
10.04989,77.95342,306.01,60,VIIRS,2026-08-21,2051
10.09197,77.23583,313.81,60,VIIRS,2026-08-21,2051
10.0881,77.23328,303.94,60,VIIRS,2026-08-21,2051
9.25068,77.32387,328.2,60,VIIRS,2026-08-21,2051
9.24611,77.32486,312.59,60,VIIRS,2026-08-21,2051
8.74148,77.59866,313.01,60,VIIRS,2026-08-21,2051
10.24748,77.21574,338.27,60,VIIRS,2026-08-21,2051
15.34147,76.27382,319.07,60,VIIRS,2026-08-21,2051
15.34123,76.27532,314.56,60,VIIRS,2026-08-21,2051
15.33759,76.27462,307.51,60,VIIRS,2026-08-21,2051
15.33529,76.28797,301.39,60,VIIRS,2026-08-21,2051
15.0239,78.01542,303.84,60,VIIRS,2026-08-21,2051
15.17806,77.1027,300.75,60,VIIRS,2026-08-21,2051
15.17424,77.10195,302.77,60,VIIRS,2026-08-21,2051
15.226,76.76328,314.41,60,VIIRS,2026-08-21,2051
15.65858,73.9884,298.11,60,VIIRS,2026-08-21,2051
15.1848,76.66843,312.5,60,VIIRS,2026-08-21,2051
15.18107,76.66773,327.9,60,VIIRS,2026-08-21,2051
15.18605,76.63982,311.57,60,VIIRS,2026-08-21,2051
15.18023,76.67239,304.81,60,VIIRS,2026-08-21,2051
15.17984,76.65304,303.59,60,VIIRS,2026-08-21,2051
15.17901,76.65769,314.31,60,VIIRS,2026-08-21,2051
15.17567,76.67632,307.26,60,VIIRS,2026-08-21,2051
15.17318,76.69025,309.94,60,VIIRS,2026-08-21,2051
15.17528,76.65698,318.44,60,VIIRS,2026-08-21,2051
15.17028,76.68485,304.26,60,VIIRS,2026-08-21,2051
15.16905,76.6702,304.24,60,VIIRS,2026-08-21,2051
15.17469,76.65448,311.08,60,VIIRS,2026-08-21,2051
15.13799,76.7103,303.41,60,VIIRS,2026-08-21,2051
15.072,76.86435,304.88,60,VIIRS,2026-08-21,2051
10.25207,77.21416,309.08,60,VIIRS,2026-08-21,2051
10.25036,77.22395,296.03,60,VIIRS,2026-08-21,2051
9.20352,78.30371,333.68,60,VIIRS,2026-08-22,0756
9.2829,77.33524,345.97,60,VIIRS,2026-08-22,0756
9.28679,77.33433,330.81,60,VIIRS,2026-08-22,0756
9.29291,77.32247,336.47,60,VIIRS,2026-08-22,0756
9.2991,77.3353,337.3,60,VIIRS,2026-08-22,0756
10.95061,76.98169,331.47,60,VIIRS,2026-08-22,0756
11.32219,78.36883,334.58,60,VIIRS,2026-08-22,0756
11.77874,79.49855,330.79,30,VIIRS,2026-08-22,0756
11.72647,78.68995,333.28,60,VIIRS,2026-08-22,0756
12.45388,79.08898,334.18,30,VIIRS,2026-08-22,0756
15.20262,77.16927,336.63,30,VIIRS,2026-08-22,0758
15.20626,77.16861,336.29,30,VIIRS,2026-08-22,0758
15.2055,77.16421,342.71,60,VIIRS,2026-08-22,0758
27.42161,70.90594,342.23,60,VIIRS,2026-08-22,0801
27.43431,70.793,336.22,60,VIIRS,2026-08-22,0801
29.45857,76.8695,339.11,60,VIIRS,2026-08-22,0801
29.46125,76.86491,337.25,60,VIIRS,2026-08-22,0801
27.32765,95.27467,308.85,60,VIIRS,2026-08-22,1845
29.4581,76.86677,312.68,60,VIIRS,2026-08-22,2025
28.33879,77.21997,300.38,60,VIIRS,2026-08-22,2025
22.80076,86.0909,311.78,60,VIIRS,2026-08-22,2027
26.25696,74.09583,299.44,60,VIIRS,2026-08-22,2027
23.80441,86.32185,314.37,60,VIIRS,2026-08-22,2027
23.80258,86.33081,319.81,60,VIIRS,2026-08-22,2027
23.79793,86.35358,312.09,60,VIIRS,2026-08-22,2027
23.78159,86.345,305.43,60,VIIRS,2026-08-22,2027
23.76508,86.40316,303.43,60,VIIRS,2026-08-22,2027
23.79524,86.23467,300.12,60,VIIRS,2026-08-22,2027
23.76075,86.40213,300.03,60,VIIRS,2026-08-22,2027
23.78274,86.20814,314.32,60,VIIRS,2026-08-22,2027
23.73578,86.4348,298.59,60,VIIRS,2026-08-22,2027
23.74022,86.43286,298.64,60,VIIRS,2026-08-22,2027
23.7804,86.20914,318.35,60,VIIRS,2026-08-22,2027
23.71044,86.44514,298.48,60,VIIRS,2026-08-22,2027
23.68413,86.39545,295.78,60,VIIRS,2026-08-22,2027
23.67979,86.39445,296.27,60,VIIRS,2026-08-22,2027
23.75904,85.8523,301.91,60,VIIRS,2026-08-22,2027
23.75485,85.85135,305.09,60,VIIRS,2026-08-22,2027
23.78721,85.55401,307.75,60,VIIRS,2026-08-22,2027
23.6965,85.3699,313.84,60,VIIRS,2026-08-22,2027
23.65643,85.50846,301.58,60,VIIRS,2026-08-22,2027
23.74177,85.00876,306.46,60,VIIRS,2026-08-22,2027
23.64876,85.43883,317.96,60,VIIRS,2026-08-22,2027
23.72109,85.00806,305.36,60,VIIRS,2026-08-22,2027
24.76343,74.60846,309.22,60,VIIRS,2026-08-22,2027
22.87493,86.06339,307.34,60,VIIRS,2026-08-22,2027
24.661,74.63132,303.41,60,VIIRS,2026-08-22,2027
22.13482,85.38378,296.32,60,VIIRS,2026-08-22,2027
22.3208,82.56306,301.62,60,VIIRS,2026-08-22,2027
22.32,82.56749,298.3,60,VIIRS,2026-08-22,2027
22.01529,83.75329,305.48,60,VIIRS,2026-08-22,2027
21.92231,83.34942,303.87,60,VIIRS,2026-08-22,2027
22.00384,82.66708,303.09,60,VIIRS,2026-08-22,2027
22.00303,82.67159,297.66,60,VIIRS,2026-08-22,2027
21.75515,83.8454,296.76,60,VIIRS,2026-08-22,2027
21.00268,86.02658,302.8,60,VIIRS,2026-08-22,2027
20.96992,86.00403,304.73,60,VIIRS,2026-08-22,2027
20.96893,86.00884,299.75,60,VIIRS,2026-08-22,2027
20.96815,86.00194,305.77,60,VIIRS,2026-08-22,2027
20.86482,84.9866,305.73,60,VIIRS,2026-08-22,2027
20.86397,84.99087,305.36,60,VIIRS,2026-08-22,2027
21.11185,72.63547,306.57,60,VIIRS,2026-08-22,2027
21.10659,72.64334,339.42,60,VIIRS,2026-08-22,2027
21.10608,72.64758,314.44,60,VIIRS,2026-08-22,2027
21.10335,72.63428,339.93,60,VIIRS,2026-08-22,2027
16.07088,79.09984,317.51,60,VIIRS,2026-08-22,2029
11.81647,77.9164,309.18,60,VIIRS,2026-08-22,2032
11.81588,77.92001,304.56,60,VIIRS,2026-08-22,2032
11.81195,77.92308,308.09,60,VIIRS,2026-08-22,2032
11.8086,77.92253,314.27,60,VIIRS,2026-08-22,2032
11.18339,79.09859,303.85,60,VIIRS,2026-08-22,2032
11.25874,77.70227,301.2,60,VIIRS,2026-08-22,2032
10.92976,77.06505,307.27,60,VIIRS,2026-08-22,2032
10.92371,77.06046,303.12,60,VIIRS,2026-08-22,2032
10.68492,77.50858,312.86,60,VIIRS,2026-08-22,2032
10.61762,77.42123,308.25,60,VIIRS,2026-08-22,2032
10.24232,77.21516,301.37,60,VIIRS,2026-08-22,2032
10.23955,77.2112,300.55,60,VIIRS,2026-08-22,2032
10.23901,77.21459,316.59,60,VIIRS,2026-08-22,2032
8.74051,77.59778,296.69,60,VIIRS,2026-08-22,2032
8.44259,77.65411,340.55,60,VIIRS,2026-08-23,0737
9.9144,78.20298,338.69,60,VIIRS,2026-08-23,0737
10.90665,78.5351,345.92,60,VIIRS,2026-08-23,0737
10.90538,78.5389,341.88,60,VIIRS,2026-08-23,0737
10.90437,78.53344,340.56,60,VIIRS,2026-08-23,0737
12.66366,79.68339,333.57,60,VIIRS,2026-08-23,0737
12.83614,79.93994,330.37,60,VIIRS,2026-08-23,0737
15.13026,77.57384,332.19,60,VIIRS,2026-08-23,0737
15.18056,77.62939,339.76,60,VIIRS,2026-08-23,0737
18.70828,74.36279,342.67,60,VIIRS,2026-08-23,0739
21.1777,81.38538,334.02,30,VIIRS,2026-08-23,0739
21.1971,81.41568,330.6,30,VIIRS,2026-08-23,0739
23.67718,86.3996,334.56,60,VIIRS,2026-08-23,0739
23.68365,86.39413,342.21,60,VIIRS,2026-08-23,0739
23.68718,86.39358,330.24,60,VIIRS,2026-08-23,0739
23.67965,86.09396,336.48,60,VIIRS,2026-08-23,0739
23.73584,86.43473,337.91,60,VIIRS,2026-08-23,0739
23.75711,86.40475,335.49,60,VIIRS,2026-08-23,0739
23.76064,86.4042,333.93,60,VIIRS,2026-08-23,0739
23.78134,86.21207,330.46,60,VIIRS,2026-08-23,0739
23.80126,86.33157,336.99,60,VIIRS,2026-08-23,0739
23.80175,86.3328,333.09,60,VIIRS,2026-08-23,0739
29.45937,76.86541,330.47,60,VIIRS,2026-08-23,0741
29.45724,76.86423,336.34,60,VIIRS,2026-08-23,0741
30.39611,73.87531,336.71,60,VIIRS,2026-08-23,0744
30.39734,73.8893,347.63,60,VIIRS,2026-08-23,0744
30.39399,73.87405,344.72,60,VIIRS,2026-08-23,0744
30.39251,73.78191,341.76,60,VIIRS,2026-08-23,0744
33.29054,75.72936,299.87,60,VIIRS,2026-08-23,2006
31.26112,76.91966,300.98,60,VIIRS,2026-08-23,2006
24.12066,86.86448,311.8,60,VIIRS,2026-08-23,2008
27.37927,95.08714,301.67,60,VIIRS,2026-08-23,2008
27.32492,95.27525,299.75,60,VIIRS,2026-08-23,2008
27.31631,95.26515,296.82,60,VIIRS,2026-08-23,2008
29.46107,76.86459,308.59,60,VIIRS,2026-08-23,2008
29.45618,76.86398,333.18,60,VIIRS,2026-08-23,2008
29.46122,76.88956,307.93,60,VIIRS,2026-08-23,2008
29.45866,76.86417,337.19,60,VIIRS,2026-08-23,2008
28.83727,77.13653,303.18,60,VIIRS,2026-08-23,2008
28.35195,77.25737,303.02,60,VIIRS,2026-08-23,2008
28.35041,77.25633,305,60,VIIRS,2026-08-23,2008
26.26939,74.18853,303.21,60,VIIRS,2026-08-23,2008
24.12162,86.86566,304.33,60,VIIRS,2026-08-23,2008
24.11545,86.86011,314.86,60,VIIRS,2026-08-23,2008
23.6954,87.12105,304.06,60,VIIRS,2026-08-23,2008
23.69465,87.12528,306.24,60,VIIRS,2026-08-23,2008
23.6919,87.12032,302.54,60,VIIRS,2026-08-23,2008
23.76136,86.39938,305.61,60,VIIRS,2026-08-23,2008
23.76068,86.4034,312.84,60,VIIRS,2026-08-23,2008
23.75728,86.40272,319.82,60,VIIRS,2026-08-23,2008
23.75659,86.40674,302.49,60,VIIRS,2026-08-23,2008
23.75456,86.39803,305.9,60,VIIRS,2026-08-23,2008
23.75112,86.41814,307.83,60,VIIRS,2026-08-23,2008
23.73815,86.43221,314.1,60,VIIRS,2026-08-23,2008
23.73746,86.43626,305.19,60,VIIRS,2026-08-23,2008
23.68035,86.39971,304.64,60,VIIRS,2026-08-23,2008
23.67764,86.39501,317.98,60,VIIRS,2026-08-23,2008
23.67694,86.39905,319.92,60,VIIRS,2026-08-23,2008
23.67624,86.40308,309.51,60,VIIRS,2026-08-23,2008
23.5534,86.54269,298.62,60,VIIRS,2026-08-23,2008
23.54998,86.54199,298.65,60,VIIRS,2026-08-23,2008
24.66104,74.63218,300.17,60,VIIRS,2026-08-23,2008
24.66073,74.6358,299.51,60,VIIRS,2026-08-23,2008
22.37793,87.27869,334.11,60,VIIRS,2026-08-23,2008
22.36682,87.2994,315.55,60,VIIRS,2026-08-23,2008
22.36603,87.30385,304.35,60,VIIRS,2026-08-23,2008
22.36325,87.29866,304,60,VIIRS,2026-08-23,2008
22.35769,87.28828,307.75,60,VIIRS,2026-08-23,2008
22.36573,87.01741,307.35,60,VIIRS,2026-08-23,2008
22.3622,87.01669,307.52,60,VIIRS,2026-08-23,2008
22.05326,88.12505,307.4,60,VIIRS,2026-08-23,2008
21.10283,72.63239,315.35,60,VIIRS,2026-08-23,2010
21.10242,72.63674,303.85,60,VIIRS,2026-08-23,2010
18.68132,73.03327,296.61,60,VIIRS,2026-08-23,2010
18.68086,73.03121,297.68,60,VIIRS,2026-08-23,2010
10.88856,78.48952,318.63,60,VIIRS,2026-08-23,2012
10.07459,77.25485,309.07,60,VIIRS,2026-08-23,2012
10.07588,77.25687,302.63,60,VIIRS,2026-08-23,2012
10.07273,77.25261,322.31,60,VIIRS,2026-08-23,2012
10.07212,77.25668,332.29,60,VIIRS,2026-08-23,2012
31.25682,76.92467,299.45,60,VIIRS,2026-08-23,2146
32.00023,78.53627,343.6,60,VIIRS,2026-08-24,0724
28.78677,80.20897,340.9,60,VIIRS,2026-08-24,0724
28.79093,80.20787,333.93,60,VIIRS,2026-08-24,0724
22.37798,87.27563,312.37,60,VIIRS,2026-08-24,1949
22.36729,87.30124,307.56,60,VIIRS,2026-08-24,1949
22.36395,87.30066,327.09,60,VIIRS,2026-08-24,1949
22.35897,87.28802,314.13,60,VIIRS,2026-08-24,1949
22.3584,87.29185,309.63,60,VIIRS,2026-08-24,1949
23.80593,86.32925,301.64,60,VIIRS,2026-08-24,1949
23.68914,87.10023,300.3,60,VIIRS,2026-08-24,1949
23.76,85.85234,302.56,60,VIIRS,2026-08-24,1949
23.7594,85.85674,309.62,60,VIIRS,2026-08-24,1949
23.75644,85.85175,306.19,60,VIIRS,2026-08-24,1949
23.56024,87.24084,317.79,60,VIIRS,2026-08-24,1949
23.55686,87.24026,330.3,60,VIIRS,2026-08-24,1949
23.55629,87.24419,306.97,60,VIIRS,2026-08-24,1949
23.65765,85.50914,301.62,60,VIIRS,2026-08-24,1949
23.65687,85.50671,300.76,60,VIIRS,2026-08-24,1949
23.66972,84.99499,300.78,60,VIIRS,2026-08-24,1949
22.37741,87.27945,342.9,60,VIIRS,2026-08-24,1949
17.60995,83.20184,302.24,60,VIIRS,2026-08-24,1951
15.18525,76.66425,317.21,60,VIIRS,2026-08-24,1951
15.18397,76.67608,307.12,60,VIIRS,2026-08-24,1951
15.17959,76.6636,300.38,60,VIIRS,2026-08-24,1951
15.17831,76.67545,302.22,60,VIIRS,2026-08-24,1951
15.18871,76.6569,301.81,60,VIIRS,2026-08-24,1951
15.18643,76.67658,305.01,60,VIIRS,2026-08-24,1951
15.18214,76.66415,322.33,60,VIIRS,2026-08-24,1951
15.17784,76.65171,302.12,60,VIIRS,2026-08-24,1951
15.17738,76.65565,301.94,60,VIIRS,2026-08-24,1951
31.25751,76.92367,302.19,60,VIIRS,2026-08-24,2127
25.94493,72.19168,307.22,60,VIIRS,2026-08-24,2129
24.8207,73.09208,303.71,60,VIIRS,2026-08-24,2129
26.25711,74.09373,303.31,60,VIIRS,2026-08-24,2129
24.68919,73.00189,304.95,60,VIIRS,2026-08-24,2129
24.82048,73.09338,302.31,60,VIIRS,2026-08-24,2129
22.93402,69.69881,314.16,60,VIIRS,2026-08-24,2131
22.92938,70.10797,307.66,60,VIIRS,2026-08-24,2131
22.34236,69.87119,331,60,VIIRS,2026-08-24,2131
21.10818,72.64432,328.48,60,VIIRS,2026-08-24,2131
21.10742,72.64774,320.64,60,VIIRS,2026-08-24,2131
21.1045,72.63617,337.36,60,VIIRS,2026-08-24,2131
29.45627,76.8924,327.41,60,VIIRS,2026-08-25,0705
14.86755,79.73705,337.02,60,VIIRS,2026-08-25,0841
15.38928,75.22285,331.45,60,VIIRS,2026-08-25,0841
17.08532,79.68513,332.03,60,VIIRS,2026-08-25,0841
18.70882,74.45466,336.09,60,VIIRS,2026-08-25,0841
21.10536,72.64783,332.66,60,VIIRS,2026-08-25,0843
22.93576,69.1861,331.31,60,VIIRS,2026-08-25,0843
21.10028,72.63832,336.63,60,VIIRS,2026-08-25,0843
26.75963,83.19836,301.32,60,VIIRS,2026-08-25,1930
23.66496,87.15575,310.24,60,VIIRS,2026-08-25,1932
23.61165,87.14617,298.73,60,VIIRS,2026-08-25,1932
23.56146,87.23864,298.85,60,VIIRS,2026-08-25,1932
22.80134,86.09074,308.76,60,VIIRS,2026-08-25,1932
22.78985,86.19658,299.79,60,VIIRS,2026-08-25,1932
22.7893,86.20161,298.23,60,VIIRS,2026-08-25,1932
22.78875,86.20664,298.14,60,VIIRS,2026-08-25,1932
22.3689,87.30096,305.95,60,VIIRS,2026-08-25,1932
22.36469,87.30035,317.29,60,VIIRS,2026-08-25,1932
22.35725,87.29079,305.1,60,VIIRS,2026-08-25,1932
21.74762,83.84057,298.87,60,VIIRS,2026-08-25,1932
21.39248,81.64462,301.02,60,VIIRS,2026-08-25,1932
21.37752,81.67648,303.65,60,VIIRS,2026-08-25,1932
21.19596,81.41667,327.82,60,VIIRS,2026-08-25,1932
21.19639,81.41189,307.28,60,VIIRS,2026-08-25,1932
21.3352,78.96751,301.03,60,VIIRS,2026-08-25,1932
17.6105,83.20296,318.58,60,VIIRS,2026-08-25,1932
17.60567,83.19904,306.36,60,VIIRS,2026-08-25,1932
34.47186,73.85632,298.24,60,VIIRS,2026-08-25,2108
34.47789,73.86224,296.97,60,VIIRS,2026-08-25,2108
34.47523,73.85731,331.54,60,VIIRS,2026-08-25,2108
34.47445,73.86165,303.5,60,VIIRS,2026-08-25,2108
25.9438,72.19157,304.35,60,VIIRS,2026-08-25,2112
23.49973,68.57806,299.67,60,VIIRS,2026-08-25,2112
22.92767,70.10764,315.24,60,VIIRS,2026-08-25,2112
22.92693,69.82433,307.02,60,VIIRS,2026-08-25,2112
22.93445,69.69788,330.6,60,VIIRS,2026-08-25,2112
22.9338,69.70174,317.05,60,VIIRS,2026-08-25,2112
22.9311,69.69724,306.28,60,VIIRS,2026-08-25,2112
22.3412,69.85442,306.8,60,VIIRS,2026-08-25,2112
22.33997,69.85574,308.37,60,VIIRS,2026-08-25,2112
22.42014,69.04203,302.36,60,VIIRS,2026-08-25,2112
22.41745,69.03764,310.21,60,VIIRS,2026-08-25,2112
21.10566,72.6433,330.23,60,VIIRS,2026-08-25,2112
21.10278,72.63721,322.81,60,VIIRS,2026-08-25,2112
20.9112,71.45757,302.1,60,VIIRS,2026-08-25,2112
21.18221,81.38339,302.23,60,VIIRS,2026-08-25,2112
17.95897,80.78802,301.14,60,VIIRS,2026-08-25,2114
15.34013,76.27901,303.12,60,VIIRS,2026-08-25,2114
15.33927,76.27831,307.71,60,VIIRS,2026-08-25,2114
15.10937,76.80316,296.23,60,VIIRS,2026-08-25,2114
15.11204,76.8075,300.58,60,VIIRS,2026-08-25,2114
17.95949,80.79189,304.32,60,VIIRS,2026-08-25,2114
15.00306,76.99864,337.96,60,VIIRS,2026-08-26,0822
9.21554,78.64903,336.71,60,VIIRS,2026-08-26,0822
9.21909,78.64851,335.48,60,VIIRS,2026-08-26,0822
9.38962,78.88501,347.44,60,VIIRS,2026-08-26,0822
9.30177,77.47569,336.04,60,VIIRS,2026-08-26,0822
9.8038,78.17648,340.06,60,VIIRS,2026-08-26,0822
10.05029,77.95355,349.07,60,VIIRS,2026-08-26,0822
10.05376,77.95303,343.77,60,VIIRS,2026-08-26,0822
10.93808,79.54315,336.15,60,VIIRS,2026-08-26,0822
11.55913,79.62791,336.44,60,VIIRS,2026-08-26,0822
11.42405,78.16054,332.79,60,VIIRS,2026-08-26,0822
11.53354,78.71278,341.68,60,VIIRS,2026-08-26,0822
11.35922,77.2625,330.28,60,VIIRS,2026-08-26,0822
11.46199,77.46516,341.29,60,VIIRS,2026-08-26,0822
11.67362,78.43934,330.64,60,VIIRS,2026-08-26,0822
12.13018,79.65379,342.13,60,VIIRS,2026-08-26,0822
12.05793,76.91864,331.26,30,VIIRS,2026-08-26,0822
12.26599,77.0015,335.46,60,VIIRS,2026-08-26,0822
12.30538,76.84256,330.79,60,VIIRS,2026-08-26,0822
12.83705,79.94056,330.38,30,VIIRS,2026-08-26,0822
12.95476,79.27879,334.78,60,VIIRS,2026-08-26,0822
13.09371,78.80157,334.78,60,VIIRS,2026-08-26,0822
13.973,78.2289,331.1,60,VIIRS,2026-08-26,0822
14.23911,79.66386,333.76,60,VIIRS,2026-08-26,0822
14.15628,77.23994,339.33,60,VIIRS,2026-08-26,0822
15.01841,79.74989,340.98,60,VIIRS,2026-08-26,0822
15.17841,76.68213,338.03,60,VIIRS,2026-08-26,0822
15.17785,76.67822,336.4,60,VIIRS,2026-08-26,0822
15.17506,76.65867,334.39,60,VIIRS,2026-08-26,0822
15.18318,76.64153,337.25,60,VIIRS,2026-08-26,0822
15.44035,76.97665,332.95,60,VIIRS,2026-08-26,0822
15.74739,77.78989,337.15,60,VIIRS,2026-08-26,0822
15.97756,78.4123,330.46,60,VIIRS,2026-08-26,0822
16.0065,77.04945,340.97,60,VIIRS,2026-08-26,0822
22.35975,82.30282,333.19,60,VIIRS,2026-08-26,0824
21.74921,83.84696,326.92,60,VIIRS,2026-08-26,0824
21.74881,83.84253,346.63,60,VIIRS,2026-08-26,0824
21.75503,83.8465,334.17,60,VIIRS,2026-08-26,0824
21.9208,83.35326,326.38,60,VIIRS,2026-08-26,0824
21.10283,72.64758,339.05,60,VIIRS,2026-08-26,0824
21.10113,72.63656,342.14,60,VIIRS,2026-08-26,0824
21.10612,72.647,344.97,60,VIIRS,2026-08-26,0824
22.35542,82.30332,334.63,60,VIIRS,2026-08-26,0824
16.83671,79.16844,333.57,60,VIIRS,2026-08-26,0824
19.99819,74.01125,333.16,60,VIIRS,2026-08-26,0824
21.74298,83.84299,346.9,60,VIIRS,2026-08-26,0824
22.92799,70.10835,334.26,30,VIIRS,2026-08-26,0826
20.96951,85.17609,305.91,60,VIIRS,2026-08-26,1913
20.96356,85.1699,297.9,60,VIIRS,2026-08-26,1913
20.79373,85.25214,303.88,60,VIIRS,2026-08-26,1913
20.76191,85.29632,305.1,60,VIIRS,2026-08-26,1915
20.76239,85.29076,299.33,60,VIIRS,2026-08-26,1915
20.79809,85.25024,301.94,60,VIIRS,2026-08-26,1915
20.76468,85.29327,303.89,60,VIIRS,2026-08-26,1915
26.87866,73.51471,303.59,60,VIIRS,2026-08-26,2051
23.93222,72.36194,322.77,60,VIIRS,2026-08-26,2051
29.47616,76.85736,306.91,60,VIIRS,2026-08-26,2051
26.76138,83.19917,301.41,60,VIIRS,2026-08-26,2051
26.92686,73.4677,305.99,60,VIIRS,2026-08-26,2051
23.61789,86.78893,305.36,60,VIIRS,2026-08-26,2051
21.1065,72.64651,300.89,60,VIIRS,2026-08-26,2053
20.81066,85.25798,303.54,60,VIIRS,2026-08-26,2053
20.80444,85.25613,301.92,60,VIIRS,2026-08-26,2053
20.79822,85.25431,308.68,60,VIIRS,2026-08-26,2053
20.78934,85.26369,304.73,60,VIIRS,2026-08-26,2053
20.78438,85.25655,302.13,60,VIIRS,2026-08-26,2053
20.78307,85.26205,301.72,60,VIIRS,2026-08-26,2053
23.31667,70.48634,308.92,60,VIIRS,2026-08-26,2053
23.31464,70.48708,307.11,60,VIIRS,2026-08-26,2053
22.32132,69.88142,317.54,60,VIIRS,2026-08-26,2053
22.32085,69.8827,311.16,60,VIIRS,2026-08-26,2053
22.41633,69.0387,309,60,VIIRS,2026-08-26,2053
20.91049,71.45941,312.46,60,VIIRS,2026-08-26,2053
18.95677,73.94353,329.4,60,VIIRS,2026-08-26,2053
18.68589,73.02978,301.74,60,VIIRS,2026-08-26,2053
18.68196,73.03288,302.89,60,VIIRS,2026-08-26,2053
18.68135,73.03658,308.6,60,VIIRS,2026-08-26,2053
13.71163,79.62034,301.42,60,VIIRS,2026-08-26,2055
11.80962,77.92208,298.71,60,VIIRS,2026-08-26,2055
15.17946,76.67565,307.05,60,VIIRS,2026-08-26,2055
13.71613,79.62455,302.5,60,VIIRS,2026-08-26,2055
13.84566,79.25454,303.89,60,VIIRS,2026-08-26,2055
15.18357,76.67648,309.53,60,VIIRS,2026-08-26,2055
15.17886,76.65562,312.26,60,VIIRS,2026-08-26,2055
13.84619,79.25174,311.52,60,VIIRS,2026-08-26,2055
15.17025,76.38171,304.26,60,VIIRS,2026-08-26,2055
15.17336,76.66246,301.82,60,VIIRS,2026-08-26,2055
15.17477,76.65479,318.72,60,VIIRS,2026-08-26,2055
15.17816,76.65945,310.09,60,VIIRS,2026-08-26,2055
15.18496,76.66879,312.05,60,VIIRS,2026-08-26,2055
15.30119,76.21846,301.59,60,VIIRS,2026-08-26,2055
15.17542,77.10057,302.32,60,VIIRS,2026-08-26,2055
15.33309,76.24698,309.09,60,VIIRS,2026-08-26,2055
15.33449,76.28466,307.06,60,VIIRS,2026-08-26,2055
8.95087,77.90591,336.68,30,VIIRS,2026-08-27,0803
9.12931,77.84509,337.52,30,VIIRS,2026-08-27,0803
9.23964,77.81049,339.38,30,VIIRS,2026-08-27,0803
9.27336,77.94791,337.78,30,VIIRS,2026-08-27,0803
9.9415,78.59012,334.4,60,VIIRS,2026-08-27,0803
9.82798,77.77052,338.56,30,VIIRS,2026-08-27,0803
11.03126,77.58949,337.59,60,VIIRS,2026-08-27,0803
11.03474,77.58891,337.28,60,VIIRS,2026-08-27,0803
12.09427,77.76483,335.49,30,VIIRS,2026-08-27,0805
11.70355,78.596,334.69,30,VIIRS,2026-08-27,0805
12.05728,79.84831,333.91,60,VIIRS,2026-08-27,0805
12.1972,79.71706,332.4,60,VIIRS,2026-08-27,0805
12.29649,78.82146,334.91,60,VIIRS,2026-08-27,0805
15.81279,79.73833,335.02,60,VIIRS,2026-08-27,0805
17.36462,75.19918,335.39,30,VIIRS,2026-08-27,0805
22.7993,86.09131,332.6,60,VIIRS,2026-08-27,0805
20.79344,85.25465,352.45,60,VIIRS,2026-08-27,0807
20.96367,85.19029,330.49,60,VIIRS,2026-08-27,0807
20.96309,85.18516,332.56,60,VIIRS,2026-08-27,0807
26.6315,70.38902,341.86,60,VIIRS,2026-08-27,0807
31.58428,75.88541,336.5,60,VIIRS,2026-08-27,0807
20.79426,85.25369,341.39,60,VIIRS,2026-08-27,0807
29.91374,74.95001,317.18,60,VIIRS,2026-08-27,2032
29.90996,74.94939,349.11,60,VIIRS,2026-08-27,2032
29.91061,74.94411,315.32,60,VIIRS,2026-08-27,2032
29.90931,74.95467,310.35,60,VIIRS,2026-08-27,2032
29.90619,74.94877,309.91,60,VIIRS,2026-08-27,2032
29.45695,76.86645,325,60,VIIRS,2026-08-27,2032
23.55796,87.23771,309.96,60,VIIRS,2026-08-27,2034
23.56014,87.23705,302.58,60,VIIRS,2026-08-27,2034
23.55943,87.2403,303.16,60,VIIRS,2026-08-27,2034
23.56168,87.08423,296.94,60,VIIRS,2026-08-27,2034
25.94402,72.18896,306.37,60,VIIRS,2026-08-27,2034
22.37985,87.27941,320.47,60,VIIRS,2026-08-27,2034
22.38062,87.27596,304,60,VIIRS,2026-08-27,2034
22.37007,87.29873,302.4,60,VIIRS,2026-08-27,2034
21.11086,72.63392,297.67,60,VIIRS,2026-08-27,2034
22.36412,87.30086,309.14,60,VIIRS,2026-08-27,2034
23.11632,70.08329,303.57,60,VIIRS,2026-08-27,2034
17.95866,80.7881,307.84,60,VIIRS,2026-08-27,2036
17.95691,80.79494,321.04,60,VIIRS,2026-08-27,2036
17.9587,80.7852,305.22,60,VIIRS,2026-08-27,2036
17.95781,80.79008,305.78,60,VIIRS,2026-08-27,2036
17.95779,80.79296,325.37,60,VIIRS,2026-08-27,2036
17.46451,80.65163,306.31,60,VIIRS,2026-08-27,2036
17.37144,77.44598,308.66,60,VIIRS,2026-08-27,2036
17.14186,77.1844,313.21,60,VIIRS,2026-08-27,2036
17.13972,77.17654,308.27,60,VIIRS,2026-08-27,2036
17.06305,76.97786,312.97,60,VIIRS,2026-08-27,2036
15.84508,79.77524,311.52,60,VIIRS,2026-08-27,2036
15.84314,79.77197,313.9,60,VIIRS,2026-08-27,2036
16.65075,74.31296,303.68,60,VIIRS,2026-08-27,2036
15.99172,78.39793,311.61,60,VIIRS,2026-08-27,2036
15.93414,78.26305,311.11,60,VIIRS,2026-08-27,2036
15.33814,76.27811,331.25,60,VIIRS,2026-08-27,2036
15.3337,76.28465,314.4,60,VIIRS,2026-08-27,2036
15.18383,76.66673,310.39,60,VIIRS,2026-08-27,2036
15.17896,76.65481,304.88,60,VIIRS,2026-08-27,2036
15.17837,76.6584,305.75,60,VIIRS,2026-08-27,2036
15.17311,76.69072,304.56,60,VIIRS,2026-08-27,2036
15.17565,76.65424,313.9,60,VIIRS,2026-08-27,2036
15.17506,76.65783,308.19,60,VIIRS,2026-08-27,2036
15.16954,76.67191,312.8,60,VIIRS,2026-08-27,2036
15.16878,76.38122,305.46,60,VIIRS,2026-08-27,2036
13.82722,79.25863,311.67,60,VIIRS,2026-08-27,2036
13.39423,80.09978,310.06,60,VIIRS,2026-08-27,2036
13.39338,80.10246,309.41,60,VIIRS,2026-08-27,2036
12.91795,77.42487,300.73,60,VIIRS,2026-08-27,2038
12.64644,77.78779,297.84,60,VIIRS,2026-08-27,2038
12.24076,78.06161,315.57,60,VIIRS,2026-08-27,2038
11.81844,77.91795,306.9,60,VIIRS,2026-08-27,2038
11.81491,77.91734,307.82,60,VIIRS,2026-08-27,2038
11.81067,77.92082,315.05,60,VIIRS,2026-08-27,2038
11.80997,77.92491,298.4,60,VIIRS,2026-08-27,2038
11.1818,79.10095,308.51,60,VIIRS,2026-08-27,2038
11.1106,77.76625,305.12,60,VIIRS,2026-08-27,2038
10.61681,77.42193,304.47,60,VIIRS,2026-08-27,2038
10.59377,77.43021,304.6,60,VIIRS,2026-08-27,2038
9.49392,77.62406,314.42,60,VIIRS,2026-08-27,2038
8.30496,77.64027,311.47,60,VIIRS,2026-08-27,2038
8.56677,78.0841,336.43,60,VIIRS,2026-08-28,0744
8.72984,78.1073,341.09,60,VIIRS,2026-08-28,0744
8.71155,77.97672,334.12,60,VIIRS,2026-08-28,0744
8.71066,77.97169,336.06,60,VIIRS,2026-08-28,0744
8.71625,77.97591,332.03,60,VIIRS,2026-08-28,0744
8.78832,78.11234,330.5,30,VIIRS,2026-08-28,0744
8.84528,78.0387,334.87,60,VIIRS,2026-08-28,0744
8.98831,77.81923,339.23,60,VIIRS,2026-08-28,0744
8.98947,77.82053,338.15,60,VIIRS,2026-08-28,0744
9.28083,78.39944,338.08,60,VIIRS,2026-08-28,0744
9.28004,78.3948,344.7,60,VIIRS,2026-08-28,0744
9.28536,78.39864,332.63,60,VIIRS,2026-08-28,0744
9.18515,77.78957,336.57,60,VIIRS,2026-08-28,0744
9.18577,77.78692,337.19,60,VIIRS,2026-08-28,0744
9.30402,78.39236,330.72,60,VIIRS,2026-08-28,0744
9.37273,78.62408,336.3,60,VIIRS,2026-08-28,0744
9.7363,78.57832,337.02,60,VIIRS,2026-08-28,0744
9.73857,78.34991,341.77,60,VIIRS,2026-08-28,0744
9.73959,78.34672,340.85,60,VIIRS,2026-08-28,0744
9.88019,78.4741,337.89,60,VIIRS,2026-08-28,0744
9.96297,78.39445,330.37,30,VIIRS,2026-08-28,0744
9.96105,78.39642,330.65,60,VIIRS,2026-08-28,0744
9.94673,78.18559,332.32,60,VIIRS,2026-08-28,0744
9.93117,78.07159,339.46,60,VIIRS,2026-08-28,0744
10.06681,78.36839,330.13,30,VIIRS,2026-08-28,0744
10.59022,78.85231,333.44,60,VIIRS,2026-08-28,0744
10.81325,78.80896,331.45,60,VIIRS,2026-08-28,0744
11.24627,77.77045,337.19,60,VIIRS,2026-08-28,0744
11.24631,77.76821,335.77,60,VIIRS,2026-08-28,0744
11.62135,79.67422,342.53,60,VIIRS,2026-08-28,0744
11.97214,79.74477,343.23,60,VIIRS,2026-08-28,0744
11.9761,79.74409,340.97,60,VIIRS,2026-08-28,0744
12.63144,79.54516,330.25,60,VIIRS,2026-08-28,0744
14.49,79.71088,344.64,60,VIIRS,2026-08-28,0744
14.66463,79.55208,332.52,30,VIIRS,2026-08-28,0746
14.59493,77.66154,334.05,60,VIIRS,2026-08-28,0746
15.08822,79.77559,344.05,60,VIIRS,2026-08-28,0746
15.089,79.77787,336.56,60,VIIRS,2026-08-28,0746
14.66086,75.65631,367,90,VIIRS,2026-08-28,0746
14.66031,75.6534,336.45,60,VIIRS,2026-08-28,0746
14.65638,75.65396,339.8,60,VIIRS,2026-08-28,0746
14.66129,75.6529,330.09,60,VIIRS,2026-08-28,0746
15.32899,78.96827,332.13,60,VIIRS,2026-08-28,0746
15.63525,79.5853,340.53,60,VIIRS,2026-08-28,0746
15.73366,79.84308,335.64,60,VIIRS,2026-08-28,0746
15.99496,78.3997,331.18,60,VIIRS,2026-08-28,0746
16.13124,77.82779,354.31,60,VIIRS,2026-08-28,0746
16.13541,77.827,340.62,60,VIIRS,2026-08-28,0746
20.9654,86.01233,334.34,60,VIIRS,2026-08-28,0746
20.96903,86.01181,331.01,60,VIIRS,2026-08-28,0746
21.74418,83.84429,334.37,60,VIIRS,2026-08-28,0746
21.74363,83.84044,332.72,60,VIIRS,2026-08-28,0746
21.74754,83.84375,344.84,60,VIIRS,2026-08-28,0746
21.75426,83.84266,336.85,60,VIIRS,2026-08-28,0746
21.76207,83.84924,333.38,60,VIIRS,2026-08-28,0746
22.37538,87.27899,330.44,60,VIIRS,2026-08-28,0746
23.80325,86.33153,341.8,60,VIIRS,2026-08-28,0748
25.03555,87.38821,331.96,60,VIIRS,2026-08-28,0748
27.43482,70.8578,340,60,VIIRS,2026-08-28,0750
25.03661,87.38615,304.83,60,VIIRS,2026-08-28,2014
27.37636,95.08469,301.57,60,VIIRS,2026-08-28,2014
26.26645,74.18758,305.63,60,VIIRS,2026-08-28,2014
26.26726,74.18773,305.62,60,VIIRS,2026-08-28,2014
25.94442,72.18835,312.48,60,VIIRS,2026-08-28,2014
19.82014,79.23772,295.83,60,VIIRS,2026-08-28,2017
13.71465,79.62251,310.35,60,VIIRS,2026-08-28,2017
13.71189,79.61842,305.98,60,VIIRS,2026-08-28,2017
13.89451,77.03326,305.16,60,VIIRS,2026-08-28,2017
13.89907,76.56499,301.18,60,VIIRS,2026-08-28,2017
12.25146,79.63464,300.56,60,VIIRS,2026-08-28,2017
11.81577,77.91728,304.87,60,VIIRS,2026-08-28,2017
11.8118,77.92049,315.54,60,VIIRS,2026-08-28,2017
11.53513,77.22146,301.93,60,VIIRS,2026-08-28,2017
11.18338,79.09915,298.56,60,VIIRS,2026-08-28,2017
11.14093,77.35009,300.35,60,VIIRS,2026-08-28,2017
11.04049,77.71588,304.81,60,VIIRS,2026-08-28,2017
22.26705,75.13366,303.97,60,VIIRS,2026-08-28,2017
21.1097,72.63574,301.04,60,VIIRS,2026-08-28,2017
21.10903,72.64254,308.26,60,VIIRS,2026-08-28,2017
21.10869,72.64594,317.01,60,VIIRS,2026-08-28,2017
21.10907,72.63943,302.13,60,VIIRS,2026-08-28,2017
21.10871,72.64282,299.25,60,VIIRS,2026-08-28,2017
21.10835,72.64621,304.31,60,VIIRS,2026-08-28,2017
19.96314,79.33248,308.63,60,VIIRS,2026-08-28,2017
19.93703,73.71011,308.78,60,VIIRS,2026-08-28,2017
17.95662,80.79441,331.26,60,VIIRS,2026-08-28,2017
17.95774,80.78719,307.39,60,VIIRS,2026-08-28,2017
15.13364,79.95895,311.16,60,VIIRS,2026-08-28,2019
8.6718,77.99409,309.52,60,VIIRS,2026-08-28,2019
10.61592,77.42117,301.41,60,VIIRS,2026-08-28,2019
8.66846,77.99356,309.13,60,VIIRS,2026-08-28,2019
17.14254,77.18425,305.29,60,VIIRS,2026-08-28,2019
17.14009,77.17446,305.66,60,VIIRS,2026-08-28,2019
17.0624,76.98022,307.14,60,VIIRS,2026-08-28,2019
16.09608,79.16954,307.79,60,VIIRS,2026-08-28,2019
15.98432,79.14418,304.46,60,VIIRS,2026-08-28,2019
15.89742,79.43373,298.3,60,VIIRS,2026-08-28,2019
15.33618,76.28429,304.01,60,VIIRS,2026-08-28,2019
15.17731,77.1031,305.59,60,VIIRS,2026-08-28,2019
15.17739,77.10064,305.28,60,VIIRS,2026-08-28,2019
15.17368,76.78575,304.27,60,VIIRS,2026-08-28,2019
15.183,76.66542,321.1,60,VIIRS,2026-08-28,2019
15.1825,76.64178,330.42,60,VIIRS,2026-08-28,2019
15.18056,76.65565,306.01,60,VIIRS,2026-08-28,2019
15.17798,76.6741,305.04,60,VIIRS,2026-08-28,2019
15.1754,76.69256,315.2,60,VIIRS,2026-08-28,2019
15.17683,76.65511,332.64,60,VIIRS,2026-08-28,2019
15.11159,76.8063,303.23,60,VIIRS,2026-08-28,2019
14.60621,78.52273,308.2,60,VIIRS,2026-08-28,2019
8.85032,78.13471,308.67,60,VIIRS,2026-08-28,2019
25.9405,72.1935,303.76,60,VIIRS,2026-08-28,2155
25.9441,72.19492,304.05,60,VIIRS,2026-08-28,2155
9.3622,78.73381,332.95,60,VIIRS,2026-08-29,0724
14.54888,79.80931,348.89,60,VIIRS,2026-08-29,0726
10.40738,79.5165,354.22,60,VIIRS,2026-08-29,0726
10.98918,78.7616,330.06,60,VIIRS,2026-08-29,0726
12.20977,79.82823,332.09,60,VIIRS,2026-08-29,0726
13.56609,79.58166,331.28,60,VIIRS,2026-08-29,0726
14.55055,79.80936,349.62,60,VIIRS,2026-08-29,0726
14.6517,77.66785,340.19,60,VIIRS,2026-08-29,0726
14.65011,77.66823,336.82,60,VIIRS,2026-08-29,0726
23.68707,87.12255,331.22,60,VIIRS,2026-08-29,0729
25.03602,87.38899,335.28,60,VIIRS,2026-08-29,0729
28.26528,94.83472,346.8,60,VIIRS,2026-08-29,0731
26.66728,86.18171,335.89,60,VIIRS,2026-08-29,0731
31.65889,78.40624,336.85,30,VIIRS,2026-08-29,0731
8.64795,77.84141,330.38,60,VIIRS,2026-08-29,0905
29.46341,76.88279,298.15,60,VIIRS,2026-08-29,1953
29.46308,76.88765,309.87,60,VIIRS,2026-08-29,1953
28.66509,77.57698,306.44,60,VIIRS,2026-08-29,1955
23.54915,86.54485,302.9,60,VIIRS,2026-08-29,1955
22.37691,87.27876,322.63,60,VIIRS,2026-08-29,1955
22.36679,87.29976,303.34,60,VIIRS,2026-08-29,1955
22.36415,87.0177,300.28,60,VIIRS,2026-08-29,1955
22.36086,87.01711,305.35,60,VIIRS,2026-08-29,1955
9.79408,78.39436,313.48,60,VIIRS,2026-08-29,2000
9.75909,77.51995,355.55,60,VIIRS,2026-08-29,2000
10.08053,77.3137,303.46,60,VIIRS,2026-08-29,2000
9.75463,77.51933,333.11,60,VIIRS,2026-08-29,2000
9.30498,77.40442,309.28,60,VIIRS,2026-08-29,2000
8.77298,78.1974,326.43,60,VIIRS,2026-08-29,2000
11.17766,79.08904,301.17,60,VIIRS,2026-08-29,2000
11.47617,77.50427,301.06,60,VIIRS,2026-08-29,2000
11.47695,77.50159,298.16,60,VIIRS,2026-08-29,2000
10.32693,79.23083,303.13,60,VIIRS,2026-08-29,2000
10.61798,77.41872,305.55,60,VIIRS,2026-08-29,2000
10.94012,78.46482,300.86,60,VIIRS,2026-08-29,2000
10.93958,78.46883,338.63,60,VIIRS,2026-08-29,2000
10.94382,78.46944,298.61,60,VIIRS,2026-08-29,2000
13.8395,79.33519,305.55,60,VIIRS,2026-08-29,2000
13.83898,79.33909,308.77,60,VIIRS,2026-08-29,2000
13.8353,79.33482,308.27,60,VIIRS,2026-08-29,2000
13.83427,79.34254,308.41,60,VIIRS,2026-08-29,2000
11.56324,78.73071,319.18,60,VIIRS,2026-08-29,2000
29.45783,76.893,315.97,60,VIIRS,2026-08-29,2136
25.94203,72.1932,304.41,60,VIIRS,2026-08-29,2136
29.45926,76.88767,330.18,60,VIIRS,2026-08-29,2136
29.45884,76.89159,331.32,60,VIIRS,2026-08-29,2136
29.46024,76.88624,304.02,60,VIIRS,2026-08-29,2136
14.50181,79.70016,338.54,60,VIIRS,2026-08-30,0707
14.50168,79.70076,336.4,60,VIIRS,2026-08-30,0707
23.76081,86.4027,330.6,60,VIIRS,2026-08-30,0709
23.80394,86.33237,333.77,60,VIIRS,2026-08-30,0709
23.64829,85.43843,333.96,60,VIIRS,2026-08-30,0709
28.1259,95.46807,330.19,60,VIIRS,2026-08-30,0709
27.98966,94.22114,339.7,60,VIIRS,2026-08-30,0709
23.55893,87.23925,343.58,60,VIIRS,2026-08-30,0709
9.44872,77.67133,331.78,60,VIIRS,2026-08-30,0845
8.88266,77.78847,339.64,60,VIIRS,2026-08-30,0845
8.93221,77.96577,367,90,VIIRS,2026-08-30,0845
9.11021,77.77234,350.61,60,VIIRS,2026-08-30,0845
9.4436,77.67059,330.78,60,VIIRS,2026-08-30,0845
9.44333,77.66908,335.62,60,VIIRS,2026-08-30,0845
9.99573,77.29134,349.42,60,VIIRS,2026-08-30,0845
21.10428,72.64712,347.97,60,VIIRS,2026-08-30,0850
21.10281,72.6347,341.97,60,VIIRS,2026-08-30,0850
21.1033,72.63883,334.9,60,VIIRS,2026-08-30,0850
31.57862,74.81806,332.74,60,VIIRS,2026-08-30,0852
27.39587,71.04128,339.04,60,VIIRS,2026-08-30,0852
27.3954,71.0371,343.46,60,VIIRS,2026-08-30,0852
15.18226,76.66277,300.4,60,VIIRS,2026-08-30,1940
10.10931,77.46021,303.47,60,VIIRS,2026-08-30,1942
28.74474,76.9258,302.82,60,VIIRS,2026-08-30,2116
29.47735,76.8579,334.37,60,VIIRS,2026-08-30,2116
25.94213,72.19216,318.98,60,VIIRS,2026-08-30,2118
22.38943,73.11754,310.63,60,VIIRS,2026-08-30,2118
27.08151,73.8162,304.34,60,VIIRS,2026-08-30,2118
26.87585,73.51497,303.97,60,VIIRS,2026-08-30,2118
18.49127,74.60493,301,60,VIIRS,2026-08-30,2121
17.54469,73.15681,334.72,60,VIIRS,2026-08-30,2121
18.54775,74.2534,306.65,60,VIIRS,2026-08-30,2121
9.02701,77.86887,341.66,60,VIIRS,2026-08-31,0828
9.09992,77.59845,340.12,60,VIIRS,2026-08-31,0828
9.33502,77.6755,340.82,60,VIIRS,2026-08-31,0828
9.33842,77.67591,348.33,60,VIIRS,2026-08-31,0828
9.43492,77.46063,336.91,60,VIIRS,2026-08-31,0828
9.33629,76.59998,331.62,60,VIIRS,2026-08-31,0828
9.65621,77.65012,339,60,VIIRS,2026-08-31,0828
9.65592,77.65157,340.63,60,VIIRS,2026-08-31,0828
9.77065,78.36562,338.51,60,VIIRS,2026-08-31,0828
9.78937,78.38755,333.79,60,VIIRS,2026-08-31,0828
9.7255,77.27241,331.44,30,VIIRS,2026-08-31,0828
9.94658,77.72368,338.91,60,VIIRS,2026-08-31,0828
10.03775,78.14595,334.77,30,VIIRS,2026-08-31,0828
10.04175,77.58042,339.12,60,VIIRS,2026-08-31,0828
10.27317,78.84991,337.68,60,VIIRS,2026-08-31,0828
10.28726,77.86376,336.28,60,VIIRS,2026-08-31,0828
10.66276,78.48209,335.26,60,VIIRS,2026-08-31,0828
10.73763,78.73309,335.81,60,VIIRS,2026-08-31,0828
10.76245,78.65031,334.91,60,VIIRS,2026-08-31,0828
10.76564,78.65233,338.36,60,VIIRS,2026-08-31,0828
10.84943,78.79076,335.91,60,VIIRS,2026-08-31,0828
11.46265,79.2357,335.83,60,VIIRS,2026-08-31,0828
11.45847,79.20508,331.29,60,VIIRS,2026-08-31,0828
11.19128,76.92039,332,60,VIIRS,2026-08-31,0828
11.62768,78.61454,338.59,60,VIIRS,2026-08-31,0828
11.70993,79.0149,333.03,60,VIIRS,2026-08-31,0828
11.47324,77.20173,333.62,60,VIIRS,2026-08-31,0828
12.05407,79.33384,333.4,30,VIIRS,2026-08-31,0828
11.88784,77.23312,339.3,60,VIIRS,2026-08-31,0828
12.24117,79.08451,341.4,60,VIIRS,2026-08-31,0828
12.40623,79.97924,330.41,60,VIIRS,2026-08-31,0828
12.34985,79.22876,351.38,60,VIIRS,2026-08-31,0828
12.35043,79.22861,353.47,60,VIIRS,2026-08-31,0828
12.91149,79.43056,335.76,60,VIIRS,2026-08-31,0828
13.1221,79.9063,336.64,60,VIIRS,2026-08-31,0828
13.58984,78.21954,331.87,60,VIIRS,2026-08-31,0828
14.47482,78.26068,337.14,60,VIIRS,2026-08-31,0828
14.35068,77.20792,334.78,60,VIIRS,2026-08-31,0828
8.34184,77.54288,343.41,60,VIIRS,2026-08-31,0828
8.44717,77.58348,335.04,60,VIIRS,2026-08-31,0828
8.72286,77.91467,338.28,60,VIIRS,2026-08-31,0828
8.74155,77.75618,337.88,60,VIIRS,2026-08-31,0828
9.10032,78.18219,340.05,60,VIIRS,2026-08-31,0828
9.09946,77.59773,340.97,60,VIIRS,2026-08-31,0828
17.96539,75.48702,336.33,60,VIIRS,2026-08-31,0830
17.77075,75.83885,338.77,60,VIIRS,2026-08-31,0830
26.85779,72.11017,338.83,30,VIIRS,2026-08-31,0833
25.59085,72.62873,332.94,60,VIIRS,2026-08-31,0833
21.102,72.63538,337.48,60,VIIRS,2026-08-31,0833
21.10255,72.63916,337.23,60,VIIRS,2026-08-31,0833
31.41202,74.55347,330.68,60,VIIRS,2026-08-31,0835
28.34796,77.25802,308.08,60,VIIRS,2026-08-31,2057
27.28906,73.83814,309.89,60,VIIRS,2026-08-31,2057
26.87875,73.5166,305.81,60,VIIRS,2026-08-31,2057
26.87543,73.51593,309.98,60,VIIRS,2026-08-31,2057
26.60473,73.68454,305.84,60,VIIRS,2026-08-31,2057
26.25868,74.09715,310.54,60,VIIRS,2026-08-31,2057
25.94237,72.19138,308.51,60,VIIRS,2026-08-31,2057
30.25077,74.9136,308.85,60,VIIRS,2026-08-31,2057
30.18642,74.48694,311.31,60,VIIRS,2026-08-31,2057
29.46107,76.8892,307.39,60,VIIRS,2026-08-31,2057
28.37484,77.22419,310.89,60,VIIRS,2026-08-31,2057
28.3733,77.22678,310.67,60,VIIRS,2026-08-31,2057
24.6901,73.00169,313.08,60,VIIRS,2026-08-31,2059
22.9333,69.69547,319.81,60,VIIRS,2026-08-31,2059
22.93215,69.70328,304.41,60,VIIRS,2026-08-31,2059
21.10775,72.64704,312.17,60,VIIRS,2026-08-31,2059
21.10298,72.63417,330.34,60,VIIRS,2026-08-31,2059
21.10232,72.63803,306.19,60,VIIRS,2026-08-31,2059
20.91001,71.45766,306.84,60,VIIRS,2026-08-31,2059
20.90941,71.46135,307.93,60,VIIRS,2026-08-31,2059
23.26684,70.25716,302.45,60,VIIRS,2026-08-31,2059
24.76362,74.60734,304.43,60,VIIRS,2026-08-31,2059
24.69281,74.68075,300.04,60,VIIRS,2026-08-31,2059
24.65826,73.87632,305.2,60,VIIRS,2026-08-31,2059
11.28316,77.87854,300.36,60,VIIRS,2026-08-31,2101
13.11669,77.65411,321.12,60,VIIRS,2026-08-31,2101
11.18185,79.09965,306.88,60,VIIRS,2026-08-31,2101
9.13332,77.53674,314.12,60,VIIRS,2026-08-31,2104
9.208,78.37176,338.92,60,VIIRS,2026-09-01,0807
9.73185,78.95364,339.67,60,VIIRS,2026-09-01,0807
12.32043,79.67432,334.36,30,VIIRS,2026-09-01,0809
10.16487,79.23363,332.5,30,VIIRS,2026-09-01,0809
10.04949,77.92572,342.23,30,VIIRS,2026-09-01,0809
10.53186,79.39458,336.41,30,VIIRS,2026-09-01,0809
10.67378,79.27847,337.66,60,VIIRS,2026-09-01,0809
10.85916,79.8132,333.86,60,VIIRS,2026-09-01,0809
10.89396,79.54767,331.55,30,VIIRS,2026-09-01,0809
10.86964,79.29421,338.56,30,VIIRS,2026-09-01,0809
10.88104,79.32494,339.46,30,VIIRS,2026-09-01,0809
10.96822,79.74831,330.42,30,VIIRS,2026-09-01,0809
10.94656,79.55784,330.16,30,VIIRS,2026-09-01,0809
11.01856,79.83994,338.87,60,VIIRS,2026-09-01,0809
11.00979,79.4135,341.18,60,VIIRS,2026-09-01,0809
11.06238,79.42599,342.69,60,VIIRS,2026-09-01,0809
11.19052,79.69118,331.18,30,VIIRS,2026-09-01,0809
11.14982,78.03407,340.69,60,VIIRS,2026-09-01,0809
11.33965,79.0102,340.85,60,VIIRS,2026-09-01,0809
11.47595,79.2412,333.51,30,VIIRS,2026-09-01,0809
11.69631,79.12608,349.14,60,VIIRS,2026-09-01,0809
11.84283,78.90457,340.49,30,VIIRS,2026-09-01,0809
11.99543,79.53955,338.87,60,VIIRS,2026-09-01,0809
12.05794,79.8463,335.54,60,VIIRS,2026-09-01,0809
12.06666,79.58771,338.45,60,VIIRS,2026-09-01,0809
12.09079,79.56552,341.42,60,VIIRS,2026-09-01,0809
12.32097,79.67798,336.31,60,VIIRS,2026-09-01,0809
11.83702,75.93494,331.71,60,VIIRS,2026-09-01,0809
12.33565,78.99867,348.36,60,VIIRS,2026-09-01,0809
12.41561,79.51421,334.56,60,VIIRS,2026-09-01,0809
12.33323,78.84695,345.02,60,VIIRS,2026-09-01,0809
12.55405,79.97852,336.83,60,VIIRS,2026-09-01,0809
12.13971,77.07882,345.6,30,VIIRS,2026-09-01,0809
12.63377,79.85988,341.37,60,VIIRS,2026-09-01,0809
12.65339,79.39956,341.11,60,VIIRS,2026-09-01,0809
12.15436,75.98641,282.59,30,VIIRS,2026-09-01,0809
12.15781,75.98586,351.45,60,VIIRS,2026-09-01,0809
12.82766,79.75002,338.87,60,VIIRS,2026-09-01,0809
12.61144,77.64263,330.97,30,VIIRS,2026-09-01,0809
12.9165,79.43965,338.17,60,VIIRS,2026-09-01,0809
12.54359,76.83745,331.47,60,VIIRS,2026-09-01,0809
12.39398,75.85985,335.37,60,VIIRS,2026-09-01,0809
12.98432,79.59767,333.27,60,VIIRS,2026-09-01,0809
13.0373,79.91235,332.05,30,VIIRS,2026-09-01,0809
13.05037,79.42616,339.02,60,VIIRS,2026-09-01,0809
13.15914,79.90918,337.13,60,VIIRS,2026-09-01,0809
13.16089,79.89739,338.36,60,VIIRS,2026-09-01,0809
13.2257,80.26954,335.92,60,VIIRS,2026-09-01,0809
12.78816,76.8565,337.86,60,VIIRS,2026-09-01,0809
13.15988,79.22352,338.59,60,VIIRS,2026-09-01,0809
12.69653,75.9088,340.08,30,VIIRS,2026-09-01,0809
13.61584,78.73156,340.21,60,VIIRS,2026-09-01,0809
13.77332,79.77724,332.02,60,VIIRS,2026-09-01,0809
13.85828,79.33337,344.08,60,VIIRS,2026-09-01,0809
14.07877,80.00418,333.7,60,VIIRS,2026-09-01,0809
14.06871,78.78734,334.46,60,VIIRS,2026-09-01,0809
14.19711,79.17576,336.17,60,VIIRS,2026-09-01,0809
14.26449,79.09801,335.36,60,VIIRS,2026-09-01,0809
14.26657,79.09671,336.51,60,VIIRS,2026-09-01,0809
14.53993,79.6837,343.87,60,VIIRS,2026-09-01,0809
14.71761,79.5095,339.25,60,VIIRS,2026-09-01,0809
14.81743,79.59486,337.92,60,VIIRS,2026-09-01,0809
14.77542,78.97616,337.08,60,VIIRS,2026-09-01,0809
15.16986,80.03432,340.61,60,VIIRS,2026-09-01,0809
15.17334,80.03379,344.88,60,VIIRS,2026-09-01,0809
15.17278,80.02982,350.37,60,VIIRS,2026-09-01,0809
15.17682,80.03327,334.42,60,VIIRS,2026-09-01,0809
15.17626,80.0293,339.89,60,VIIRS,2026-09-01,0809
15.30314,78.21335,332.79,60,VIIRS,2026-09-01,0809
15.17819,77.3232,334.22,60,VIIRS,2026-09-01,0809
15.17716,76.65712,340.96,60,VIIRS,2026-09-01,0809
15.36116,76.70337,331.68,30,VIIRS,2026-09-01,0809
15.88581,79.82314,340.5,60,VIIRS,2026-09-01,0809
15.88524,79.81916,337.62,60,VIIRS,2026-09-01,0809
15.88765,79.82237,342.72,60,VIIRS,2026-09-01,0809
15.64317,77.96676,333.94,60,VIIRS,2026-09-01,0809
15.91319,79.80233,347.16,60,VIIRS,2026-09-01,0809
15.90596,79.6264,337.02,60,VIIRS,2026-09-01,0809
15.90541,79.62249,342.05,60,VIIRS,2026-09-01,0809
16.23223,80.54265,330.61,60,VIIRS,2026-09-01,0809
16.19392,80.10727,338.44,60,VIIRS,2026-09-01,0809
16.17905,80.00101,336.14,60,VIIRS,2026-09-01,0809
16.33996,77.79362,330.08,60,VIIRS,2026-09-01,0809
16.79762,80.1647,336.05,60,VIIRS,2026-09-01,0809
17.64225,82.57277,341.11,60,VIIRS,2026-09-01,0809
17.95593,80.79787,331.58,60,VIIRS,2026-09-01,0809
17.99069,74.74986,333.18,60,VIIRS,2026-09-01,0811
30.66109,76.31641,334.5,60,VIIRS,2026-09-01,0813
31.13703,74.91448,330.19,30,VIIRS,2026-09-01,0813
27.52248,72.41055,367,90,VIIRS,2026-09-01,0813
27.44247,72.41804,340.62,60,VIIRS,2026-09-01,0813
31.12613,74.62209,336.29,60,VIIRS,2026-09-01,0813
26.87395,73.51712,307.3,60,VIIRS,2026-09-01,2040
23.12223,70.08524,315.36,60,VIIRS,2026-09-01,2040
26.60596,73.68502,304.46,60,VIIRS,2026-09-01,2040
24.9335,74.63455,306.77,60,VIIRS,2026-09-01,2040
24.76563,74.60811,313.59,60,VIIRS,2026-09-01,2040
23.51416,72.41415,324.85,60,VIIRS,2026-09-01,2040
23.43207,68.71054,305.54,60,VIIRS,2026-09-01,2040
23.25649,70.26151,301.47,60,VIIRS,2026-09-01,2040
29.12574,75.77645,309.75,60,VIIRS,2026-09-01,2040
28.66423,77.57953,309.48,60,VIIRS,2026-09-01,2040
27.79342,75.33019,305.85,60,VIIRS,2026-09-01,2040
18.68157,73.03994,307.51,60,VIIRS,2026-09-01,2042
21.10774,72.64625,339.47,60,VIIRS,2026-09-01,2042
21.10893,72.63769,312.71,60,VIIRS,2026-09-01,2042
21.10419,72.64568,323.91,60,VIIRS,2026-09-01,2042
21.10184,72.63655,324.85,60,VIIRS,2026-09-01,2042
20.90987,71.45919,310.64,60,VIIRS,2026-09-01,2042
20.9094,71.45667,304.49,60,VIIRS,2026-09-01,2042
19.93619,73.71277,304.74,60,VIIRS,2026-09-01,2042
18.73721,74.40431,305.19,60,VIIRS,2026-09-01,2042
18.69181,73.0416,313.51,60,VIIRS,2026-09-01,2042
18.6867,73.02881,317.53,60,VIIRS,2026-09-01,2042
18.68613,73.0327,304.88,60,VIIRS,2026-09-01,2042
18.50696,74.2235,303.35,60,VIIRS,2026-09-01,2042
18.68271,73.03214,308.23,60,VIIRS,2026-09-01,2042
18.68214,73.03605,306.31,60,VIIRS,2026-09-01,2042
11.43284,77.16509,304.91,60,VIIRS,2026-09-01,2044
15.33847,76.27747,312.43,60,VIIRS,2026-09-01,2044
15.33782,76.2813,313.9,60,VIIRS,2026-09-01,2044
15.33378,76.28451,308.62,60,VIIRS,2026-09-01,2044
15.30256,76.21996,302.03,60,VIIRS,2026-09-01,2044
15.30218,76.2206,304.1,60,VIIRS,2026-09-01,2044
15.65856,73.98801,311.54,60,VIIRS,2026-09-01,2044
15.18178,76.66653,330.83,60,VIIRS,2026-09-01,2044
15.18044,76.67444,312.89,60,VIIRS,2026-09-01,2044
15.18232,76.6422,329.29,60,VIIRS,2026-09-01,2044
15.18032,76.65404,306.82,60,VIIRS,2026-09-01,2044
15.17631,76.67775,304.74,60,VIIRS,2026-09-01,2044
15.17364,76.69354,314.15,60,VIIRS,2026-09-01,2044
15.17686,76.65341,320.45,60,VIIRS,2026-09-01,2044
15.1762,76.65736,323.45,60,VIIRS,2026-09-01,2044
15.17021,76.37886,307.57,60,VIIRS,2026-09-01,2044
15.16355,76.37809,303.43,60,VIIRS,2026-09-01,2044
15.52438,73.99835,300.48,60,VIIRS,2026-09-01,2044
13.13984,80.18926,313.12,60,VIIRS,2026-09-01,2044
12.55545,76.66816,301.12,60,VIIRS,2026-09-01,2044
12.03402,79.0584,312.73,60,VIIRS,2026-09-01,2044
11.97294,78.38143,304.35,60,VIIRS,2026-09-01,2044
11.81575,77.91618,308.23,60,VIIRS,2026-09-01,2044
11.59199,77.27399,317.63,60,VIIRS,2026-09-01,2044
11.58907,77.26868,310.31,60,VIIRS,2026-09-01,2044
11.43157,77.16232,305.54,60,VIIRS,2026-09-01,2044
10.92422,78.5191,317.32,60,VIIRS,2026-09-01,2044
10.4508,77.30746,311.85,60,VIIRS,2026-09-01,2044
9.56806,77.53657,310.02,60,VIIRS,2026-09-01,2044
8.66958,77.99236,302.64,60,VIIRS,2026-09-01,2044
8.68932,78.05498,340.2,60,VIIRS,2026-09-02,0750
8.89923,78.11224,348.39,60,VIIRS,2026-09-02,0750
8.83889,77.73864,333.26,60,VIIRS,2026-09-02,0750
9.12443,78.19585,342.43,60,VIIRS,2026-09-02,0750
9.12683,78.19602,344.99,60,VIIRS,2026-09-02,0750
9.06449,76.54559,331.58,60,VIIRS,2026-09-02,0750
9.06309,76.54379,331.72,60,VIIRS,2026-09-02,0750
9.28854,77.59671,346.91,60,VIIRS,2026-09-02,0750
9.44911,77.67039,342.56,60,VIIRS,2026-09-02,0750
9.56955,77.54256,333.91,60,VIIRS,2026-09-02,0750
9.81357,78.67178,332.31,60,VIIRS,2026-09-02,0750
9.83309,78.53201,334.38,60,VIIRS,2026-09-02,0750
9.81627,78.26504,335.11,60,VIIRS,2026-09-02,0750
9.99262,79.18792,333.35,60,VIIRS,2026-09-02,0750
9.78422,77.80275,338.92,60,VIIRS,2026-09-02,0750
9.98763,77.44791,351.24,60,VIIRS,2026-09-02,0750
10.51527,78.92046,332.79,60,VIIRS,2026-09-02,0750
10.42062,77.4873,343.63,60,VIIRS,2026-09-02,0750
10.86362,77.56113,342.21,60,VIIRS,2026-09-02,0750
10.86017,77.56201,341.44,60,VIIRS,2026-09-02,0750
10.85615,77.46578,335.41,60,VIIRS,2026-09-02,0750
11.14817,78.0351,356.46,60,VIIRS,2026-09-02,0750
11.11218,77.13387,334.45,60,VIIRS,2026-09-02,0750
11.12016,76.91273,342.38,60,VIIRS,2026-09-02,0750
12.17468,79.01917,336.76,30,VIIRS,2026-09-02,0750
12.19443,78.03655,335.76,60,VIIRS,2026-09-02,0750
12.00362,76.78979,335.07,60,VIIRS,2026-09-02,0750
12.09333,76.95873,331.52,60,VIIRS,2026-09-02,0750
12.42062,78.77126,334.62,60,VIIRS,2026-09-02,0750
14.29297,77.98297,330.87,60,VIIRS,2026-09-02,0752
14.80575,77.70475,336.23,60,VIIRS,2026-09-02,0752
14.8058,77.7021,334.23,60,VIIRS,2026-09-02,0752
15.17519,76.65701,334.72,60,VIIRS,2026-09-02,0752
15.18141,76.66771,337.29,60,VIIRS,2026-09-02,0752
15.9894,78.40038,333.48,60,VIIRS,2026-09-02,0752
16.01283,78.38216,338.02,60,VIIRS,2026-09-02,0752
16.01212,78.38377,333.84,30,VIIRS,2026-09-02,0752
17.47544,76.39265,330.49,60,VIIRS,2026-09-02,0752
17.67695,75.30758,341.2,60,VIIRS,2026-09-02,0752
27.4374,70.85754,333.41,30,VIIRS,2026-09-02,0756
27.45672,70.78687,352.55,60,VIIRS,2026-09-02,0756
27.4573,70.78467,345.02,60,VIIRS,2026-09-02,0756
26.25158,73.33974,334.79,60,VIIRS,2026-09-02,0756
30.21693,76.76219,306.64,60,VIIRS,2026-09-02,2019
23.688,86.39345,309.56,60,VIIRS,2026-09-02,2021
23.77753,86.38976,306.42,60,VIIRS,2026-09-02,2021
23.77466,86.36218,316.43,60,VIIRS,2026-09-02,2021
23.77394,86.36584,305.7,60,VIIRS,2026-09-02,2021
23.76676,86.40286,312.11,60,VIIRS,2026-09-02,2021
23.76282,86.40197,325.48,60,VIIRS,2026-09-02,2021
23.76498,86.39088,302.84,60,VIIRS,2026-09-02,2021
23.76425,86.39459,305.18,60,VIIRS,2026-09-02,2021
23.76354,86.39828,306.61,60,VIIRS,2026-09-02,2021
23.76211,86.40564,303,60,VIIRS,2026-09-02,2021
23.75887,86.4011,316.14,60,VIIRS,2026-09-02,2021
23.75816,86.40479,315.88,60,VIIRS,2026-09-02,2021
23.75564,86.39656,306.11,60,VIIRS,2026-09-02,2021
23.77976,86.20955,321.04,60,VIIRS,2026-09-02,2021
23.77585,86.20872,307.93,60,VIIRS,2026-09-02,2021
23.77406,86.19703,311.24,60,VIIRS,2026-09-02,2021
23.77299,86.20249,303.04,60,VIIRS,2026-09-02,2021
23.6887,86.3898,304.81,60,VIIRS,2026-09-02,2021
23.68404,86.39259,319.58,60,VIIRS,2026-09-02,2021
23.68334,86.39626,310.63,60,VIIRS,2026-09-02,2021
23.68009,86.39173,306.7,60,VIIRS,2026-09-02,2021
23.67938,86.39541,309.72,60,VIIRS,2026-09-02,2021
23.67866,86.39913,309.46,60,VIIRS,2026-09-02,2021
23.69609,86.07645,303.17,60,VIIRS,2026-09-02,2021
23.68032,86.09521,295.21,60,VIIRS,2026-09-02,2021
23.67937,86.09851,295.04,60,VIIRS,2026-09-02,2021
24.71521,75.95151,303.49,60,VIIRS,2026-09-02,2021
24.76607,74.60828,302.43,60,VIIRS,2026-09-02,2021
24.76503,74.60659,304.69,60,VIIRS,2026-09-02,2021
24.6637,74.63227,299.05,60,VIIRS,2026-09-02,2021
23.33018,70.21295,303.22,60,VIIRS,2026-09-02,2021
20.95171,86.04486,300.84,60,VIIRS,2026-09-02,2021
20.95095,86.04876,311.4,60,VIIRS,2026-09-02,2021
20.94764,86.04403,299.83,60,VIIRS,2026-09-02,2021
21.10632,72.64294,338.93,60,VIIRS,2026-09-02,2021
21.10572,72.64827,307.52,60,VIIRS,2026-09-02,2021
20.83645,70.69326,299.22,60,VIIRS,2026-09-02,2021
23.78148,86.39063,307.3,60,VIIRS,2026-09-02,2021
23.7811,86.37132,303.51,60,VIIRS,2026-09-02,2021
23.77825,86.38604,304.61,60,VIIRS,2026-09-02,2021
15.18766,76.67159,311.27,60,VIIRS,2026-09-02,2023
15.18708,76.67549,304.11,60,VIIRS,2026-09-02,2023
15.18421,76.67104,307.15,60,VIIRS,2026-09-02,2023
15.18363,76.67496,304.17,60,VIIRS,2026-09-02,2023
15.18134,76.6666,323.6,60,VIIRS,2026-09-02,2023
15.18017,76.67442,312.62,60,VIIRS,2026-09-02,2023
15.17381,76.69349,309.9,60,VIIRS,2026-09-02,2023
15.17616,76.65379,312.81,60,VIIRS,2026-09-02,2023
15.17558,76.6577,319.62,60,VIIRS,2026-09-02,2023
15.16989,76.38091,299.16,60,VIIRS,2026-09-02,2023
13.39351,80.07467,307,60,VIIRS,2026-09-02,2023
13.89774,76.56654,300.92,60,VIIRS,2026-09-02,2023
13.16177,80.28377,320.68,60,VIIRS,2026-09-02,2023
12.8508,79.90537,340.95,60,VIIRS,2026-09-02,2023
13.14871,77.53867,300.09,60,VIIRS,2026-09-02,2023
12.97479,77.43371,302.76,60,VIIRS,2026-09-02,2023
12.59921,77.88294,319.53,60,VIIRS,2026-09-02,2023
15.17427,76.7852,308.11,60,VIIRS,2026-09-02,2023
15.33635,76.27782,307.79,60,VIIRS,2026-09-02,2023
16.87073,80.02078,304.58,60,VIIRS,2026-09-02,2023
11.59508,77.26291,332.16,60,VIIRS,2026-09-02,2025
11.59177,77.26229,297.35,60,VIIRS,2026-09-02,2025
9.56744,77.51945,308.43,60,VIIRS,2026-09-02,2025
9.5669,77.52291,312.26,60,VIIRS,2026-09-02,2025
9.5647,77.53674,311.02,60,VIIRS,2026-09-02,2025
9.56415,77.51893,324.02,60,VIIRS,2026-09-02,2025
9.56195,77.53275,309.24,60,VIIRS,2026-09-02,2025
9.5614,77.53619,316.03,60,VIIRS,2026-09-02,2025
9.56086,77.51841,328.06,60,VIIRS,2026-09-02,2025
9.55811,77.51443,309.54,60,VIIRS,2026-09-02,2025
9.55482,77.5139,324.17,60,VIIRS,2026-09-02,2025
9.55372,77.52083,321.43,60,VIIRS,2026-09-02,2025
9.55316,77.52426,315.45,60,VIIRS,2026-09-02,2025
12.08651,77.05036,296.31,60,VIIRS,2026-09-02,2025
11.81568,77.91785,302.56,60,VIIRS,2026-09-02,2025
11.81183,77.92081,299.39,60,VIIRS,2026-09-02,2025
8.49436,77.96617,330.46,60,VIIRS,2026-09-03,0731
8.86345,78.08493,338.14,60,VIIRS,2026-09-03,0731
8.995,78.11643,341.06,60,VIIRS,2026-09-03,0731
9.65053,78.06663,343.52,60,VIIRS,2026-09-03,0731
9.65259,78.06654,335.92,60,VIIRS,2026-09-03,0731
9.7496,78.01988,342.77,60,VIIRS,2026-09-03,0731
9.75129,78.01684,343.09,60,VIIRS,2026-09-03,0731
10.49617,79.46641,343.03,60,VIIRS,2026-09-03,0731
12.44623,79.14983,338.77,60,VIIRS,2026-09-03,0731
12.74508,78.65624,335.06,60,VIIRS,2026-09-03,0731
14.10816,77.59407,330.93,60,VIIRS,2026-09-03,0731
22.36557,87.30296,343.37,60,VIIRS,2026-09-03,0733
23.66255,87.15377,330.63,60,VIIRS,2026-09-03,0733
21.10291,72.64852,334.62,60,VIIRS,2026-09-03,0733
21.16354,72.67133,338.1,60,VIIRS,2026-09-03,0733
23.77833,86.3914,333.93,60,VIIRS,2026-09-03,0733
23.77443,86.36435,340.16,60,VIIRS,2026-09-03,0733
23.78466,85.55476,332.14,60,VIIRS,2026-09-03,0733
23.78796,85.55418,332.27,60,VIIRS,2026-09-03,0733
27.9844,95.93944,348.14,60,VIIRS,2026-09-03,0735
21.16206,72.674,341.15,60,VIIRS,2026-09-03,0915
23.68316,87.13036,310.17,60,VIIRS,2026-09-03,2002
23.78113,86.39088,309.56,60,VIIRS,2026-09-03,2002
23.77783,86.39025,303.92,60,VIIRS,2026-09-03,2002
23.77548,86.36273,301.78,60,VIIRS,2026-09-03,2002
23.76881,86.40401,303.73,60,VIIRS,2026-09-03,2002
23.76552,86.40339,312.99,60,VIIRS,2026-09-03,2002
23.76222,86.40276,308.28,60,VIIRS,2026-09-03,2002
23.75893,86.40212,302.01,60,VIIRS,2026-09-03,2002
23.7532,86.41651,307.79,60,VIIRS,2026-09-03,2002
23.77986,86.20908,318.46,60,VIIRS,2026-09-03,2002
23.66433,86.91784,306.56,60,VIIRS,2026-09-03,2002
23.74027,86.43341,309.02,60,VIIRS,2026-09-03,2002
23.73697,86.43278,341.06,60,VIIRS,2026-09-03,2002
23.73758,86.42902,312.53,60,VIIRS,2026-09-03,2002
23.77179,86.196,308.84,60,VIIRS,2026-09-03,2002
23.77119,86.19974,304.78,60,VIIRS,2026-09-03,2002
23.725,86.42276,313.03,60,VIIRS,2026-09-03,2002
23.72257,86.43778,308.92,60,VIIRS,2026-09-03,2002
23.71866,86.4409,314.11,60,VIIRS,2026-09-03,2002
23.71353,86.45154,330.73,60,VIIRS,2026-09-03,2002
23.71841,86.4215,305.64,60,VIIRS,2026-09-03,2002
23.71084,86.44715,322.03,60,VIIRS,2026-09-03,2002
23.71511,86.42087,306.05,60,VIIRS,2026-09-03,2002
23.71023,86.45091,306.45,60,VIIRS,2026-09-03,2002
23.71121,86.424,305.78,60,VIIRS,2026-09-03,2002
23.68547,86.39327,327.45,60,VIIRS,2026-09-03,2002
23.68607,86.38953,306.72,60,VIIRS,2026-09-03,2002
23.82467,85.49529,302.86,60,VIIRS,2026-09-03,2002
23.82409,85.49904,302.51,60,VIIRS,2026-09-03,2002
23.67887,86.39201,304.49,60,VIIRS,2026-09-03,2002
23.67827,86.39577,306.12,60,VIIRS,2026-09-03,2002
23.67766,86.39953,312.42,60,VIIRS,2026-09-03,2002
23.61443,86.78787,309.85,60,VIIRS,2026-09-03,2002
23.6138,86.7917,311.92,60,VIIRS,2026-09-03,2002
23.67437,86.3989,303.78,60,VIIRS,2026-09-03,2002
23.75844,85.8522,310.78,60,VIIRS,2026-09-03,2002
23.75785,85.85593,305.14,60,VIIRS,2026-09-03,2002
23.75515,85.85158,308.36,60,VIIRS,2026-09-03,2002
23.75456,85.85532,309.18,60,VIIRS,2026-09-03,2002
23.78841,85.55404,308.98,60,VIIRS,2026-09-03,2002
23.78512,85.55343,308.22,60,VIIRS,2026-09-03,2002
23.78161,85.57585,304.27,60,VIIRS,2026-09-03,2002
23.6953,86.07877,302.86,60,VIIRS,2026-09-03,2002
23.5834,86.7272,310.78,60,VIIRS,2026-09-03,2002
23.58009,86.72656,308.13,60,VIIRS,2026-09-03,2002
23.84097,84.94881,303.34,60,VIIRS,2026-09-03,2002
23.74545,85.50378,301.96,60,VIIRS,2026-09-03,2002
23.82555,84.93825,303.94,60,VIIRS,2026-09-03,2002
23.7255,85.52321,301.47,60,VIIRS,2026-09-03,2002
23.70932,85.42812,303.85,60,VIIRS,2026-09-03,2002
23.71049,85.2896,302.26,60,VIIRS,2026-09-03,2002
23.69829,85.36831,310.07,60,VIIRS,2026-09-03,2002
23.69674,85.35646,304.52,60,VIIRS,2026-09-03,2002
23.69442,85.37145,311.67,60,VIIRS,2026-09-03,2002
23.74007,85.00873,317.46,60,VIIRS,2026-09-03,2002
23.6973,85.28718,306.02,60,VIIRS,2026-09-03,2002
23.69672,85.29093,307.13,60,VIIRS,2026-09-03,2002
23.65641,85.50684,310.37,60,VIIRS,2026-09-03,2002
23.71965,85.0089,304.95,60,VIIRS,2026-09-03,2002
23.65043,85.43652,320.82,60,VIIRS,2026-09-03,2002
23.64655,85.43964,323.37,60,VIIRS,2026-09-03,2002
23.64714,85.43591,312.95,60,VIIRS,2026-09-03,2002
23.60976,85.67492,309.37,60,VIIRS,2026-09-03,2002
23.66732,84.99632,303.53,60,VIIRS,2026-09-03,2002
23.66344,84.99948,306.55,60,VIIRS,2026-09-03,2002
29.91132,74.94312,306.14,60,VIIRS,2026-09-03,2002
29.91007,74.94244,304.52,60,VIIRS,2026-09-03,2002
29.48014,76.85374,305.02,60,VIIRS,2026-09-03,2002
29.47475,76.85314,367,90,VIIRS,2026-09-03,2002
29.47446,76.85703,309.14,60,VIIRS,2026-09-03,2002
29.47757,76.85374,367,90,VIIRS,2026-09-03,2002
29.47725,76.85763,310.55,60,VIIRS,2026-09-03,2002
28.74499,76.92669,296.37,60,VIIRS,2026-09-03,2002
28.71685,76.8332,299.98,60,VIIRS,2026-09-03,2002
26.52291,90.5325,328.03,60,VIIRS,2026-09-03,2002
26.7609,83.19978,308.37,60,VIIRS,2026-09-03,2002
25.94085,72.18671,305.68,60,VIIRS,2026-09-03,2002
24.11976,86.86308,311.02,60,VIIRS,2026-09-03,2002
24.11708,86.85863,316.11,60,VIIRS,2026-09-03,2002
23.84145,86.50287,303.98,60,VIIRS,2026-09-03,2002
23.85833,86.33572,309.39,60,VIIRS,2026-09-03,2002
23.81538,86.57941,309.89,60,VIIRS,2026-09-03,2002
23.69766,87.10545,306.8,60,VIIRS,2026-09-03,2002
23.69508,87.1208,310.26,60,VIIRS,2026-09-03,2002
23.69444,87.12463,308.89,60,VIIRS,2026-09-03,2002
23.69626,87.09328,312.84,60,VIIRS,2026-09-03,2002
23.69433,87.10479,306.35,60,VIIRS,2026-09-03,2002
23.6924,87.11631,305.7,60,VIIRS,2026-09-03,2002
23.69175,87.12016,305.18,60,VIIRS,2026-09-03,2002
23.69164,87.1003,306.55,60,VIIRS,2026-09-03,2002
23.68842,87.11951,317.5,60,VIIRS,2026-09-03,2002
23.80459,86.32961,328.48,60,VIIRS,2026-09-03,2002
23.80129,86.32899,305.52,60,VIIRS,2026-09-03,2002
23.79767,86.3515,314.18,60,VIIRS,2026-09-03,2002
23.66618,87.15525,304.39,60,VIIRS,2026-09-03,2002
23.66554,87.1591,308.6,60,VIIRS,2026-09-03,2002
23.66284,87.15459,323.26,60,VIIRS,2026-09-03,2002
17.60372,83.19993,309.65,60,VIIRS,2026-09-03,2004
17.60705,83.20048,314.98,60,VIIRS,2026-09-03,2004
17.60983,83.20471,326.65,60,VIIRS,2026-09-03,2004
17.69188,83.24426,318.58,60,VIIRS,2026-09-03,2004
17.96308,83.15963,306.04,60,VIIRS,2026-09-03,2004
16.87099,80.02061,306.16,60,VIIRS,2026-09-03,2004
17.35811,76.87943,303.69,60,VIIRS,2026-09-03,2004
17.59818,83.19147,307.48,60,VIIRS,2026-09-03,2004
10.61815,77.42112,308.73,60,VIIRS,2026-09-03,2006
9.73645,77.55113,310.68,60,VIIRS,2026-09-03,2006
15.17583,76.65791,312.3,60,VIIRS,2026-09-03,2006
15.17644,76.6531,311.26,60,VIIRS,2026-09-03,2006
15.18254,76.67829,306.64,60,VIIRS,2026-09-03,2006
15.18315,76.67349,309.9,60,VIIRS,2026-09-03,2006
15.18376,76.66869,317.37,60,VIIRS,2026-09-03,2006
15.18437,76.66389,316.88,60,VIIRS,2026-09-03,2006
15.17367,76.78399,303.2,60,VIIRS,2026-09-03,2006
15.02147,78.0108,299.92,60,VIIRS,2026-09-03,2006
9.55857,77.51196,300.32,60,VIIRS,2026-09-03,2006
9.54893,77.52233,328.06,60,VIIRS,2026-09-03,2006
9.54934,77.51951,315.78,60,VIIRS,2026-09-03,2006
15.13724,76.70645,303.86,60,VIIRS,2026-09-03,2006
15.02509,78.01545,308.47,60,VIIRS,2026-09-03,2006
11.17709,79.08981,308.03,60,VIIRS,2026-09-03,2006
15.17711,77.10126,300.53,60,VIIRS,2026-09-03,2006
15.22415,76.75953,308.39,60,VIIRS,2026-09-03,2006
15.2287,76.76014,318.43,60,VIIRS,2026-09-03,2006
15.06992,76.86325,298.07,60,VIIRS,2026-09-03,2006
13.412,78.25958,303.36,60,VIIRS,2026-09-03,2006
25.94266,72.1937,315.55,60,VIIRS,2026-09-03,2142
25.94423,72.19559,310.82,60,VIIRS,2026-09-03,2142
29.47733,76.8575,334.66,60,VIIRS,2026-09-03,2142
29.47375,76.85448,316.52,60,VIIRS,2026-09-03,2142
29.47193,76.86103,313.99,60,VIIRS,2026-09-03,2142
29.90804,74.94972,304.42,60,VIIRS,2026-09-03,2142
21.11042,72.64252,302.58,60,VIIRS,2026-09-03,2144
21.1091,72.64794,303.32,60,VIIRS,2026-09-03,2144
21.10634,72.64722,303.47,60,VIIRS,2026-09-03,2144
20.36032,72.94863,300.96,60,VIIRS,2026-09-03,2144
21.10505,72.65266,303.05,60,VIIRS,2026-09-03,2144
23.49735,68.57843,305.16,60,VIIRS,2026-09-03,2144
21.1702,72.67035,302.88,60,VIIRS,2026-09-03,2144
21.16396,72.66865,320.12,60,VIIRS,2026-09-03,2144
17.60935,82.68137,336.49,60,VIIRS,2026-09-04,0714
23.71243,86.45306,334.05,30,VIIRS,2026-09-04,0716
23.69273,87.12243,331.45,30,VIIRS,2026-09-04,0716
21.74705,83.8432,333.02,60,VIIRS,2026-09-04,0716
20.88834,84.98114,329.15,60,VIIRS,2026-09-04,0716
8.53678,77.81892,339.01,60,VIIRS,2026-09-04,0852
8.73432,77.86235,336.58,60,VIIRS,2026-09-04,0852
8.83588,77.99625,330.84,60,VIIRS,2026-09-04,0852
8.84148,77.70094,352.84,60,VIIRS,2026-09-04,0852
8.84704,77.70026,350.85,60,VIIRS,2026-09-04,0852
9.227,77.50995,333.23,60,VIIRS,2026-09-04,0852
9.32813,77.77109,344.38,60,VIIRS,2026-09-04,0852
9.84708,78.08351,330.17,60,VIIRS,2026-09-04,0852
8.53726,77.82267,367,90,VIIRS,2026-09-04,0852
8.42327,77.67912,342.48,60,VIIRS,2026-09-04,0852
13.90252,78.07291,330.71,60,VIIRS,2026-09-04,0854
22.92564,70.10651,330.89,30,VIIRS,2026-09-04,0856
23.32104,68.85722,336.7,60,VIIRS,2026-09-04,0858
25.80554,72.25489,332.06,60,VIIRS,2026-09-04,0858
25.80458,72.25359,333.21,60,VIIRS,2026-09-04,0858
29.90779,74.95393,334.59,60,VIIRS,2026-09-04,0858
20.80639,85.25585,312.76,60,VIIRS,2026-09-04,1945
23.80306,86.33125,321.78,60,VIIRS,2026-09-04,1945
23.79674,86.35042,316.46,60,VIIRS,2026-09-04,1945
23.66457,87.15292,306.12,60,VIIRS,2026-09-04,1945
23.77746,85.9965,303.75,60,VIIRS,2026-09-04,1945
23.71379,86.45164,302.36,60,VIIRS,2026-09-04,1945
23.82189,85.4938,302.75,60,VIIRS,2026-09-04,1945
23.76024,85.85598,305.19,60,VIIRS,2026-09-04,1945
23.75705,85.85013,306.07,60,VIIRS,2026-09-04,1945
23.75638,85.85539,315.1,60,VIIRS,2026-09-04,1945
23.68725,86.39246,298.55,60,VIIRS,2026-09-04,1945
23.67913,86.39618,305.87,60,VIIRS,2026-09-04,1945
23.70133,86.07359,325.08,60,VIIRS,2026-09-04,1945
23.68351,86.09167,308.79,60,VIIRS,2026-09-04,1945
23.68287,86.09675,314.7,60,VIIRS,2026-09-04,1945
23.6797,86.09111,306.36,60,VIIRS,2026-09-04,1945
23.67653,86.08544,332.99,60,VIIRS,2026-09-04,1945
23.6727,86.11592,307.65,60,VIIRS,2026-09-04,1945
23.66828,86.08938,304.82,60,VIIRS,2026-09-04,1945
23.58349,86.72443,310.74,60,VIIRS,2026-09-04,1945
23.6769,86.08849,329.24,60,VIIRS,2026-09-04,1945
23.67757,86.0834,312.11,60,VIIRS,2026-09-04,1945
23.67355,86.11382,306.79,60,VIIRS,2026-09-04,1945
23.66861,86.09241,304.6,60,VIIRS,2026-09-04,1945
23.63086,86.29086,304.85,60,VIIRS,2026-09-04,1945
23.6271,86.29028,316.74,60,VIIRS,2026-09-04,1945
23.82713,84.57284,305.57,60,VIIRS,2026-09-04,1945
23.74095,85.01152,301.76,60,VIIRS,2026-09-04,1945
23.61143,85.67391,299.32,60,VIIRS,2026-09-04,1945
22.7957,86.19765,309.13,60,VIIRS,2026-09-04,1945
22.79195,86.19707,302.5,60,VIIRS,2026-09-04,1945
22.78821,86.19647,300.73,60,VIIRS,2026-09-04,1945
22.79802,86.20056,307.02,60,VIIRS,2026-09-04,1945
22.79119,86.19455,301.64,60,VIIRS,2026-09-04,1945
22.79053,86.19944,301.18,60,VIIRS,2026-09-04,1945
22.78679,86.19888,302.33,60,VIIRS,2026-09-04,1945
22.21227,84.86139,322.69,60,VIIRS,2026-09-04,1945
22.2256,84.75111,306.1,60,VIIRS,2026-09-04,1945
22.20825,84.86081,307.17,60,VIIRS,2026-09-04,1945
22.21096,84.862,323.3,60,VIIRS,2026-09-04,1945
22.22502,84.75196,306.08,60,VIIRS,2026-09-04,1945
22.22404,84.75963,304.25,60,VIIRS,2026-09-04,1945
22.21387,84.83931,303.66,60,VIIRS,2026-09-04,1945
22.20486,84.84573,311.23,60,VIIRS,2026-09-04,1945
22.20911,84.5486,304.1,60,VIIRS,2026-09-04,1945
22.05358,85.46653,303.4,60,VIIRS,2026-09-04,1945
22.32974,82.60709,313.55,60,VIIRS,2026-09-04,1945
22.35858,82.30212,306.68,60,VIIRS,2026-09-04,1945
22.32217,82.59026,309.99,60,VIIRS,2026-09-04,1945
22.3204,82.56351,312.32,60,VIIRS,2026-09-04,1945
21.9245,85.22453,309.84,60,VIIRS,2026-09-04,1945
21.80177,85.56622,303.26,60,VIIRS,2026-09-04,1945
21.76627,85.57944,303.93,60,VIIRS,2026-09-04,1945
21.98605,83.23032,306.78,60,VIIRS,2026-09-04,1945
22.00649,82.67026,310.55,60,VIIRS,2026-09-04,1945
21.80338,83.88976,304.01,60,VIIRS,2026-09-04,1945
21.98718,82.01293,302.84,60,VIIRS,2026-09-04,1945
21.67433,82.0772,305.67,60,VIIRS,2026-09-04,1945
21.00192,86.02525,307.05,60,VIIRS,2026-09-04,1945
21.48853,81.76635,306.61,60,VIIRS,2026-09-04,1945
20.97234,86.00415,319.52,60,VIIRS,2026-09-04,1945
20.96592,86.0509,311.63,60,VIIRS,2026-09-04,1945
20.96736,86.01295,308,60,VIIRS,2026-09-04,1945
20.9643,86.00772,330.58,60,VIIRS,2026-09-04,1945
20.96366,86.01239,313.49,60,VIIRS,2026-09-04,1945
20.95179,86.04398,324.77,60,VIIRS,2026-09-04,1945
20.95116,86.04861,332.74,60,VIIRS,2026-09-04,1945
21.07859,85.03478,308.23,60,VIIRS,2026-09-04,1945
21.0779,85.04008,307.91,60,VIIRS,2026-09-04,1945
21.07721,85.04541,308.77,60,VIIRS,2026-09-04,1945
21.07651,85.05077,304.98,60,VIIRS,2026-09-04,1945
20.94188,86.06137,306.31,60,VIIRS,2026-09-04,1945
21.07399,85.03953,310.03,60,VIIRS,2026-09-04,1945
20.97789,85.16972,317.03,60,VIIRS,2026-09-04,1945
20.97705,85.16749,307.31,60,VIIRS,2026-09-04,1945
20.97636,85.1727,312.88,60,VIIRS,2026-09-04,1945
20.97179,85.17737,313.35,60,VIIRS,2026-09-04,1945
20.96791,85.1768,322.99,60,VIIRS,2026-09-04,1945
20.97066,85.15594,308.38,60,VIIRS,2026-09-04,1945
20.9686,85.17159,315.88,60,VIIRS,2026-09-04,1945
20.96266,85.18659,326.48,60,VIIRS,2026-09-04,1945
20.96678,85.15539,305.04,60,VIIRS,2026-09-04,1945
20.96609,85.16059,309.4,60,VIIRS,2026-09-04,1945
20.9654,85.16582,312.97,60,VIIRS,2026-09-04,1945
20.96471,85.17104,316.58,60,VIIRS,2026-09-04,1945
20.96403,85.17625,307.09,60,VIIRS,2026-09-04,1945
20.95728,85.01494,305.05,60,VIIRS,2026-09-04,1945
21.31351,81.58866,300.4,60,VIIRS,2026-09-04,1945
20.88974,84.98213,306.9,60,VIIRS,2026-09-04,1945
20.88582,84.98159,307.64,60,VIIRS,2026-09-04,1945
20.872,84.9957,305.34,60,VIIRS,2026-09-04,1945
20.86484,84.98934,323.11,60,VIIRS,2026-09-04,1945
20.86552,84.9841,305.95,60,VIIRS,2026-09-04,1945
20.86416,84.99455,306.71,60,VIIRS,2026-09-04,1945
20.81025,85.25641,303.44,60,VIIRS,2026-09-04,1945
20.79802,85.25985,309.64,60,VIIRS,2026-09-04,1945
20.79482,85.25418,336.09,60,VIIRS,2026-09-04,1945
20.79032,85.25867,304.98,60,VIIRS,2026-09-04,1945
20.78966,85.26375,300.47,60,VIIRS,2026-09-04,1945
20.78581,85.26316,304.97,60,VIIRS,2026-09-04,1945
20.76198,85.29599,315.32,60,VIIRS,2026-09-04,1945
20.76009,85.29348,311.28,60,VIIRS,2026-09-04,1945
20.75939,85.29863,308.31,60,VIIRS,2026-09-04,1945
21.19856,81.41629,304.65,60,VIIRS,2026-09-04,1945
20.52115,85.7233,306.01,60,VIIRS,2026-09-04,1945
16.87441,80.02161,305.42,60,VIIRS,2026-09-04,1947
19.09895,82.16625,310.93,60,VIIRS,2026-09-04,1947
10.12954,77.52656,311.78,60,VIIRS,2026-09-04,1947
19.10384,82.16526,302.63,60,VIIRS,2026-09-04,1947
19.09925,82.16467,310.06,60,VIIRS,2026-09-04,1947
19.09347,82.17397,303.72,60,VIIRS,2026-09-04,1947
17.69568,83.24305,303.24,60,VIIRS,2026-09-04,1947
17.95983,80.79558,304.9,60,VIIRS,2026-09-04,1947
17.95862,80.79625,305.51,60,VIIRS,2026-09-04,1947
17.60224,83.1994,307.87,60,VIIRS,2026-09-04,1947
17.46647,80.65131,304.12,60,VIIRS,2026-09-04,1947
9.80491,77.56216,312.16,60,VIIRS,2026-09-04,1947
17.14758,78.22211,302.44,60,VIIRS,2026-09-04,1947
16.87649,80.11887,306.51,60,VIIRS,2026-09-04,1947
19.10354,82.16685,305.84,60,VIIRS,2026-09-04,1947
15.55391,79.64561,367,90,VIIRS,2026-09-04,1947
15.55355,79.64883,306.53,60,VIIRS,2026-09-04,1947
15.54873,79.64497,326.96,60,VIIRS,2026-09-04,1947
15.54836,79.64817,316.16,60,VIIRS,2026-09-04,1947
15.55236,79.64706,354.8,60,VIIRS,2026-09-04,1947
15.55275,79.64386,307.83,60,VIIRS,2026-09-04,1947
15.52532,79.6533,307.48,60,VIIRS,2026-09-04,1947
15.17453,77.09926,303.72,60,VIIRS,2026-09-04,1947
15.18375,76.66516,317.98,60,VIIRS,2026-09-04,1947
15.18323,76.6702,308.2,60,VIIRS,2026-09-04,1947
15.18269,76.67524,311.05,60,VIIRS,2026-09-04,1947
15.17856,76.65443,308.14,60,VIIRS,2026-09-04,1947
15.17644,76.67462,307.18,60,VIIRS,2026-09-04,1947
15.16905,76.37527,300.28,60,VIIRS,2026-09-04,1947
15.17254,76.37836,300.32,60,VIIRS,2026-09-04,1947
15.13655,76.70815,302.65,60,VIIRS,2026-09-04,1947
14.99631,76.8468,303.2,60,VIIRS,2026-09-04,1947
13.7129,79.61954,305.32,60,VIIRS,2026-09-04,1947
11.19646,79.05567,300.86,60,VIIRS,2026-09-04,1949
11.17693,79.08677,307.96,60,VIIRS,2026-09-04,1949
31.25797,76.92616,299.97,60,VIIRS,2026-09-04,2123
31.25863,76.92339,299.65,60,VIIRS,2026-09-04,2123
23.12135,70.08555,317.95,60,VIIRS,2026-09-04,2125
23.12136,70.08435,318.21,60,VIIRS,2026-09-04,2125
22.93045,70.10779,305.4,60,VIIRS,2026-09-04,2125
22.93466,69.69984,313.25,60,VIIRS,2026-09-04,2125
20.91111,71.4613,304.79,60,VIIRS,2026-09-04,2125
19.02249,72.89153,334,60,VIIRS,2026-09-04,2125
19.02186,72.89457,332.93,60,VIIRS,2026-09-04,2125
18.69118,73.03957,303.11,60,VIIRS,2026-09-04,2125
18.68741,73.03207,306.38,60,VIIRS,2026-09-04,2125
18.6861,73.0384,301.8,60,VIIRS,2026-09-04,2125
18.68169,73.03407,301.62,60,VIIRS,2026-09-04,2125
15.17813,77.10228,303.75,60,VIIRS,2026-09-04,2125
15.18306,76.66953,303.1,60,VIIRS,2026-09-04,2125
15.17927,76.65517,309.6,60,VIIRS,2026-09-04,2125
15.18014,76.6731,303.04,60,VIIRS,2026-09-04,2125
15.17767,76.65236,304.58,60,VIIRS,2026-09-04,2125
15.17627,76.65868,301.35,60,VIIRS,2026-09-04,2125
15.13675,76.70895,301.39,60,VIIRS,2026-09-04,2125
15.07344,76.86353,302.69,60,VIIRS,2026-09-04,2125
15.07322,76.86325,302.44,60,VIIRS,2026-09-04,2125
23.31587,70.48626,307.31,60,VIIRS,2026-09-04,2125
23.30543,70.47614,304.73,60,VIIRS,2026-09-04,2125
20.96189,86.00809,343.96,60,VIIRS,2026-09-05,0657
20.75933,85.29932,331.12,60,VIIRS,2026-09-05,0657
20.96386,86.00793,349.45,60,VIIRS,2026-09-05,0657
20.86409,84.99059,331.74,60,VIIRS,2026-09-05,0657
23.69259,87.12342,328.11,60,VIIRS,2026-09-05,0659
23.6451,85.44025,336.59,60,VIIRS,2026-09-05,0659
8.62201,77.91603,344.29,60,VIIRS,2026-09-05,0835
8.62524,77.79489,345.46,60,VIIRS,2026-09-05,0835
8.62617,77.79392,344.77,60,VIIRS,2026-09-05,0835
8.66335,77.85443,342.19,60,VIIRS,2026-09-05,0835
9.0026,77.52624,337.58,60,VIIRS,2026-09-05,0835
9.06088,77.72623,352.02,60,VIIRS,2026-09-05,0835
9.3083,78.79848,334.36,60,VIIRS,2026-09-05,0835
9.30978,78.79932,335.84,60,VIIRS,2026-09-05,0835
9.1435,77.5413,342.79,60,VIIRS,2026-09-05,0835
9.33417,77.69457,342.44,60,VIIRS,2026-09-05,0835
9.94851,78.64626,336.3,60,VIIRS,2026-09-05,0835
10.02841,78.05846,335.35,60,VIIRS,2026-09-05,0835
10.10579,77.83781,336.52,60,VIIRS,2026-09-05,0835
10.85424,78.68019,351.58,60,VIIRS,2026-09-05,0835
10.87593,77.97946,344.35,60,VIIRS,2026-09-05,0835
10.93433,77.19016,340.17,60,VIIRS,2026-09-05,0835
10.9785,76.98156,335.4,60,VIIRS,2026-09-05,0835
11.00253,77.12383,346.08,60,VIIRS,2026-09-05,0835
11.95854,78.75902,332.21,60,VIIRS,2026-09-05,0835
12.17388,78.93881,342.31,60,VIIRS,2026-09-05,0835
12.06562,77.03265,340.18,60,VIIRS,2026-09-05,0835
12.00694,76.52467,335.43,60,VIIRS,2026-09-05,0835
12.08199,76.8081,337.54,30,VIIRS,2026-09-05,0835
12.09133,76.81746,339.62,60,VIIRS,2026-09-05,0835
12.10958,76.89243,330.14,30,VIIRS,2026-09-05,0835
12.48486,77.34094,334.62,30,VIIRS,2026-09-05,0835
12.91732,76.07881,339.05,60,VIIRS,2026-09-05,0835
12.91621,76.08082,335.2,60,VIIRS,2026-09-05,0835
9.81357,77.32077,333.04,30,VIIRS,2026-09-05,0835
8.44955,77.58025,343.95,60,VIIRS,2026-09-05,0835
15.975,78.41002,330.59,60,VIIRS,2026-09-05,0835
16.44525,77.82963,341.96,60,VIIRS,2026-09-05,0835
16.17167,74.87211,335.74,60,VIIRS,2026-09-05,0835
18.5752,74.46596,332.15,60,VIIRS,2026-09-05,0835
18.69589,74.44584,334.58,60,VIIRS,2026-09-05,0835
14.68688,79.73868,351.12,60,VIIRS,2026-09-05,0837
14.43444,77.70826,342.64,60,VIIRS,2026-09-05,0837
14.68694,79.73945,339.5,60,VIIRS,2026-09-05,0837
14.6866,79.73649,332.88,60,VIIRS,2026-09-05,0837
14.77551,79.7985,336.79,60,VIIRS,2026-09-05,0837
14.90556,80.03411,331.57,60,VIIRS,2026-09-05,0837
14.6912,77.86673,332.75,60,VIIRS,2026-09-05,0837
14.58984,76.70616,342.71,60,VIIRS,2026-09-05,0837
14.82764,78.13876,334.05,60,VIIRS,2026-09-05,0837
15.08348,77.32135,348.9,60,VIIRS,2026-09-05,0837
15.59282,79.31487,335.87,60,VIIRS,2026-09-05,0837
22.93241,69.69872,333.68,60,VIIRS,2026-09-05,0837
14.21385,79.22749,331.31,60,VIIRS,2026-09-05,0837
14.30583,77.72722,344.62,60,VIIRS,2026-09-05,0837
14.61918,79.51504,331.84,60,VIIRS,2026-09-05,0837
14.43309,77.70782,345.74,60,VIIRS,2026-09-05,0837
22.41711,69.04068,332.95,60,VIIRS,2026-09-05,0837
22.7807,69.45878,347.66,60,VIIRS,2026-09-05,0837
13.97459,80.08726,332.92,60,VIIRS,2026-09-05,0837
27.4251,70.81876,340.09,30,VIIRS,2026-09-05,0839
27.43381,70.85704,345.35,60,VIIRS,2026-09-05,0839
27.43322,70.85271,339.12,60,VIIRS,2026-09-05,0839
30.48693,73.84731,333.33,60,VIIRS,2026-09-05,0839
23.7741,86.36582,303.37,60,VIIRS,2026-09-05,1923
27.46206,95.47509,309.11,60,VIIRS,2026-09-05,1923
23.80851,86.32807,297.19,60,VIIRS,2026-09-05,1923
23.80344,86.32746,299.3,60,VIIRS,2026-09-05,1923
23.80313,86.3307,299.64,60,VIIRS,2026-09-05,1923
23.80125,86.34982,307.24,60,VIIRS,2026-09-05,1923
23.79619,86.34912,302.05,60,VIIRS,2026-09-05,1923
23.79588,86.35237,300.11,60,VIIRS,2026-09-05,1923
23.78201,86.38963,311.6,60,VIIRS,2026-09-05,1923
23.77727,86.38577,305.92,60,VIIRS,2026-09-05,1923
23.77696,86.38895,300.37,60,VIIRS,2026-09-05,1923
23.77441,86.36259,311.34,60,VIIRS,2026-09-05,1923
23.77039,86.40411,302.92,60,VIIRS,2026-09-05,1923
23.76658,86.3907,303.87,60,VIIRS,2026-09-05,1923
23.76565,86.40026,300.97,60,VIIRS,2026-09-05,1923
23.76534,86.40349,315.82,60,VIIRS,2026-09-05,1923
23.69551,87.10785,307.48,60,VIIRS,2026-09-05,1923
23.69493,87.11353,307.16,60,VIIRS,2026-09-05,1923
23.69436,87.11919,314.37,60,VIIRS,2026-09-05,1923
23.7791,86.20641,307.37,60,VIIRS,2026-09-05,1923
23.77879,86.20972,305.14,60,VIIRS,2026-09-05,1923
23.76062,86.39961,302.62,60,VIIRS,2026-09-05,1923
23.7603,86.40284,299.74,60,VIIRS,2026-09-05,1923
23.68955,87.11856,310.49,60,VIIRS,2026-09-05,1923
23.77525,86.19253,297.06,60,VIIRS,2026-09-05,1923
23.77493,86.19585,299.12,60,VIIRS,2026-09-05,1923
23.75404,86.41497,303.62,60,VIIRS,2026-09-05,1923
23.66634,87.15578,317.36,60,VIIRS,2026-09-05,1923
23.64919,85.43445,316.86,60,VIIRS,2026-09-05,1925
23.68409,87.12768,308.02,60,VIIRS,2026-09-05,1925
23.75631,86.39796,299.4,60,VIIRS,2026-09-05,1925
23.75433,86.41714,301.97,60,VIIRS,2026-09-05,1925
23.8387,85.46757,300.7,60,VIIRS,2026-09-05,1925
23.66663,87.1541,313.19,60,VIIRS,2026-09-05,1925
23.73763,86.4309,300.79,60,VIIRS,2026-09-05,1925
23.7373,86.43405,300.68,60,VIIRS,2026-09-05,1925
23.8252,85.49538,298.88,60,VIIRS,2026-09-05,1925
23.84328,84.94684,298.18,60,VIIRS,2026-09-05,1925
23.75867,85.85409,299.35,60,VIIRS,2026-09-05,1925
23.6798,86.39781,304.47,60,VIIRS,2026-09-05,1925
23.70099,86.07278,318.05,60,VIIRS,2026-09-05,1925
23.65887,85.50546,303.29,60,VIIRS,2026-09-05,1925
23.64886,85.43806,325.92,60,VIIRS,2026-09-05,1925
23.68951,87.1226,309.86,60,VIIRS,2026-09-05,1925
23.67184,84.99578,302.86,60,VIIRS,2026-09-05,1925
23.61127,85.67277,299.22,60,VIIRS,2026-09-05,1925
23.666,84.999,310.1,60,VIIRS,2026-09-05,1925
23.61148,85.67413,303.14,60,VIIRS,2026-09-05,1925
23.67165,84.99418,304.73,60,VIIRS,2026-09-05,1925
23.66578,84.99745,310.52,60,VIIRS,2026-09-05,1925
22.96413,85.99792,304.65,60,VIIRS,2026-09-05,1925
22.87717,86.06215,314.57,60,VIIRS,2026-09-05,1925
22.79804,86.19794,313.33,60,VIIRS,2026-09-05,1925
22.80418,86.08908,310.46,60,VIIRS,2026-09-05,1925
22.79299,86.19738,307.98,60,VIIRS,2026-09-05,1925
22.7991,86.08846,311.78,60,VIIRS,2026-09-05,1925
22.57469,85.89632,320.47,60,VIIRS,2026-09-05,1925
22.57535,85.88969,306.07,60,VIIRS,2026-09-05,1925
22.37779,87.27859,328.67,60,VIIRS,2026-09-05,1925
22.37088,87.29912,306.66,60,VIIRS,2026-09-05,1925
22.3662,87.29851,318.82,60,VIIRS,2026-09-05,1925
22.38003,87.27818,327.43,60,VIIRS,2026-09-05,1925
22.36829,87.29809,316.01,60,VIIRS,2026-09-05,1925
22.36625,87.01411,309.08,60,VIIRS,2026-09-05,1925
22.3609,87.01897,305.71,60,VIIRS,2026-09-05,1925
22.05409,88.12331,313.14,60,VIIRS,2026-09-05,1925
22.21696,84.86906,310.3,60,VIIRS,2026-09-05,1925
22.21219,84.86086,306.85,60,VIIRS,2026-09-05,1925
22.21149,84.86848,302.74,60,VIIRS,2026-09-05,1925
22.211,84.86073,307.75,60,VIIRS,2026-09-05,1925
22.0543,85.46281,303.28,60,VIIRS,2026-09-05,1925
21.96817,85.31213,302.9,60,VIIRS,2026-09-05,1925
21.9302,85.21793,299.16,60,VIIRS,2026-09-05,1925
21.92986,85.22138,308.46,60,VIIRS,2026-09-05,1925
21.92455,85.22067,308,60,VIIRS,2026-09-05,1925
21.68499,85.43456,304.08,60,VIIRS,2026-09-05,1925
21.75904,84.0227,302.35,60,VIIRS,2026-09-05,1925
21.75756,84.02261,308.01,60,VIIRS,2026-09-05,1925
21.57263,85.64584,303.23,60,VIIRS,2026-09-05,1925
21.68121,84.0351,307.64,60,VIIRS,2026-09-05,1925
21.68082,84.03934,309.86,60,VIIRS,2026-09-05,1925
21.6751,84.03875,304.72,60,VIIRS,2026-09-05,1925
19.10137,82.16523,308.25,60,VIIRS,2026-09-05,1925
17.6948,83.24045,317.07,60,VIIRS,2026-09-05,1925
17.69332,83.24108,314.76,60,VIIRS,2026-09-05,1925
17.61015,83.20161,317.68,60,VIIRS,2026-09-05,1925
17.60911,83.20141,315.69,60,VIIRS,2026-09-05,1925
23.67914,86.08373,311.44,60,VIIRS,2026-09-05,1925
23.56106,87.23698,315.76,60,VIIRS,2026-09-05,1925
23.55573,87.24197,307.49,60,VIIRS,2026-09-05,1925
23.56203,87.08309,312.8,60,VIIRS,2026-09-05,1925
23.61385,86.78893,307.47,60,VIIRS,2026-09-05,1925
23.68207,86.08438,305.68,60,VIIRS,2026-09-05,1925
23.56073,87.23611,310.71,60,VIIRS,2026-09-05,1925
23.56012,87.24169,307.16,60,VIIRS,2026-09-05,1925
23.67692,86.08381,300.61,60,VIIRS,2026-09-05,1925
23.55536,87.2411,306.2,60,VIIRS,2026-09-05,1925
23.56278,87.0825,310.48,60,VIIRS,2026-09-05,1925
23.69889,85.36634,305.06,60,VIIRS,2026-09-05,1925
13.15991,80.27797,306.34,60,VIIRS,2026-09-05,1928
13.16012,80.28133,306.44,60,VIIRS,2026-09-05,1928
31.25992,76.92314,300.63,60,VIIRS,2026-09-05,2104
29.47778,76.85781,305.57,60,VIIRS,2026-09-05,2104
24.8199,73.09176,306.36,60,VIIRS,2026-09-05,2106
24.69006,73.00367,308.43,60,VIIRS,2026-09-05,2106
23.3177,70.48697,305.42,60,VIIRS,2026-09-05,2106
23.30572,70.47698,308.73,60,VIIRS,2026-09-05,2106
21.33948,78.96864,306.66,60,VIIRS,2026-09-05,2106
22.41734,69.04001,305.17,60,VIIRS,2026-09-05,2106
19.10254,82.16389,306.83,60,VIIRS,2026-09-05,2106
21.1022,72.63403,303,60,VIIRS,2026-09-05,2106
19.10114,82.16985,299.56,60,VIIRS,2026-09-05,2106
20.91168,71.4588,315.76,60,VIIRS,2026-09-05,2106
24.82338,73.09252,304.65,60,VIIRS,2026-09-05,2106
15.13699,76.71162,302.57,60,VIIRS,2026-09-05,2108
15.19864,76.37866,304.09,60,VIIRS,2026-09-05,2108
15.65885,73.98855,310.57,60,VIIRS,2026-09-05,2108
15.16696,76.37938,303.96,60,VIIRS,2026-09-05,2108
15.07157,76.86669,303.27,60,VIIRS,2026-09-05,2108
11.63562,77.6582,304.36,60,VIIRS,2026-09-05,2108
13.41738,75.9798,302.16,60,VIIRS,2026-09-05,2108
13.89865,76.5645,307.32,60,VIIRS,2026-09-05,2108
18.71488,79.53679,301.81,60,VIIRS,2026-09-05,2108
17.9612,80.79105,309.72,60,VIIRS,2026-09-05,2108
17.95665,80.78942,306.24,60,VIIRS,2026-09-05,2108
17.08617,79.32299,297.99,60,VIIRS,2026-09-05,2108
17.08589,79.32469,303.71,60,VIIRS,2026-09-05,2108
17.142,77.18357,304.72,60,VIIRS,2026-09-05,2108
15.86545,79.38067,326.38,60,VIIRS,2026-09-05,2108
15.07222,76.8634,304.51,60,VIIRS,2026-09-05,2108
15.86784,79.38237,317.85,60,VIIRS,2026-09-05,2108
15.86193,79.38101,300.06,60,VIIRS,2026-09-05,2108
15.1776,77.10127,312.62,60,VIIRS,2026-09-05,2108
15.33788,76.27744,309.63,60,VIIRS,2026-09-05,2108
15.2252,76.76069,303.33,60,VIIRS,2026-09-05,2108
14.15109,77.59263,304.87,60,VIIRS,2026-09-05,2108
15.22457,76.7638,306.29,60,VIIRS,2026-09-05,2108
15.17531,76.78477,303.99,60,VIIRS,2026-09-05,2108
15.18284,76.66691,308.78,60,VIIRS,2026-09-05,2108
15.18026,76.65346,304.16,60,VIIRS,2026-09-05,2108
14.15187,77.58869,308.89,60,VIIRS,2026-09-05,2108
15.17965,76.65654,312.82,60,VIIRS,2026-09-05,2108
15.17597,76.675,317.24,60,VIIRS,2026-09-05,2108
15.17523,76.65232,303.49,60,VIIRS,2026-09-05,2108
15.13762,76.70852,308.77,60,VIIRS,2026-09-05,2108
19.49014,85.20157,329.54,60,VIIRS,2026-08-01,0657
23.80213,86.32997,333.41,60,VIIRS,2026-08-01,0659
11.88981,79.31049,330.05,60,VIIRS,2026-08-01,0837
11.29002,79.78289,331.9,60,VIIRS,2026-08-01,0837
11.95934,79.44656,332.88,60,VIIRS,2026-08-01,0837
11.96078,79.44628,333.69,60,VIIRS,2026-08-01,0837
12.0521,79.67383,334.67,60,VIIRS,2026-08-01,0837
12.05169,79.67051,332.24,60,VIIRS,2026-08-01,0837
12.32935,79.62632,341.51,60,VIIRS,2026-08-01,0837
11.21864,78.20132,331.58,60,VIIRS,2026-08-01,0837
11.32136,79.04636,333.21,60,VIIRS,2026-08-01,0837
10.93222,78.44296,337.15,60,VIIRS,2026-08-01,0837
11.80317,78.73422,340.2,60,VIIRS,2026-08-01,0837
27.51347,71.62677,343.41,60,VIIRS,2026-08-01,0839
22.31883,82.56562,300.18,60,VIIRS,2026-08-01,1925
23.7178,86.44274,299,60,VIIRS,2026-08-01,1925
24.11519,86.85891,315.68,60,VIIRS,2026-08-01,1925
23.68786,87.12221,297.45,60,VIIRS,2026-08-01,1925
23.75932,86.40166,299.18,60,VIIRS,2026-08-01,1925
23.73716,86.43492,310.45,60,VIIRS,2026-08-01,1925
23.72291,86.43824,302.22,60,VIIRS,2026-08-01,1925
21.96972,85.31415,298.3,60,VIIRS,2026-08-01,1925
21.80114,82.03998,304.74,60,VIIRS,2026-08-01,1925
21.62323,81.79317,299.31,60,VIIRS,2026-08-01,1925
20.86213,84.98734,299.02,60,VIIRS,2026-08-01,1925
20.79498,85.2541,324.05,60,VIIRS,2026-08-01,1925
20.7942,85.25123,321.61,60,VIIRS,2026-08-01,1925
20.79359,85.25661,303.71,60,VIIRS,2026-08-01,1925
21.33668,78.96526,298.71,60,VIIRS,2026-08-01,1925
23.71215,86.45232,306.47,60,VIIRS,2026-08-01,1925
23.68608,86.39214,297.12,60,VIIRS,2026-08-01,1925
23.68097,86.39668,304.24,60,VIIRS,2026-08-01,1925
23.67639,86.39605,306.27,60,VIIRS,2026-08-01,1925
23.67587,86.4011,308.72,60,VIIRS,2026-08-01,1925
23.6854,86.39404,298.67,60,VIIRS,2026-08-01,1925
23.68083,86.39339,300.39,60,VIIRS,2026-08-01,1925
23.67569,86.39787,308.54,60,VIIRS,2026-08-01,1925
23.67513,86.40295,305.11,60,VIIRS,2026-08-01,1925
23.7275,85.00492,301.25,60,VIIRS,2026-08-01,1925
23.6476,85.43916,307.3,60,VIIRS,2026-08-01,1925
23.66735,84.99706,301.58,60,VIIRS,2026-08-01,1925
23.66203,84.99958,311.85,60,VIIRS,2026-08-01,1925
22.37987,87.27727,304.11,60,VIIRS,2026-08-01,1925
22.37561,87.2767,304.21,60,VIIRS,2026-08-01,1925
22.37511,87.28098,308.59,60,VIIRS,2026-08-01,1925
22.36408,87.30119,309.23,60,VIIRS,2026-08-01,1925
22.3571,87.28727,295.35,60,VIIRS,2026-08-01,1925
22.3566,87.29153,295.14,60,VIIRS,2026-08-01,1925
22.24599,87.38873,303.48,60,VIIRS,2026-08-01,1925
22.32828,82.60777,297.45,60,VIIRS,2026-08-01,1925
22.3326,82.6057,296.22,60,VIIRS,2026-08-01,1925
22.32615,82.5489,295.48,60,VIIRS,2026-08-01,1925
21.96928,85.31577,299.15,60,VIIRS,2026-08-01,1925
8.82653,78.08564,322.58,60,VIIRS,2026-08-01,1930
8.82677,78.08688,335.43,60,VIIRS,2026-08-01,1930
9.14897,78.30833,307.01,60,VIIRS,2026-08-01,1930
26.64306,79.48007,298.97,60,VIIRS,2026-08-01,2106
26.87533,73.51517,307.6,60,VIIRS,2026-08-01,2106
21.18809,81.38752,301.08,60,VIIRS,2026-08-01,2106
22.9327,69.6986,302.59,60,VIIRS,2026-08-01,2108
21.24856,79.20657,297.73,60,VIIRS,2026-08-01,2108
8.90865,78.03073,335.95,60,VIIRS,2026-08-02,0816
9.29566,77.94614,331.31,60,VIIRS,2026-08-02,0816
11.41098,79.68989,333.04,60,VIIRS,2026-08-02,0816
11.41031,79.68512,334.76,60,VIIRS,2026-08-02,0816
11.41002,79.68708,337.58,60,VIIRS,2026-08-02,0816
12.06339,78.75342,334.98,60,VIIRS,2026-08-02,0816
12.45999,78.99902,332.43,60,VIIRS,2026-08-02,0816
12.82108,76.97945,330.87,60,VIIRS,2026-08-02,0816
13.78007,76.9473,334.73,60,VIIRS,2026-08-02,0818
13.93042,77.46671,340.84,60,VIIRS,2026-08-02,0818
14.1473,77.31364,340.31,60,VIIRS,2026-08-02,0818
14.25021,77.46139,346.32,60,VIIRS,2026-08-02,0818
14.24963,77.45737,348.53,60,VIIRS,2026-08-02,0818
14.25147,77.46172,336.97,60,VIIRS,2026-08-02,0818
14.25091,77.45769,354.81,60,VIIRS,2026-08-02,0818
14.28016,77.4369,355.66,30,VIIRS,2026-08-02,0818
14.2796,77.4329,355.65,30,VIIRS,2026-08-02,0818
14.28422,77.4404,339.75,60,VIIRS,2026-08-02,0818
14.28366,77.43639,339.4,60,VIIRS,2026-08-02,0818
14.2831,77.43237,337.28,60,VIIRS,2026-08-02,0818
14.28716,77.43586,339.95,60,VIIRS,2026-08-02,0818
14.29065,77.43534,345.25,60,VIIRS,2026-08-02,0818
14.29415,77.43482,335.4,60,VIIRS,2026-08-02,0818
14.41843,78.30199,335.73,60,VIIRS,2026-08-02,0818
14.44477,78.46677,337.66,60,VIIRS,2026-08-02,0818
14.30635,77.44534,345.39,60,VIIRS,2026-08-02,0818
14.31928,77.41059,340.78,60,VIIRS,2026-08-02,0818
14.32392,77.41814,339.29,60,VIIRS,2026-08-02,0818
14.32278,77.41007,355.7,30,VIIRS,2026-08-02,0818
14.32684,77.41357,350.11,60,VIIRS,2026-08-02,0818
14.32627,77.40955,355.76,30,VIIRS,2026-08-02,0818
14.33034,77.41304,342.3,60,VIIRS,2026-08-02,0818
14.32976,77.40903,349.66,60,VIIRS,2026-08-02,0818
14.32919,77.40501,337.21,60,VIIRS,2026-08-02,0818
14.71503,79.55192,334.21,60,VIIRS,2026-08-02,0818
15.17531,76.66013,331.73,60,VIIRS,2026-08-02,0818
15.17476,76.65627,332.61,60,VIIRS,2026-08-02,0818
15.18325,76.66679,337.63,60,VIIRS,2026-08-02,0818
16.27069,76.4569,335.55,60,VIIRS,2026-08-02,0818
17.35036,80.8483,335.36,60,VIIRS,2026-08-02,0818
17.79687,83.16254,331.55,60,VIIRS,2026-08-02,0818
17.58144,76.11646,339.62,60,VIIRS,2026-08-02,0818
21.74094,83.84197,343.05,60,VIIRS,2026-08-02,0820
21.74668,83.84146,355.66,30,VIIRS,2026-08-02,0820
21.75855,83.84472,329.58,60,VIIRS,2026-08-02,0820
21.74854,83.84187,356,30,VIIRS,2026-08-02,0820
21.75464,83.84567,328.33,60,VIIRS,2026-08-02,0820
22.36064,82.3024,345.05,60,VIIRS,2026-08-02,0820
22.36106,82.30148,338.37,60,VIIRS,2026-08-02,0820
31.07977,74.70936,330.43,60,VIIRS,2026-08-02,0822
31.14965,74.86246,330.78,60,VIIRS,2026-08-02,0822
23.80342,86.33029,298.77,60,VIIRS,2026-08-02,1906
23.79565,86.35047,304.07,60,VIIRS,2026-08-02,1906
23.78011,86.39131,302.76,60,VIIRS,2026-08-02,1906
23.77589,86.36446,295.69,60,VIIRS,2026-08-02,1906
23.7666,86.40562,300.1,60,VIIRS,2026-08-02,1906
23.76082,86.39972,295.1,60,VIIRS,2026-08-02,1906
23.76707,86.4069,295.17,60,VIIRS,2026-08-02,1906
23.76132,86.40104,295.28,60,VIIRS,2026-08-02,1906
23.67882,86.08529,304.22,60,VIIRS,2026-08-02,1906
23.68126,86.08372,301.66,60,VIIRS,2026-08-02,1906
23.67496,86.08327,300.1,60,VIIRS,2026-08-02,1906
20.96288,85.16257,302.68,60,VIIRS,2026-08-02,1908
22.05437,88.12376,307.49,60,VIIRS,2026-08-02,1908
20.95044,86.04678,303.22,60,VIIRS,2026-08-02,1908
20.95002,86.04748,305.04,60,VIIRS,2026-08-02,1908
20.96841,85.17459,300.94,60,VIIRS,2026-08-02,1908
20.88583,84.98076,308.88,60,VIIRS,2026-08-02,1908
20.86573,84.98525,309.26,60,VIIRS,2026-08-02,1908
20.79208,85.25346,315.02,60,VIIRS,2026-08-02,1908
20.78523,85.25827,306.93,60,VIIRS,2026-08-02,1908
20.79685,85.25352,309.33,60,VIIRS,2026-08-02,1908
20.76097,85.29532,303.32,60,VIIRS,2026-08-02,1908
17.60904,83.20269,308.19,60,VIIRS,2026-08-02,1908
23.802,86.32772,298.01,60,VIIRS,2026-08-02,2046
21.48706,81.76894,301.77,60,VIIRS,2026-08-02,2046
21.37593,81.67974,296.02,60,VIIRS,2026-08-02,2046
23.31381,70.48843,305.38,60,VIIRS,2026-08-02,2046
21.2485,79.20795,305.82,60,VIIRS,2026-08-02,2046
21.24589,79.22108,300.02,60,VIIRS,2026-08-02,2046
19.80054,78.86392,301.41,60,VIIRS,2026-08-02,2046
19.09667,82.1686,304.31,60,VIIRS,2026-08-02,2046
19.10094,82.16447,311.6,60,VIIRS,2026-08-02,2046
19.10018,82.16814,307.03,60,VIIRS,2026-08-02,2046
19.09483,82.16678,306.18,60,VIIRS,2026-08-02,2046
19.08717,82.17645,301.83,60,VIIRS,2026-08-02,2046
29.47461,76.85748,306.47,60,VIIRS,2026-08-02,2046
27.66697,76.12926,306.57,60,VIIRS,2026-08-02,2046
24.57784,74.80232,304.11,60,VIIRS,2026-08-02,2049
24.71447,75.95454,304.2,60,VIIRS,2026-08-02,2049
17.61058,83.20332,330.32,60,VIIRS,2026-08-02,2049
15.33446,76.28731,301.95,60,VIIRS,2026-08-02,2049
22.37991,87.27733,301.08,60,VIIRS,2026-08-02,2049
17.12715,81.31397,332.81,60,VIIRS,2026-08-03,0758
10.87581,79.09857,335.72,60,VIIRS,2026-08-03,0758
11.08548,79.41801,334.32,30,VIIRS,2026-08-03,0758
12.09229,79.56733,334.91,30,VIIRS,2026-08-03,0758
12.38051,79.98348,333.36,60,VIIRS,2026-08-03,0758
16.97776,81.59511,334.38,60,VIIRS,2026-08-03,0758
17.70182,82.58089,333.41,60,VIIRS,2026-08-03,0801
17.22134,81.39058,332.56,60,VIIRS,2026-08-03,0801
17.60866,83.20518,335.4,60,VIIRS,2026-08-03,0801
17.39471,81.24567,334.55,60,VIIRS,2026-08-03,0801
17.82471,83.11395,331.47,60,VIIRS,2026-08-03,0801
20.69543,78.63831,330.95,60,VIIRS,2026-08-03,0801
21.10393,72.6449,339.03,60,VIIRS,2026-08-03,0801
22.37511,87.27681,304.51,60,VIIRS,2026-08-03,2027
22.37437,87.28019,302.67,60,VIIRS,2026-08-03,2027
22.36401,87.30257,299.58,60,VIIRS,2026-08-03,2027
22.356,87.28971,295.41,60,VIIRS,2026-08-03,2027
22.36363,87.29984,299.05,60,VIIRS,2026-08-03,2027
22.36484,87.01883,302.53,60,VIIRS,2026-08-03,2027
22.35978,87.01757,304.33,60,VIIRS,2026-08-03,2027
22.87237,86.06178,297.77,60,VIIRS,2026-08-03,2027
22.38024,87.27814,299.57,60,VIIRS,2026-08-03,2027
19.09685,82.16862,300.24,60,VIIRS,2026-08-03,2029
17.61232,83.2044,308.24,60,VIIRS,2026-08-03,2029
17.60796,83.20346,321.6,60,VIIRS,2026-08-03,2029
17.61163,83.20602,314.34,60,VIIRS,2026-08-03,2029
17.60727,83.20505,323.43,60,VIIRS,2026-08-03,2029
17.60374,83.19969,304.48,60,VIIRS,2026-08-03,2029
15.02134,78.01474,307.59,60,VIIRS,2026-08-03,2032
8.77262,78.11182,346.79,60,VIIRS,2026-08-04,0737
9.26788,77.7543,330.3,60,VIIRS,2026-08-04,0737
9.26775,77.75093,332.06,60,VIIRS,2026-08-04,0737
12.21231,79.97163,334.84,60,VIIRS,2026-08-04,0739
13.47575,78.73293,330.9,60,VIIRS,2026-08-04,0739
14.42292,80.16588,338.51,60,VIIRS,2026-08-04,0739
14.46557,78.84572,330.57,60,VIIRS,2026-08-04,0739
14.46649,78.8485,331.93,60,VIIRS,2026-08-04,0739
22.21098,84.86469,331.67,60,VIIRS,2026-08-04,0741
20.79527,85.25335,332.4,60,VIIRS,2026-08-04,0741
20.96986,85.17702,334.02,60,VIIRS,2026-08-04,0741
20.9693,85.17296,336.85,60,VIIRS,2026-08-04,0741
22.57145,85.89578,330.71,60,VIIRS,2026-08-04,0741
22.358,82.30145,332.57,60,VIIRS,2026-08-04,0741
27.19168,79.73158,295,60,VIIRS,2026-08-04,2008
28.77298,76.6991,305.86,60,VIIRS,2026-08-04,2008
19.10033,82.16623,296.6,60,VIIRS,2026-08-04,2010
19.09704,82.16565,298.05,60,VIIRS,2026-08-04,2010
19.09317,82.16869,300.44,60,VIIRS,2026-08-04,2010
19.10362,82.16681,317.65,60,VIIRS,2026-08-04,2010
21.192,81.39223,297.26,60,VIIRS,2026-08-04,2010
19.10304,82.17044,297.57,60,VIIRS,2026-08-04,2010
15.33818,76.27869,302.18,60,VIIRS,2026-08-04,2012
15.33301,76.28802,302.55,60,VIIRS,2026-08-04,2012
15.17777,77.1018,302.82,60,VIIRS,2026-08-04,2012
15.17535,76.65519,312.48,60,VIIRS,2026-08-04,2012
15.17472,76.65987,308.26,60,VIIRS,2026-08-04,2012
17.95613,80.79372,304.69,60,VIIRS,2026-08-04,2012
17.46366,80.65296,304.88,60,VIIRS,2026-08-04,2012
9.28358,78.23943,334.36,60,VIIRS,2026-08-05,0720
9.28603,78.23457,340.3,60,VIIRS,2026-08-05,0720
9.68459,78.8849,334.14,60,VIIRS,2026-08-05,0720
9.55889,77.60223,342.66,60,VIIRS,2026-08-05,0720
13.3994,80.28709,346.61,60,VIIRS,2026-08-05,0720
14.67887,79.54193,338.81,60,VIIRS,2026-08-05,0720
15.31598,79.434,337.51,60,VIIRS,2026-08-05,0722
15.5178,79.46233,335,60,VIIRS,2026-08-05,0722
27.40973,70.82902,347.24,60,VIIRS,2026-08-05,0907
27.37692,95.08621,312.84,60,VIIRS,2026-08-05,1949
27.46,95.47563,308.05,60,VIIRS,2026-08-05,1949
27.37869,95.33633,317.73,60,VIIRS,2026-08-05,1949
27.31863,95.26627,305.84,60,VIIRS,2026-08-05,1949
15.17468,76.65333,298.71,60,VIIRS,2026-08-05,1953
15.3308,76.28545,303.98,60,VIIRS,2026-08-05,1953
15.33105,76.28522,303.86,60,VIIRS,2026-08-05,1953
15.18738,76.65887,301.84,60,VIIRS,2026-08-05,1953
15.1743,76.65644,312.1,60,VIIRS,2026-08-05,1953
15.18117,76.66769,306.29,60,VIIRS,2026-08-05,1953
15.17746,76.6546,307.47,60,VIIRS,2026-08-05,1953
15.1771,76.65773,309.85,60,VIIRS,2026-08-05,1953
15.18458,76.65756,304.58,60,VIIRS,2026-08-05,1953
15.18344,76.66692,313.64,60,VIIRS,2026-08-05,1953
15.17982,76.65388,301.36,60,VIIRS,2026-08-05,1953
9.46924,78.57292,319.4,60,VIIRS,2026-08-05,1955
9.89176,78.10775,310.6,60,VIIRS,2026-08-05,1955
31.25879,76.92562,299.13,60,VIIRS,2026-08-05,2129
25.94243,72.19208,355.4,60,VIIRS,2026-08-05,2131
26.25877,74.09599,304.69,60,VIIRS,2026-08-05,2131
25.94169,72.19534,328.87,60,VIIRS,2026-08-05,2131
25.94316,72.18882,307.88,60,VIIRS,2026-08-05,2131
24.94367,74.94578,303.76,60,VIIRS,2026-08-05,2131
27.69906,96.24122,336.95,60,VIIRS,2026-08-06,0703
27.69966,96.2416,330.18,60,VIIRS,2026-08-06,0703
21.10344,72.64756,332.9,60,VIIRS,2026-08-06,0843
21.102,72.63545,341.81,60,VIIRS,2026-08-06,0843
21.1076,72.647,346.94,60,VIIRS,2026-08-06,0843
23.30643,70.20004,336.67,60,VIIRS,2026-08-06,0845
23.30582,70.19529,330.6,60,VIIRS,2026-08-06,0845
23.51308,69.2734,337.8,60,VIIRS,2026-08-06,0845
28.26501,95.6101,319.72,60,VIIRS,2026-08-06,1930
27.46139,95.47704,319.72,60,VIIRS,2026-08-06,1930
23.69229,87.1048,304.72,60,VIIRS,2026-08-06,1932
25.43771,86.06867,305.29,60,VIIRS,2026-08-06,1932
24.11815,86.35008,306.14,60,VIIRS,2026-08-06,1932
23.69595,87.1012,301.83,60,VIIRS,2026-08-06,1932
23.69529,87.10673,303.84,60,VIIRS,2026-08-06,1932
23.69398,87.11777,302.47,60,VIIRS,2026-08-06,1932
23.69332,87.1233,301.74,60,VIIRS,2026-08-06,1932
23.69134,87.10617,302.05,60,VIIRS,2026-08-06,1932
23.68803,87.10007,303.95,60,VIIRS,2026-08-06,1932
23.69624,87.10535,304.04,60,VIIRS,2026-08-06,1932
23.69486,87.11637,303.18,60,VIIRS,2026-08-06,1932
23.69417,87.12189,300.78,60,VIIRS,2026-08-06,1932
23.68902,87.09872,304.86,60,VIIRS,2026-08-06,1932
23.62121,86.89039,305.7,60,VIIRS,2026-08-06,1932
26.25792,74.09449,307.13,60,VIIRS,2026-08-06,2112
26.25738,74.0966,308.1,60,VIIRS,2026-08-06,2112
25.94118,72.19417,306.24,60,VIIRS,2026-08-06,2112
24.69057,73.00171,304.96,60,VIIRS,2026-08-06,2112
22.99959,72.34648,338.06,60,VIIRS,2026-08-06,2114
18.95641,73.94267,295.04,60,VIIRS,2026-08-06,2114
22.97807,72.56618,308.43,60,VIIRS,2026-08-06,2114
27.95391,95.5974,330.46,30,VIIRS,2026-08-07,0646
8.57461,78.00533,337.4,60,VIIRS,2026-08-07,0822
8.75746,78.18224,345.81,60,VIIRS,2026-08-07,0822
8.76117,78.18171,339.41,60,VIIRS,2026-08-07,0822
8.76012,78.18311,346.37,60,VIIRS,2026-08-07,0822
25.43574,86.06752,304.88,60,VIIRS,2026-08-07,1910
23.77423,86.19609,302.55,60,VIIRS,2026-08-07,1913
23.77419,85.99416,299.81,60,VIIRS,2026-08-07,1913
23.72499,86.43662,299.92,60,VIIRS,2026-08-07,1913
23.72464,86.44072,303.87,60,VIIRS,2026-08-07,1913
23.71242,86.45171,304.08,60,VIIRS,2026-08-07,1913
23.70858,86.43064,301.44,60,VIIRS,2026-08-07,1913
22.78345,86.00488,300.33,60,VIIRS,2026-08-07,1913
27.46889,95.42281,305.61,60,VIIRS,2026-08-07,1913
27.32373,95.27661,310.36,60,VIIRS,2026-08-07,1913
27.37623,95.33397,312.13,60,VIIRS,2026-08-07,1913
24.11616,86.34906,298.6,60,VIIRS,2026-08-07,1913
23.79666,86.63983,308.5,60,VIIRS,2026-08-07,1913
23.78389,86.39212,298.82,60,VIIRS,2026-08-07,1913
23.78002,86.3892,327.33,60,VIIRS,2026-08-07,1913
23.77966,86.39324,307.65,60,VIIRS,2026-08-07,1913
23.77662,86.36382,310.34,60,VIIRS,2026-08-07,1913
23.77479,86.38445,304.63,60,VIIRS,2026-08-07,1913
23.77442,86.38854,301.25,60,VIIRS,2026-08-07,1913
23.771,86.36326,304.06,60,VIIRS,2026-08-07,1913
23.76774,86.40008,303.88,60,VIIRS,2026-08-07,1913
23.76737,86.40423,300.51,60,VIIRS,2026-08-07,1913
23.7788,86.20943,303.86,60,VIIRS,2026-08-07,1913
29.45735,76.87064,307.61,60,VIIRS,2026-08-07,2053
26.75785,83.19983,307.56,60,VIIRS,2026-08-07,2053
26.6412,79.48167,302.59,60,VIIRS,2026-08-07,2053
23.67704,86.40203,297.95,60,VIIRS,2026-08-07,2055
23.77619,86.20954,303.29,60,VIIRS,2026-08-07,2055
23.67698,86.4007,299.4,60,VIIRS,2026-08-07,2055
18.68641,73.03136,305.25,60,VIIRS,2026-08-07,2055
25.94341,72.19024,312.4,60,VIIRS,2026-08-07,2055
23.77923,86.20446,302.51,60,VIIRS,2026-08-07,2055
23.7775,86.21114,301.29,60,VIIRS,2026-08-07,2055
9.35078,78.64883,340.7,60,VIIRS,2026-08-08,0803
9.46694,78.60876,342.2,60,VIIRS,2026-08-08,0803
9.72193,77.87727,336.02,30,VIIRS,2026-08-08,0803
12.18139,79.57864,330.57,60,VIIRS,2026-08-08,0803
13.77714,79.96498,340.03,60,VIIRS,2026-08-08,0803
14.14061,79.64134,338.07,60,VIIRS,2026-08-08,0803
14.66399,80.13791,330.41,60,VIIRS,2026-08-08,0803
14.73576,79.83199,334.67,60,VIIRS,2026-08-08,0803
22.35898,87.0153,302.37,60,VIIRS,2026-08-08,1853
20.24184,86.60018,308.01,60,VIIRS,2026-08-08,1856
22.05463,88.12354,316.12,60,VIIRS,2026-08-08,2034
28.85394,77.1468,306.44,60,VIIRS,2026-08-08,2034
26.64261,79.47755,310.6,60,VIIRS,2026-08-08,2034
26.64189,79.4817,319.52,60,VIIRS,2026-08-08,2034
25.03664,87.38859,310.62,60,VIIRS,2026-08-08,2034
27.07989,73.8157,304.22,60,VIIRS,2026-08-08,2034
26.60358,73.68365,304.97,60,VIIRS,2026-08-08,2034
24.12002,86.86525,309.77,60,VIIRS,2026-08-08,2034
23.66246,87.1521,311.75,60,VIIRS,2026-08-08,2034
23.66155,87.15603,308.74,60,VIIRS,2026-08-08,2034
23.66804,86.92381,301.79,60,VIIRS,2026-08-08,2034
23.66546,86.93528,303.93,60,VIIRS,2026-08-08,2034
23.6635,86.91859,301.95,60,VIIRS,2026-08-08,2034
23.55595,87.23958,314.1,60,VIIRS,2026-08-08,2034
23.56249,87.08484,313.39,60,VIIRS,2026-08-08,2034
24.18275,82.65568,305.15,60,VIIRS,2026-08-08,2034
22.81087,86.08997,295.19,60,VIIRS,2026-08-08,2034
22.36584,87.29999,297.28,60,VIIRS,2026-08-08,2034
22.24258,87.38795,302.61,60,VIIRS,2026-08-08,2034
18.9574,73.94349,307.27,60,VIIRS,2026-08-08,2036
18.42307,73.94807,309.27,60,VIIRS,2026-08-08,2036
20.99624,86.02747,305.57,60,VIIRS,2026-08-08,2036
20.96559,86.01157,302.02,60,VIIRS,2026-08-08,2036
20.96444,85.18437,301.56,60,VIIRS,2026-08-08,2036
20.96373,85.18775,318.43,60,VIIRS,2026-08-08,2036
20.96215,85.16977,295.1,60,VIIRS,2026-08-08,2036
20.88721,84.98166,332.49,60,VIIRS,2026-08-08,2036
21.92552,85.22231,295.7,60,VIIRS,2026-08-08,2036
20.88652,84.98494,304.5,60,VIIRS,2026-08-08,2036
20.86419,84.98952,313.26,60,VIIRS,2026-08-08,2036
21.10472,72.63543,308.99,60,VIIRS,2026-08-08,2036
21.10116,72.63488,318.77,60,VIIRS,2026-08-08,2036
19.93574,73.7124,308.7,60,VIIRS,2026-08-08,2036
23.01004,70.10314,307.02,60,VIIRS,2026-08-08,2036
22.93208,69.69513,309.23,60,VIIRS,2026-08-08,2036
15.17359,76.66376,295.01,60,VIIRS,2026-08-08,2038
15.17553,76.65714,320.47,60,VIIRS,2026-08-08,2038
15.17617,76.65323,310.09,60,VIIRS,2026-08-08,2038
15.17488,76.66106,302.35,60,VIIRS,2026-08-08,2038
12.54925,77.32909,299.7,60,VIIRS,2026-08-08,2038
12.54902,77.33131,296.34,60,VIIRS,2026-08-08,2038
10.00389,78.03165,310.65,60,VIIRS,2026-08-08,2038
9.76219,77.6217,302.62,60,VIIRS,2026-08-08,2038
9.75829,77.62124,318.35,60,VIIRS,2026-08-08,2038
12.98322,74.85109,307.8,60,VIIRS,2026-08-08,2038
16.6499,74.31506,309.29,60,VIIRS,2026-08-08,2038
15.33955,76.27728,302.74,60,VIIRS,2026-08-08,2038
15.33554,76.28046,327.93,60,VIIRS,2026-08-08,2038
15.17838,77.10391,304.88,60,VIIRS,2026-08-08,2038
15.02414,78.01672,300.68,60,VIIRS,2026-08-08,2038
15.17556,77.09921,302.45,60,VIIRS,2026-08-08,2038
15.18523,76.6578,306.58,60,VIIRS,2026-08-08,2038
15.18391,76.66562,304.3,60,VIIRS,2026-08-08,2038
15.1785,76.67673,301.05,60,VIIRS,2026-08-08,2038
15.17835,76.65656,300.6,60,VIIRS,2026-08-08,2038
15.17506,76.67611,299.22,60,VIIRS,2026-08-08,2038
15.17243,76.69172,306.63,60,VIIRS,2026-08-08,2038
15.17557,76.65204,305.07,60,VIIRS,2026-08-08,2038
15.17491,76.65594,316.56,60,VIIRS,2026-08-08,2038
15.17425,76.65985,306.74,60,VIIRS,2026-08-08,2038
27.45892,95.47669,335.63,60,VIIRS,2026-08-09,0608
28.0676,95.37768,327.96,60,VIIRS,2026-08-09,0608
28.06259,95.35578,327.84,60,VIIRS,2026-08-09,0608
9.63756,77.60527,341.83,60,VIIRS,2026-08-09,0744
8.84041,78.0078,339.33,60,VIIRS,2026-08-09,0744
8.84773,77.97353,335.7,60,VIIRS,2026-08-09,0744
8.89873,78.04314,339.38,60,VIIRS,2026-08-09,0744
8.89804,78.03916,338.29,60,VIIRS,2026-08-09,0744
8.90703,77.70632,331.98,60,VIIRS,2026-08-09,0744
9.01122,77.96381,343.82,60,VIIRS,2026-08-09,0744
9.2356,78.68808,334.55,60,VIIRS,2026-08-09,0744
9.23963,78.68742,331,60,VIIRS,2026-08-09,0744
9.57627,78.52619,334.42,60,VIIRS,2026-08-09,0744
9.61507,78.63419,331.9,60,VIIRS,2026-08-09,0744
9.64483,78.78864,341.2,60,VIIRS,2026-08-09,0744
9.66437,78.79135,334.31,60,VIIRS,2026-08-09,0744
9.46624,77.55146,331.55,60,VIIRS,2026-08-09,0744
9.71018,77.92914,348.62,60,VIIRS,2026-08-09,0744
9.71438,77.92844,343.43,60,VIIRS,2026-08-09,0744
9.71372,77.9245,334.87,60,VIIRS,2026-08-09,0744
11.66286,78.62783,332.08,60,VIIRS,2026-08-09,0746
12.46548,79.024,333.21,60,VIIRS,2026-08-09,0746
11.65351,79.12866,336.89,60,VIIRS,2026-08-09,0746
10.96326,78.16092,335.63,60,VIIRS,2026-08-09,0746
23.79523,86.35397,333.56,60,VIIRS,2026-08-09,0748
22.78788,86.2058,330.24,60,VIIRS,2026-08-09,0748
23.80311,86.3294,339.03,60,VIIRS,2026-08-09,0748
23.80526,86.33165,330.93,60,VIIRS,2026-08-09,0748
25.94204,72.18732,331.32,60,VIIRS,2026-08-09,0750
25.9431,72.19236,341.14,60,VIIRS,2026-08-09,0750
28.81726,76.83368,304.86,60,VIIRS,2026-08-09,2014
15.17659,77.10351,304.72,60,VIIRS,2026-08-09,2017
15.17373,77.09916,308.41,60,VIIRS,2026-08-09,2017
15.02412,78.01555,312.63,60,VIIRS,2026-08-09,2017
15.02135,78.01138,306.52,60,VIIRS,2026-08-09,2017
15.18594,76.65729,313.81,60,VIIRS,2026-08-09,2017
15.18016,76.67254,305.1,60,VIIRS,2026-08-09,2017
15.17959,76.67648,306.26,60,VIIRS,2026-08-09,2017
15.179,76.65625,324.57,60,VIIRS,2026-08-09,2017
15.17957,76.6523,303.06,60,VIIRS,2026-08-09,2017
15.17612,76.67598,315.85,60,VIIRS,2026-08-09,2017
15.17381,76.69177,314.66,60,VIIRS,2026-08-09,2017
15.17094,76.71146,302.8,60,VIIRS,2026-08-09,2017
15.17553,76.65572,322.77,60,VIIRS,2026-08-09,2017
15.17495,76.65968,317.99,60,VIIRS,2026-08-09,2017
15.13577,76.71014,304.18,60,VIIRS,2026-08-09,2017
21.74818,83.84348,345.65,60,VIIRS,2026-08-09,2017
21.18186,81.3881,311.22,60,VIIRS,2026-08-09,2017
21.18246,81.38439,329.97,60,VIIRS,2026-08-09,2017
21.18517,81.3887,307,60,VIIRS,2026-08-09,2017
21.29962,81.60864,312.38,60,VIIRS,2026-08-09,2017
21.30926,81.5912,311.2,60,VIIRS,2026-08-09,2017
21.31799,81.55822,308.73,60,VIIRS,2026-08-09,2017
21.34482,81.66636,302.13,60,VIIRS,2026-08-09,2017
21.36383,81.65446,306.94,60,VIIRS,2026-08-09,2017
21.3762,81.64136,308.46,60,VIIRS,2026-08-09,2017
21.37224,81.68687,304.78,60,VIIRS,2026-08-09,2017
21.37677,81.67999,306.74,60,VIIRS,2026-08-09,2017
21.57609,82.02261,312.33,60,VIIRS,2026-08-09,2017
21.72969,82.21273,307.73,60,VIIRS,2026-08-09,2017
21.67697,84.03742,311.98,60,VIIRS,2026-08-09,2017
21.67975,84.04256,307.71,60,VIIRS,2026-08-09,2017
21.68054,84.03815,303.08,60,VIIRS,2026-08-09,2017
21.73757,83.84128,313.54,60,VIIRS,2026-08-09,2017
21.74111,83.842,316.6,60,VIIRS,2026-08-09,2017
21.74464,83.84274,343.32,60,VIIRS,2026-08-09,2017
26.64338,79.4809,295.12,60,VIIRS,2026-08-09,2017
24.44991,83.03921,309.22,60,VIIRS,2026-08-09,2017
23.68934,87.10021,301.61,60,VIIRS,2026-08-09,2017
23.66195,87.15304,304.01,60,VIIRS,2026-08-09,2017
23.78522,86.34442,304.76,60,VIIRS,2026-08-09,2017
23.77999,86.37169,304.48,60,VIIRS,2026-08-09,2017
23.78028,86.34899,308.01,60,VIIRS,2026-08-09,2017
23.76583,86.4028,305.76,60,VIIRS,2026-08-09,2017
23.79436,86.23342,308.27,60,VIIRS,2026-08-09,2017
23.76192,86.40192,312.59,60,VIIRS,2026-08-09,2017
23.758,86.40105,313.31,60,VIIRS,2026-08-09,2017
23.75694,86.40651,304.18,60,VIIRS,2026-08-09,2017
23.79399,86.23234,305.94,60,VIIRS,2026-08-09,2017
23.7587,86.40038,315.26,60,VIIRS,2026-08-09,2017
23.75768,86.40585,311.01,60,VIIRS,2026-08-09,2017
23.78251,86.20722,311.54,60,VIIRS,2026-08-09,2017
23.78151,86.2126,307.34,60,VIIRS,2026-08-09,2017
23.77864,86.20638,306.67,60,VIIRS,2026-08-09,2017
23.77763,86.21175,316.59,60,VIIRS,2026-08-09,2017
23.7363,86.43269,309.44,60,VIIRS,2026-08-09,2017
23.77375,86.21094,306.75,60,VIIRS,2026-08-09,2017
23.77288,86.19396,311.12,60,VIIRS,2026-08-09,2017
23.71249,86.45039,332.01,60,VIIRS,2026-08-09,2017
23.70926,86.44582,314.78,60,VIIRS,2026-08-09,2017
23.70856,86.44951,309.36,60,VIIRS,2026-08-09,2017
23.55644,87.24155,305.61,60,VIIRS,2026-08-09,2017
23.56122,87.08495,314.86,60,VIIRS,2026-08-09,2017
23.67824,86.39377,309.53,60,VIIRS,2026-08-09,2017
23.67718,86.39928,304.93,60,VIIRS,2026-08-09,2017
23.48136,87.35875,307.74,60,VIIRS,2026-08-09,2017
23.75745,85.85117,305.33,60,VIIRS,2026-08-09,2017
23.70716,86.07356,334.81,60,VIIRS,2026-08-09,2017
23.70331,86.0727,304.19,60,VIIRS,2026-08-09,2017
23.75513,85.84918,304.16,60,VIIRS,2026-08-09,2017
23.75419,85.8543,310.54,60,VIIRS,2026-08-09,2017
23.7062,86.07202,333.48,60,VIIRS,2026-08-09,2017
23.69753,86.07556,306.76,60,VIIRS,2026-08-09,2017
23.69654,86.08087,304.9,60,VIIRS,2026-08-09,2017
23.78346,85.56535,313.4,60,VIIRS,2026-08-09,2017
23.78163,85.57536,306.83,60,VIIRS,2026-08-09,2017
23.68204,86.09412,311.53,60,VIIRS,2026-08-09,2017
23.67533,86.08704,314.1,60,VIIRS,2026-08-09,2017
23.66664,86.09058,308.5,60,VIIRS,2026-08-09,2017
24.2066,82.7108,306.64,60,VIIRS,2026-08-09,2017
24.20391,82.70625,303.2,60,VIIRS,2026-08-09,2017
24.20326,82.71017,303.67,60,VIIRS,2026-08-09,2017
24.16215,82.63046,302.45,60,VIIRS,2026-08-09,2017
23.6972,85.28938,300.52,60,VIIRS,2026-08-09,2017
24.13941,82.70577,307.83,60,VIIRS,2026-08-09,2017
23.64726,85.43547,302.7,60,VIIRS,2026-08-09,2017
23.64635,85.4404,310.42,60,VIIRS,2026-08-09,2017
22.87217,86.06399,300.36,60,VIIRS,2026-08-09,2017
22.79713,86.20682,312.29,60,VIIRS,2026-08-09,2017
22.78533,86.20405,312.95,60,VIIRS,2026-08-09,2017
22.79818,86.0917,305.22,60,VIIRS,2026-08-09,2017
22.05323,88.12234,306.05,60,VIIRS,2026-08-09,2017
22.05223,88.12727,306.55,60,VIIRS,2026-08-09,2017
22.31491,82.5312,302.47,60,VIIRS,2026-08-09,2017
22.31155,82.53056,301.63,60,VIIRS,2026-08-09,2017
22.06409,83.70657,306.56,60,VIIRS,2026-08-09,2017
22.03818,83.35181,321.44,60,VIIRS,2026-08-09,2017
21.96498,83.7717,310.43,60,VIIRS,2026-08-09,2017
22.03401,83.35527,304.89,60,VIIRS,2026-08-09,2017
22.0284,83.367,307.3,60,VIIRS,2026-08-09,2017
22.01886,83.33949,306.07,60,VIIRS,2026-08-09,2017
21.92177,83.35161,310.23,60,VIIRS,2026-08-09,2017
22.00557,82.67142,313.48,60,VIIRS,2026-08-09,2017
21.7732,83.82612,317.49,60,VIIRS,2026-08-09,2017
21.76233,83.84638,315.45,60,VIIRS,2026-08-09,2017
21.76157,83.85073,306.28,60,VIIRS,2026-08-09,2017
21.75955,83.84133,312.37,60,VIIRS,2026-08-09,2017
21.75525,83.84494,332.52,60,VIIRS,2026-08-09,2017
18.68589,73.03109,315.77,60,VIIRS,2026-08-09,2017
18.68476,73.04045,304.49,60,VIIRS,2026-08-09,2017
18.68085,73.03519,306.58,60,VIIRS,2026-08-09,2017
17.14086,77.18326,300.11,60,VIIRS,2026-08-09,2017
17.06163,76.97942,301.97,60,VIIRS,2026-08-09,2017
16.63623,74.33961,300.41,60,VIIRS,2026-08-09,2017
15.33892,76.27649,326.83,60,VIIRS,2026-08-09,2017
15.33421,76.28419,304.69,60,VIIRS,2026-08-09,2017
15.33245,76.24616,303.98,60,VIIRS,2026-08-09,2017
15.226,76.76334,303.45,60,VIIRS,2026-08-09,2017
10.14223,78.34138,306.8,60,VIIRS,2026-08-09,2019
13.39307,80.1016,313.52,60,VIIRS,2026-08-09,2019
13.32148,78.35851,301.07,60,VIIRS,2026-08-09,2019
12.96904,77.32954,302.78,60,VIIRS,2026-08-09,2019
12.63012,76.94179,302.53,60,VIIRS,2026-08-09,2019
12.09458,79.06552,309.49,60,VIIRS,2026-08-09,2019
11.81484,77.9174,316.97,60,VIIRS,2026-08-09,2019
11.81046,77.92388,306.16,60,VIIRS,2026-08-09,2019
10.41522,77.10941,313.6,60,VIIRS,2026-08-09,2019
10.41245,77.10535,301.84,60,VIIRS,2026-08-09,2019
9.72229,77.6078,322.01,60,VIIRS,2026-08-09,2019
9.72176,77.61125,344.7,60,VIIRS,2026-08-09,2019
9.71847,77.61072,339.89,60,VIIRS,2026-08-09,2019
9.719,77.60725,307.95,60,VIIRS,2026-08-09,2019
9.71626,77.60326,311.9,60,VIIRS,2026-08-09,2019
9.7135,77.59925,346.16,60,VIIRS,2026-08-09,2019
9.71297,77.60271,331.82,60,VIIRS,2026-08-09,2019
9.70968,77.60219,330.98,60,VIIRS,2026-08-09,2019
9.71022,77.59872,311.92,60,VIIRS,2026-08-09,2019
9.58805,77.92776,306.26,60,VIIRS,2026-08-09,2019
21.10479,72.64441,304.5,60,VIIRS,2026-08-09,2019
19.99649,79.17857,304.91,60,VIIRS,2026-08-09,2019
19.96264,79.33604,323.2,60,VIIRS,2026-08-09,2019
9.87769,77.43696,337.35,60,VIIRS,2026-08-10,0726
10.39844,79.4175,344.61,60,VIIRS,2026-08-10,0726
10.39993,79.41699,344.62,60,VIIRS,2026-08-10,0726
11.99036,78.95662,334.23,60,VIIRS,2026-08-10,0726
12.06379,79.03509,336.54,60,VIIRS,2026-08-10,0726
12.06076,79.03645,338.62,60,VIIRS,2026-08-10,0726
9.20456,78.36428,330.95,60,VIIRS,2026-08-10,0726
13.50082,79.60096,339.29,60,VIIRS,2026-08-10,0726
9.31451,78.04694,330.23,60,VIIRS,2026-08-10,0726
9.51796,78.82596,331.44,60,VIIRS,2026-08-10,0726
9.76248,78.33206,331.55,60,VIIRS,2026-08-10,0726
9.98394,79.04431,336.01,60,VIIRS,2026-08-10,0726
9.72778,77.59988,338.48,60,VIIRS,2026-08-10,0726
9.86161,77.38474,330.94,60,VIIRS,2026-08-10,0726
9.33854,78.72203,333.44,60,VIIRS,2026-08-10,0726
15.24499,80.04926,331.15,60,VIIRS,2026-08-10,0729
15.29655,79.9203,332.49,60,VIIRS,2026-08-10,0729
15.31361,79.78432,337.27,60,VIIRS,2026-08-10,0729
15.52739,80.19402,335.57,60,VIIRS,2026-08-10,0729
15.41752,78.95675,343.75,60,VIIRS,2026-08-10,0729
15.65816,80.04972,336.47,60,VIIRS,2026-08-10,0729
15.75647,79.76901,354.72,60,VIIRS,2026-08-10,0729
15.78391,79.83963,342.6,60,VIIRS,2026-08-10,0729
15.86675,79.77457,342.33,60,VIIRS,2026-08-10,0729
16.62688,80.19164,353.11,60,VIIRS,2026-08-10,0729
15.99106,76.83946,351.18,60,VIIRS,2026-08-10,0729
15.99041,76.83838,341.63,60,VIIRS,2026-08-10,0729
17.73785,78.74373,332.53,60,VIIRS,2026-08-10,0729
20.865,84.98891,340.15,60,VIIRS,2026-08-10,0729
22.24657,87.38881,333.61,60,VIIRS,2026-08-10,0729
22.35876,87.29115,334.21,60,VIIRS,2026-08-10,0729
22.3638,87.30231,337.75,60,VIIRS,2026-08-10,0729
22.36717,87.30176,344.08,60,VIIRS,2026-08-10,0729
22.37055,87.3012,334.26,60,VIIRS,2026-08-10,0729
22.3779,87.28001,343.35,60,VIIRS,2026-08-10,0729
26.15964,93.67596,331.4,60,VIIRS,2026-08-10,0729
13.99597,79.86233,339.64,60,VIIRS,2026-08-10,0729
13.98913,79.8261,340.59,60,VIIRS,2026-08-10,0729
14.12223,79.97894,342.05,60,VIIRS,2026-08-10,0729
14.04673,79.23515,335.94,60,VIIRS,2026-08-10,0729
14.04347,79.23308,334.18,60,VIIRS,2026-08-10,0729
14.15374,79.6483,340.24,60,VIIRS,2026-08-10,0729
14.21367,79.15493,339.22,60,VIIRS,2026-08-10,0729
14.60677,79.58267,345.75,60,VIIRS,2026-08-10,0729
14.71236,79.8091,335.61,60,VIIRS,2026-08-10,0729
14.7102,79.80735,332.98,60,VIIRS,2026-08-10,0729
14.42585,77.91759,342.18,60,VIIRS,2026-08-10,0729
14.78906,79.7129,335.84,60,VIIRS,2026-08-10,0729
14.91595,79.59067,330,60,VIIRS,2026-08-10,0729
15.10113,79.99052,336.63,60,VIIRS,2026-08-10,0729
23.68788,87.12254,331.36,60,VIIRS,2026-08-10,0731
23.69127,87.12198,331.33,60,VIIRS,2026-08-10,0731
23.64833,85.44051,343.27,60,VIIRS,2026-08-10,0731
23.64777,85.43678,334.76,60,VIIRS,2026-08-10,0731
23.7799,86.21191,337.8,60,VIIRS,2026-08-10,0731
23.56004,87.2403,333.02,60,VIIRS,2026-08-10,0731
27.37786,95.08848,306.89,60,VIIRS,2026-08-10,1955
26.77069,94.50476,307,60,VIIRS,2026-08-10,1955
23.64509,85.44019,324.91,60,VIIRS,2026-08-10,1957
22.87397,86.06298,316.62,60,VIIRS,2026-08-10,1957
22.81188,86.0866,306.38,60,VIIRS,2026-08-10,1957
22.808,86.08971,306.19,60,VIIRS,2026-08-10,1957
22.7915,86.19377,306.76,60,VIIRS,2026-08-10,1957
22.36437,87.01758,303.06,60,VIIRS,2026-08-10,1957
22.36104,87.01694,305.68,60,VIIRS,2026-08-10,1957
22.21157,84.86518,304.41,60,VIIRS,2026-08-10,1957
22.21166,84.84229,305.07,60,VIIRS,2026-08-10,1957
22.20884,84.86089,301.49,60,VIIRS,2026-08-10,1957
17.9557,80.79392,304.46,60,VIIRS,2026-08-10,1957
18.68258,73.03286,308.24,60,VIIRS,2026-08-10,1957
23.60892,85.67542,308.2,60,VIIRS,2026-08-10,1957
23.68856,87.12273,315.81,60,VIIRS,2026-08-10,1957
23.689,87.09917,309.6,60,VIIRS,2026-08-10,1957
23.66297,87.15327,317.13,60,VIIRS,2026-08-10,1957
23.66234,87.1571,306.06,60,VIIRS,2026-08-10,1957
23.56183,87.22941,328.04,60,VIIRS,2026-08-10,1957
23.55993,87.24093,308.91,60,VIIRS,2026-08-10,1957
23.83799,85.47054,307.63,60,VIIRS,2026-08-10,1957
23.82411,85.49497,308.01,60,VIIRS,2026-08-10,1957
23.82354,85.49873,307.29,60,VIIRS,2026-08-10,1957
23.61301,86.79169,310.86,60,VIIRS,2026-08-10,1957
23.75841,85.85548,309.14,60,VIIRS,2026-08-10,1957
23.75571,85.85116,314.74,60,VIIRS,2026-08-10,1957
23.75513,85.85488,315.51,60,VIIRS,2026-08-10,1957
23.78728,85.55363,319.06,60,VIIRS,2026-08-10,1957
23.78168,85.56799,320.3,60,VIIRS,2026-08-10,1957
23.78053,85.57547,312.69,60,VIIRS,2026-08-10,1957
23.74367,85.50733,308.54,60,VIIRS,2026-08-10,1957
23.69662,85.36866,314.3,60,VIIRS,2026-08-10,1957
23.69605,85.37241,308.21,60,VIIRS,2026-08-10,1957
23.69545,85.28754,306.04,60,VIIRS,2026-08-10,1957
23.69488,85.29129,312.52,60,VIIRS,2026-08-10,1957
23.68402,85.36255,313.13,60,VIIRS,2026-08-10,1957
23.65509,85.50732,309.62,60,VIIRS,2026-08-10,1957
23.67598,85.32647,305.81,60,VIIRS,2026-08-10,1957
23.64895,85.43704,325.78,60,VIIRS,2026-08-10,1957
23.64838,85.44078,323.99,60,VIIRS,2026-08-10,1957
23.61509,85.65737,306.21,60,VIIRS,2026-08-10,1957
16.87159,80.02176,309.16,60,VIIRS,2026-08-10,2000
8.61773,77.95042,305.97,60,VIIRS,2026-08-10,2002
9.72094,77.61962,304.78,60,VIIRS,2026-08-10,2002
9.71671,77.59211,305.85,60,VIIRS,2026-08-10,2002
9.70789,77.59677,310.51,60,VIIRS,2026-08-10,2002
9.70502,77.5883,316.19,60,VIIRS,2026-08-10,2002
9.70394,77.59586,311.45,60,VIIRS,2026-08-10,2002
9.70103,77.58763,310.36,60,VIIRS,2026-08-10,2002
9.52916,77.44801,320.3,60,VIIRS,2026-08-10,2002
9.52524,77.44672,312.63,60,VIIRS,2026-08-10,2002
8.61557,77.95248,309.08,60,VIIRS,2026-08-10,2002
9.79602,77.71014,303.22,60,VIIRS,2026-08-10,2002
9.89888,77.68959,322.37,60,VIIRS,2026-08-10,2002
9.90871,77.29308,305.26,60,VIIRS,2026-08-10,2002
13.36684,80.15215,347.03,60,VIIRS,2026-08-11,0707
15.07768,79.50777,353.84,60,VIIRS,2026-08-11,0707
15.69567,79.26577,337.62,60,VIIRS,2026-08-11,0707
16.58618,80.65712,367,90,VIIRS,2026-08-11,0707
16.58698,80.65855,344.55,60,VIIRS,2026-08-11,0707
16.58605,80.65424,331.11,60,VIIRS,2026-08-11,0707
17.1208,79.64844,331.62,60,VIIRS,2026-08-11,0709
23.67569,86.39914,332.68,30,VIIRS,2026-08-11,0709
23.68565,86.39246,331.76,30,VIIRS,2026-08-11,0709
23.64727,85.43806,342.63,60,VIIRS,2026-08-11,0709
23.82465,84.57246,342.89,60,VIIRS,2026-08-11,0709
26.3854,93.8444,331.92,60,VIIRS,2026-08-11,0709
26.90926,93.12027,335.9,60,VIIRS,2026-08-11,0712
26.78612,90.26047,338.37,60,VIIRS,2026-08-11,0712
27.46919,95.4225,335.99,60,VIIRS,2026-08-11,0712
27.77261,95.53301,331.67,30,VIIRS,2026-08-11,0712
27.95418,95.59555,330.24,30,VIIRS,2026-08-11,0712
26.91881,82.54733,331.74,60,VIIRS,2026-08-11,0712
9.08864,77.73862,337.47,60,VIIRS,2026-08-11,0848
9.96719,78.07066,367,90,VIIRS,2026-08-11,0848
13.20075,78.67249,340.25,60,VIIRS,2026-08-11,0848
13.20042,78.67389,331.44,60,VIIRS,2026-08-11,0848
14.27528,77.99455,331.24,60,VIIRS,2026-08-11,0848
14.72327,79.55089,333.09,60,VIIRS,2026-08-11,0848
14.83705,77.94846,346.93,60,VIIRS,2026-08-11,0850
15.56153,79.95013,336.42,60,VIIRS,2026-08-11,0850
15.56281,79.95138,343.95,60,VIIRS,2026-08-11,0850
22.8725,88.21297,304.07,60,VIIRS,2026-08-11,1938
26.52052,90.53381,313.44,60,VIIRS,2026-08-11,1938
25.54083,91.23685,302.55,60,VIIRS,2026-08-11,1938
26.63957,79.47667,308.39,60,VIIRS,2026-08-11,1938
25.03493,87.38713,306.7,60,VIIRS,2026-08-11,1938
25.03308,87.3727,307.64,60,VIIRS,2026-08-11,1938
25.03251,87.3704,310.17,60,VIIRS,2026-08-11,1938
23.8064,86.32881,308.8,60,VIIRS,2026-08-11,1938
23.80262,86.32825,323.86,60,VIIRS,2026-08-11,1938
23.80198,86.33326,316.81,60,VIIRS,2026-08-11,1938
23.79569,86.35265,316.86,60,VIIRS,2026-08-11,1938
23.77495,86.3648,308.4,60,VIIRS,2026-08-11,1938
23.7786,86.21165,300.72,60,VIIRS,2026-08-11,1938
23.77945,86.2088,301.96,60,VIIRS,2026-08-11,1938
23.7582,85.85198,306.24,60,VIIRS,2026-08-11,1938
23.75754,85.85731,305.93,60,VIIRS,2026-08-11,1938
23.75433,85.85139,309.45,60,VIIRS,2026-08-11,1938
23.78668,85.55422,304.69,60,VIIRS,2026-08-11,1938
23.68305,86.08019,311.16,60,VIIRS,2026-08-11,1938
23.68242,86.08536,317.33,60,VIIRS,2026-08-11,1938
23.68116,86.09563,317.63,60,VIIRS,2026-08-11,1938
23.67859,86.0848,308.54,60,VIIRS,2026-08-11,1938
23.68363,86.08366,326.15,60,VIIRS,2026-08-11,1938
23.6823,86.09393,316.92,60,VIIRS,2026-08-11,1938
23.6798,86.08313,305.34,60,VIIRS,2026-08-11,1938
23.67532,86.08772,306.49,60,VIIRS,2026-08-11,1938
23.82899,84.57037,295.96,60,VIIRS,2026-08-11,1938
23.8285,84.5746,296.31,60,VIIRS,2026-08-11,1938
23.82479,84.56979,307.49,60,VIIRS,2026-08-11,1938
23.8243,84.574,308.76,60,VIIRS,2026-08-11,1938
23.82011,84.57342,296.93,60,VIIRS,2026-08-11,1938
22.79911,86.20488,308.11,60,VIIRS,2026-08-11,1938
22.79847,86.20977,306.86,60,VIIRS,2026-08-11,1938
22.79535,86.20437,329.04,60,VIIRS,2026-08-11,1938
22.79471,86.20924,324.38,60,VIIRS,2026-08-11,1938
22.79599,86.19947,301.74,60,VIIRS,2026-08-11,1938
22.79095,86.20874,300.27,60,VIIRS,2026-08-11,1938
22.78912,86.19343,302.03,60,VIIRS,2026-08-11,1938
22.79893,86.08892,305.93,60,VIIRS,2026-08-11,1938
22.57257,85.89838,302.9,60,VIIRS,2026-08-11,1938
22.37933,87.27896,316.6,60,VIIRS,2026-08-11,1938
22.37579,87.2784,316.74,60,VIIRS,2026-08-11,1938
22.36931,87.29943,310.35,60,VIIRS,2026-08-11,1938
22.36122,87.01827,309.3,60,VIIRS,2026-08-11,1938
21.92625,85.22292,298.38,60,VIIRS,2026-08-11,1938
21.07813,85.04013,310.36,60,VIIRS,2026-08-11,1940
21.07744,85.04552,307.24,60,VIIRS,2026-08-11,1940
15.82483,79.87877,295.87,60,VIIRS,2026-08-11,1940
15.82445,79.88194,296.25,60,VIIRS,2026-08-11,1940
15.17798,77.1003,305.63,60,VIIRS,2026-08-11,1940
15.17708,77.10262,305.21,60,VIIRS,2026-08-11,1940
20.98533,85.13896,303.64,60,VIIRS,2026-08-11,1940
20.97275,85.17474,307.19,60,VIIRS,2026-08-11,1940
20.96885,85.1742,321.09,60,VIIRS,2026-08-11,1940
20.96293,85.18935,321.55,60,VIIRS,2026-08-11,1940
20.96563,85.16841,307.63,60,VIIRS,2026-08-11,1940
20.9636,85.18417,314.97,60,VIIRS,2026-08-11,1940
20.96173,85.16788,308.17,60,VIIRS,2026-08-11,1940
20.96105,85.17313,309.47,60,VIIRS,2026-08-11,1940
21.36385,81.67879,302.52,60,VIIRS,2026-08-11,1940
21.35038,81.66521,306.13,60,VIIRS,2026-08-11,1940
21.1861,81.38841,306.12,60,VIIRS,2026-08-11,1940
21.18111,81.38785,307.76,60,VIIRS,2026-08-11,1940
19.10259,82.16623,296.83,60,VIIRS,2026-08-11,1940
16.36989,82.3166,308.57,60,VIIRS,2026-08-11,1940
15.82521,79.8756,296.09,60,VIIRS,2026-08-11,1940
9.5398,77.45322,304.77,60,VIIRS,2026-08-11,1942
12.74603,77.61998,303.38,60,VIIRS,2026-08-11,1942
28.34709,77.25639,304.01,60,VIIRS,2026-08-11,2118
23.82245,84.57461,327.65,60,VIIRS,2026-08-12,0652
9.49897,77.57352,344.37,60,VIIRS,2026-08-12,0828
10.54428,79.22142,334.24,60,VIIRS,2026-08-12,0828
10.68781,79.70799,334.81,60,VIIRS,2026-08-12,0828
10.87168,78.57549,330.5,60,VIIRS,2026-08-12,0828
10.81688,78.60809,336.99,60,VIIRS,2026-08-12,0828
10.88172,79.22351,342.04,60,VIIRS,2026-08-12,0828
10.75858,78.97378,342.07,60,VIIRS,2026-08-12,0828
10.77456,79.65791,333.56,60,VIIRS,2026-08-12,0828
8.58918,77.91875,343.59,60,VIIRS,2026-08-12,0828
8.90712,77.78218,343.67,60,VIIRS,2026-08-12,0828
8.90664,77.77869,339.52,60,VIIRS,2026-08-12,0828
8.98739,77.78809,335.97,60,VIIRS,2026-08-12,0828
9.42879,78.78382,331.89,60,VIIRS,2026-08-12,0828
9.38032,77.60553,345.29,60,VIIRS,2026-08-12,0828
9.46649,77.59328,344.86,60,VIIRS,2026-08-12,0828
9.50032,77.57422,343.54,60,VIIRS,2026-08-12,0828
9.64663,77.65572,341.87,60,VIIRS,2026-08-12,0828
14.31858,76.57759,340.13,60,VIIRS,2026-08-12,0830
14.21533,79.22138,330.46,60,VIIRS,2026-08-12,0830
12.08301,77.04526,331.82,60,VIIRS,2026-08-12,0830
11.65928,77.2301,341.05,60,VIIRS,2026-08-12,0830
27.37738,70.97624,336.5,60,VIIRS,2026-08-12,0835
27.37795,70.98054,339.4,60,VIIRS,2026-08-12,0835
27.46125,95.47672,303.32,60,VIIRS,2026-08-12,1917
26.08573,93.95238,301.27,60,VIIRS,2026-08-12,1917
27.31904,95.2666,305.08,60,VIIRS,2026-08-12,1917
21.37454,81.64083,303.61,60,VIIRS,2026-08-12,1919
21.80354,82.03912,298.4,60,VIIRS,2026-08-12,1919
22.03716,83.34946,302.43,60,VIIRS,2026-08-12,1919
21.37605,81.64108,305.16,60,VIIRS,2026-08-12,1919
31.25021,76.92845,303.9,60,VIIRS,2026-08-12,2057
28.37061,77.26281,306.87,60,VIIRS,2026-08-12,2057
31.25867,76.92541,304.18,60,VIIRS,2026-08-12,2057
28.19945,76.90763,307.02,60,VIIRS,2026-08-12,2057
25.94309,72.19233,295.66,60,VIIRS,2026-08-12,2059
21.24663,79.20609,302.92,60,VIIRS,2026-08-12,2059
26.6419,79.47903,313.1,60,VIIRS,2026-08-12,2059
21.30816,81.58989,300.24,60,VIIRS,2026-08-12,2059
21.501,81.81009,297.09,60,VIIRS,2026-08-12,2059
22.35673,82.30051,306.78,60,VIIRS,2026-08-12,2059
23.16554,82.33848,297.78,60,VIIRS,2026-08-12,2059
23.16588,82.33901,301.79,60,VIIRS,2026-08-12,2059
21.29765,81.6077,303.09,60,VIIRS,2026-08-12,2059
21.24735,79.20563,302.76,60,VIIRS,2026-08-12,2059
16.42131,79.32549,295.02,60,VIIRS,2026-08-12,2101
12.8527,79.90166,295.89,60,VIIRS,2026-08-12,2104
11.81464,77.91698,295.48,60,VIIRS,2026-08-12,2104
11.81451,77.91617,295.43,60,VIIRS,2026-08-12,2104
12.85319,79.90437,301.93,60,VIIRS,2026-08-12,2104
27.95773,95.60609,331.77,30,VIIRS,2026-08-13,0633
27.95698,95.60178,331.25,30,VIIRS,2026-08-13,0633
27.96461,95.6046,331.27,30,VIIRS,2026-08-13,0633
26.88691,93.05493,341.06,60,VIIRS,2026-08-13,0633
8.66256,77.86464,335.69,60,VIIRS,2026-08-13,0809
9.14321,78.50316,339.89,60,VIIRS,2026-08-13,0809
9.82755,78.48745,335.85,60,VIIRS,2026-08-13,0809
9.86046,78.54808,338.11,60,VIIRS,2026-08-13,0809
9.97572,79.07961,338.9,60,VIIRS,2026-08-13,0809
10.04801,78.53002,339.68,60,VIIRS,2026-08-13,0809
10.77482,79.65644,337.38,60,VIIRS,2026-08-13,0809
10.77733,78.9091,352.69,60,VIIRS,2026-08-13,0809
11.05683,78.87433,337.61,60,VIIRS,2026-08-13,0809
11.01841,78.15247,334.04,60,VIIRS,2026-08-13,0809
11.81037,77.923,335.58,60,VIIRS,2026-08-13,0809
8.53019,78.08766,337.3,60,VIIRS,2026-08-13,0809
30.8752,76.01562,331.42,60,VIIRS,2026-08-13,0816
31.15114,74.8723,330.75,30,VIIRS,2026-08-13,0816
30.59028,74.81104,332.2,60,VIIRS,2026-08-13,0816
31.2496,76.92681,302.25,60,VIIRS,2026-08-13,2040
29.1239,75.77663,310.57,60,VIIRS,2026-08-13,2040
28.66194,77.57907,311.79,60,VIIRS,2026-08-13,2040
28.64995,77.58897,306.76,60,VIIRS,2026-08-13,2040
28.13188,76.89797,316.67,60,VIIRS,2026-08-13,2040
26.2557,74.09644,304.59,60,VIIRS,2026-08-13,2040
26.30337,72.90213,304.93,60,VIIRS,2026-08-13,2040
25.94138,72.18976,310.18,60,VIIRS,2026-08-13,2040
31.32669,76.89336,305.92,60,VIIRS,2026-08-13,2040
22.06039,88.12177,367,90,VIIRS,2026-08-13,2042
22.05045,88.1057,298.14,60,VIIRS,2026-08-13,2042
23.31552,70.48516,305.93,60,VIIRS,2026-08-13,2042
22.06686,88.12373,330.36,60,VIIRS,2026-08-13,2042
22.06537,88.12983,300.66,60,VIIRS,2026-08-13,2042
22.0589,88.1279,304.57,60,VIIRS,2026-08-13,2042
15.17558,76.65949,298.78,60,VIIRS,2026-08-13,2044
18.43314,74.12675,302.22,60,VIIRS,2026-08-13,2044
15.33282,76.28719,296.83,60,VIIRS,2026-08-13,2044
15.17349,77.10117,295.67,60,VIIRS,2026-08-13,2044
15.65776,73.99023,303.71,60,VIIRS,2026-08-13,2044
15.18193,76.67715,300,60,VIIRS,2026-08-13,2044
15.17822,76.67643,304.48,60,VIIRS,2026-08-13,2044
15.17451,76.67571,302.01,60,VIIRS,2026-08-13,2044
15.18064,76.67478,299.57,60,VIIRS,2026-08-13,2044
15.17692,76.67406,310.03,60,VIIRS,2026-08-13,2044
15.17614,76.67867,300.04,60,VIIRS,2026-08-13,2044
15.17636,76.65489,300.15,60,VIIRS,2026-08-13,2044
9.30709,77.43063,301.39,60,VIIRS,2026-08-13,2046
25.06572,93.99839,347.14,60,VIIRS,2026-08-14,0614
25.06441,93.99954,347.64,60,VIIRS,2026-08-14,0614
28.51908,95.82986,334.78,60,VIIRS,2026-08-14,0616
9.43115,78.27111,337.53,60,VIIRS,2026-08-14,0750
9.49129,78.61803,336.21,60,VIIRS,2026-08-14,0750
9.19533,78.4641,334.2,60,VIIRS,2026-08-14,0750
9.12011,77.84572,343.81,60,VIIRS,2026-08-14,0750
9.36281,78.79712,338.52,60,VIIRS,2026-08-14,0750
9.50622,78.77958,332.95,60,VIIRS,2026-08-14,0750
8.72674,77.83636,334.57,60,VIIRS,2026-08-14,0750
8.90293,77.7048,331.99,60,VIIRS,2026-08-14,0750
15.18235,76.66698,334.88,60,VIIRS,2026-08-14,0752
15.18152,76.66567,335.68,60,VIIRS,2026-08-14,0752
15.17615,76.65688,330.16,60,VIIRS,2026-08-14,0752
15.17319,76.66232,335.42,60,VIIRS,2026-08-14,0752
10.22275,78.3579,335.27,60,VIIRS,2026-08-14,0752
10.32337,79.36299,334.7,60,VIIRS,2026-08-14,0752
9.82805,78.29053,334.35,60,VIIRS,2026-08-14,0752
16.98302,81.56271,338.91,60,VIIRS,2026-08-14,0752
15.99327,76.8434,333.71,60,VIIRS,2026-08-14,0752
27.26173,95.1496,299.67,60,VIIRS,2026-08-14,1841
27.00496,94.63396,297.18,60,VIIRS,2026-08-14,1841
29.12209,75.77994,305.7,60,VIIRS,2026-08-14,2021
28.77656,76.94697,309.26,60,VIIRS,2026-08-14,2021
28.77631,76.95009,309.9,60,VIIRS,2026-08-14,2021
23.78111,86.20776,302.91,60,VIIRS,2026-08-14,2021
23.78022,86.21217,302.71,60,VIIRS,2026-08-14,2021
23.69793,86.07546,310.07,60,VIIRS,2026-08-14,2021
23.68088,86.09412,298.85,60,VIIRS,2026-08-14,2021
22.36108,87.01765,299.81,60,VIIRS,2026-08-14,2021
23.3117,70.19884,296.28,60,VIIRS,2026-08-14,2021
21.7299,82.21591,301.56,60,VIIRS,2026-08-14,2021
17.36994,77.44634,302.25,60,VIIRS,2026-08-14,2023
15.91339,77.36324,301.26,60,VIIRS,2026-08-14,2023
22.33806,69.85318,301.63,60,VIIRS,2026-08-14,2023
15.18756,76.65977,308.31,60,VIIRS,2026-08-14,2025
15.33663,76.27954,306.53,60,VIIRS,2026-08-14,2025
15.33766,76.24979,314.96,60,VIIRS,2026-08-14,2025
15.3322,76.28632,309.72,60,VIIRS,2026-08-14,2025
15.18315,76.66641,336.19,60,VIIRS,2026-08-14,2025
15.18533,76.65205,304.95,60,VIIRS,2026-08-14,2025
15.18311,76.64435,330.63,60,VIIRS,2026-08-14,2025
15.17984,76.66589,307.06,60,VIIRS,2026-08-14,2025
15.17875,76.67307,305.99,60,VIIRS,2026-08-14,2025
15.17438,76.70177,305.85,60,VIIRS,2026-08-14,2025
15.17816,76.65459,323.15,60,VIIRS,2026-08-14,2025
15.17762,76.65818,316.18,60,VIIRS,2026-08-14,2025
15.17489,76.67612,305.4,60,VIIRS,2026-08-14,2025
15.1727,76.69048,319.58,60,VIIRS,2026-08-14,2025
15.17216,76.69408,309.58,60,VIIRS,2026-08-14,2025
15.16943,76.71198,304.01,60,VIIRS,2026-08-14,2025
15.17485,76.65406,327.9,60,VIIRS,2026-08-14,2025
15.17376,76.66125,320.71,60,VIIRS,2026-08-14,2025
15.1743,76.65765,310.65,60,VIIRS,2026-08-14,2025
15.17321,76.66483,307.47,60,VIIRS,2026-08-14,2025
15.16881,76.67149,313.67,60,VIIRS,2026-08-14,2025
15.07114,76.86419,304.21,60,VIIRS,2026-08-14,2025
12.96664,77.33076,307.6,60,VIIRS,2026-08-14,2025
12.12039,78.81626,330.59,60,VIIRS,2026-08-15,0731
14.42142,79.66338,332.09,60,VIIRS,2026-08-15,0733
17.46508,79.2121,333.24,60,VIIRS,2026-08-15,0733
17.46703,79.2114,331.08,60,VIIRS,2026-08-15,0733
28.161,95.59473,347.52,60,VIIRS,2026-08-15,0735
27.26608,88.32048,329.65,60,VIIRS,2026-08-15,0735
27.39476,70.4882,335.01,60,VIIRS,2026-08-15,0737
23.68891,86.08664,309.32,60,VIIRS,2026-08-15,2004
23.7556,86.40281,301.35,60,VIIRS,2026-08-15,2004
23.78097,86.21037,314.57,60,VIIRS,2026-08-15,2004
23.77826,86.20576,295.41,60,VIIRS,2026-08-15,2004
23.77759,86.20972,303.54,60,VIIRS,2026-08-15,2004
23.77422,86.20907,296.75,60,VIIRS,2026-08-15,2004
23.77284,86.19653,298.99,60,VIIRS,2026-08-15,2004
23.56034,87.08199,298.46,60,VIIRS,2026-08-15,2004
23.68087,86.09315,301.73,60,VIIRS,2026-08-15,2004
23.67553,86.10428,298.55,60,VIIRS,2026-08-15,2004
23.67487,86.10822,307.29,60,VIIRS,2026-08-15,2004
23.6748,86.08788,300.76,60,VIIRS,2026-08-15,2004
24.18051,82.64401,299.92,60,VIIRS,2026-08-15,2004
24.13888,82.70657,297.09,60,VIIRS,2026-08-15,2004
22.7903,86.21149,304.71,60,VIIRS,2026-08-15,2004
22.7896,86.19486,303.96,60,VIIRS,2026-08-15,2004
22.80027,86.09014,314.02,60,VIIRS,2026-08-15,2004
22.60765,85.91538,303.87,60,VIIRS,2026-08-15,2004
22.5921,85.90424,305.4,60,VIIRS,2026-08-15,2004
25.94142,72.18773,302.88,60,VIIRS,2026-08-15,2004
23.69623,87.09511,301.89,60,VIIRS,2026-08-15,2004
23.694,87.1078,300.63,60,VIIRS,2026-08-15,2004
23.69326,87.11204,299.87,60,VIIRS,2026-08-15,2004
23.69252,87.11627,303.55,60,VIIRS,2026-08-15,2004
23.69178,87.12051,311.83,60,VIIRS,2026-08-15,2004
23.69104,87.12474,304.85,60,VIIRS,2026-08-15,2004
23.6883,87.1198,308.36,60,VIIRS,2026-08-15,2004
23.68853,87.0979,298,60,VIIRS,2026-08-15,2004
23.66418,87.15434,318.53,60,VIIRS,2026-08-15,2004
23.66343,87.15858,305.82,60,VIIRS,2026-08-15,2004
23.80388,86.3287,315.04,60,VIIRS,2026-08-15,2004
23.8032,86.33268,303.78,60,VIIRS,2026-08-15,2004
23.80117,86.32407,311.36,60,VIIRS,2026-08-15,2004
23.79641,86.35195,305.87,60,VIIRS,2026-08-15,2004
23.77864,86.39085,305.66,60,VIIRS,2026-08-15,2004
23.78329,86.34228,301.4,60,VIIRS,2026-08-15,2004
23.77592,86.38617,296.63,60,VIIRS,2026-08-15,2004
23.7725,86.36485,297.12,60,VIIRS,2026-08-15,2004
23.76645,86.40085,297.18,60,VIIRS,2026-08-15,2004
23.76577,86.40484,299.35,60,VIIRS,2026-08-15,2004
23.76238,86.40415,303.35,60,VIIRS,2026-08-15,2004
23.75966,86.3995,295.89,60,VIIRS,2026-08-15,2004
23.75899,86.40348,308.39,60,VIIRS,2026-08-15,2004
15.18153,76.6717,301.14,60,VIIRS,2026-08-15,2006
15.18103,76.67553,301.52,60,VIIRS,2026-08-15,2006
15.17528,76.65529,303.63,60,VIIRS,2026-08-15,2006
13.60485,76.79096,298.68,60,VIIRS,2026-08-15,2006
12.8923,79.8503,307.39,60,VIIRS,2026-08-15,2006
12.28897,78.93392,302.16,60,VIIRS,2026-08-15,2006
15.02366,78.01456,315.9,60,VIIRS,2026-08-15,2006
18.68459,73.04036,324.75,60,VIIRS,2026-08-15,2006
15.18204,76.66786,300.67,60,VIIRS,2026-08-15,2006
18.68574,73.02896,310.28,60,VIIRS,2026-08-15,2006
18.67984,73.03214,305.58,60,VIIRS,2026-08-15,2006
10.62463,79.11826,330.62,60,VIIRS,2026-08-15,2008
9.33689,78.60879,312.96,60,VIIRS,2026-08-15,2008
8.84948,78.13552,301.57,60,VIIRS,2026-08-15,2008
11.85533,79.07175,303.95,60,VIIRS,2026-08-15,2008
9.99166,77.401,300.49,60,VIIRS,2026-08-15,2008
22.93069,69.69711,303.82,60,VIIRS,2026-08-15,2144
25.94344,72.19431,304.75,60,VIIRS,2026-08-15,2144
12.04138,79.50053,330.89,60,VIIRS,2026-08-16,0714
9.32025,79.30572,339.31,60,VIIRS,2026-08-16,0714
12.54379,79.81878,332.84,60,VIIRS,2026-08-16,0714
22.79004,86.20013,335.59,30,VIIRS,2026-08-16,0716
30.65581,74.16112,330.51,60,VIIRS,2026-08-16,0720
10.78027,78.65516,330.25,60,VIIRS,2026-08-16,0854
10.98471,77.71185,332.97,60,VIIRS,2026-08-16,0854
11.82039,78.73884,367,90,VIIRS,2026-08-16,0854
9.8602,78.09454,336.21,60,VIIRS,2026-08-16,0854
11.81638,78.73512,339.76,60,VIIRS,2026-08-16,0854
11.8171,78.74201,351.81,60,VIIRS,2026-08-16,0854
10.78192,78.65462,333.66,60,VIIRS,2026-08-16,0854
15.34949,76.66209,339.72,60,VIIRS,2026-08-16,0856
26.66642,72.53803,342.67,60,VIIRS,2026-08-16,0858
27.32211,71.15809,331.95,60,VIIRS,2026-08-16,0858
23.71148,86.4525,300.44,60,VIIRS,2026-08-16,1945
23.70859,86.44773,298.14,60,VIIRS,2026-08-16,1945
23.75659,85.8548,307.66,60,VIIRS,2026-08-16,1945
23.75303,85.85423,304.48,60,VIIRS,2026-08-16,1945
23.55814,87.24041,305.45,60,VIIRS,2026-08-16,1945
23.55757,87.24435,296.81,60,VIIRS,2026-08-16,1945
23.55419,87.24378,296.68,60,VIIRS,2026-08-16,1945
23.78634,85.55292,303.98,60,VIIRS,2026-08-16,1945
23.78091,85.56597,300.19,60,VIIRS,2026-08-16,1945
23.7797,85.57503,299.88,60,VIIRS,2026-08-16,1945
23.68196,86.08386,316.5,60,VIIRS,2026-08-16,1945
23.68079,86.0925,309.97,60,VIIRS,2026-08-16,1945
23.67433,86.08707,300.96,60,VIIRS,2026-08-16,1945
23.74472,85.50453,302.03,60,VIIRS,2026-08-16,1945
23.66669,86.09028,300.02,60,VIIRS,2026-08-16,1945
23.63182,86.29402,303.6,60,VIIRS,2026-08-16,1945
23.82553,84.57439,302.71,60,VIIRS,2026-08-16,1945
23.82172,84.57381,312.73,60,VIIRS,2026-08-16,1945
23.69549,85.36719,299.67,60,VIIRS,2026-08-16,1945
23.71972,85.00926,300.77,60,VIIRS,2026-08-16,1945
23.64938,85.43539,301.78,60,VIIRS,2026-08-16,1945
23.64878,85.43997,305.99,60,VIIRS,2026-08-16,1945
23.64515,85.43939,311.53,60,VIIRS,2026-08-16,1945
23.61046,85.67487,306.4,60,VIIRS,2026-08-16,1945
22.943,85.96716,299.72,60,VIIRS,2026-08-16,1945
23.80384,86.32544,299.72,60,VIIRS,2026-08-16,1945
27.60651,95.3998,306.05,60,VIIRS,2026-08-16,1945
25.03663,87.39027,306.75,60,VIIRS,2026-08-16,1945
23.78436,87.08208,298.61,60,VIIRS,2026-08-16,1945
23.80443,86.32117,296.07,60,VIIRS,2026-08-16,1945
23.80324,86.32969,301.39,60,VIIRS,2026-08-16,1945
23.80093,86.32062,295.85,60,VIIRS,2026-08-16,1945
23.78059,86.20853,309.33,60,VIIRS,2026-08-16,1945
23.78,86.21283,308.95,60,VIIRS,2026-08-16,1945
23.77708,86.20795,302.66,60,VIIRS,2026-08-16,1945
23.77124,86.19823,306.72,60,VIIRS,2026-08-16,1945
23.77694,85.99603,304,60,VIIRS,2026-08-16,1945
17.60533,83.20322,304.52,60,VIIRS,2026-08-16,1947
17.60915,83.20374,313.98,60,VIIRS,2026-08-16,1947
15.17715,76.65617,297.93,60,VIIRS,2026-08-16,1949
9.11447,78.39108,315.86,60,VIIRS,2026-08-16,1949
9.11096,78.39349,314.8,60,VIIRS,2026-08-16,1949
15.18195,76.6647,296.28,60,VIIRS,2026-08-16,1949
27.08006,73.81753,306.1,60,VIIRS,2026-08-16,2123
31.25765,76.92495,305.34,60,VIIRS,2026-08-16,2125
30.31607,74.10844,306.72,60,VIIRS,2026-08-16,2125
15.65921,73.99104,300.34,60,VIIRS,2026-08-16,2127
13.83939,79.28998,353.64,60,VIIRS,2026-08-17,0835
13.8013,76.19715,329.29,60,VIIRS,2026-08-17,0835
13.79972,76.19382,334.03,60,VIIRS,2026-08-17,0835
9.24176,77.44679,341.82,60,VIIRS,2026-08-17,0835
10.03546,78.13702,337.73,60,VIIRS,2026-08-17,0835
22.92817,70.10563,336.46,60,VIIRS,2026-08-17,0837
27.031,94.89075,309.57,60,VIIRS,2026-08-17,1923
13.16142,80.28265,304.07,60,VIIRS,2026-08-17,1928
10.35987,77.14751,327.12,60,VIIRS,2026-08-17,1930
10.35939,77.14571,296.3,60,VIIRS,2026-08-17,1930
10.35903,77.1489,319.67,60,VIIRS,2026-08-17,1930
24.65676,73.87511,298.79,60,VIIRS,2026-08-17,2106
26.87534,73.51603,306.1,60,VIIRS,2026-08-17,2106
24.69074,73.00394,303.84,60,VIIRS,2026-08-17,2106
21.10417,72.63689,314.85,60,VIIRS,2026-08-17,2108
18.80348,74.25902,305.8,60,VIIRS,2026-08-17,2108
18.95518,73.94185,317.44,60,VIIRS,2026-08-17,2108
8.74016,78.05225,338.98,30,VIIRS,2026-08-18,0816
8.79578,77.95259,339.91,60,VIIRS,2026-08-18,0816
8.75613,77.47073,335.69,30,VIIRS,2026-08-18,0816
8.86771,78.15748,336.8,60,VIIRS,2026-08-18,0816
8.82405,77.53445,337.3,60,VIIRS,2026-08-18,0816
8.88104,77.79141,346.42,60,VIIRS,2026-08-18,0816
8.94777,77.65709,339.88,60,VIIRS,2026-08-18,0816
8.94722,77.65343,336.49,30,VIIRS,2026-08-18,0816
9.00249,77.50302,336.85,60,VIIRS,2026-08-18,0816
9.2184,78.6481,337.96,60,VIIRS,2026-08-18,0816
9.27162,78.79281,338.38,60,VIIRS,2026-08-18,0816
9.33808,78.25658,345.42,60,VIIRS,2026-08-18,0816
9.27322,77.54752,339.11,30,VIIRS,2026-08-18,0816
9.31469,77.47774,341.65,60,VIIRS,2026-08-18,0816
9.31806,77.47723,341.94,60,VIIRS,2026-08-18,0816
9.3862,77.38913,345.19,60,VIIRS,2026-08-18,0816
9.52024,78.23438,339.51,60,VIIRS,2026-08-18,0816
9.51968,78.23049,354.26,60,VIIRS,2026-08-18,0816
9.51911,78.22663,338.14,60,VIIRS,2026-08-18,0816
9.51855,78.22275,338.13,60,VIIRS,2026-08-18,0816
9.52314,78.22998,346.02,60,VIIRS,2026-08-18,0816
9.52258,78.2261,342.9,60,VIIRS,2026-08-18,0816
9.52202,78.22223,355.27,30,VIIRS,2026-08-18,0816
9.52605,78.22559,351.49,60,VIIRS,2026-08-18,0816
9.52549,78.22171,348.73,60,VIIRS,2026-08-18,0816
9.44497,77.50709,334.97,30,VIIRS,2026-08-18,0816
9.57502,78.31775,346.04,60,VIIRS,2026-08-18,0816
9.57445,78.31384,341.46,60,VIIRS,2026-08-18,0816
9.57388,78.30993,339.87,60,VIIRS,2026-08-18,0816
9.58084,78.3089,338.78,60,VIIRS,2026-08-18,0816
9.83649,78.466,336.28,60,VIIRS,2026-08-18,0816
9.97945,79.0864,337.5,60,VIIRS,2026-08-18,0816
9.94499,78.7189,345.34,60,VIIRS,2026-08-18,0816
9.94439,78.71479,342.61,60,VIIRS,2026-08-18,0816
9.94795,78.71426,339.63,60,VIIRS,2026-08-18,0816
10.08933,79.01897,337.66,60,VIIRS,2026-08-18,0816
9.96622,78.06999,334.38,60,VIIRS,2026-08-18,0816
9.99415,78.07372,339.1,60,VIIRS,2026-08-18,0816
10.10702,78.53771,335.82,60,VIIRS,2026-08-18,0816
10.20446,78.83449,336.57,60,VIIRS,2026-08-18,0816
10.12364,77.9013,337.46,30,VIIRS,2026-08-18,0816
10.10463,77.69885,343.44,60,VIIRS,2026-08-18,0816
10.50352,79.42883,337.6,60,VIIRS,2026-08-18,0816
10.55074,79.59185,339.79,60,VIIRS,2026-08-18,0816
10.47384,78.95833,330.34,30,VIIRS,2026-08-18,0816
10.56157,79.44977,336.39,60,VIIRS,2026-08-18,0816
10.60196,79.33324,333.99,60,VIIRS,2026-08-18,0816
10.60031,79.33021,336.51,60,VIIRS,2026-08-18,0816
10.78029,79.6581,347.67,60,VIIRS,2026-08-18,0816
10.51628,77.66093,345.72,60,VIIRS,2026-08-18,0816
10.80497,79.66894,337.91,60,VIIRS,2026-08-18,0816
10.72695,78.74613,339.14,60,VIIRS,2026-08-18,0816
10.79064,79.03044,339.71,60,VIIRS,2026-08-18,0816
10.77713,78.64549,334.53,60,VIIRS,2026-08-18,0816
11.00285,79.80775,334.54,60,VIIRS,2026-08-18,0816
11.00132,79.80522,334.94,60,VIIRS,2026-08-18,0816
10.90672,78.53823,342.43,60,VIIRS,2026-08-18,0816
10.94335,78.44159,338.42,60,VIIRS,2026-08-18,0816
11.02236,78.84486,339.64,60,VIIRS,2026-08-18,0816
10.87752,77.78307,338.59,60,VIIRS,2026-08-18,0816
10.98373,78.245,338.95,60,VIIRS,2026-08-18,0816
11.1788,79.24069,331.52,60,VIIRS,2026-08-18,0816
11.12323,78.68747,341.71,60,VIIRS,2026-08-18,0816
11.04446,77.91675,347.55,60,VIIRS,2026-08-18,0816
11.14468,78.58139,343.39,60,VIIRS,2026-08-18,0816
11.21398,78.13076,342.98,60,VIIRS,2026-08-18,0816
11.45509,79.44886,333.17,60,VIIRS,2026-08-18,0816
11.47091,78.7398,336.52,60,VIIRS,2026-08-18,0816
11.35102,77.54483,340.72,60,VIIRS,2026-08-18,0816
11.69411,78.67997,339.28,60,VIIRS,2026-08-18,0816
11.69771,78.67934,330.63,60,VIIRS,2026-08-18,0816
11.65042,78.09669,330.36,60,VIIRS,2026-08-18,0816
11.84067,79.0536,335.6,60,VIIRS,2026-08-18,0816
11.85452,78.7256,342.68,60,VIIRS,2026-08-18,0816
11.97706,78.90929,333.62,60,VIIRS,2026-08-18,0816
12.21201,79.72424,333.1,60,VIIRS,2026-08-18,0816
12.51428,80.06317,337.69,60,VIIRS,2026-08-18,0816
12.51825,80.06261,343.53,60,VIIRS,2026-08-18,0816
12.21527,76.73492,332.83,60,VIIRS,2026-08-18,0816
12.3312,76.78513,334.66,60,VIIRS,2026-08-18,0816
12.57514,76.66086,336.42,60,VIIRS,2026-08-18,0816
12.78902,77.06596,334.04,60,VIIRS,2026-08-18,0816
13.17715,78.80562,332.46,60,VIIRS,2026-08-18,0816
13.2674,78.15524,334.54,60,VIIRS,2026-08-18,0816
13.37138,78.61485,335.28,60,VIIRS,2026-08-18,0816
9.57736,78.30942,342.87,60,VIIRS,2026-08-18,0816
8.50197,77.86375,339.94,30,VIIRS,2026-08-18,0816
8.62125,77.95941,334.1,30,VIIRS,2026-08-18,0816
13.82595,79.28137,346.03,60,VIIRS,2026-08-18,0818
13.18419,76.22767,336.3,60,VIIRS,2026-08-18,0818
13.66248,76.38867,332.38,60,VIIRS,2026-08-18,0818
13.95422,78.15399,336.75,60,VIIRS,2026-08-18,0818
13.90555,77.54816,330.75,60,VIIRS,2026-08-18,0818
13.80109,76.19495,337.36,60,VIIRS,2026-08-18,0818
14.24791,79.03074,332.04,60,VIIRS,2026-08-18,0818
14.2471,79.02876,336.91,60,VIIRS,2026-08-18,0818
14.14881,77.24423,336.94,60,VIIRS,2026-08-18,0818
14.15228,77.2437,337.29,60,VIIRS,2026-08-18,0818
14.15172,77.23974,336.44,60,VIIRS,2026-08-18,0818
14.1506,77.23183,344.31,60,VIIRS,2026-08-18,0818
14.15406,77.2313,342.85,60,VIIRS,2026-08-18,0818
14.1535,77.22734,335.47,60,VIIRS,2026-08-18,0818
14.28449,77.43665,338.21,60,VIIRS,2026-08-18,0818
14.288,77.43612,342.89,60,VIIRS,2026-08-18,0818
14.4102,78.20934,337.1,60,VIIRS,2026-08-18,0818
14.30259,77.43807,340.33,60,VIIRS,2026-08-18,0818
14.86726,79.52043,330.19,60,VIIRS,2026-08-18,0818
15.08577,76.082,331.41,60,VIIRS,2026-08-18,0818
18.46759,74.2318,333.29,60,VIIRS,2026-08-18,0818
27.6057,95.40222,307.84,60,VIIRS,2026-08-18,1906
27.46843,95.42434,306.82,60,VIIRS,2026-08-18,1906
27.45964,95.47533,309.32,60,VIIRS,2026-08-18,1906
27.32405,95.27495,313.61,60,VIIRS,2026-08-18,1906
28.37118,77.22666,309.32,60,VIIRS,2026-08-18,2046
21.11055,72.63491,304.04,60,VIIRS,2026-08-18,2046
28.77098,77.56678,309.81,60,VIIRS,2026-08-18,2046
27.52979,77.66254,329.59,60,VIIRS,2026-08-18,2046
27.66689,76.13504,302.42,60,VIIRS,2026-08-18,2046
27.79099,75.33077,305.17,60,VIIRS,2026-08-18,2046
27.28793,73.83944,306.99,60,VIIRS,2026-08-18,2046
26.25689,74.0946,305.94,60,VIIRS,2026-08-18,2049
11.81033,77.92142,305.99,60,VIIRS,2026-08-18,2049
8.66845,77.99213,309.6,60,VIIRS,2026-08-18,2051
9.31414,77.44081,310.19,60,VIIRS,2026-08-18,2051
11.02996,76.90656,307.91,60,VIIRS,2026-08-18,2051
27.82257,95.50542,332.09,60,VIIRS,2026-08-19,0622
10.96018,76.78088,331.84,60,VIIRS,2026-08-19,0758
9.38254,78.68787,337.2,30,VIIRS,2026-08-19,0758
8.88693,78.10458,335.91,30,VIIRS,2026-08-19,0758
8.88492,78.10483,336.28,30,VIIRS,2026-08-19,0758
9.36143,78.66453,340.4,30,VIIRS,2026-08-19,0758
9.49461,78.04112,342.19,30,VIIRS,2026-08-19,0758
10.95938,76.78011,331.65,60,VIIRS,2026-08-19,0758
20.96184,86.00768,330.47,60,VIIRS,2026-08-19,0801
27.37795,95.08804,304.48,60,VIIRS,2026-08-19,1845
26.77066,94.50631,308.8,60,VIIRS,2026-08-19,1845
27.32586,95.27505,304.88,60,VIIRS,2026-08-19,1845
31.24827,76.92823,305.05,60,VIIRS,2026-08-19,2025
22.7908,86.1967,310.77,60,VIIRS,2026-08-19,2027
29.47554,76.85881,304.25,60,VIIRS,2026-08-19,2027
23.66281,87.15319,302.53,60,VIIRS,2026-08-19,2027
23.80446,86.33112,306.85,60,VIIRS,2026-08-19,2027
23.7949,86.35249,303.64,60,VIIRS,2026-08-19,2027
23.76379,86.40408,307.13,60,VIIRS,2026-08-19,2027
23.75904,86.40292,310.23,60,VIIRS,2026-08-19,2027
23.80087,86.32375,300.02,60,VIIRS,2026-08-19,2027
23.79503,86.35194,303.87,60,VIIRS,2026-08-19,2027
23.782,86.34277,301,60,VIIRS,2026-08-19,2027
23.78083,86.34837,301.04,60,VIIRS,2026-08-19,2027
23.77258,86.36404,305,60,VIIRS,2026-08-19,2027
23.76667,86.3924,300.94,60,VIIRS,2026-08-19,2027
23.76431,86.40368,308.02,60,VIIRS,2026-08-19,2027
23.75956,86.40249,309.02,60,VIIRS,2026-08-19,2027
23.73811,86.43312,312.99,60,VIIRS,2026-08-19,2027
23.7806,86.2069,313.86,60,VIIRS,2026-08-19,2027
23.77945,86.21242,307.59,60,VIIRS,2026-08-19,2027
23.56305,87.08371,299.13,60,VIIRS,2026-08-19,2027
23.51684,87.27125,305.73,60,VIIRS,2026-08-19,2027
23.69736,86.07976,299.58,60,VIIRS,2026-08-19,2027
23.8231,84.57227,304.64,60,VIIRS,2026-08-19,2027
22.94316,85.96852,302.4,60,VIIRS,2026-08-19,2027
22.87371,86.06281,309.15,60,VIIRS,2026-08-19,2027
22.78961,86.20239,307.71,60,VIIRS,2026-08-19,2027
22.78841,86.2081,302.64,60,VIIRS,2026-08-19,2027
22.78364,86.20684,311.14,60,VIIRS,2026-08-19,2027
22.37474,87.27907,325.07,60,VIIRS,2026-08-19,2027
22.3755,87.27567,308.33,60,VIIRS,2026-08-19,2027
22.3643,87.30159,313.09,60,VIIRS,2026-08-19,2027
22.37883,87.28122,322.85,60,VIIRS,2026-08-19,2027
22.37956,87.2778,318.52,60,VIIRS,2026-08-19,2027
22.36413,87.29903,304.74,60,VIIRS,2026-08-19,2027
22.3634,87.30245,307.18,60,VIIRS,2026-08-19,2027
22.35531,87.28946,304.85,60,VIIRS,2026-08-19,2027
22.36007,87.01799,306.93,60,VIIRS,2026-08-19,2027
22.57461,85.8969,305.7,60,VIIRS,2026-08-19,2027
22.24621,87.38834,305.74,60,VIIRS,2026-08-19,2027
22.57429,85.89625,309.85,60,VIIRS,2026-08-19,2027
22.24631,87.38953,302.36,60,VIIRS,2026-08-19,2027
22.05219,88.1251,313.64,60,VIIRS,2026-08-19,2027
20.95032,86.04649,314.01,60,VIIRS,2026-08-19,2029
17.95848,80.78828,324.37,60,VIIRS,2026-08-19,2029
17.95761,80.79309,330.42,60,VIIRS,2026-08-19,2029
17.95841,80.78658,325.33,60,VIIRS,2026-08-19,2029
17.95672,80.79622,325.58,60,VIIRS,2026-08-19,2029
17.95757,80.7914,307.04,60,VIIRS,2026-08-19,2029
21.00181,86.02744,304.39,60,VIIRS,2026-08-19,2029
20.99883,86.01723,303.7,60,VIIRS,2026-08-19,2029
21.00072,86.02725,305.34,60,VIIRS,2026-08-19,2029
20.99829,86.01398,312.3,60,VIIRS,2026-08-19,2029
20.99767,86.017,304.18,60,VIIRS,2026-08-19,2029
20.96764,86.01283,341.73,60,VIIRS,2026-08-19,2029
20.9695,86.00383,305.74,60,VIIRS,2026-08-19,2029
20.96462,86.00256,306.47,60,VIIRS,2026-08-19,2029
20.96274,86.0116,308.79,60,VIIRS,2026-08-19,2029
20.96212,86.01457,303.95,60,VIIRS,2026-08-19,2029
20.95094,86.0435,319.75,60,VIIRS,2026-08-19,2029
17.98248,80.82807,304.47,60,VIIRS,2026-08-19,2029
20.94967,86.04959,307.92,60,VIIRS,2026-08-19,2029
20.97748,85.16819,307.85,60,VIIRS,2026-08-19,2029
20.97639,85.17344,307.23,60,VIIRS,2026-08-19,2029
20.97935,85.13543,313.09,60,VIIRS,2026-08-19,2029
20.97175,85.17229,315.94,60,VIIRS,2026-08-19,2029
20.97067,85.17754,312.37,60,VIIRS,2026-08-19,2029
20.96711,85.17114,328.2,60,VIIRS,2026-08-19,2029
20.96382,85.18706,330.59,60,VIIRS,2026-08-19,2029
20.96602,85.1764,309.77,60,VIIRS,2026-08-19,2029
20.96493,85.1817,310.11,60,VIIRS,2026-08-19,2029
20.96356,85.16472,323.89,60,VIIRS,2026-08-19,2029
20.96247,85.17,313.47,60,VIIRS,2026-08-19,2029
20.96918,85.17496,342.47,60,VIIRS,2026-08-19,2029
20.97758,85.13268,312.39,60,VIIRS,2026-08-19,2029
20.96558,85.16853,323.35,60,VIIRS,2026-08-19,2029
20.96241,85.18444,327.9,60,VIIRS,2026-08-19,2029
20.96873,85.1527,308.23,60,VIIRS,2026-08-19,2029
20.96453,85.1738,310.19,60,VIIRS,2026-08-19,2029
20.96134,85.18983,314.1,60,VIIRS,2026-08-19,2029
20.96094,85.16736,308.04,60,VIIRS,2026-08-19,2029
20.95988,85.17266,304.86,60,VIIRS,2026-08-19,2029
20.88644,84.98445,330.03,60,VIIRS,2026-08-19,2029
20.88752,84.97923,317.33,60,VIIRS,2026-08-19,2029
20.88902,84.97868,309.65,60,VIIRS,2026-08-19,2029
20.88798,84.98393,318.63,60,VIIRS,2026-08-19,2029
20.8834,84.98273,312.96,60,VIIRS,2026-08-19,2029
20.86646,84.99509,307.84,60,VIIRS,2026-08-19,2029
20.8629,84.98873,316.21,60,VIIRS,2026-08-19,2029
20.86184,84.99403,314.66,60,VIIRS,2026-08-19,2029
20.79439,85.25645,326.47,60,VIIRS,2026-08-19,2029
20.79549,85.25102,317.46,60,VIIRS,2026-08-19,2029
20.78388,85.25973,304.54,60,VIIRS,2026-08-19,2029
20.76206,85.29421,309.18,60,VIIRS,2026-08-19,2029
17.96787,83.15147,305.75,60,VIIRS,2026-08-19,2029
15.16805,76.37964,302.05,60,VIIRS,2026-08-19,2032
11.42396,77.4256,304.77,60,VIIRS,2026-08-19,2032
8.74104,77.59702,330.52,60,VIIRS,2026-08-19,2032
8.74035,77.6012,344.45,60,VIIRS,2026-08-19,2032
8.73967,77.60538,317.62,60,VIIRS,2026-08-19,2032
8.73676,77.60059,314.17,60,VIIRS,2026-08-19,2032
8.73922,77.60026,352.24,60,VIIRS,2026-08-20,0737
9.14139,77.53202,335.88,60,VIIRS,2026-08-20,0737
9.14298,77.53522,333.19,60,VIIRS,2026-08-20,0737
9.0671,77.75063,345.56,60,VIIRS,2026-08-20,0737
9.06641,77.74824,340.86,60,VIIRS,2026-08-20,0737
8.74019,77.60567,330.51,60,VIIRS,2026-08-20,0737
16.19041,78.37185,339.8,60,VIIRS,2026-08-20,0739
15.18291,76.66628,335.93,60,VIIRS,2026-08-20,0739
17.5076,82.95037,367,90,VIIRS,2026-08-20,0739
17.51089,82.94982,348.7,30,VIIRS,2026-08-20,0739
17.53239,83.00151,330.1,30,VIIRS,2026-08-20,0739
17.60865,83.20535,332.41,60,VIIRS,2026-08-20,0739
16.97086,77.69366,330.17,60,VIIRS,2026-08-20,0739
18.64043,74.56492,340.74,60,VIIRS,2026-08-20,0739
22.37798,87.28054,335,60,VIIRS,2026-08-20,0741
20.75885,85.29925,332.16,60,VIIRS,2026-08-20,0741
20.79548,85.25578,335.11,60,VIIRS,2026-08-20,0741
20.79951,85.25935,331.28,60,VIIRS,2026-08-20,0741
20.9649,85.1677,334.74,60,VIIRS,2026-08-20,0741
21.10398,72.64554,367,90,VIIRS,2026-08-20,0741
21.10167,72.6348,336.17,60,VIIRS,2026-08-20,0741
23.77916,86.21287,333.94,60,VIIRS,2026-08-20,0741
23.77984,86.21015,338.66,60,VIIRS,2026-08-20,0741
23.80199,86.32909,336.98,60,VIIRS,2026-08-20,0741
23.80139,86.32409,332.78,60,VIIRS,2026-08-20,0741
30.36296,74.2361,331.16,60,VIIRS,2026-08-20,0744
29.47335,76.85711,305.34,60,VIIRS,2026-08-20,2008
29.45779,76.86746,324.8,60,VIIRS,2026-08-20,2008
28.13022,76.89521,307.03,60,VIIRS,2026-08-20,2008
28.71263,76.83237,301.89,60,VIIRS,2026-08-20,2008
28.71234,76.83447,303.17,60,VIIRS,2026-08-20,2008
28.74317,76.92706,301.97,60,VIIRS,2026-08-20,2008
29.45455,76.86482,306.95,60,VIIRS,2026-08-20,2008
29.45899,76.86539,343.34,60,VIIRS,2026-08-20,2008
33.43012,78.19984,302.75,60,VIIRS,2026-08-20,2008
27.32581,95.27686,313.3,60,VIIRS,2026-08-20,2008
27.31682,95.26463,306.24,60,VIIRS,2026-08-20,2008
29.45827,76.86245,339.56,60,VIIRS,2026-08-20,2008
26.75916,83.19909,303.84,60,VIIRS,2026-08-20,2008
23.80141,86.33147,304.54,60,VIIRS,2026-08-20,2010
24.92798,84.14663,309.02,60,VIIRS,2026-08-20,2010
24.92358,84.15446,309.65,60,VIIRS,2026-08-20,2010
23.69586,87.09464,310.56,60,VIIRS,2026-08-20,2010
23.69402,87.10461,310.53,60,VIIRS,2026-08-20,2010
23.69309,87.10959,306.56,60,VIIRS,2026-08-20,2010
23.69217,87.11459,308.03,60,VIIRS,2026-08-20,2010
23.69119,87.0988,307.7,60,VIIRS,2026-08-20,2010
23.68657,87.12376,306.1,60,VIIRS,2026-08-20,2010
23.6819,87.12791,309.82,60,VIIRS,2026-08-20,2010
23.66505,87.15543,308.46,60,VIIRS,2026-08-20,2010
23.66412,87.16042,311.05,60,VIIRS,2026-08-20,2010
23.6613,87.1546,318.36,60,VIIRS,2026-08-20,2010
23.76533,86.40251,309.3,60,VIIRS,2026-08-20,2010
23.76171,86.40175,326.99,60,VIIRS,2026-08-20,2010
23.7609,86.40632,302.07,60,VIIRS,2026-08-20,2010
23.7581,86.40099,314.97,60,VIIRS,2026-08-20,2010
23.75729,86.40557,315.89,60,VIIRS,2026-08-20,2010
23.66539,86.91727,309.68,60,VIIRS,2026-08-20,2010
23.73705,86.43478,312.29,60,VIIRS,2026-08-20,2010
23.72423,86.42248,309.72,60,VIIRS,2026-08-20,2010
23.71616,86.42556,306.37,60,VIIRS,2026-08-20,2010
23.71254,86.42478,305.15,60,VIIRS,2026-08-20,2010
23.55925,87.24075,311.41,60,VIIRS,2026-08-20,2010
23.55074,87.24416,303.92,60,VIIRS,2026-08-20,2010
23.6886,86.39101,315.84,60,VIIRS,2026-08-20,2010
23.56099,87.08415,313.51,60,VIIRS,2026-08-20,2010
23.68499,86.39027,305.18,60,VIIRS,2026-08-20,2010
23.68416,86.39481,311.34,60,VIIRS,2026-08-20,2010
23.67692,86.39332,305.64,60,VIIRS,2026-08-20,2010
23.67608,86.39792,306.97,60,VIIRS,2026-08-20,2010
23.82633,85.49837,305.02,60,VIIRS,2026-08-20,2010
23.82286,85.49767,305.53,60,VIIRS,2026-08-20,2010
23.82524,85.49557,301.84,60,VIIRS,2026-08-20,2010
23.82452,85.4998,302.72,60,VIIRS,2026-08-20,2010
23.82177,85.49487,304.98,60,VIIRS,2026-08-20,2010
23.75942,85.85556,309.48,60,VIIRS,2026-08-20,2010
23.75665,85.85047,309.93,60,VIIRS,2026-08-20,2010
23.7559,85.85481,313.75,60,VIIRS,2026-08-20,2010
23.80334,85.5392,303.92,60,VIIRS,2026-08-20,2010
23.78648,85.55334,317.54,60,VIIRS,2026-08-20,2010
23.77931,85.57391,306.79,60,VIIRS,2026-08-20,2010
23.68058,86.09518,309.33,60,VIIRS,2026-08-20,2010
23.679,86.10411,318.72,60,VIIRS,2026-08-20,2010
23.74444,85.50512,305.57,60,VIIRS,2026-08-20,2010
23.55139,86.54254,305.38,60,VIIRS,2026-08-20,2010
23.69462,85.36964,322.14,60,VIIRS,2026-08-20,2010
23.66319,85.5509,305.72,60,VIIRS,2026-08-20,2010
23.69721,85.29251,305.06,60,VIIRS,2026-08-20,2010
23.69448,85.28766,307.33,60,VIIRS,2026-08-20,2010
23.73912,85.00741,310.68,60,VIIRS,2026-08-20,2010
23.65031,85.43877,305.48,60,VIIRS,2026-08-20,2010
23.64684,85.43806,326.78,60,VIIRS,2026-08-20,2010
23.72135,85.00805,303.88,60,VIIRS,2026-08-20,2010
23.66311,84.99789,304.41,60,VIIRS,2026-08-20,2010
24.7619,74.60608,298.2,60,VIIRS,2026-08-20,2010
22.87224,86.06081,306.17,60,VIIRS,2026-08-20,2010
22.79629,86.2084,339.22,60,VIIRS,2026-08-20,2010
22.79431,86.19839,310.02,60,VIIRS,2026-08-20,2010
22.79184,86.21223,306.09,60,VIIRS,2026-08-20,2010
22.79068,86.19763,330.28,60,VIIRS,2026-08-20,2010
22.78706,86.19686,311.46,60,VIIRS,2026-08-20,2010
22.06585,83.70532,313.22,60,VIIRS,2026-08-20,2010
22.04119,83.73617,306.18,60,VIIRS,2026-08-20,2010
22.0391,83.72788,312.31,60,VIIRS,2026-08-20,2010
22.03848,83.7317,307.47,60,VIIRS,2026-08-20,2010
22.01404,83.75465,308.83,60,VIIRS,2026-08-20,2010
21.96282,83.77252,306.73,60,VIIRS,2026-08-20,2010
21.8591,83.96842,304.7,60,VIIRS,2026-08-20,2010
21.79336,83.9878,305.66,60,VIIRS,2026-08-20,2010
21.80221,83.89371,305.17,60,VIIRS,2026-08-20,2010
21.80106,83.89022,305.92,60,VIIRS,2026-08-20,2010
21.76922,84.01998,300.88,60,VIIRS,2026-08-20,2010
21.76586,84.01934,304.85,60,VIIRS,2026-08-20,2010
21.75037,83.84077,300.67,60,VIIRS,2026-08-20,2010
21.74638,83.84399,326.34,60,VIIRS,2026-08-20,2010
21.74702,83.84013,309.34,60,VIIRS,2026-08-20,2010
21.74303,83.84335,304.43,60,VIIRS,2026-08-20,2010
20.97016,86.00092,312.49,60,VIIRS,2026-08-20,2010
20.95068,86.04578,300.59,60,VIIRS,2026-08-20,2010
20.94982,86.05055,299.85,60,VIIRS,2026-08-20,2010
21.10216,72.6443,305.35,60,VIIRS,2026-08-20,2010
19.92169,79.11499,303.53,60,VIIRS,2026-08-20,2010
13.39201,80.10139,313.52,60,VIIRS,2026-08-20,2012
15.17435,76.65977,304.97,60,VIIRS,2026-08-20,2012
15.175,76.65512,311.85,60,VIIRS,2026-08-20,2012
15.17594,76.65845,313.18,60,VIIRS,2026-08-20,2012
17.96913,83.15405,305.12,60,VIIRS,2026-08-20,2012
17.95719,80.79021,310.95,60,VIIRS,2026-08-20,2012
17.95664,80.79382,317.42,60,VIIRS,2026-08-20,2012
17.95608,80.79744,305.05,60,VIIRS,2026-08-20,2012
18.68787,73.02982,299.67,60,VIIRS,2026-08-20,2012
18.6829,73.02922,304.41,60,VIIRS,2026-08-20,2012
16.35903,81.28316,312.12,60,VIIRS,2026-08-20,2012
15.17508,77.10185,306.65,60,VIIRS,2026-08-20,2012
15.17873,77.10238,306.46,60,VIIRS,2026-08-20,2012
15.33131,76.28654,307.73,60,VIIRS,2026-08-20,2012
15.3342,76.2842,308.27,60,VIIRS,2026-08-20,2012
15.18217,76.66879,310.68,60,VIIRS,2026-08-20,2012
15.17657,76.65381,315.11,60,VIIRS,2026-08-20,2012
12.91629,77.42502,301.72,60,VIIRS,2026-08-20,2014
8.73815,77.60192,305.13,60,VIIRS,2026-08-20,2014
8.73869,77.59828,315.6,60,VIIRS,2026-08-20,2014
8.74152,77.60243,299.08,60,VIIRS,2026-08-20,2014
8.74207,77.59879,303.05,60,VIIRS,2026-08-20,2014
9.27709,78.06376,305.94,60,VIIRS,2026-08-20,2014
12.03978,79.0528,296.42,60,VIIRS,2026-08-20,2014
12.04919,79.05791,307.8,60,VIIRS,2026-08-20,2014
12.68491,76.4514,311.27,60,VIIRS,2026-08-20,2014
12.74548,77.62041,311.39,60,VIIRS,2026-08-20,2014
29.91009,74.95052,314.37,60,VIIRS,2026-08-20,2148
29.9104,74.95412,317.88,60,VIIRS,2026-08-20,2148
25.93938,72.19437,309.92,60,VIIRS,2026-08-20,2150
14.6885,79.73643,335.87,60,VIIRS,2026-08-21,0720
9.46023,77.93821,336.12,60,VIIRS,2026-08-21,0720
9.46267,77.93827,334.28,60,VIIRS,2026-08-21,0720
9.55699,78.28705,331.02,60,VIIRS,2026-08-21,0720
9.91547,77.8808,330.27,60,VIIRS,2026-08-21,0720
10.0502,77.95194,367,90,VIIRS,2026-08-21,0720
10.02387,77.57968,350.54,60,VIIRS,2026-08-21,0720
10.01859,77.58141,343.03,60,VIIRS,2026-08-21,0720
10.40672,77.98721,336.6,60,VIIRS,2026-08-21,0720
11.71467,79.12849,333.78,60,VIIRS,2026-08-21,0720
11.77683,78.67175,345.59,60,VIIRS,2026-08-21,0720
11.7761,78.67162,339.85,60,VIIRS,2026-08-21,0720
12.3086,79.8354,331.79,60,VIIRS,2026-08-21,0720
13.40486,80.21468,330.46,60,VIIRS,2026-08-21,0720
14.6078,79.66063,342.95,60,VIIRS,2026-08-21,0720
14.67207,79.82387,330.08,60,VIIRS,2026-08-21,0720
14.68743,79.7369,336.25,60,VIIRS,2026-08-21,0720
14.78502,79.98163,334.18,60,VIIRS,2026-08-21,0720
14.75264,79.70685,332.97,60,VIIRS,2026-08-21,0720
14.52584,77.43586,367,90,VIIRS,2026-08-21,0722
14.52769,77.43334,338.86,60,VIIRS,2026-08-21,0722
15.10624,79.37469,344.85,60,VIIRS,2026-08-21,0722
15.81428,80.01816,330.86,60,VIIRS,2026-08-21,0722
15.74401,79.29642,350.7,60,VIIRS,2026-08-21,0722
16.60639,79.74261,332.67,60,VIIRS,2026-08-21,0722
17.49645,82.98081,339.61,60,VIIRS,2026-08-21,0722
17.23297,79.42318,333.05,60,VIIRS,2026-08-21,0722
22.24823,87.38765,331.95,60,VIIRS,2026-08-21,0722
23.48346,87.3627,337.08,60,VIIRS,2026-08-21,0722
23.66353,87.1547,340.74,60,VIIRS,2026-08-21,0722
23.67512,86.4021,330.3,60,VIIRS,2026-08-21,0722
23.67783,86.39777,338.05,60,VIIRS,2026-08-21,0722
23.68382,86.39285,330.91,60,VIIRS,2026-08-21,0722
23.70941,86.44951,331.8,60,VIIRS,2026-08-21,0722
23.7604,86.4017,335.74,60,VIIRS,2026-08-21,0722
23.76426,86.40483,342.4,60,VIIRS,2026-08-21,0722
23.76754,86.40423,332.34,60,VIIRS,2026-08-21,0722
23.77894,86.39065,339.02,60,VIIRS,2026-08-21,0722
23.77802,86.21037,333.93,60,VIIRS,2026-08-21,0722
23.78723,85.55419,331.56,30,VIIRS,2026-08-21,0724
25.79926,94.77165,330.64,60,VIIRS,2026-08-21,0724
23.7813,86.20977,339.27,60,VIIRS,2026-08-21,0724
23.75637,85.85545,331.17,30,VIIRS,2026-08-21,0724
27.68631,72.68755,335.23,60,VIIRS,2026-08-21,0726
29.04118,75.70134,349.66,60,VIIRS,2026-08-21,0726
26.37232,71.21835,330.16,60,VIIRS,2026-08-21,0905
27.43703,70.86094,345.55,60,VIIRS,2026-08-21,0907
23.72436,86.44046,306.09,60,VIIRS,2026-08-21,1949
23.64766,85.43689,313.62,60,VIIRS,2026-08-21,1949
23.64708,85.44088,321.18,60,VIIRS,2026-08-21,1949
23.6559,85.50668,315.01,60,VIIRS,2026-08-21,1949
23.5531,86.53947,305.74,60,VIIRS,2026-08-21,1949
23.6673,86.09382,309.03,60,VIIRS,2026-08-21,1949
23.67513,86.08725,315.89,60,VIIRS,2026-08-21,1949
23.67765,86.08691,310.23,60,VIIRS,2026-08-21,1949
23.67986,86.09519,319.22,60,VIIRS,2026-08-21,1949
23.68155,86.08361,333.34,60,VIIRS,2026-08-21,1949
23.56226,87.08412,315.95,60,VIIRS,2026-08-21,1949
23.68358,86.39426,309.69,60,VIIRS,2026-08-21,1949
23.70938,86.44955,318.48,60,VIIRS,2026-08-21,1949
23.7127,86.45013,316.83,60,VIIRS,2026-08-21,1949
25.5407,91.23618,306.25,60,VIIRS,2026-08-21,1949
23.73866,86.43509,306.43,60,VIIRS,2026-08-21,1949
23.73534,86.4345,304.61,60,VIIRS,2026-08-21,1949
22.35882,87.29031,307.56,60,VIIRS,2026-08-21,1951
22.36365,87.30258,316.32,60,VIIRS,2026-08-21,1951
22.36423,87.29889,310.36,60,VIIRS,2026-08-21,1951
22.36752,87.29948,316.76,60,VIIRS,2026-08-21,1951
22.377,87.2822,310.92,60,VIIRS,2026-08-21,1951
22.37758,87.2785,330.19,60,VIIRS,2026-08-21,1951
22.0553,88.1225,308.18,60,VIIRS,2026-08-21,1951
22.24465,87.3873,313.65,60,VIIRS,2026-08-21,1951
22.36418,87.01775,304.88,60,VIIRS,2026-08-21,1951
22.35824,87.294,304.88,60,VIIRS,2026-08-21,1951
22.36089,87.01716,311.46,60,VIIRS,2026-08-21,1951
18.57163,74.18153,310.06,60,VIIRS,2026-08-21,1951
18.80127,74.25323,300.25,60,VIIRS,2026-08-21,1951
22.00436,82.67083,309.23,60,VIIRS,2026-08-21,1951
22.35731,82.30456,298.19,60,VIIRS,2026-08-21,1951
22.05469,88.12626,310.4,60,VIIRS,2026-08-21,1951
15.17781,76.67696,316.7,60,VIIRS,2026-08-21,1953
15.33372,76.2864,298.59,60,VIIRS,2026-08-21,1953
15.3342,76.2795,298.65,60,VIIRS,2026-08-21,1953
15.33343,76.28597,296.04,60,VIIRS,2026-08-21,1953
15.17971,77.10136,301.43,60,VIIRS,2026-08-21,1953
15.18433,76.66511,307.18,60,VIIRS,2026-08-21,1953
15.18398,76.66821,309.62,60,VIIRS,2026-08-21,1953
15.18328,76.67441,308.65,60,VIIRS,2026-08-21,1953
15.18292,76.67751,315.24,60,VIIRS,2026-08-21,1953
15.17816,76.67384,307.54,60,VIIRS,2026-08-21,1953
15.02195,78.01622,304.53,60,VIIRS,2026-08-21,1953
15.02365,78.01412,306.23,60,VIIRS,2026-08-21,1953
15.18721,76.65808,305.95,60,VIIRS,2026-08-21,1953
15.18496,76.67664,314.14,60,VIIRS,2026-08-21,1953
15.18097,76.6668,326.66,60,VIIRS,2026-08-21,1953
15.18022,76.67299,317.38,60,VIIRS,2026-08-21,1953
15.17734,76.65386,317.14,60,VIIRS,2026-08-21,1953
15.17696,76.65696,317.6,60,VIIRS,2026-08-21,1953
15.17473,76.67556,315.83,60,VIIRS,2026-08-21,1953
15.13456,76.70862,308.41,60,VIIRS,2026-08-21,1953
15.168,76.37878,310.47,60,VIIRS,2026-08-21,1953
15.06977,76.86726,303.67,60,VIIRS,2026-08-21,1953
14.87368,78.0514,299.72,60,VIIRS,2026-08-21,1953
10.24561,77.22022,316.46,60,VIIRS,2026-08-21,1955
10.08932,77.23553,328.87,60,VIIRS,2026-08-21,1955
10.24649,77.21374,324.08,60,VIIRS,2026-08-21,1955
10.08887,77.23895,301.37,60,VIIRS,2026-08-21,1955
10.24489,77.22552,305.91,60,VIIRS,2026-08-21,1955
10.05098,77.95471,305.12,60,VIIRS,2026-08-21,1955
10.09406,77.23496,335.92,60,VIIRS,2026-08-21,1955
10.09354,77.23885,300.13,60,VIIRS,2026-08-21,1955
27.0781,73.81679,303.14,60,VIIRS,2026-08-21,2129
24.82004,73.09278,298.63,60,VIIRS,2026-08-21,2131
26.25637,74.09545,295.33,60,VIIRS,2026-08-21,2131
23.66538,87.15651,332.25,60,VIIRS,2026-08-22,0703
23.67692,86.3983,332.68,60,VIIRS,2026-08-22,0703
23.64585,85.43987,332.83,60,VIIRS,2026-08-22,0703
22.37735,87.28273,330.92,60,VIIRS,2026-08-22,0703
22.37667,87.27975,338.08,60,VIIRS,2026-08-22,0703
23.66378,87.15511,333.81,60,VIIRS,2026-08-22,0703
29.45864,76.85911,330.26,60,VIIRS,2026-08-22,0705
27.1462,88.45207,340.92,60,VIIRS,2026-08-22,0705
29.45838,76.86343,367,90,VIIRS,2026-08-22,0705
29.46,76.86426,367,90,VIIRS,2026-08-22,0705
9.18167,78.42713,335.64,60,VIIRS,2026-08-22,0839
9.45034,78.84183,352.32,60,VIIRS,2026-08-22,0841
9.2724,77.87881,331.47,60,VIIRS,2026-08-22,0841
9.42338,78.84542,336.06,60,VIIRS,2026-08-22,0841
21.10395,72.64455,338.21,60,VIIRS,2026-08-22,0843
29.45823,76.87273,350.27,60,VIIRS,2026-08-22,0845
29.45762,76.86265,329.18,60,VIIRS,2026-08-22,0845
27.43514,70.78793,340.31,60,VIIRS,2026-08-22,0845
29.45525,76.87004,329.19,60,VIIRS,2026-08-22,0845
29.45792,76.86768,352.46,60,VIIRS,2026-08-22,0845
27.90663,95.66188,307.39,60,VIIRS,2026-08-22,1930
27.46791,95.42184,303.96,60,VIIRS,2026-08-22,1930
23.73342,86.43871,304.54,60,VIIRS,2026-08-22,1932
23.7768,85.99547,299.36,60,VIIRS,2026-08-22,1932
23.72473,86.44157,305.43,60,VIIRS,2026-08-22,1932
23.7721,85.99903,295.9,60,VIIRS,2026-08-22,1932
23.71888,86.42031,306.78,60,VIIRS,2026-08-22,1932
23.71651,86.44041,305.07,60,VIIRS,2026-08-22,1932
23.71429,86.42374,308.97,60,VIIRS,2026-08-22,1932
23.71099,86.45187,316.91,60,VIIRS,2026-08-22,1932
23.75422,85.85241,313.16,60,VIIRS,2026-08-22,1932
23.68464,86.39088,309.15,60,VIIRS,2026-08-22,1932
23.68417,86.39498,313.06,60,VIIRS,2026-08-22,1932
23.67959,86.3984,306.08,60,VIIRS,2026-08-22,1932
23.67594,86.39375,300.5,60,VIIRS,2026-08-22,1932
23.67548,86.39777,310.03,60,VIIRS,2026-08-22,1932
23.67502,86.40179,305.32,60,VIIRS,2026-08-22,1932
23.67658,86.39794,313.83,60,VIIRS,2026-08-22,1932
23.67609,86.40195,304.23,60,VIIRS,2026-08-22,1932
23.616,86.79124,295.4,60,VIIRS,2026-08-22,1932
23.68847,86.08707,304.31,60,VIIRS,2026-08-22,1932
23.67586,86.08545,305.7,60,VIIRS,2026-08-22,1932
23.66648,86.09274,303.66,60,VIIRS,2026-08-22,1932
23.82208,84.5723,300.45,60,VIIRS,2026-08-22,1932
23.65716,85.50877,305.01,60,VIIRS,2026-08-22,1932
23.64755,85.43784,327.96,60,VIIRS,2026-08-22,1932
23.60728,85.67543,305.11,60,VIIRS,2026-08-22,1932
23.66484,84.99831,307.18,60,VIIRS,2026-08-22,1932
22.87479,86.06349,310.39,60,VIIRS,2026-08-22,1932
22.79656,86.20597,303.93,60,VIIRS,2026-08-22,1932
22.79196,86.20944,304.11,60,VIIRS,2026-08-22,1932
22.79764,86.09138,299.01,60,VIIRS,2026-08-22,1932
22.58739,85.90622,295.89,60,VIIRS,2026-08-22,1932
22.57158,85.89577,304.16,60,VIIRS,2026-08-22,1932
20.97333,86.00673,303.25,60,VIIRS,2026-08-22,1932
20.96878,86.01003,321.97,60,VIIRS,2026-08-22,1932
20.95187,86.04675,310.45,60,VIIRS,2026-08-22,1932
20.86294,84.98755,302.98,60,VIIRS,2026-08-22,1932
23.72299,86.42089,307,60,VIIRS,2026-08-22,1932
25.54005,91.23735,298.55,60,VIIRS,2026-08-22,1932
24.12137,86.86515,302.81,60,VIIRS,2026-08-22,1932
24.11378,86.86015,315.62,60,VIIRS,2026-08-22,1932
23.8035,86.32822,322.66,60,VIIRS,2026-08-22,1932
23.80397,86.32408,318.77,60,VIIRS,2026-08-22,1932
23.80303,86.33231,315.43,60,VIIRS,2026-08-22,1932
23.79657,86.35204,321.86,60,VIIRS,2026-08-22,1932
23.77953,86.39101,321.81,60,VIIRS,2026-08-22,1932
23.77999,86.38698,305.25,60,VIIRS,2026-08-22,1932
23.78133,86.38822,307.36,60,VIIRS,2026-08-22,1932
23.78085,86.39223,312.07,60,VIIRS,2026-08-22,1932
23.77721,86.38763,321.98,60,VIIRS,2026-08-22,1932
23.77917,86.37136,304.31,60,VIIRS,2026-08-22,1932
23.77673,86.39163,304.84,60,VIIRS,2026-08-22,1932
23.77603,86.36266,307.98,60,VIIRS,2026-08-22,1932
23.77553,86.36674,306.45,60,VIIRS,2026-08-22,1932
23.77189,86.36209,303.78,60,VIIRS,2026-08-22,1932
23.7714,86.36617,305.57,60,VIIRS,2026-08-22,1932
23.76703,86.40255,317.39,60,VIIRS,2026-08-22,1932
23.76654,86.40663,314.25,60,VIIRS,2026-08-22,1932
23.76388,86.39387,307.45,60,VIIRS,2026-08-22,1932
23.76291,86.40199,314.31,60,VIIRS,2026-08-22,1932
23.76242,86.40607,310.94,60,VIIRS,2026-08-22,1932
23.78165,86.20951,308.3,60,VIIRS,2026-08-22,1932
23.75879,86.40139,311.84,60,VIIRS,2026-08-22,1932
23.7583,86.40547,308.8,60,VIIRS,2026-08-22,1932
23.77748,86.20891,307.56,60,VIIRS,2026-08-22,1932
23.75516,86.39672,306.59,60,VIIRS,2026-08-22,1932
23.75273,86.41698,310.47,60,VIIRS,2026-08-22,1932
23.73801,86.43526,321.21,60,VIIRS,2026-08-22,1932
23.73849,86.43127,305.03,60,VIIRS,2026-08-22,1932
23.73438,86.43067,304.46,60,VIIRS,2026-08-22,1932
10.59398,78.44864,308.07,60,VIIRS,2026-08-22,1936
10.08148,77.23804,303.41,60,VIIRS,2026-08-22,1936
10.0775,77.2383,302.68,60,VIIRS,2026-08-22,1936
26.25694,74.09481,309.59,60,VIIRS,2026-08-22,2112
24.9345,74.6351,305.76,60,VIIRS,2026-08-22,2112
24.93308,74.63296,307.26,60,VIIRS,2026-08-22,2112
24.66185,74.63312,307.91,60,VIIRS,2026-08-22,2112
24.6572,73.87634,304.12,60,VIIRS,2026-08-22,2112
23.40824,72.41575,303.37,60,VIIRS,2026-08-22,2114
21.43299,72.97752,310.47,60,VIIRS,2026-08-22,2114
21.43188,72.97569,307.25,60,VIIRS,2026-08-22,2114
21.1023,72.63681,321.2,60,VIIRS,2026-08-22,2114
9.62576,77.42727,295.09,60,VIIRS,2026-08-22,2116
27.96467,96.95645,331.24,60,VIIRS,2026-08-23,0646
28.08151,95.72957,337.37,60,VIIRS,2026-08-23,0646
8.90358,77.85583,348.69,60,VIIRS,2026-08-23,0822
8.42499,77.62149,336.79,30,VIIRS,2026-08-23,0822
8.44418,77.65283,338.54,30,VIIRS,2026-08-23,0822
8.73994,77.59967,336.65,60,VIIRS,2026-08-23,0822
8.8975,77.86558,347.98,60,VIIRS,2026-08-23,0822
8.90116,77.86504,342.45,60,VIIRS,2026-08-23,0822
8.90054,77.86071,349.93,60,VIIRS,2026-08-23,0822
8.89992,77.85637,346.67,60,VIIRS,2026-08-23,0822
8.90481,77.86451,338.87,60,VIIRS,2026-08-23,0822
8.90419,77.86017,346.76,60,VIIRS,2026-08-23,0822
8.9486,77.96073,336.94,60,VIIRS,2026-08-23,0822
9.2187,77.62897,339.64,60,VIIRS,2026-08-23,0822
9.193,77.37519,336.48,60,VIIRS,2026-08-23,0822
9.22068,77.46474,338.5,60,VIIRS,2026-08-23,0822
9.28461,77.43481,335.92,60,VIIRS,2026-08-23,0822
9.2728,77.32723,332.55,60,VIIRS,2026-08-23,0822
9.44357,78.05501,341.41,60,VIIRS,2026-08-23,0822
9.90945,78.20588,336.58,60,VIIRS,2026-08-23,0822
9.91635,78.2001,341.27,60,VIIRS,2026-08-23,0822
9.89958,77.78525,339.16,60,VIIRS,2026-08-23,0822
10.10984,77.73901,332.03,60,VIIRS,2026-08-23,0822
10.66683,78.1728,335.13,60,VIIRS,2026-08-23,0822
11.0347,77.14651,335.06,60,VIIRS,2026-08-23,0822
16.113,78.21188,331.67,60,VIIRS,2026-08-23,0824
15.36111,78.60121,337.47,60,VIIRS,2026-08-23,0824
14.26653,79.79261,333.38,60,VIIRS,2026-08-23,0824
22.92903,70.10583,337.17,60,VIIRS,2026-08-23,0826
21.10555,72.64699,341.5,60,VIIRS,2026-08-23,0826
29.45938,76.8674,332.56,60,VIIRS,2026-08-23,0828
29.47683,76.85993,341.77,60,VIIRS,2026-08-23,0828
31.38597,74.54482,332.51,60,VIIRS,2026-08-23,0828
24.11958,86.35051,302.42,60,VIIRS,2026-08-23,1913
23.78184,86.38814,296.29,60,VIIRS,2026-08-23,1913
23.7815,86.39215,302.41,60,VIIRS,2026-08-23,1913
23.77752,86.38899,314.19,60,VIIRS,2026-08-23,1913
23.77716,86.39299,300.96,60,VIIRS,2026-08-23,1913
23.76707,86.37955,301.3,60,VIIRS,2026-08-23,1913
23.7649,86.40394,305.66,60,VIIRS,2026-08-23,1913
23.7541,86.39857,300.5,60,VIIRS,2026-08-23,1913
23.75265,86.41494,300.55,60,VIIRS,2026-08-23,1913
23.73973,86.43378,308.15,60,VIIRS,2026-08-23,1913
23.73451,86.42915,300.72,60,VIIRS,2026-08-23,1913
23.73416,86.43314,310.8,60,VIIRS,2026-08-23,1913
23.72406,86.41985,301.15,60,VIIRS,2026-08-23,1913
23.72372,86.42384,299.81,60,VIIRS,2026-08-23,1913
23.72231,86.44004,307.72,60,VIIRS,2026-08-23,1913
23.71639,86.44345,302.59,60,VIIRS,2026-08-23,1913
23.71256,86.42266,304.64,60,VIIRS,2026-08-23,1913
23.71013,86.4509,313.27,60,VIIRS,2026-08-23,1913
23.68113,86.39481,304.32,60,VIIRS,2026-08-23,1913
23.67522,86.39812,310.65,60,VIIRS,2026-08-23,1913
23.61102,87.14495,296.59,60,VIIRS,2026-08-23,1913
23.6107,87.14855,296.84,60,VIIRS,2026-08-23,1913
23.68246,86.39201,301.55,60,VIIRS,2026-08-23,1913
23.68209,86.39613,302.18,60,VIIRS,2026-08-23,1913
23.67651,86.39543,302.59,60,VIIRS,2026-08-23,1913
23.67615,86.39944,309.56,60,VIIRS,2026-08-23,1913
23.56032,87.24065,314.83,60,VIIRS,2026-08-23,1913
23.55503,87.2401,311.8,60,VIIRS,2026-08-23,1913
22.37616,87.27859,325.24,60,VIIRS,2026-08-23,1913
23.54908,87.2466,298.31,60,VIIRS,2026-08-23,1913
22.37584,87.28196,305.92,60,VIIRS,2026-08-23,1913
22.36402,87.01662,312.78,60,VIIRS,2026-08-23,1913
22.3645,87.0169,310.71,60,VIIRS,2026-08-23,1913
22.35921,87.01627,303.4,60,VIIRS,2026-08-23,1913
22.24316,87.38877,306.4,60,VIIRS,2026-08-23,1913
27.53554,95.39848,302.84,60,VIIRS,2026-08-23,1913
24.11502,86.86157,301.13,60,VIIRS,2026-08-23,1913
31.2488,76.9297,300.72,60,VIIRS,2026-08-23,2053
29.47537,76.8596,306.94,60,VIIRS,2026-08-23,2053
29.45843,76.89032,307.74,60,VIIRS,2026-08-23,2053
29.45481,76.86952,332.79,60,VIIRS,2026-08-23,2053
29.35825,76.95921,307.37,60,VIIRS,2026-08-23,2053
29.12311,75.77846,310.56,60,VIIRS,2026-08-23,2053
24.81994,73.09312,315.29,60,VIIRS,2026-08-23,2053
24.65842,73.87619,309.35,60,VIIRS,2026-08-23,2053
24.69098,73.00512,304.11,60,VIIRS,2026-08-23,2053
24.68829,73.00064,305.3,60,VIIRS,2026-08-23,2053
23.3138,70.48741,307.62,60,VIIRS,2026-08-23,2053
22.57408,70.22664,303.8,60,VIIRS,2026-08-23,2053
23.67958,86.39573,302.14,60,VIIRS,2026-08-23,2055
26.25788,74.09489,310.07,60,VIIRS,2026-08-23,2055
25.94286,72.19045,307.37,60,VIIRS,2026-08-23,2055
24.93355,74.63254,311.44,60,VIIRS,2026-08-23,2055
23.7934,86.34972,300.21,60,VIIRS,2026-08-23,2055
23.75898,86.39871,299.33,60,VIIRS,2026-08-23,2055
23.80548,86.33092,299.17,60,VIIRS,2026-08-23,2055
23.76476,86.40518,301.18,60,VIIRS,2026-08-23,2055
23.8,86.32664,300.61,60,VIIRS,2026-08-23,2055
26.87672,73.51546,306.5,60,VIIRS,2026-08-23,2055
27.28774,73.83964,308.69,60,VIIRS,2026-08-23,2055
21.10867,72.64659,303.22,60,VIIRS,2026-08-23,2055
21.10531,72.64595,338.88,60,VIIRS,2026-08-23,2055
21.1066,72.63825,305.43,60,VIIRS,2026-08-23,2055
21.10596,72.6421,309.75,60,VIIRS,2026-08-23,2055
21.10467,72.6498,306.47,60,VIIRS,2026-08-23,2055
21.10388,72.63377,303.36,60,VIIRS,2026-08-23,2055
21.10324,72.63761,310.96,60,VIIRS,2026-08-23,2055
21.10195,72.64531,303.51,60,VIIRS,2026-08-23,2055
23.77993,86.34556,297.78,60,VIIRS,2026-08-23,2055
23.76575,86.40074,300.08,60,VIIRS,2026-08-23,2055
19.93539,73.71249,301.45,60,VIIRS,2026-08-23,2055
19.04779,73.11804,307.42,60,VIIRS,2026-08-23,2055
19.04974,73.11978,305.42,60,VIIRS,2026-08-23,2055
11.13734,77.35052,308.69,60,VIIRS,2026-08-23,2057
10.07067,77.25338,296.24,60,VIIRS,2026-08-23,2057
10.06989,77.25764,295.88,60,VIIRS,2026-08-23,2057
9.04358,78.21024,332.46,30,VIIRS,2026-08-24,0803
9.13882,78.25266,338.62,30,VIIRS,2026-08-24,0803
10.44382,79.63159,332.01,60,VIIRS,2026-08-24,0803
10.44329,79.62807,335.68,60,VIIRS,2026-08-24,0803
10.44661,79.62756,332.75,60,VIIRS,2026-08-24,0803
15.17561,76.65761,342.81,60,VIIRS,2026-08-24,0805
15.18392,76.6673,336.44,30,VIIRS,2026-08-24,0805
30.69707,74.18148,335.91,60,VIIRS,2026-08-24,0809
30.69473,74.03057,333.1,60,VIIRS,2026-08-24,0809
31.30223,75.0976,331.03,60,VIIRS,2026-08-24,0809
31.99993,78.53543,342.79,60,VIIRS,2026-08-24,0809
22.37771,87.28072,313.4,60,VIIRS,2026-08-24,1853
22.37808,87.27341,305.13,60,VIIRS,2026-08-24,1853
22.37762,87.28032,313.01,60,VIIRS,2026-08-24,1853
22.36239,87.29989,303.55,60,VIIRS,2026-08-24,1853
22.36675,87.01879,301.37,60,VIIRS,2026-08-24,1853
22.37821,87.27383,305.16,60,VIIRS,2026-08-24,1853
22.36235,87.30032,303.61,60,VIIRS,2026-08-24,1853
26.25869,74.09478,306.44,60,VIIRS,2026-08-24,2034
23.66204,87.15504,306.74,60,VIIRS,2026-08-24,2034
23.5561,87.23985,302.88,60,VIIRS,2026-08-24,2034
23.69767,85.35781,302.44,60,VIIRS,2026-08-24,2034
25.94196,72.19294,305.95,60,VIIRS,2026-08-24,2034
23.6974,85.3561,298.78,60,VIIRS,2026-08-24,2034
22.37958,87.27782,319.11,60,VIIRS,2026-08-24,2034
22.37859,87.28209,315.76,60,VIIRS,2026-08-24,2034
22.36792,87.30201,304.48,60,VIIRS,2026-08-24,2034
22.37782,87.28007,329.41,60,VIIRS,2026-08-24,2034
22.37879,87.27578,304.5,60,VIIRS,2026-08-24,2034
22.3673,87.3,308.18,60,VIIRS,2026-08-24,2034
22.36633,87.30431,305.57,60,VIIRS,2026-08-24,2034
22.36615,87.01677,304.84,60,VIIRS,2026-08-24,2034
31.25072,76.92702,304.62,60,VIIRS,2026-08-24,2034
31.32664,76.89409,303.53,60,VIIRS,2026-08-24,2034
29.12299,75.77946,309.56,60,VIIRS,2026-08-24,2034
21.1012,72.63512,343.9,60,VIIRS,2026-08-24,2036
21.1006,72.63942,303.78,60,VIIRS,2026-08-24,2036
20.91008,71.45858,304.73,60,VIIRS,2026-08-24,2036
23.31523,70.48663,306.28,60,VIIRS,2026-08-24,2036
22.93522,69.69798,309.2,60,VIIRS,2026-08-24,2036
22.93092,69.6974,305.22,60,VIIRS,2026-08-24,2036
19.93503,73.71155,317.95,60,VIIRS,2026-08-24,2036
22.34392,69.86665,339.9,60,VIIRS,2026-08-24,2036
22.3444,69.86245,308.11,60,VIIRS,2026-08-24,2036
22.34343,69.87085,313.73,60,VIIRS,2026-08-24,2036
22.34017,69.86192,307.83,60,VIIRS,2026-08-24,2036
22.33969,69.86611,315.85,60,VIIRS,2026-08-24,2036
22.33921,69.8703,309.15,60,VIIRS,2026-08-24,2036
21.11155,72.63502,306.84,60,VIIRS,2026-08-24,2036
21.11185,72.63676,305.79,60,VIIRS,2026-08-24,2036
21.1071,72.6448,333.63,60,VIIRS,2026-08-24,2036
21.1083,72.63621,314.67,60,VIIRS,2026-08-24,2036
21.1077,72.6405,305.03,60,VIIRS,2026-08-24,2036
21.10649,72.64909,309.21,60,VIIRS,2026-08-24,2036
21.10355,72.64426,333.39,60,VIIRS,2026-08-24,2036
21.10475,72.63566,311.84,60,VIIRS,2026-08-24,2036
21.10415,72.63996,305.3,60,VIIRS,2026-08-24,2036
21.10295,72.64854,306.06,60,VIIRS,2026-08-24,2036
15.14153,76.96049,331.71,60,VIIRS,2026-08-25,0746
28.70671,76.85614,306.17,60,VIIRS,2026-08-25,2014
21.18644,81.39273,307.39,60,VIIRS,2026-08-25,2017
18.80414,74.25832,314.73,60,VIIRS,2026-08-25,2017
18.69251,73.03823,306.34,60,VIIRS,2026-08-25,2017
18.69194,73.04287,307.97,60,VIIRS,2026-08-25,2017
18.67913,73.0365,304.98,60,VIIRS,2026-08-25,2017
17.46485,80.65231,308.11,60,VIIRS,2026-08-25,2017
15.68491,78.45717,305.93,60,VIIRS,2026-08-25,2017
15.65657,73.98945,298.34,60,VIIRS,2026-08-25,2017
15.17786,77.10236,309.04,60,VIIRS,2026-08-25,2017
15.22395,76.76291,305.15,60,VIIRS,2026-08-25,2017
15.17445,77.10182,308.87,60,VIIRS,2026-08-25,2017
15.02173,78.0117,302.82,60,VIIRS,2026-08-25,2017
15.02118,78.01533,305.27,60,VIIRS,2026-08-25,2017
15.18715,76.6579,302.1,60,VIIRS,2026-08-25,2017
15.18253,76.66524,319.43,60,VIIRS,2026-08-25,2017
15.18196,76.66917,306.06,60,VIIRS,2026-08-25,2017
15.17503,76.69223,311.77,60,VIIRS,2026-08-25,2017
15.17676,76.65635,320.65,60,VIIRS,2026-08-25,2017
15.17734,76.65241,311.91,60,VIIRS,2026-08-25,2017
15.17156,76.69174,316.27,60,VIIRS,2026-08-25,2017
15.1733,76.65583,308.24,60,VIIRS,2026-08-25,2017
26.75887,83.20107,310.96,60,VIIRS,2026-08-25,2017
25.94452,72.18851,300.18,60,VIIRS,2026-08-25,2017
23.55735,87.24048,308.03,60,VIIRS,2026-08-25,2017
22.37963,87.27699,300.96,60,VIIRS,2026-08-25,2017
22.37453,87.28033,298.06,60,VIIRS,2026-08-25,2017
23.16651,82.34164,303.04,60,VIIRS,2026-08-25,2017
23.16381,82.33716,304.82,60,VIIRS,2026-08-25,2017
23.16317,82.34101,299.79,60,VIIRS,2026-08-25,2017
22.35787,82.30326,311.19,60,VIIRS,2026-08-25,2017
21.74682,83.84542,303.7,60,VIIRS,2026-08-25,2017
21.73116,82.21548,306.81,60,VIIRS,2026-08-25,2017
21.37509,81.68103,314.57,60,VIIRS,2026-08-25,2017
21.37116,81.68417,308.19,60,VIIRS,2026-08-25,2017
21.37453,81.64227,309,60,VIIRS,2026-08-25,2017
21.36512,81.67917,306.52,60,VIIRS,2026-08-25,2017
21.31093,81.59187,307.1,60,VIIRS,2026-08-25,2017
21.24484,81.76915,304.63,60,VIIRS,2026-08-25,2017
21.19608,81.41749,317.2,60,VIIRS,2026-08-25,2017
21.19365,81.39023,312.39,60,VIIRS,2026-08-25,2017
21.19034,81.38962,306.42,60,VIIRS,2026-08-25,2017
21.18432,81.38468,308.6,60,VIIRS,2026-08-25,2017
21.18102,81.38407,309.56,60,VIIRS,2026-08-25,2017
21.19039,81.19882,308.46,60,VIIRS,2026-08-25,2017
12.91749,79.11784,304.36,60,VIIRS,2026-08-25,2019
12.2171,79.00295,299.01,60,VIIRS,2026-08-25,2019
20.91191,71.45881,305.05,60,VIIRS,2026-08-25,2019
19.82038,79.23856,322.73,60,VIIRS,2026-08-25,2019
10.77575,78.88298,305.38,60,VIIRS,2026-08-25,2019
17.95628,80.79455,329.1,60,VIIRS,2026-08-25,2019
17.95747,80.7872,309.77,60,VIIRS,2026-08-25,2019
9.39075,78.88336,336.06,60,VIIRS,2026-08-26,0726
10.38894,79.17622,330.34,60,VIIRS,2026-08-26,0726
11.7447,79.05466,333.07,60,VIIRS,2026-08-26,0726
11.74077,78.97653,347.16,60,VIIRS,2026-08-26,0726
17.60913,83.20387,331.24,30,VIIRS,2026-08-26,0729
15.62631,79.17872,330.99,60,VIIRS,2026-08-26,0729
15.62259,79.18162,334.29,60,VIIRS,2026-08-26,0729
16.40067,79.36681,335.24,60,VIIRS,2026-08-26,0729
16.83534,79.16514,330.52,60,VIIRS,2026-08-26,0729
21.67331,84.0409,329.78,30,VIIRS,2026-08-26,0729
21.67999,84.03966,332.83,30,VIIRS,2026-08-26,0729
22.21023,84.86258,331.63,60,VIIRS,2026-08-26,0729
22.21468,84.8694,334.29,60,VIIRS,2026-08-26,0729
22.21391,84.84286,330.93,60,VIIRS,2026-08-26,0729
22.21333,84.83915,330.66,60,VIIRS,2026-08-26,0729
30.34867,74.23013,338.78,60,VIIRS,2026-08-26,0731
21.10038,72.63611,334.04,60,VIIRS,2026-08-26,0731
21.10633,72.64521,332.78,60,VIIRS,2026-08-26,0909
21.10424,72.64529,332.55,60,VIIRS,2026-08-26,0909
23.68759,87.12062,303.46,60,VIIRS,2026-08-26,1957
22.37905,87.27782,312.36,60,VIIRS,2026-08-26,1957
22.37841,87.28172,302.42,60,VIIRS,2026-08-26,1957
22.37569,87.27717,308.06,60,VIIRS,2026-08-26,1957
22.35626,87.28948,309.68,60,VIIRS,2026-08-26,1957
22.24414,87.38998,323.61,60,VIIRS,2026-08-26,1957
20.98991,85.12567,300.84,60,VIIRS,2026-08-26,1957
20.86524,84.98709,310.12,60,VIIRS,2026-08-26,1957
20.88999,84.98014,310.5,60,VIIRS,2026-08-26,1957
20.88613,84.98322,326.31,60,VIIRS,2026-08-26,1957
20.86797,84.99133,305.97,60,VIIRS,2026-08-26,1957
20.86195,84.98651,328.95,60,VIIRS,2026-08-26,1957
20.79946,85.25735,306.59,60,VIIRS,2026-08-26,1957
20.86468,84.99075,316.09,60,VIIRS,2026-08-26,1957
20.86411,84.99441,322.59,60,VIIRS,2026-08-26,1957
24.14523,86.33312,317.53,60,VIIRS,2026-08-26,1957
15.17911,77.10237,305.35,60,VIIRS,2026-08-26,2000
17.02574,81.12362,305.54,60,VIIRS,2026-08-26,2000
17.02656,81.12515,305.65,60,VIIRS,2026-08-26,2000
15.84632,80.17049,316.79,60,VIIRS,2026-08-26,2000
15.01244,79.80169,322.25,60,VIIRS,2026-08-26,2000
15.65726,73.98717,305.45,60,VIIRS,2026-08-26,2000
15.65695,73.98811,308.16,60,VIIRS,2026-08-26,2000
15.33406,76.28747,307.41,60,VIIRS,2026-08-26,2000
15.17996,77.10442,304.53,60,VIIRS,2026-08-26,2000
15.1761,77.09933,304.79,60,VIIRS,2026-08-26,2000
15.18324,76.64272,309.38,60,VIIRS,2026-08-26,2000
15.18025,76.66698,302.76,60,VIIRS,2026-08-26,2000
15.17965,76.67181,304.26,60,VIIRS,2026-08-26,2000
15.17745,76.65191,305.61,60,VIIRS,2026-08-26,2000
15.17685,76.65675,314.98,60,VIIRS,2026-08-26,2000
15.17625,76.66158,302.46,60,VIIRS,2026-08-26,2000
15.17265,76.69075,305.8,60,VIIRS,2026-08-26,2000
15.17225,76.6562,303.66,60,VIIRS,2026-08-26,2000
14.60618,78.52363,308.46,60,VIIRS,2026-08-26,2000
11.81676,77.91685,300.49,60,VIIRS,2026-08-26,2000
11.80773,77.92281,307.55,60,VIIRS,2026-08-26,2000
22.4143,69.03838,306.35,60,VIIRS,2026-08-26,2138
20.96798,85.17476,339.3,60,VIIRS,2026-08-27,0709
20.96261,85.16816,330.87,60,VIIRS,2026-08-27,0709
20.79259,85.25351,339.62,60,VIIRS,2026-08-27,0709
27.50346,91.71323,333.87,60,VIIRS,2026-08-27,0712
34.31184,76.76282,367,90,VIIRS,2026-08-27,0714
10.05289,77.95028,355.42,60,VIIRS,2026-08-27,0848
10.87824,77.60252,332.96,60,VIIRS,2026-08-27,0848
10.97389,77.72894,330.9,60,VIIRS,2026-08-27,0848
9.20358,77.94232,343.32,60,VIIRS,2026-08-27,0848
9.18647,77.63859,330.03,60,VIIRS,2026-08-27,0848
9.20698,77.93936,332,60,VIIRS,2026-08-27,0848
9.18691,77.63944,331.4,60,VIIRS,2026-08-27,0848
9.38556,77.56399,330.37,60,VIIRS,2026-08-27,0848
9.91148,78.28306,333.73,60,VIIRS,2026-08-27,0848
9.08281,77.96626,331.57,60,VIIRS,2026-08-27,0848
26.63483,70.38657,342.14,60,VIIRS,2026-08-27,0852
29.90769,74.95112,324.48,60,VIIRS,2026-08-27,2118
29.45728,76.87041,308.61,60,VIIRS,2026-08-27,2118
21.10197,72.63417,314.93,60,VIIRS,2026-08-27,2121
18.40169,74.43215,301.42,60,VIIRS,2026-08-27,2121
22.92664,70.10658,313.67,60,VIIRS,2026-08-27,2121
21.10285,72.63518,315.13,60,VIIRS,2026-08-27,2121
21.10449,72.64615,317.36,60,VIIRS,2026-08-27,2121
21.1053,72.64713,317.47,60,VIIRS,2026-08-27,2121
28.11855,95.48516,332.86,60,VIIRS,2026-08-28,0652
10.44864,79.65552,335.25,60,VIIRS,2026-08-28,0828
8.56604,78.08351,332.18,30,VIIRS,2026-08-28,0828
8.60969,77.83566,339.17,60,VIIRS,2026-08-28,0828
8.71279,77.97305,343,60,VIIRS,2026-08-28,0828
8.86089,77.99239,337.56,30,VIIRS,2026-08-28,0828
8.8614,77.99268,337.88,30,VIIRS,2026-08-28,0828
8.99345,77.86612,337.63,60,VIIRS,2026-08-28,0828
9.06493,77.68907,340.71,60,VIIRS,2026-08-28,0828
9.07731,77.57346,342.45,60,VIIRS,2026-08-28,0828
9.0767,77.56914,338.85,60,VIIRS,2026-08-28,0828
9.18652,77.78751,350.7,60,VIIRS,2026-08-28,0828
9.27803,78.39629,348.85,60,VIIRS,2026-08-28,0828
9.2775,78.39238,332.61,60,VIIRS,2026-08-28,0828
9.28223,78.3957,342.73,60,VIIRS,2026-08-28,0828
9.33282,78.42058,341.42,60,VIIRS,2026-08-28,0828
9.26581,77.91255,344.05,60,VIIRS,2026-08-28,0828
9.37401,78.6227,341.48,60,VIIRS,2026-08-28,0828
9.40914,78.81119,334.12,60,VIIRS,2026-08-28,0828
9.40697,78.81196,338.76,60,VIIRS,2026-08-28,0828
9.37102,77.52661,334.6,30,VIIRS,2026-08-28,0828
9.55345,78.51564,341.09,60,VIIRS,2026-08-28,0828
9.4172,77.50932,337.26,30,VIIRS,2026-08-28,0828
9.53326,78.18642,344.34,60,VIIRS,2026-08-28,0828
9.53541,78.18616,344.4,60,VIIRS,2026-08-28,0828
9.68469,78.36857,345.19,60,VIIRS,2026-08-28,0828
9.71987,77.97552,346.61,60,VIIRS,2026-08-28,0828
9.88012,78.4716,335.03,60,VIIRS,2026-08-28,0828
9.8426,78.13952,339.23,60,VIIRS,2026-08-28,0828
10.03975,77.97247,338,60,VIIRS,2026-08-28,0828
10.53212,78.34332,334.17,60,VIIRS,2026-08-28,0828
10.53153,78.34397,332.5,60,VIIRS,2026-08-28,0828
11.23093,78.85033,335.32,60,VIIRS,2026-08-28,0828
11.16639,78.01994,337.01,60,VIIRS,2026-08-28,0828
14.35824,77.18724,332.19,30,VIIRS,2026-08-28,0830
12.41271,77.18036,340.01,60,VIIRS,2026-08-28,0830
13.32397,76.02139,332.09,60,VIIRS,2026-08-28,0830
14.50818,76.59798,339.54,60,VIIRS,2026-08-28,0830
14.50992,76.59728,333.2,60,VIIRS,2026-08-28,0830
15.00715,79.72668,340.51,60,VIIRS,2026-08-28,0830
15.00776,79.72642,339.73,60,VIIRS,2026-08-28,0830
15.08967,79.7764,355.18,60,VIIRS,2026-08-28,0830
15.08932,79.77341,333.03,60,VIIRS,2026-08-28,0830
14.80563,76.7702,330.63,60,VIIRS,2026-08-28,0830
14.65814,75.65547,337.4,60,VIIRS,2026-08-28,0830
15.39007,80.13628,330.71,60,VIIRS,2026-08-28,0830
15.56243,79.89336,338.27,60,VIIRS,2026-08-28,0830
15.17567,76.67754,337.31,60,VIIRS,2026-08-28,0830
15.23541,76.44022,333.74,60,VIIRS,2026-08-28,0830
15.84844,79.11243,333.77,60,VIIRS,2026-08-28,0830
16.03076,79.71768,342.17,60,VIIRS,2026-08-28,0830
16.99839,79.08223,331.13,60,VIIRS,2026-08-28,0830
14.16654,79.82394,342.83,60,VIIRS,2026-08-28,0830
11.09134,76.9546,332.31,60,VIIRS,2026-08-28,0830
11.48553,79.03905,333.95,60,VIIRS,2026-08-28,0830
11.48213,79.03663,337.21,60,VIIRS,2026-08-28,0830
12.65077,79.52586,340.98,60,VIIRS,2026-08-28,0830
22.92856,70.10652,343.86,60,VIIRS,2026-08-28,0833
23.12482,70.94032,336.71,60,VIIRS,2026-08-28,0833
18.69099,73.04218,333.21,60,VIIRS,2026-08-28,0833
21.7424,83.8442,327.67,60,VIIRS,2026-08-28,0833
21.74194,83.84369,327.14,60,VIIRS,2026-08-28,0833
21.10448,72.6461,337.3,60,VIIRS,2026-08-28,0833
31.53816,75.11701,339.95,60,VIIRS,2026-08-28,0835
31.53888,75.11586,337.82,60,VIIRS,2026-08-28,0835
25.9435,72.19397,337.43,60,VIIRS,2026-08-28,0835
27.43725,70.85397,340.27,30,VIIRS,2026-08-28,0835
30.43859,73.86054,342.03,60,VIIRS,2026-08-28,0835
26.90533,93.00866,332.56,60,VIIRS,2026-08-29,0633
11.45934,79.18013,331.81,30,VIIRS,2026-08-29,0809
8.60741,77.97129,337.16,60,VIIRS,2026-08-29,0809
8.64932,77.84006,343.62,60,VIIRS,2026-08-29,0809
8.75016,78.08366,337.4,60,VIIRS,2026-08-29,0809
8.75985,77.6738,337.27,60,VIIRS,2026-08-29,0809
8.8745,77.98587,338.37,60,VIIRS,2026-08-29,0809
8.96052,77.90134,337.09,60,VIIRS,2026-08-29,0809
9.42272,78.75917,331.63,60,VIIRS,2026-08-29,0809
9.49544,78.76971,340.22,60,VIIRS,2026-08-29,0809
9.6286,78.5695,330.03,60,VIIRS,2026-08-29,0809
9.63193,78.56899,332.81,60,VIIRS,2026-08-29,0809
9.69329,77.82059,338.36,60,VIIRS,2026-08-29,0809
9.8565,78.18187,331.13,30,VIIRS,2026-08-29,0809
9.98556,78.31762,342.21,60,VIIRS,2026-08-29,0809
9.96644,78.03188,340.46,60,VIIRS,2026-08-29,0809
10.40814,79.51502,345.82,60,VIIRS,2026-08-29,0809
10.40263,79.35952,336.63,60,VIIRS,2026-08-29,0809
10.51079,79.66752,337.73,60,VIIRS,2026-08-29,0809
10.52717,79.34861,335.93,60,VIIRS,2026-08-29,0809
10.85161,78.75615,340.1,60,VIIRS,2026-08-29,0809
10.98005,79.4278,332.11,60,VIIRS,2026-08-29,0809
10.95573,78.87653,347.12,60,VIIRS,2026-08-29,0809
10.93597,78.47108,339.62,60,VIIRS,2026-08-29,0809
10.93779,78.20586,337.13,60,VIIRS,2026-08-29,0809
11.12129,78.68881,340.11,60,VIIRS,2026-08-29,0809
11.38602,78.86941,337.84,60,VIIRS,2026-08-29,0809
11.63834,77.61632,332.91,60,VIIRS,2026-08-29,0809
12.03421,79.08394,335.8,60,VIIRS,2026-08-29,0809
12.03365,79.08008,335.61,60,VIIRS,2026-08-29,0809
12.15724,79.71613,336.86,60,VIIRS,2026-08-29,0809
12.17855,79.73819,345.4,60,VIIRS,2026-08-29,0809
12.17833,79.73863,346.04,60,VIIRS,2026-08-29,0809
12.46093,79.10439,332.34,30,VIIRS,2026-08-29,0809
12.78404,79.31249,338.53,60,VIIRS,2026-08-29,0809
12.8281,79.57608,338.2,60,VIIRS,2026-08-29,0809
12.81844,79.32784,330.65,60,VIIRS,2026-08-29,0809
12.62554,77.69179,330.23,30,VIIRS,2026-08-29,0809
13.38702,78.08879,333.31,60,VIIRS,2026-08-29,0809
13.73211,78.2689,337.15,60,VIIRS,2026-08-29,0809
13.58733,76.33072,335.08,60,VIIRS,2026-08-29,0809
13.59061,76.3302,334.05,60,VIIRS,2026-08-29,0809
14.91997,79.67854,330.97,60,VIIRS,2026-08-29,0811
14.65362,77.66443,338.32,60,VIIRS,2026-08-29,0811
14.8166,78.35658,337.68,60,VIIRS,2026-08-29,0811
15.06239,79.87417,339.86,60,VIIRS,2026-08-29,0811
15.08718,79.47825,336.48,60,VIIRS,2026-08-29,0811
14.98676,76.88111,336.84,60,VIIRS,2026-08-29,0811
15.65413,80.13641,337.27,60,VIIRS,2026-08-29,0811
16.03253,78.70424,338.63,60,VIIRS,2026-08-29,0811
16.40797,79.41428,337.76,60,VIIRS,2026-08-29,0811
16.70544,78.78356,335.05,60,VIIRS,2026-08-29,0811
16.7619,79.13581,341.31,60,VIIRS,2026-08-29,0811
14.79919,79.08913,336.6,60,VIIRS,2026-08-29,0811
18.12482,75.44324,330.11,60,VIIRS,2026-08-29,0811
29.45856,76.89088,334.02,60,VIIRS,2026-08-29,0816
29.90875,74.95228,338.01,60,VIIRS,2026-08-29,0816
31.35996,74.52962,330.29,30,VIIRS,2026-08-29,0816
31.3634,74.529,331.33,60,VIIRS,2026-08-29,0816
31.53692,75.11433,330.56,60,VIIRS,2026-08-29,0816
31.65866,74.43478,335.9,60,VIIRS,2026-08-29,0816
26.41152,89.41228,295.54,60,VIIRS,2026-08-29,1900
27.37929,95.33325,317.58,60,VIIRS,2026-08-29,1900
27.32357,95.2765,309.66,60,VIIRS,2026-08-29,1900
27.31635,95.26728,308.66,60,VIIRS,2026-08-29,1900
27.03239,94.89097,318.81,60,VIIRS,2026-08-29,1900
26.41217,89.40324,295.44,60,VIIRS,2026-08-29,1900
26.41184,89.40777,295.73,60,VIIRS,2026-08-29,1900
22.2442,87.38879,296.84,60,VIIRS,2026-08-29,1902
26.29747,74.12477,303.83,60,VIIRS,2026-08-29,2040
26.87269,73.51617,312.82,60,VIIRS,2026-08-29,2040
26.88006,73.51327,306.75,60,VIIRS,2026-08-29,2040
28.35046,77.2559,305.23,60,VIIRS,2026-08-29,2040
28.37196,77.2264,322.5,60,VIIRS,2026-08-29,2040
28.74562,76.92708,301.37,60,VIIRS,2026-08-29,2040
29.43284,77.00395,329.48,60,VIIRS,2026-08-29,2040
29.45788,76.89092,321.48,60,VIIRS,2026-08-29,2040
29.46117,76.89161,328.7,60,VIIRS,2026-08-29,2040
26.25701,74.09737,304.69,60,VIIRS,2026-08-29,2040
21.10088,72.63794,326.61,60,VIIRS,2026-08-29,2042
21.10201,72.63033,302.99,60,VIIRS,2026-08-29,2042
21.10031,72.64175,304.8,60,VIIRS,2026-08-29,2042
21.09809,72.63358,304.5,60,VIIRS,2026-08-29,2042
21.09752,72.6374,303.42,60,VIIRS,2026-08-29,2042
24.68999,73.00279,303.15,60,VIIRS,2026-08-29,2042
24.69039,74.67906,299.8,60,VIIRS,2026-08-29,2042
24.76296,74.6066,295.01,60,VIIRS,2026-08-29,2042
21.10646,72.64668,328.62,60,VIIRS,2026-08-29,2042
21.10815,72.63525,307.06,60,VIIRS,2026-08-29,2042
21.10758,72.63906,308.44,60,VIIRS,2026-08-29,2042
21.10702,72.64287,304.47,60,VIIRS,2026-08-29,2042
21.1031,72.64612,335.99,60,VIIRS,2026-08-29,2042
21.10536,72.63088,301.49,60,VIIRS,2026-08-29,2042
21.10479,72.63469,312.83,60,VIIRS,2026-08-29,2042
21.10423,72.6385,312.79,60,VIIRS,2026-08-29,2042
21.10367,72.64231,306.36,60,VIIRS,2026-08-29,2042
21.10144,72.63414,333.85,60,VIIRS,2026-08-29,2042
11.58347,77.52039,316.58,60,VIIRS,2026-08-29,2044
18.77779,73.7496,321.51,60,VIIRS,2026-08-29,2044
18.6821,73.03259,305.51,60,VIIRS,2026-08-29,2044
18.68155,73.03622,310.04,60,VIIRS,2026-08-29,2044
18.67714,73.04291,304.94,60,VIIRS,2026-08-29,2044
12.98313,74.85271,296.84,60,VIIRS,2026-08-29,2044
10.94139,78.46842,329.14,60,VIIRS,2026-08-29,2044
10.93692,78.46759,317.71,60,VIIRS,2026-08-29,2044
9.30188,77.40331,309.77,60,VIIRS,2026-08-29,2046
10.07835,77.31503,295.94,60,VIIRS,2026-08-29,2046
8.67362,78.03297,305.07,60,VIIRS,2026-08-29,2046
9.75646,77.51951,339.71,60,VIIRS,2026-08-29,2046
9.75441,77.52235,304.88,60,VIIRS,2026-08-29,2046
9.75514,77.5182,336.79,60,VIIRS,2026-08-29,2046
8.93206,77.96355,336.81,60,VIIRS,2026-08-30,0750
9.11486,77.77372,331.27,60,VIIRS,2026-08-30,0750
9.44426,77.67081,348.44,60,VIIRS,2026-08-30,0750
9.44347,77.66592,337.18,60,VIIRS,2026-08-30,0750
9.44579,77.66801,351.06,60,VIIRS,2026-08-30,0750
13.83721,79.3314,339.47,30,VIIRS,2026-08-30,0752
11.81002,77.2115,340.99,60,VIIRS,2026-08-30,0752
15.18088,76.66781,333.34,60,VIIRS,2026-08-30,0752
13.80737,79.89786,333.6,30,VIIRS,2026-08-30,0752
14.91308,77.69633,333.12,60,VIIRS,2026-08-30,0752
14.67095,79.82304,333.89,60,VIIRS,2026-08-30,0752
14.25786,80.12138,336.17,30,VIIRS,2026-08-30,0752
23.77771,86.20815,329,60,VIIRS,2026-08-30,0754
18.56188,74.5267,335.86,60,VIIRS,2026-08-30,0754
18.3947,74.34995,332.85,60,VIIRS,2026-08-30,0754
27.45579,70.42984,344.07,60,VIIRS,2026-08-30,0756
27.45659,70.43187,344.42,60,VIIRS,2026-08-30,0756
27.62523,70.73109,341.31,60,VIIRS,2026-08-30,0756
32.32051,76.85158,332.07,60,VIIRS,2026-08-30,0758
31.27915,74.4353,331.11,60,VIIRS,2026-08-30,0758
34.19078,74.22848,330.02,60,VIIRS,2026-08-30,0758
26.87142,73.51697,304.58,60,VIIRS,2026-08-30,2021
23.69337,85.36873,306.66,60,VIIRS,2026-08-30,2021
25.9405,72.18806,308.88,60,VIIRS,2026-08-30,2021
21.10076,72.63288,318.99,60,VIIRS,2026-08-30,2023
18.54595,74.25349,306.23,60,VIIRS,2026-08-30,2023
18.68679,73.03175,299.44,60,VIIRS,2026-08-30,2023
17.06211,76.97839,296.6,60,VIIRS,2026-08-30,2023
22.38949,73.11753,317.74,60,VIIRS,2026-08-30,2023
21.43382,72.97546,306.45,60,VIIRS,2026-08-30,2023
21.10776,72.64674,316.31,60,VIIRS,2026-08-30,2023
21.10351,72.64619,339.7,60,VIIRS,2026-08-30,2023
21.10401,72.64194,305.83,60,VIIRS,2026-08-30,2023
21.10025,72.63715,330.55,60,VIIRS,2026-08-30,2023
15.17644,76.67721,323.12,60,VIIRS,2026-08-30,2025
15.17424,76.69155,320.05,60,VIIRS,2026-08-30,2025
15.17808,76.66647,304.26,60,VIIRS,2026-08-30,2025
15.17698,76.67363,305.17,60,VIIRS,2026-08-30,2025
15.17641,76.65518,321.08,60,VIIRS,2026-08-30,2025
15.17587,76.65878,330.77,60,VIIRS,2026-08-30,2025
15.17146,76.66541,309.81,60,VIIRS,2026-08-30,2025
15.16705,76.67205,308.78,60,VIIRS,2026-08-30,2025
15.17045,76.38124,306.12,60,VIIRS,2026-08-30,2025
15.16712,76.38071,306.74,60,VIIRS,2026-08-30,2025
15.06977,76.86497,303.21,60,VIIRS,2026-08-30,2025
13.82714,79.33331,296.35,60,VIIRS,2026-08-30,2025
13.82651,79.33714,299.57,60,VIIRS,2026-08-30,2025
13.70962,79.62088,307.73,60,VIIRS,2026-08-30,2025
13.89755,76.56599,306.74,60,VIIRS,2026-08-30,2025
11.81654,77.91914,308.82,60,VIIRS,2026-08-30,2025
11.18236,79.10169,308.16,60,VIIRS,2026-08-30,2025
10.1045,77.46542,307.32,60,VIIRS,2026-08-30,2025
9.97713,76.37589,300.76,60,VIIRS,2026-08-30,2025
9.66702,77.4543,301.83,60,VIIRS,2026-08-30,2025
9.66644,77.4579,301.05,60,VIIRS,2026-08-30,2025
15.17624,77.10066,301.93,60,VIIRS,2026-08-30,2025
15.17899,77.10476,300.35,60,VIIRS,2026-08-30,2025
15.6589,73.98905,313.76,60,VIIRS,2026-08-30,2025
15.33369,76.24677,302.99,60,VIIRS,2026-08-30,2025
15.30024,76.21906,299.57,60,VIIRS,2026-08-30,2025
15.02291,78.01446,304.77,60,VIIRS,2026-08-30,2025
15.17321,76.78666,303.84,60,VIIRS,2026-08-30,2025
14.92978,78.3416,299.8,60,VIIRS,2026-08-30,2025
15.18139,76.66699,331.56,60,VIIRS,2026-08-30,2025
15.1803,76.67416,315.15,60,VIIRS,2026-08-30,2025
9.6418,77.65417,330.61,60,VIIRS,2026-08-31,0731
8.19619,77.55958,330.48,60,VIIRS,2026-08-31,0731
8.73938,77.75655,342.22,60,VIIRS,2026-08-31,0731
8.93458,77.4248,331.74,60,VIIRS,2026-08-31,0731
8.95756,77.42812,343.07,60,VIIRS,2026-08-31,0731
8.95907,77.42636,336.72,60,VIIRS,2026-08-31,0731
9.22205,78.65817,333.87,30,VIIRS,2026-08-31,0731
9.20535,78.30312,332.69,60,VIIRS,2026-08-31,0731
9.52986,78.55909,344.82,60,VIIRS,2026-08-31,0731
9.41918,77.50965,335.16,60,VIIRS,2026-08-31,0731
9.71414,78.92452,340.23,60,VIIRS,2026-08-31,0731
9.7306,78.41191,337.64,60,VIIRS,2026-08-31,0731
9.76943,78.36863,332.83,60,VIIRS,2026-08-31,0731
9.65658,77.64974,339.31,60,VIIRS,2026-08-31,0731
9.65597,77.64645,331.61,30,VIIRS,2026-08-31,0731
9.8097,77.88875,340.38,60,VIIRS,2026-08-31,0731
10.04896,78.97438,339.72,60,VIIRS,2026-08-31,0731
11.39743,78.70004,354.25,60,VIIRS,2026-08-31,0731
12.1731,79.82799,339.93,60,VIIRS,2026-08-31,0731
12.58453,79.64104,332.82,60,VIIRS,2026-08-31,0731
12.70339,79.7732,340.67,60,VIIRS,2026-08-31,0731
12.81064,76.9621,329.86,60,VIIRS,2026-08-31,0733
13.31914,79.92836,337.11,60,VIIRS,2026-08-31,0733
13.3195,79.92703,339.93,60,VIIRS,2026-08-31,0733
13.29946,79.8628,341.58,60,VIIRS,2026-08-31,0733
13.41108,80.26926,332.33,60,VIIRS,2026-08-31,0733
13.81982,79.34018,332.98,60,VIIRS,2026-08-31,0733
13.82067,79.34486,341.88,60,VIIRS,2026-08-31,0733
13.46564,79.86813,341.58,60,VIIRS,2026-08-31,0733
13.38021,79.70301,333.34,60,VIIRS,2026-08-31,0733
22.79767,86.20526,330.49,60,VIIRS,2026-08-31,0735
24.76254,74.6077,300.58,60,VIIRS,2026-08-31,2004
21.10521,72.64474,328.52,60,VIIRS,2026-08-31,2004
19.93664,73.71329,302.54,60,VIIRS,2026-08-31,2004
13.39139,80.10024,308.06,60,VIIRS,2026-08-31,2006
13.62572,78.44389,308.4,60,VIIRS,2026-08-31,2006
13.39185,80.07369,307.57,60,VIIRS,2026-08-31,2006
13.62445,78.44543,303.26,60,VIIRS,2026-08-31,2006
13.04406,77.66707,304.66,60,VIIRS,2026-08-31,2006
12.80597,77.4342,303.35,60,VIIRS,2026-08-31,2006
13.7698,79.52962,315.63,60,VIIRS,2026-08-31,2006
13.82083,79.35246,308.89,60,VIIRS,2026-08-31,2006
13.8191,79.35138,304.87,60,VIIRS,2026-08-31,2006
17.06124,76.97998,300.95,60,VIIRS,2026-08-31,2006
17.06384,76.97977,302.15,60,VIIRS,2026-08-31,2006
17.13949,77.17442,301.3,60,VIIRS,2026-08-31,2006
18.68412,73.03058,318.49,60,VIIRS,2026-08-31,2006
18.68763,73.04997,301.29,60,VIIRS,2026-08-31,2006
18.6894,73.03887,302.48,60,VIIRS,2026-08-31,2006
18.79948,74.2539,305.94,60,VIIRS,2026-08-31,2006
8.74081,78.09372,309.71,60,VIIRS,2026-08-31,2008
12.17032,78.99065,297.43,60,VIIRS,2026-08-31,2008
11.81635,77.91774,305.18,60,VIIRS,2026-08-31,2008
11.0839,78.75246,309.64,60,VIIRS,2026-08-31,2008
11.08219,78.75288,315.78,60,VIIRS,2026-08-31,2008
10.26561,78.37807,308.2,60,VIIRS,2026-08-31,2008
10.41422,77.11642,320.12,60,VIIRS,2026-08-31,2008
9.06696,77.89515,314.44,60,VIIRS,2026-08-31,2008
8.86698,78.1198,308.69,60,VIIRS,2026-08-31,2008
8.7414,78.08978,308.15,60,VIIRS,2026-08-31,2008
30.18717,74.48603,305.14,60,VIIRS,2026-08-31,2142
22.39004,73.12098,309.44,60,VIIRS,2026-08-31,2144
22.3833,73.1189,311.62,60,VIIRS,2026-08-31,2144
8.60666,77.96648,345.72,60,VIIRS,2026-09-01,0714
8.69465,78.05344,333.02,60,VIIRS,2026-09-01,0714
10.3891,79.27283,340.75,60,VIIRS,2026-09-01,0714
10.77498,78.64761,339.35,60,VIIRS,2026-09-01,0714
11.15095,78.03052,334.43,60,VIIRS,2026-09-01,0714
11.14715,78.03418,342.27,60,VIIRS,2026-09-01,0714
11.23065,78.08495,331.82,60,VIIRS,2026-09-01,0714
11.84292,78.90423,338.89,60,VIIRS,2026-09-01,0714
12.70483,79.3057,335.48,60,VIIRS,2026-09-01,0714
12.82289,79.10335,333.2,60,VIIRS,2026-09-01,0714
12.9195,79.45843,337.1,60,VIIRS,2026-09-01,0714
14.26651,79.09661,340.26,60,VIIRS,2026-09-01,0714
14.26936,79.09819,334.88,60,VIIRS,2026-09-01,0714
14.43295,77.70949,338.48,60,VIIRS,2026-09-01,0714
14.97559,79.35465,332.13,60,VIIRS,2026-09-01,0714
14.97541,79.35614,330.4,60,VIIRS,2026-09-01,0714
15.16886,80.03398,337.89,60,VIIRS,2026-09-01,0714
15.27038,79.58337,333.62,60,VIIRS,2026-09-01,0714
16.11085,81.14068,335.18,60,VIIRS,2026-09-01,0716
15.88671,79.82129,337.9,60,VIIRS,2026-09-01,0716
16.85769,80.79336,340.49,60,VIIRS,2026-09-01,0716
17.40365,80.95362,336.38,60,VIIRS,2026-09-01,0716
31.1218,74.69038,353.18,60,VIIRS,2026-09-01,0720
31.1214,74.69007,350.72,60,VIIRS,2026-09-01,0720
8.95145,77.77085,345.86,60,VIIRS,2026-09-01,0854
8.95153,77.77248,336.6,60,VIIRS,2026-09-01,0854
9.11347,77.46972,367,90,VIIRS,2026-09-01,0854
9.59852,77.79555,335.09,60,VIIRS,2026-09-01,0854
9.5979,77.7906,343.48,60,VIIRS,2026-09-01,0854
10.01406,78.08731,332.78,60,VIIRS,2026-09-01,0854
10.8313,78.8009,336.72,60,VIIRS,2026-09-01,0854
23.33648,69.71748,344.43,60,VIIRS,2026-09-01,0858
9.57271,77.53027,304.62,60,VIIRS,2026-09-01,1947
12.7745,80.06129,307.55,60,VIIRS,2026-09-01,1947
12.74623,77.62025,303.7,60,VIIRS,2026-09-01,1947
12.29299,79.93951,323.45,60,VIIRS,2026-09-01,1947
12.29194,79.93996,319.76,60,VIIRS,2026-09-01,1947
11.26855,80.00151,320.92,60,VIIRS,2026-09-01,1947
11.59137,77.27103,348.16,60,VIIRS,2026-09-01,1947
11.59178,77.26778,306.06,60,VIIRS,2026-09-01,1947
11.42617,77.40337,319.32,60,VIIRS,2026-09-01,1947
11.42341,77.40266,324.28,60,VIIRS,2026-09-01,1947
11.43303,77.16435,309.49,60,VIIRS,2026-09-01,1947
10.99405,79.23645,332.49,60,VIIRS,2026-09-01,1947
10.43844,77.555,304.16,60,VIIRS,2026-09-01,1947
9.58245,77.54297,326.75,60,VIIRS,2026-09-01,1947
9.58175,77.54842,322.31,60,VIIRS,2026-09-01,1947
9.58542,77.54805,310.36,60,VIIRS,2026-09-01,1947
9.58051,77.54716,331.25,60,VIIRS,2026-09-01,1947
9.58125,77.54169,309.06,60,VIIRS,2026-09-01,1947
9.57194,77.53596,318.87,60,VIIRS,2026-09-01,1947
9.56769,77.5301,311.36,60,VIIRS,2026-09-01,1947
16.30448,77.35959,301.2,60,VIIRS,2026-09-01,1947
14.51374,75.63936,299.94,60,VIIRS,2026-09-01,1949
15.1653,76.37858,298.37,60,VIIRS,2026-09-01,1949
15.182,76.66639,302.72,60,VIIRS,2026-09-01,1949
15.17202,76.38217,295.27,60,VIIRS,2026-09-01,1949
15.17719,76.65791,300.23,60,VIIRS,2026-09-01,1949
15.17762,76.65395,304.08,60,VIIRS,2026-09-01,1949
26.25521,74.09451,301.91,60,VIIRS,2026-09-01,2123
25.9415,72.19106,303.53,60,VIIRS,2026-09-01,2125
18.68674,73.02962,302.19,60,VIIRS,2026-09-01,2125
18.68805,73.05092,298.87,60,VIIRS,2026-09-01,2125
20.90965,71.45818,303.17,60,VIIRS,2026-09-01,2125
22.93195,69.69841,303.97,60,VIIRS,2026-09-01,2125
24.69068,73.00339,305.11,60,VIIRS,2026-09-01,2125
24.93119,74.63396,301.45,60,VIIRS,2026-09-01,2125
27.37714,95.33408,337.86,60,VIIRS,2026-09-02,0659
9.12569,77.41118,334.03,60,VIIRS,2026-09-02,0835
9.44849,77.66959,341.36,60,VIIRS,2026-09-02,0835
9.72765,77.54507,344.84,60,VIIRS,2026-09-02,0835
9.80838,77.4108,333.03,60,VIIRS,2026-09-02,0835
9.9884,77.44849,342.86,60,VIIRS,2026-09-02,0835
8.6472,77.50002,340.26,60,VIIRS,2026-09-02,0835
8.49523,77.96259,352.28,60,VIIRS,2026-09-02,0835
15.66465,79.57255,335.9,60,VIIRS,2026-09-02,0835
16.16818,78.917,333.24,60,VIIRS,2026-09-02,0835
9.04664,77.71947,339.28,60,VIIRS,2026-09-02,0835
8.98586,77.47747,338.9,60,VIIRS,2026-09-02,0835
8.88936,77.75757,344.57,60,VIIRS,2026-09-02,0835
9.04555,77.72089,341.89,60,VIIRS,2026-09-02,0835
9.46896,78.68177,340.97,60,VIIRS,2026-09-02,0835
21.10416,72.63442,335.35,60,VIIRS,2026-09-02,0837
17.58122,79.99252,336.43,60,VIIRS,2026-09-02,0837
17.6793,75.30967,333.82,60,VIIRS,2026-09-02,0837
18.45843,74.21844,334.79,60,VIIRS,2026-09-02,0837
21.10544,72.64433,333.95,60,VIIRS,2026-09-02,0837
10.76591,78.63389,332.65,60,VIIRS,2026-09-02,0837
10.86781,77.73611,336.59,60,VIIRS,2026-09-02,0837
10.86859,77.7392,338.51,60,VIIRS,2026-09-02,0837
11.17819,77.71023,331.93,60,VIIRS,2026-09-02,0837
11.72303,78.5864,332.6,60,VIIRS,2026-09-02,0837
12.1201,79.1136,331.81,60,VIIRS,2026-09-02,0837
12.0616,77.02872,343.15,60,VIIRS,2026-09-02,0837
12.42042,78.76832,336.12,60,VIIRS,2026-09-02,0837
31.09241,74.68892,335.77,60,VIIRS,2026-09-02,0839
31.12882,74.65296,339.88,60,VIIRS,2026-09-02,0839
20.8899,84.98321,316.9,60,VIIRS,2026-09-02,1925
23.7809,86.37282,296.71,60,VIIRS,2026-09-02,1925
23.83971,84.94757,301.57,60,VIIRS,2026-09-02,1925
23.82531,84.93956,301.47,60,VIIRS,2026-09-02,1925
23.67995,86.09299,338.55,60,VIIRS,2026-09-02,1925
23.67585,86.08719,306.47,60,VIIRS,2026-09-02,1925
23.67422,86.10291,304.18,60,VIIRS,2026-09-02,1925
23.66697,86.09344,305.05,60,VIIRS,2026-09-02,1925
23.69418,85.28749,295.67,60,VIIRS,2026-09-02,1925
23.61014,85.676,297.69,60,VIIRS,2026-09-02,1925
20.95447,85.01464,305.03,60,VIIRS,2026-09-02,1925
20.89001,84.97901,314.27,60,VIIRS,2026-09-02,1925
20.86519,84.98612,316.15,60,VIIRS,2026-09-02,1925
20.86458,84.99162,307.49,60,VIIRS,2026-09-02,1925
12.85352,79.90586,311.12,60,VIIRS,2026-09-02,1928
12.84747,79.90509,327.42,60,VIIRS,2026-09-02,1928
12.84799,79.90044,306.77,60,VIIRS,2026-09-02,1928
14.66532,79.29611,295.26,60,VIIRS,2026-09-02,1928
14.01969,79.48206,295.17,60,VIIRS,2026-09-02,1928
14.02264,79.48049,295.18,60,VIIRS,2026-09-02,1928
12.85405,79.90118,300.05,60,VIIRS,2026-09-02,1928
9.554,77.51099,305.24,60,VIIRS,2026-09-02,1930
9.55277,77.52119,315.08,60,VIIRS,2026-09-02,1930
24.69158,73.00177,305.2,60,VIIRS,2026-09-02,2106
26.30195,72.90171,306.66,60,VIIRS,2026-09-02,2106
24.93384,74.63349,307.05,60,VIIRS,2026-09-02,2106
24.69213,74.68027,301.01,60,VIIRS,2026-09-02,2106
24.65985,74.63496,303.63,60,VIIRS,2026-09-02,2106
22.92629,69.82218,305.4,60,VIIRS,2026-09-02,2108
23.26631,70.25797,305.63,60,VIIRS,2026-09-02,2108
23.4986,68.57943,306.78,60,VIIRS,2026-09-02,2108
22.93328,69.69582,318.9,60,VIIRS,2026-09-02,2108
22.93265,69.69967,310.89,60,VIIRS,2026-09-02,2108
22.93201,69.70352,305.43,60,VIIRS,2026-09-02,2108
22.92994,69.69517,302.4,60,VIIRS,2026-09-02,2108
22.33987,69.85667,307.95,60,VIIRS,2026-09-02,2108
22.33454,69.86774,310.66,60,VIIRS,2026-09-02,2108
21.16569,72.67112,316.32,60,VIIRS,2026-09-02,2108
21.11116,72.63615,312.42,60,VIIRS,2026-09-02,2108
21.10537,72.64582,338.79,60,VIIRS,2026-09-02,2108
21.10441,72.65108,305.34,60,VIIRS,2026-09-02,2108
21.10342,72.63448,331.44,60,VIIRS,2026-09-02,2108
21.10053,72.65025,308.09,60,VIIRS,2026-09-02,2108
20.91063,71.46042,308.72,60,VIIRS,2026-09-02,2108
15.18017,76.6749,301.96,60,VIIRS,2026-09-02,2108
10.43311,77.06167,300.53,60,VIIRS,2026-09-02,2110
11.5922,77.26511,306.72,60,VIIRS,2026-09-02,2110
27.32438,95.27836,330.51,60,VIIRS,2026-09-03,0640
27.98609,95.93691,333.62,60,VIIRS,2026-09-03,0640
26.5233,90.5319,340.13,60,VIIRS,2026-09-03,0640
10.11128,77.65968,349.06,60,VIIRS,2026-09-03,0816
9.38139,78.7643,336.4,60,VIIRS,2026-09-03,0816
9.40985,78.81035,339.93,60,VIIRS,2026-09-03,0816
9.73456,77.55122,337.71,60,VIIRS,2026-09-03,0816
9.85865,78.18647,337.09,60,VIIRS,2026-09-03,0816
9.97086,78.1619,338.94,60,VIIRS,2026-09-03,0816
9.96184,78.0757,340.11,60,VIIRS,2026-09-03,0816
9.96128,78.07182,336.64,60,VIIRS,2026-09-03,0816
9.99129,78.08318,338.8,60,VIIRS,2026-09-03,0816
10.23588,79.19627,338.92,60,VIIRS,2026-09-03,0816
10.11183,77.66344,343.37,60,VIIRS,2026-09-03,0816
10.11921,77.66613,342.56,60,VIIRS,2026-09-03,0816
10.67869,78.942,335.66,60,VIIRS,2026-09-03,0816
10.74984,78.97149,332.9,60,VIIRS,2026-09-03,0816
10.84841,78.50124,347.91,60,VIIRS,2026-09-03,0816
10.78625,77.79347,343.36,60,VIIRS,2026-09-03,0816
11.00386,79.25903,335.16,60,VIIRS,2026-09-03,0816
10.82759,77.76785,337.1,60,VIIRS,2026-09-03,0816
11.18612,79.70135,330.95,60,VIIRS,2026-09-03,0816
11.50959,79.52499,333.9,60,VIIRS,2026-09-03,0816
11.39026,78.14157,341.79,60,VIIRS,2026-09-03,0816
11.45467,77.59742,332.46,60,VIIRS,2026-09-03,0816
8.60675,77.96529,339.2,60,VIIRS,2026-09-03,0816
8.61016,77.96478,338.69,60,VIIRS,2026-09-03,0816
8.62075,77.77719,348.05,60,VIIRS,2026-09-03,0816
8.6202,77.77351,354.2,60,VIIRS,2026-09-03,0816
8.81242,78.05347,342.91,60,VIIRS,2026-09-03,0816
8.86602,78.08418,348.47,60,VIIRS,2026-09-03,0816
8.83873,77.68748,339.97,60,VIIRS,2026-09-03,0816
8.94545,77.81496,344.36,60,VIIRS,2026-09-03,0816
8.9933,78.1157,337.51,60,VIIRS,2026-09-03,0816
8.99674,78.11518,340.06,60,VIIRS,2026-09-03,0816
9.21627,78.64738,335.65,60,VIIRS,2026-09-03,0816
9.25096,77.98447,343.73,60,VIIRS,2026-09-03,0816
13.943,76.36328,332.79,60,VIIRS,2026-09-03,0818
16.46553,79.58845,331.47,60,VIIRS,2026-09-03,0818
13.24685,76.39126,339.05,60,VIIRS,2026-09-03,0818
14.78736,79.80198,330.46,60,VIIRS,2026-09-03,0818
18.24572,75.4022,336.99,60,VIIRS,2026-09-03,0818
18.65981,74.60452,333.35,30,VIIRS,2026-09-03,0818
18.5062,74.34609,343.88,60,VIIRS,2026-09-03,0818
22.92853,70.10656,332.86,30,VIIRS,2026-09-03,0820
23.30886,69.4185,333.65,60,VIIRS,2026-09-03,0820
19.41619,74.73562,335.63,60,VIIRS,2026-09-03,0820
21.10363,72.64727,341.64,60,VIIRS,2026-09-03,0820
21.10192,72.63627,339.66,60,VIIRS,2026-09-03,0820
21.10691,72.6467,353,60,VIIRS,2026-09-03,0820
21.1085,72.63512,338.53,60,VIIRS,2026-09-03,0820
21.16552,72.67063,343.59,60,VIIRS,2026-09-03,0820
22.92924,70.1059,335.84,30,VIIRS,2026-09-03,0820
31.81754,74.59283,340.73,60,VIIRS,2026-09-03,0822
31.62567,74.98903,332.14,60,VIIRS,2026-09-03,0822
31.46605,74.61465,336.94,60,VIIRS,2026-09-03,0822
31.16984,75.04272,335.59,60,VIIRS,2026-09-03,0822
30.57886,74.04327,330.83,60,VIIRS,2026-09-03,0822
23.78556,85.55293,302.25,60,VIIRS,2026-09-03,1906
24.11562,86.86095,304.07,60,VIIRS,2026-09-03,1906
23.80305,86.3282,312.09,60,VIIRS,2026-09-03,1906
23.79538,86.34803,304.5,60,VIIRS,2026-09-03,1906
23.795,86.35329,302.7,60,VIIRS,2026-09-03,1906
23.80364,86.32647,301.69,60,VIIRS,2026-09-03,1906
23.80322,86.3317,311.37,60,VIIRS,2026-09-03,1906
23.79543,86.35154,312.86,60,VIIRS,2026-09-03,1906
23.78024,86.38665,305.68,60,VIIRS,2026-09-03,1906
23.77984,86.39172,314.52,60,VIIRS,2026-09-03,1906
23.77573,86.3653,316.44,60,VIIRS,2026-09-03,1906
23.7741,86.38596,304.86,60,VIIRS,2026-09-03,1906
23.76677,86.40059,304.12,60,VIIRS,2026-09-03,1906
23.76635,86.40579,319.98,60,VIIRS,2026-09-03,1906
23.77547,86.20876,305.42,60,VIIRS,2026-09-03,1906
23.76062,86.39999,309.65,60,VIIRS,2026-09-03,1906
23.76022,86.40524,301.39,60,VIIRS,2026-09-03,1906
23.69064,87.12126,317.22,60,VIIRS,2026-09-03,1906
23.77282,85.99427,298.26,60,VIIRS,2026-09-03,1906
23.73945,86.43385,311.62,60,VIIRS,2026-09-03,1906
23.73333,86.43322,306.07,60,VIIRS,2026-09-03,1906
23.66418,87.1554,311.03,60,VIIRS,2026-09-03,1906
23.71572,86.42124,309.72,60,VIIRS,2026-09-03,1906
23.7134,86.4518,307.77,60,VIIRS,2026-09-03,1906
23.68696,86.39274,304.28,60,VIIRS,2026-09-03,1906
23.68044,86.39726,305.35,60,VIIRS,2026-09-03,1906
23.71524,86.422,309.37,60,VIIRS,2026-09-03,1906
23.71272,86.45254,306.22,60,VIIRS,2026-09-03,1906
23.68665,86.39375,303.02,60,VIIRS,2026-09-03,1906
23.68011,86.3982,305.86,60,VIIRS,2026-09-03,1906
23.67398,86.39745,304.41,60,VIIRS,2026-09-03,1906
23.6325,86.83428,304.83,60,VIIRS,2026-09-03,1906
23.612,86.78971,308.97,60,VIIRS,2026-09-03,1906
23.73829,85.00842,296.96,60,VIIRS,2026-09-03,1906
23.55742,87.24039,312.47,60,VIIRS,2026-09-03,1906
23.58093,86.72375,297.7,60,VIIRS,2026-09-03,1906
23.64955,85.43758,318.4,60,VIIRS,2026-09-03,1908
23.64927,85.43691,316.21,60,VIIRS,2026-09-03,1908
23.66802,84.99591,300.08,60,VIIRS,2026-09-03,1908
23.65697,85.508,301.57,60,VIIRS,2026-09-03,1908
20.97102,86.02231,301.24,60,VIIRS,2026-09-03,1908
20.9703,86.02133,307.25,60,VIIRS,2026-09-03,1908
26.87514,73.51547,309.26,60,VIIRS,2026-09-03,2046
29.47605,76.85793,329.76,60,VIIRS,2026-09-03,2046
27.28808,73.84085,313.3,60,VIIRS,2026-09-03,2046
26.87844,73.5161,307.83,60,VIIRS,2026-09-03,2046
26.60381,73.68258,305.3,60,VIIRS,2026-09-03,2046
23.30852,71.92302,302.05,60,VIIRS,2026-09-03,2046
23.31438,70.48576,309.94,60,VIIRS,2026-09-03,2046
23.30512,70.47572,306.69,60,VIIRS,2026-09-03,2046
22.96819,72.55517,307.07,60,VIIRS,2026-09-03,2046
23.1201,70.08562,326.09,60,VIIRS,2026-09-03,2046
23.11955,70.08704,324.6,60,VIIRS,2026-09-03,2046
22.92464,69.82479,305.3,60,VIIRS,2026-09-03,2046
22.93496,69.69643,307.76,60,VIIRS,2026-09-03,2046
22.93436,69.70084,309.93,60,VIIRS,2026-09-03,2046
22.93139,69.69586,308.31,60,VIIRS,2026-09-03,2046
22.33877,69.8551,308.15,60,VIIRS,2026-09-03,2046
22.41513,69.03777,309.75,60,VIIRS,2026-09-03,2046
22.39963,69.01791,305.54,60,VIIRS,2026-09-03,2046
21.62968,72.911,299.73,60,VIIRS,2026-09-03,2046
21.16664,72.67046,322.83,60,VIIRS,2026-09-03,2046
21.11061,72.63454,307.53,60,VIIRS,2026-09-03,2046
21.10831,72.64921,307.64,60,VIIRS,2026-09-03,2046
21.10559,72.64497,336.85,60,VIIRS,2026-09-03,2046
21.10674,72.63763,308.49,60,VIIRS,2026-09-03,2046
21.10502,72.64862,318.53,60,VIIRS,2026-09-03,2046
21.10345,72.63704,333.77,60,VIIRS,2026-09-03,2046
21.10016,72.63646,332.79,60,VIIRS,2026-09-03,2046
20.91031,71.45869,316.39,60,VIIRS,2026-09-03,2046
20.86645,70.5637,309.83,60,VIIRS,2026-09-03,2046
15.17996,76.66974,305.7,60,VIIRS,2026-09-03,2049
15.1786,76.6774,304.63,60,VIIRS,2026-09-03,2049
15.17791,76.65741,326.69,60,VIIRS,2026-09-03,2049
15.17859,76.65359,305.26,60,VIIRS,2026-09-03,2049
15.17451,76.67654,305.63,60,VIIRS,2026-09-03,2049
15.17179,76.69175,307.81,60,VIIRS,2026-09-03,2049
15.1745,76.65276,305.33,60,VIIRS,2026-09-03,2049
15.17382,76.65658,306.57,60,VIIRS,2026-09-03,2049
15.17314,76.6604,303.5,60,VIIRS,2026-09-03,2049
14.87435,78.05117,321.22,60,VIIRS,2026-09-03,2049
15.1614,76.37529,298.67,60,VIIRS,2026-09-03,2049
15.07199,76.86526,301.83,60,VIIRS,2026-09-03,2049
13.89939,76.5644,304.03,60,VIIRS,2026-09-03,2049
17.69013,83.24277,307.09,60,VIIRS,2026-09-03,2049
17.69266,83.2471,313.2,60,VIIRS,2026-09-03,2049
17.60904,83.20199,309.25,60,VIIRS,2026-09-03,2049
17.60314,83.20052,309.35,60,VIIRS,2026-09-03,2049
23.69308,87.10843,301.74,60,VIIRS,2026-09-03,2049
23.68988,87.121,303.36,60,VIIRS,2026-09-03,2049
23.80544,86.33025,301.68,60,VIIRS,2026-09-03,2049
23.79371,86.35073,297.17,60,VIIRS,2026-09-03,2049
23.76123,86.40075,303.17,60,VIIRS,2026-09-03,2049
23.70964,86.44592,302.83,60,VIIRS,2026-09-03,2049
23.61539,86.79142,302.16,60,VIIRS,2026-09-03,2049
23.61643,86.78899,302.57,60,VIIRS,2026-09-03,2049
23.78815,85.55396,298.36,60,VIIRS,2026-09-03,2049
23.741,85.00602,300.73,60,VIIRS,2026-09-03,2049
23.74199,85.00803,304.62,60,VIIRS,2026-09-03,2049
25.94356,72.19094,331.2,60,VIIRS,2026-09-03,2049
24.69003,73.00208,312.72,60,VIIRS,2026-09-03,2049
17.61118,83.20664,307.79,60,VIIRS,2026-09-03,2049
17.60034,83.19914,304.38,60,VIIRS,2026-09-03,2049
18.69219,73.03861,308.87,60,VIIRS,2026-09-03,2049
18.68674,73.03004,319.05,60,VIIRS,2026-09-03,2049
18.68221,73.03683,331.89,60,VIIRS,2026-09-03,2049
18.68341,73.02945,308.6,60,VIIRS,2026-09-03,2049
18.67889,73.03624,314.72,60,VIIRS,2026-09-03,2049
15.02284,78.01471,303.58,60,VIIRS,2026-09-03,2049
15.17699,77.10145,303.07,60,VIIRS,2026-09-03,2049
15.18609,76.65908,306.28,60,VIIRS,2026-09-03,2049
15.18064,76.66591,324.76,60,VIIRS,2026-09-03,2049
11.10315,77.76294,306.76,60,VIIRS,2026-09-03,2051
11.18059,79.10029,313.59,60,VIIRS,2026-09-03,2051
9.73405,77.55091,312.29,60,VIIRS,2026-09-03,2051
9.5471,77.52013,308.51,60,VIIRS,2026-09-03,2051
14.14273,76.50105,334.52,30,VIIRS,2026-09-04,0758
14.58262,78.69115,332.81,60,VIIRS,2026-09-04,0758
10.23521,79.19682,336.6,30,VIIRS,2026-09-04,0758
9.82854,77.56429,338.99,60,VIIRS,2026-09-04,0758
9.82879,78.55407,334.45,30,VIIRS,2026-09-04,0758
9.72387,78.35549,334.19,30,VIIRS,2026-09-04,0758
8.67037,77.99406,336.26,30,VIIRS,2026-09-04,0758
9.14391,78.26399,338.19,30,VIIRS,2026-09-04,0758
9.14291,78.26405,337.37,30,VIIRS,2026-09-04,0758
9.35835,78.81918,335.56,30,VIIRS,2026-09-04,0758
15.1836,76.64207,340.29,60,VIIRS,2026-09-04,0758
15.24046,76.69371,332.44,30,VIIRS,2026-09-04,0758
15.31594,75.73133,334.48,30,VIIRS,2026-09-04,0758
10.87023,79.84801,337.26,60,VIIRS,2026-09-04,0758
21.74218,83.84354,342.51,60,VIIRS,2026-09-04,0801
17.36039,81.81102,332.31,60,VIIRS,2026-09-04,0801
17.08758,79.68736,338.48,60,VIIRS,2026-09-04,0801
21.74643,83.84301,341.48,60,VIIRS,2026-09-04,0801
21.75491,83.84193,335.54,60,VIIRS,2026-09-04,0801
21.75494,83.84254,343.12,60,VIIRS,2026-09-04,0801
21.80368,83.89217,332.23,60,VIIRS,2026-09-04,0801
21.10447,72.64493,344.27,60,VIIRS,2026-09-04,0801
21.10295,72.63681,342.12,60,VIIRS,2026-09-04,0801
23.67067,86.93721,328.62,60,VIIRS,2026-09-04,0801
23.70967,86.44809,332.23,60,VIIRS,2026-09-04,0803
23.69087,87.12269,328.83,60,VIIRS,2026-09-04,0803
23.69337,87.12283,328.2,60,VIIRS,2026-09-04,0803
31.5513,74.73685,337.88,60,VIIRS,2026-09-04,0805
22.03358,83.35964,304.65,60,VIIRS,2026-09-04,2027
22.03922,83.35251,315.74,60,VIIRS,2026-09-04,2027
22.01428,83.75243,298.04,60,VIIRS,2026-09-04,2027
22.31225,82.53288,305,60,VIIRS,2026-09-04,2027
22.35509,82.3024,316.81,60,VIIRS,2026-09-04,2027
22.31613,82.53371,305.5,60,VIIRS,2026-09-04,2027
22.35892,82.30322,331.58,60,VIIRS,2026-09-04,2027
22.31794,82.56736,304.53,60,VIIRS,2026-09-04,2027
22.31894,82.56203,312.8,60,VIIRS,2026-09-04,2027
22.32191,82.54604,304.5,60,VIIRS,2026-09-04,2027
22.3314,82.60392,309.28,60,VIIRS,2026-09-04,2027
21.92527,85.22544,309.87,60,VIIRS,2026-09-04,2027
21.93093,85.22124,303.45,60,VIIRS,2026-09-04,2027
22.05206,85.46372,302.45,60,VIIRS,2026-09-04,2027
22.20184,84.84525,302.87,60,VIIRS,2026-09-04,2027
22.20785,84.86195,304.89,60,VIIRS,2026-09-04,2027
22.13197,85.41842,301.85,60,VIIRS,2026-09-04,2027
22.57397,85.89982,308.57,60,VIIRS,2026-09-04,2027
22.57509,85.89431,304.68,60,VIIRS,2026-09-04,2027
22.57533,85.8947,305.86,60,VIIRS,2026-09-04,2027
23.64511,85.43939,307.89,60,VIIRS,2026-09-04,2027
23.73676,85.02216,304,60,VIIRS,2026-09-04,2027
23.80973,84.8444,303.08,60,VIIRS,2026-09-04,2027
23.6655,86.09307,304.43,60,VIIRS,2026-09-04,2027
23.67716,86.08454,309.76,60,VIIRS,2026-09-04,2027
23.78857,85.55117,312.54,60,VIIRS,2026-09-04,2027
23.67951,86.09674,303.88,60,VIIRS,2026-09-04,2027
23.69345,86.07731,303.77,60,VIIRS,2026-09-04,2027
23.69927,86.07301,309.74,60,VIIRS,2026-09-04,2027
23.75455,85.85443,306,60,VIIRS,2026-09-04,2027
23.67599,86.39859,310.18,60,VIIRS,2026-09-04,2027
23.68196,86.394,312.96,60,VIIRS,2026-09-04,2027
23.67495,86.39895,308.71,60,VIIRS,2026-09-04,2027
23.67618,86.39325,305.6,60,VIIRS,2026-09-04,2027
23.68097,86.39436,309.86,60,VIIRS,2026-09-04,2027
23.77284,86.19751,309.02,60,VIIRS,2026-09-04,2027
23.77521,86.20977,308.47,60,VIIRS,2026-09-04,2027
23.77994,86.21085,325.09,60,VIIRS,2026-09-04,2027
23.649,85.43903,313.66,60,VIIRS,2026-09-04,2027
24.16057,82.56489,323.92,60,VIIRS,2026-09-04,2027
21.87757,83.55456,312.13,60,VIIRS,2026-09-04,2027
21.92094,83.35299,315.44,60,VIIRS,2026-09-04,2027
21.92171,83.349,322.13,60,VIIRS,2026-09-04,2027
21.92734,83.34194,303.6,60,VIIRS,2026-09-04,2027
21.98263,83.23072,306.36,60,VIIRS,2026-09-04,2027
22.0328,83.36366,305.03,60,VIIRS,2026-09-04,2027
22.41646,69.03892,304.38,60,VIIRS,2026-09-04,2029
21.10807,72.64812,317.42,60,VIIRS,2026-09-04,2029
21.10421,72.64756,332.4,60,VIIRS,2026-09-04,2029
21.10486,72.64244,309.95,60,VIIRS,2026-09-04,2029
20.91005,71.45995,311.01,60,VIIRS,2026-09-04,2029
19.10266,82.16485,304.91,60,VIIRS,2026-09-04,2029
19.10197,82.16858,309.55,60,VIIRS,2026-09-04,2029
19.09797,82.16772,314.56,60,VIIRS,2026-09-04,2029
19.08926,82.16974,302.41,60,VIIRS,2026-09-04,2029
18.72065,79.53902,303.84,60,VIIRS,2026-09-04,2029
18.71714,79.53836,307.76,60,VIIRS,2026-09-04,2029
18.71292,79.54187,303.78,60,VIIRS,2026-09-04,2029
17.95817,80.79167,306.13,60,VIIRS,2026-09-04,2029
17.95732,80.79652,318.65,60,VIIRS,2026-09-04,2029
19.01937,72.89208,330.53,60,VIIRS,2026-09-04,2029
18.68379,73.03027,312.5,60,VIIRS,2026-09-04,2029
18.67952,73.03425,319,60,VIIRS,2026-09-04,2029
16.87203,80.02309,307.03,60,VIIRS,2026-09-04,2029
17.1409,77.18513,310.67,60,VIIRS,2026-09-04,2029
17.13875,77.17729,310.4,60,VIIRS,2026-09-04,2029
16.69608,79.64787,307.53,60,VIIRS,2026-09-04,2029
21.87629,83.49454,311.43,60,VIIRS,2026-09-04,2029
22.0062,82.6703,306.37,60,VIIRS,2026-09-04,2029
22.00226,82.66946,307.87,60,VIIRS,2026-09-04,2029
22.00347,82.66862,313.1,60,VIIRS,2026-09-04,2029
21.77244,83.82623,303.05,60,VIIRS,2026-09-04,2029
21.76404,83.84689,318.39,60,VIIRS,2026-09-04,2029
21.76321,83.85123,312.58,60,VIIRS,2026-09-04,2029
21.75558,83.84492,333.98,60,VIIRS,2026-09-04,2029
21.75642,83.84061,305.63,60,VIIRS,2026-09-04,2029
21.75135,83.84393,314.33,60,VIIRS,2026-09-04,2029
21.74713,83.84291,342.75,60,VIIRS,2026-09-04,2029
21.7429,83.84189,330.29,60,VIIRS,2026-09-04,2029
21.73868,83.84087,309.6,60,VIIRS,2026-09-04,2029
21.98617,82.01387,303.96,60,VIIRS,2026-09-04,2029
21.00091,86.02672,308.82,60,VIIRS,2026-09-04,2029
20.9651,86.04973,307.44,60,VIIRS,2026-09-04,2029
20.96774,86.01222,338.76,60,VIIRS,2026-09-04,2029
20.96962,86.00316,310.51,60,VIIRS,2026-09-04,2029
20.96836,86.00922,306.03,60,VIIRS,2026-09-04,2029
20.9671,86.01527,307.59,60,VIIRS,2026-09-04,2029
20.96346,86.00796,327.6,60,VIIRS,2026-09-04,2029
20.96283,86.01097,320.67,60,VIIRS,2026-09-04,2029
20.96473,86.00188,308.9,60,VIIRS,2026-09-04,2029
20.9622,86.01398,305.74,60,VIIRS,2026-09-04,2029
20.95031,86.0461,324.25,60,VIIRS,2026-09-04,2029
20.94966,86.04922,320.98,60,VIIRS,2026-09-04,2029
20.95094,86.04309,315.02,60,VIIRS,2026-09-04,2029
20.97813,85.16908,310.85,60,VIIRS,2026-09-04,2029
20.98007,85.13609,307.52,60,VIIRS,2026-09-04,2029
20.97238,85.17323,314.51,60,VIIRS,2026-09-04,2029
20.96772,85.17207,333.32,60,VIIRS,2026-09-04,2029
20.9644,85.1881,323.33,60,VIIRS,2026-09-04,2029
20.96663,85.17735,310.74,60,VIIRS,2026-09-04,2029
20.96552,85.1827,306.53,60,VIIRS,2026-09-04,2029
20.96747,85.14973,315.34,60,VIIRS,2026-09-04,2029
20.96636,85.15505,307.32,60,VIIRS,2026-09-04,2029
20.96416,85.16563,316.66,60,VIIRS,2026-09-04,2029
20.96306,85.17092,313.02,60,VIIRS,2026-09-04,2029
20.96085,85.18159,306.72,60,VIIRS,2026-09-04,2029
20.95973,85.18695,306.14,60,VIIRS,2026-09-04,2029
20.97641,85.16805,308.18,60,VIIRS,2026-09-04,2029
20.97535,85.17338,310.2,60,VIIRS,2026-09-04,2029
20.97069,85.1722,333.21,60,VIIRS,2026-09-04,2029
20.97812,85.13499,313.58,60,VIIRS,2026-09-04,2029
20.96963,85.17749,311.51,60,VIIRS,2026-09-04,2029
20.96282,85.1871,326.7,60,VIIRS,2026-09-04,2029
20.97029,85.14977,307.59,60,VIIRS,2026-09-04,2029
20.96922,85.15513,319.73,60,VIIRS,2026-09-04,2029
20.96709,85.16577,307.01,60,VIIRS,2026-09-04,2029
20.96603,85.17105,304.31,60,VIIRS,2026-09-04,2029
20.96497,85.17637,304.65,60,VIIRS,2026-09-04,2029
20.9639,85.18172,310.79,60,VIIRS,2026-09-04,2029
20.96244,85.16457,311.63,60,VIIRS,2026-09-04,2029
20.96137,85.16988,313.46,60,VIIRS,2026-09-04,2029
20.95401,85.01299,305.31,60,VIIRS,2026-09-04,2029
20.88799,84.98059,309.58,60,VIIRS,2026-09-04,2029
20.89007,84.97992,305.71,60,VIIRS,2026-09-04,2029
20.88442,84.98401,312.42,60,VIIRS,2026-09-04,2029
20.86384,84.99004,330.69,60,VIIRS,2026-09-04,2029
20.86278,84.99536,311.65,60,VIIRS,2026-09-04,2029
20.80516,85.25643,312.49,60,VIIRS,2026-09-04,2029
20.79577,85.25407,330.6,60,VIIRS,2026-09-04,2029
20.79106,85.25298,309.51,60,VIIRS,2026-09-04,2029
20.78993,85.25848,306.07,60,VIIRS,2026-09-04,2029
20.7841,85.26288,305.23,60,VIIRS,2026-09-04,2029
20.75744,85.29634,305.19,60,VIIRS,2026-09-04,2029
22.93105,69.69788,309.78,60,VIIRS,2026-09-04,2029
22.26482,75.1333,300.77,60,VIIRS,2026-09-04,2029
22.93502,69.69705,306.21,60,VIIRS,2026-09-04,2029
21.18247,81.38527,312.06,60,VIIRS,2026-09-04,2029
21.33749,78.96925,311,60,VIIRS,2026-09-04,2029
21.43282,72.97475,306.16,60,VIIRS,2026-09-04,2029
15.17516,77.10014,308.97,60,VIIRS,2026-09-04,2032
15.02215,78.01551,316.91,60,VIIRS,2026-09-04,2032
15.30179,76.22112,304.47,60,VIIRS,2026-09-04,2032
15.17439,76.78685,306.9,60,VIIRS,2026-09-04,2032
15.18351,76.66653,341.14,60,VIIRS,2026-09-04,2032
15.18178,76.67729,306.3,60,VIIRS,2026-09-04,2032
15.18366,76.64443,305.75,60,VIIRS,2026-09-04,2032
9.97884,76.37681,302.32,60,VIIRS,2026-09-04,2032
9.80522,77.56261,315.54,60,VIIRS,2026-09-04,2032
10.61504,77.50061,309.05,60,VIIRS,2026-09-04,2032
10.92628,78.4984,314.41,60,VIIRS,2026-09-04,2032
11.51788,77.70787,308.15,60,VIIRS,2026-09-04,2032
11.5186,77.70729,303.15,60,VIIRS,2026-09-04,2032
11.80936,77.92444,308.01,60,VIIRS,2026-09-04,2032
11.81003,77.92034,318.11,60,VIIRS,2026-09-04,2032
12.01868,76.65131,303.06,60,VIIRS,2026-09-04,2032
11.80959,77.92345,311.3,60,VIIRS,2026-09-04,2032
11.81028,77.91938,314.3,60,VIIRS,2026-09-04,2032
12.02063,76.65154,304.14,60,VIIRS,2026-09-04,2032
12.71426,76.89852,307.39,60,VIIRS,2026-09-04,2032
13.8985,76.56481,311.93,60,VIIRS,2026-09-04,2032
13.71096,79.62003,306.03,60,VIIRS,2026-09-04,2032
15.16758,76.38126,311.8,60,VIIRS,2026-09-04,2032
15.17088,76.38181,306.5,60,VIIRS,2026-09-04,2032
15.18489,76.31473,308.09,60,VIIRS,2026-09-04,2032
15.13563,76.71016,307.55,60,VIIRS,2026-09-04,2032
15.19841,76.37912,301.76,60,VIIRS,2026-09-04,2032
15.169,76.67155,316.31,60,VIIRS,2026-09-04,2032
15.17847,76.67673,308.26,60,VIIRS,2026-09-04,2032
15.17443,76.70186,308.74,60,VIIRS,2026-09-04,2032
15.17848,76.65473,333.16,60,VIIRS,2026-09-04,2032
15.17791,77.10437,309.33,60,VIIRS,2026-09-04,2032
15.17791,76.65833,313.8,60,VIIRS,2026-09-04,2032
15.17505,76.67628,312.61,60,VIIRS,2026-09-04,2032
15.17277,76.69064,311.73,60,VIIRS,2026-09-04,2032
15.16934,76.71221,305.43,60,VIIRS,2026-09-04,2032
15.17517,76.65417,324.8,60,VIIRS,2026-09-04,2032
15.1746,76.65777,340.33,60,VIIRS,2026-09-04,2032
15.1706,76.68289,314.21,60,VIIRS,2026-09-04,2032
15.16957,76.66797,307.85,60,VIIRS,2026-09-04,2032
15.65936,73.9884,303.32,60,VIIRS,2026-09-04,2032
15.33238,76.28462,309.57,60,VIIRS,2026-09-04,2032
15.55193,79.64904,329.25,60,VIIRS,2026-09-04,2032
15.3368,76.27806,306,60,VIIRS,2026-09-04,2032
15.54826,79.64835,317.21,60,VIIRS,2026-09-04,2032
16.20395,75.20745,303.66,60,VIIRS,2026-09-04,2032
15.68357,78.45914,308.44,60,VIIRS,2026-09-04,2032
15.55151,79.64663,330.27,60,VIIRS,2026-09-04,2032
15.55518,79.64732,324,60,VIIRS,2026-09-04,2032
15.55637,79.6452,308.28,60,VIIRS,2026-09-04,2032
8.62455,77.91331,335.09,60,VIIRS,2026-09-05,0737
8.62842,77.79488,343.54,60,VIIRS,2026-09-05,0737
8.74992,77.84068,335.67,60,VIIRS,2026-09-05,0737
8.84348,78.11538,332.2,60,VIIRS,2026-09-05,0737
8.74177,77.40366,340.22,60,VIIRS,2026-09-05,0737
8.84688,77.52462,344.05,60,VIIRS,2026-09-05,0737
8.87289,77.61432,343.61,60,VIIRS,2026-09-05,0737
9.3084,78.79866,339.66,60,VIIRS,2026-09-05,0737
9.39154,78.88762,338.73,60,VIIRS,2026-09-05,0737
9.39592,78.88686,336.72,60,VIIRS,2026-09-05,0737
9.39205,78.88804,340.54,60,VIIRS,2026-09-05,0737
9.39643,78.8873,333.15,60,VIIRS,2026-09-05,0737
9.33327,77.42467,339.48,60,VIIRS,2026-09-05,0737
10.09586,77.89691,340.86,60,VIIRS,2026-09-05,0737
10.09445,77.89512,342.08,60,VIIRS,2026-09-05,0737
10.43229,79.63264,342.49,60,VIIRS,2026-09-05,0737
10.40149,79.27921,331.57,60,VIIRS,2026-09-05,0737
10.27044,77.25731,330.63,60,VIIRS,2026-09-05,0737
10.71123,79.4289,341.69,60,VIIRS,2026-09-05,0737
10.43859,77.31449,339.76,60,VIIRS,2026-09-05,0737
10.87756,79.31715,332.91,60,VIIRS,2026-09-05,0737
10.68266,77.4065,338.57,60,VIIRS,2026-09-05,0737
10.98393,78.21921,337.97,60,VIIRS,2026-09-05,0737
11.00214,77.12466,339.89,60,VIIRS,2026-09-05,0737
15.05385,77.10737,337.91,60,VIIRS,2026-09-05,0739
11.48418,77.27011,333.99,60,VIIRS,2026-09-05,0739
12.15397,78.16905,336.62,60,VIIRS,2026-09-05,0739
12.8087,79.956,331.25,60,VIIRS,2026-09-05,0739
13.40306,77.79495,331.54,30,VIIRS,2026-09-05,0739
12.98483,74.85038,331.47,60,VIIRS,2026-09-05,0739
13.83938,78.43033,333.73,30,VIIRS,2026-09-05,0739
13.99219,78.44974,339.86,60,VIIRS,2026-09-05,0739
13.98039,77.90034,333.52,60,VIIRS,2026-09-05,0739
14.29248,79.05112,339.86,60,VIIRS,2026-09-05,0739
14.29697,79.05332,351.13,60,VIIRS,2026-09-05,0739
14.29637,79.04987,339.91,60,VIIRS,2026-09-05,0739
14.52478,79.06197,339.03,60,VIIRS,2026-09-05,0739
14.53701,79.08536,341.22,60,VIIRS,2026-09-05,0739
14.62758,79.59048,337.53,60,VIIRS,2026-09-05,0739
14.66505,79.76515,338.05,60,VIIRS,2026-09-05,0739
14.66492,79.76666,337.9,60,VIIRS,2026-09-05,0739
14.42101,78.31239,339.84,60,VIIRS,2026-09-05,0739
14.57085,79.05241,331.71,30,VIIRS,2026-09-05,0739
14.38531,77.7276,340.52,60,VIIRS,2026-09-05,0739
14.74564,79.71235,336.25,60,VIIRS,2026-09-05,0739
14.7626,79.65701,337.34,60,VIIRS,2026-09-05,0739
14.74425,78.99921,339.52,60,VIIRS,2026-09-05,0739
14.74364,78.99567,342.35,60,VIIRS,2026-09-05,0739
14.88983,79.23417,337.37,60,VIIRS,2026-09-05,0739
14.89373,79.23341,344.92,60,VIIRS,2026-09-05,0739
14.8944,79.23558,337.63,60,VIIRS,2026-09-05,0739
15.18071,79.9314,331.23,60,VIIRS,2026-09-05,0739
15.16326,78.87621,344.53,60,VIIRS,2026-09-05,0739
15.16157,78.87546,343.2,60,VIIRS,2026-09-05,0739
15.08391,77.32272,339.45,60,VIIRS,2026-09-05,0739
15.08309,77.31823,342.25,60,VIIRS,2026-09-05,0739
15.05152,77.10382,339.01,60,VIIRS,2026-09-05,0739
15.14559,77.5779,336.17,60,VIIRS,2026-09-05,0739
15.18146,76.66666,332.37,60,VIIRS,2026-09-05,0739
15.97591,78.40904,341.13,60,VIIRS,2026-09-05,0739
16.46725,79.59427,331.45,30,VIIRS,2026-09-05,0739
17.04735,81.88509,333.51,60,VIIRS,2026-09-05,0739
16.518,78.36384,339.6,60,VIIRS,2026-09-05,0739
16.87762,79.99414,331.98,30,VIIRS,2026-09-05,0739
16.18167,75.15438,346.32,60,VIIRS,2026-09-05,0739
17.60797,83.20338,331.3,60,VIIRS,2026-09-05,0739
17.61126,83.20282,330.46,30,VIIRS,2026-09-05,0739
19.09286,82.17107,333.96,60,VIIRS,2026-09-05,0739
20.76047,85.29589,334.78,60,VIIRS,2026-09-05,0741
20.79373,85.25279,337.35,60,VIIRS,2026-09-05,0741
20.95243,86.05051,337.76,60,VIIRS,2026-09-05,0741
20.95183,86.04603,337.08,60,VIIRS,2026-09-05,0741
20.97349,86.00412,330.64,60,VIIRS,2026-09-05,0741
20.86294,84.99312,332.71,60,VIIRS,2026-09-05,0741
20.86238,84.98907,332.44,60,VIIRS,2026-09-05,0741
20.96299,85.19049,336.16,60,VIIRS,2026-09-05,0741
20.96243,85.18635,344.47,60,VIIRS,2026-09-05,0741
20.96423,85.17345,331.03,60,VIIRS,2026-09-05,0741
20.96368,85.16933,337.04,60,VIIRS,2026-09-05,0741
20.96827,85.17702,336.07,60,VIIRS,2026-09-05,0741
20.96771,85.17292,340.7,60,VIIRS,2026-09-05,0741
20.96715,85.16881,330.83,30,VIIRS,2026-09-05,0741
20.97174,85.17648,330.59,60,VIIRS,2026-09-05,0741
20.9684,85.15186,338.21,60,VIIRS,2026-09-05,0741
20.97813,85.17133,330.81,60,VIIRS,2026-09-05,0741
20.9564,85.01198,331.15,30,VIIRS,2026-09-05,0741
21.67903,84.03973,334.77,60,VIIRS,2026-09-05,0741
21.73983,83.84127,330.66,30,VIIRS,2026-09-05,0741
21.74318,83.84072,338.54,60,VIIRS,2026-09-05,0741
21.74626,83.84503,332.02,60,VIIRS,2026-09-05,0741
21.74571,83.8412,337.03,60,VIIRS,2026-09-05,0741
21.7496,83.84448,332.62,60,VIIRS,2026-09-05,0741
21.74906,83.84065,334.1,60,VIIRS,2026-09-05,0741
21.75295,83.84393,332.49,60,VIIRS,2026-09-05,0741
21.80075,83.89083,331.1,60,VIIRS,2026-09-05,0741
22.37712,87.28085,344.15,60,VIIRS,2026-09-05,0741
21.91979,83.35107,333.15,60,VIIRS,2026-09-05,0741
22.01548,83.75323,332.23,60,VIIRS,2026-09-05,0741
22.20641,84.86032,333.67,60,VIIRS,2026-09-05,0741
21.98429,83.2333,330.89,60,VIIRS,2026-09-05,0741
23.55816,87.24094,340.7,60,VIIRS,2026-09-05,0741
23.66361,87.15351,332.47,60,VIIRS,2026-09-05,0741
23.67541,86.40211,331.36,60,VIIRS,2026-09-05,0741
23.67857,86.39642,332.5,60,VIIRS,2026-09-05,0741
23.68237,86.39584,333.83,60,VIIRS,2026-09-05,0741
23.68554,86.39025,330.44,60,VIIRS,2026-09-05,0741
23.67755,86.08622,331.24,60,VIIRS,2026-09-05,0741
23.73679,86.4326,340.33,60,VIIRS,2026-09-05,0741
23.75651,86.40362,330.47,60,VIIRS,2026-09-05,0741
23.76031,86.40304,334.22,60,VIIRS,2026-09-05,0741
23.76412,86.40247,339.26,60,VIIRS,2026-09-05,0741
23.77806,86.38996,330.56,60,VIIRS,2026-09-05,0741
23.77862,86.21019,337.05,60,VIIRS,2026-09-05,0741
23.78238,86.20961,331.12,60,VIIRS,2026-09-05,0741
24.16025,82.56627,335.71,60,VIIRS,2026-09-05,0741
31.37815,74.56349,332.02,60,VIIRS,2026-09-05,0744
27.38026,95.33467,301.69,60,VIIRS,2026-09-05,1828
27.45998,95.47742,302.81,60,VIIRS,2026-09-05,2008
29.47612,76.85525,303.57,60,VIIRS,2026-09-05,2008
20.78809,85.25961,304.18,60,VIIRS,2026-09-05,2010
22.35643,87.29174,309.11,60,VIIRS,2026-09-05,2010
22.59097,85.90384,307.25,60,VIIRS,2026-09-05,2010
22.57382,85.89554,342.22,60,VIIRS,2026-09-05,2010
22.57463,85.89106,309.35,60,VIIRS,2026-09-05,2010
22.36787,87.01679,307.73,60,VIIRS,2026-09-05,2010
22.36405,87.01598,307.67,60,VIIRS,2026-09-05,2010
22.36023,87.01515,306.85,60,VIIRS,2026-09-05,2010
22.24511,87.3878,316.97,60,VIIRS,2026-09-05,2010
22.0547,88.12509,313.7,60,VIIRS,2026-09-05,2010
22.05061,88.12418,308.05,60,VIIRS,2026-09-05,2010
22.21017,84.8771,305.71,60,VIIRS,2026-09-05,2010
22.20956,84.85995,329.75,60,VIIRS,2026-09-05,2010
22.20885,84.86406,322.75,60,VIIRS,2026-09-05,2010
22.21312,84.83941,306.67,60,VIIRS,2026-09-05,2010
22.20814,84.86816,305.04,60,VIIRS,2026-09-05,2010
22.20611,84.85925,317.65,60,VIIRS,2026-09-05,2010
22.05307,85.4641,309.95,60,VIIRS,2026-09-05,2010
21.98956,85.32646,305.55,60,VIIRS,2026-09-05,2010
21.93132,85.22147,310.59,60,VIIRS,2026-09-05,2010
21.92353,85.22436,317.76,60,VIIRS,2026-09-05,2010
21.85717,83.96687,309.54,60,VIIRS,2026-09-05,2010
21.92794,83.34996,295.74,60,VIIRS,2026-09-05,2010
21.81763,83.99536,305.71,60,VIIRS,2026-09-05,2010
21.9213,83.34872,300.73,60,VIIRS,2026-09-05,2010
21.80179,83.8933,302.5,60,VIIRS,2026-09-05,2010
21.77047,84.01955,310.59,60,VIIRS,2026-09-05,2010
21.09986,72.63612,301.42,60,VIIRS,2026-09-05,2010
21.76709,84.0189,322.11,60,VIIRS,2026-09-05,2010
21.76371,84.01826,312.38,60,VIIRS,2026-09-05,2010
21.75567,84.02476,307.75,60,VIIRS,2026-09-05,2010
21.07742,85.0393,310.86,60,VIIRS,2026-09-05,2010
20.95448,85.01337,301.26,60,VIIRS,2026-09-05,2010
20.88697,84.98214,310.44,60,VIIRS,2026-09-05,2010
20.80549,85.25647,303.08,60,VIIRS,2026-09-05,2010
20.79319,85.25151,303.43,60,VIIRS,2026-09-05,2010
22.3632,87.29877,315.58,60,VIIRS,2026-09-05,2010
20.78375,85.26329,308.54,60,VIIRS,2026-09-05,2010
21.33678,78.96844,304.58,60,VIIRS,2026-09-05,2010
20.69557,78.63858,312.01,60,VIIRS,2026-09-05,2010
21.1044,72.64349,308.08,60,VIIRS,2026-09-05,2010
21.10406,72.64688,311.77,60,VIIRS,2026-09-05,2010
23.78103,86.2099,326.33,60,VIIRS,2026-09-05,2010
23.73728,86.43386,331.03,60,VIIRS,2026-09-05,2010
23.77744,86.20918,311.4,60,VIIRS,2026-09-05,2010
23.77267,86.19411,301.46,60,VIIRS,2026-09-05,2010
23.77187,86.19864,303.1,60,VIIRS,2026-09-05,2010
23.71215,86.44777,312.63,60,VIIRS,2026-09-05,2010
23.71131,86.4524,319.92,60,VIIRS,2026-09-05,2010
23.71271,86.42383,309.43,60,VIIRS,2026-09-05,2010
23.70852,86.447,315.9,60,VIIRS,2026-09-05,2010
23.561,87.22893,310.94,60,VIIRS,2026-09-05,2010
23.56006,87.23399,310.14,60,VIIRS,2026-09-05,2010
23.55911,87.23907,315.09,60,VIIRS,2026-09-05,2010
23.56101,87.08167,312.78,60,VIIRS,2026-09-05,2010
23.68428,86.39372,330.86,60,VIIRS,2026-09-05,2010
23.68512,86.38915,307.59,60,VIIRS,2026-09-05,2010
23.67981,86.39758,312.26,60,VIIRS,2026-09-05,2010
23.67533,86.40147,321.76,60,VIIRS,2026-09-05,2010
23.67702,86.39223,309.54,60,VIIRS,2026-09-05,2010
23.67618,86.39684,314.98,60,VIIRS,2026-09-05,2010
23.75704,85.85133,309.4,60,VIIRS,2026-09-05,2010
23.75628,85.85568,308.78,60,VIIRS,2026-09-05,2010
23.75274,85.85497,307.17,60,VIIRS,2026-09-05,2010
23.69961,86.07338,323.47,60,VIIRS,2026-09-05,2010
23.78718,85.55292,309.71,60,VIIRS,2026-09-05,2010
23.77997,85.57357,300.83,60,VIIRS,2026-09-05,2010
23.68136,86.0927,329.91,60,VIIRS,2026-09-05,2010
23.68057,86.09719,326.49,60,VIIRS,2026-09-05,2010
23.67502,86.08669,313.97,60,VIIRS,2026-09-05,2010
23.74508,85.50452,300.71,60,VIIRS,2026-09-05,2010
24.20427,82.71069,306.37,60,VIIRS,2026-09-05,2010
23.55145,86.54217,304.01,60,VIIRS,2026-09-05,2010
24.14729,82.65858,302.08,60,VIIRS,2026-09-05,2010
24.13681,82.726,310.82,60,VIIRS,2026-09-05,2010
23.69731,85.35693,301.44,60,VIIRS,2026-09-05,2010
23.69513,85.36953,317.14,60,VIIRS,2026-09-05,2010
23.82782,84.57143,309.52,60,VIIRS,2026-09-05,2010
23.69505,85.28721,305.53,60,VIIRS,2026-09-05,2010
23.73929,85.01005,312.86,60,VIIRS,2026-09-05,2010
23.73718,85.02235,302.78,60,VIIRS,2026-09-05,2010
23.71806,85.00999,307.03,60,VIIRS,2026-09-05,2010
23.6678,84.99622,304.81,60,VIIRS,2026-09-05,2010
23.66368,84.99961,304.65,60,VIIRS,2026-09-05,2010
22.87283,88.21246,305.18,60,VIIRS,2026-09-05,2010
22.87173,86.06425,309.81,60,VIIRS,2026-09-05,2010
22.79769,86.20249,307.99,60,VIIRS,2026-09-05,2010
22.81455,86.08678,319.93,60,VIIRS,2026-09-05,2010
22.79125,86.19631,308.75,60,VIIRS,2026-09-05,2010
22.7896,86.20553,310.74,60,VIIRS,2026-09-05,2010
22.78679,86.20014,308.97,60,VIIRS,2026-09-05,2010
22.78233,86.20396,306.54,60,VIIRS,2026-09-05,2010
22.37877,87.28007,327.63,60,VIIRS,2026-09-05,2010
22.3749,87.27922,314.23,60,VIIRS,2026-09-05,2010
22.36707,87.29963,314.18,60,VIIRS,2026-09-05,2010
23.69411,87.12382,314.47,60,VIIRS,2026-09-05,2010
23.69594,87.0929,308.84,60,VIIRS,2026-09-05,2010
23.68659,87.12218,311.02,60,VIIRS,2026-09-05,2010
23.66499,87.15402,303.51,60,VIIRS,2026-09-05,2010
23.66405,87.15904,305.22,60,VIIRS,2026-09-05,2010
23.80522,86.3315,305.43,60,VIIRS,2026-09-05,2010
23.80162,86.33073,312.04,60,VIIRS,2026-09-05,2010
23.77989,86.38808,304.38,60,VIIRS,2026-09-05,2010
23.77627,86.38731,300.34,60,VIIRS,2026-09-05,2010
23.77898,86.38986,309.4,60,VIIRS,2026-09-05,2010
23.77909,86.34697,302.54,60,VIIRS,2026-09-05,2010
23.77583,86.36533,301.3,60,VIIRS,2026-09-05,2010
23.76927,86.40222,300.53,60,VIIRS,2026-09-05,2010
23.77222,86.36455,308.15,60,VIIRS,2026-09-05,2010
23.76565,86.40144,301.05,60,VIIRS,2026-09-05,2010
23.76483,86.40603,309.74,60,VIIRS,2026-09-05,2010
23.76203,86.40067,313.64,60,VIIRS,2026-09-05,2010
23.76121,86.40527,312.45,60,VIIRS,2026-09-05,2010
23.75841,86.3999,304.9,60,VIIRS,2026-09-05,2010
23.75759,86.4045,310.67,60,VIIRS,2026-09-05,2010
17.60359,83.20309,311.08,60,VIIRS,2026-09-05,2012
17.14211,77.18413,309.55,60,VIIRS,2026-09-05,2012
17.08061,79.32659,310.3,60,VIIRS,2026-09-05,2012
17.08116,79.32281,308.76,60,VIIRS,2026-09-05,2012
18.72084,79.53776,312.1,60,VIIRS,2026-09-05,2012
17.69201,83.24284,315.25,60,VIIRS,2026-09-05,2012
17.62253,83.19462,310.5,60,VIIRS,2026-09-05,2012
17.6104,83.20434,330.16,60,VIIRS,2026-09-05,2012
17.60699,83.20371,310.74,60,VIIRS,2026-09-05,2012
17.4632,80.65212,310.59,60,VIIRS,2026-09-05,2012
13.37448,78.87302,304.49,60,VIIRS,2026-09-05,2012
13.70996,79.61896,311.56,60,VIIRS,2026-09-05,2012
14.14932,77.59215,330.34,60,VIIRS,2026-09-05,2012
14.60506,78.52165,312.98,60,VIIRS,2026-09-05,2012
15.16609,76.37775,303.82,60,VIIRS,2026-09-05,2012
15.16922,76.38309,304.51,60,VIIRS,2026-09-05,2012
15.16989,76.37828,304.37,60,VIIRS,2026-09-05,2012
15.17192,76.66631,305.74,60,VIIRS,2026-09-05,2012
15.17387,76.65245,314.05,60,VIIRS,2026-09-05,2012
15.17172,76.69458,305.11,60,VIIRS,2026-09-05,2012
15.17237,76.68996,308.78,60,VIIRS,2026-09-05,2012
15.17434,76.67606,305.63,60,VIIRS,2026-09-05,2012
15.17696,76.65759,313.08,60,VIIRS,2026-09-05,2012
15.17761,76.65297,309.37,60,VIIRS,2026-09-05,2012
15.17808,76.67657,316.25,60,VIIRS,2026-09-05,2012
15.17873,76.67195,308.45,60,VIIRS,2026-09-05,2012
15.17502,76.65514,324.56,60,VIIRS,2026-09-05,2012
15.17375,76.6927,315.48,60,VIIRS,2026-09-05,2012
15.17563,76.67879,309.68,60,VIIRS,2026-09-05,2012
15.17626,76.67416,313.32,60,VIIRS,2026-09-05,2012
15.17876,76.65566,309.99,60,VIIRS,2026-09-05,2012
15.17999,76.67468,310.65,60,VIIRS,2026-09-05,2012
15.18312,76.65155,307.36,60,VIIRS,2026-09-05,2012
15.18124,76.66544,330.93,60,VIIRS,2026-09-05,2012
15.18623,76.65672,307.98,60,VIIRS,2026-09-05,2012
15.02176,78.01606,318.16,60,VIIRS,2026-09-05,2012
15.02234,78.01205,308.61,60,VIIRS,2026-09-05,2012
15.17379,77.10085,306.8,60,VIIRS,2026-09-05,2012
15.22446,76.76551,307.97,60,VIIRS,2026-09-05,2012
15.2251,76.76094,308.24,60,VIIRS,2026-09-05,2012
15.33358,76.28581,307.91,60,VIIRS,2026-09-05,2012
15.33241,76.28778,304.18,60,VIIRS,2026-09-05,2012
15.65958,73.99016,306.89,60,VIIRS,2026-09-05,2012
17.06219,76.97944,307.89,60,VIIRS,2026-09-05,2012
17.13967,77.17435,310.04,60,VIIRS,2026-09-05,2012
8.67761,77.63989,315.85,60,VIIRS,2026-09-05,2014
11.94986,76.94534,307.4,60,VIIRS,2026-09-05,2014
12.80543,77.43291,306.42,60,VIIRS,2026-09-05,2014
8.70224,78.05685,307.38,60,VIIRS,2026-09-05,2014
12.62565,79.78779,314.52,60,VIIRS,2026-09-05,2014
13.01668,77.74179,303.01,60,VIIRS,2026-09-05,2014
13.4158,75.98129,309.57,60,VIIRS,2026-09-05,2014
12.95159,79.9017,308.28,60,VIIRS,2026-09-05,2014
17.36847,75.56014,315.28,57,MODIS,2026-08-01,0400
12.3302,79.6273,324.87,75,MODIS,2026-08-01,0958
22.20941,84.86211,309.64,78,MODIS,2026-08-01,1452
23.78041,86.21564,307.05,70,MODIS,2026-08-01,2208
23.82097,84.57587,305.25,43,MODIS,2026-08-01,2208
21.19598,81.41913,306.22,67,MODIS,2026-08-01,2210
8.8271,78.08819,319.79,99,MODIS,2026-08-01,2212
8.76382,78.18868,306.42,29,MODIS,2026-08-01,2212
11.11728,79.25729,311.23,82,MODIS,2026-08-02,1526
14.08998,78.12283,307.09,70,MODIS,2026-08-02,1526
22.14031,72.23269,312.84,45,MODIS,2026-08-03,0336
20.96492,85.17709,313.15,66,MODIS,2026-08-03,0336
20.70657,78.62365,308.53,63,MODIS,2026-08-03,0336
24.0728,69.47696,326.64,80,MODIS,2026-08-03,1117
24.07264,69.48524,325.57,79,MODIS,2026-08-03,1117
19.38214,73.21275,310.99,38,MODIS,2026-08-04,0417
12.71933,79.76971,323.68,73,MODIS,2026-08-04,1013
15.81791,80.07101,314.91,61,MODIS,2026-08-05,0319
25.77991,73.69463,302.32,33,MODIS,2026-08-05,1550
25.94194,72.18545,327.96,100,MODIS,2026-08-05,1550
25.94331,72.19675,327.41,100,MODIS,2026-08-05,1550
21.10371,72.63623,313.8,46,MODIS,2026-08-06,0357
21.10234,72.64673,318.62,55,MODIS,2026-08-06,0357
32.31604,75.50876,315.29,65,MODIS,2026-08-06,0956
23.80373,86.32697,303,20,MODIS,2026-08-06,2159
23.78398,86.21463,304.81,62,MODIS,2026-08-06,2201
18.68888,73.03724,303.8,42,MODIS,2026-08-07,1529
25.94122,72.18837,306.15,62,MODIS,2026-08-07,1529
25.5813,88.02829,310.78,27,MODIS,2026-08-08,0334
14.77439,79.7958,319.09,73,MODIS,2026-08-08,0338
15.03625,79.52296,322.85,77,MODIS,2026-08-08,0338
14.14203,79.63628,315.78,68,MODIS,2026-08-08,0338
14.14062,79.6457,320.39,75,MODIS,2026-08-08,0338
13.7784,79.96626,311.74,56,MODIS,2026-08-08,0338
29.7293,78.01792,313.19,68,MODIS,2026-08-08,0934
23.6655,87.15344,305.73,65,MODIS,2026-08-08,1429
23.82487,84.56622,304.21,59,MODIS,2026-08-08,1429
27.9823,94.22334,309.47,55,MODIS,2026-08-09,0234
13.42697,79.838,324.03,73,MODIS,2026-08-09,1006
8.72471,77.55059,321.34,35,MODIS,2026-08-09,1006
21.75897,84.01004,311.92,48,MODIS,2026-08-09,1009
14.78337,79.71379,322.86,71,MODIS,2026-08-09,1009
14.01376,79.87423,323.21,73,MODIS,2026-08-09,1009
14.78999,79.70995,307.72,72,MODIS,2026-08-09,1507
23.76416,86.39351,305.61,59,MODIS,2026-08-09,1509
23.70047,86.06499,304.88,62,MODIS,2026-08-09,1509
20.96908,85.17149,310.03,69,MODIS,2026-08-09,2216
20.96554,85.19292,309.02,76,MODIS,2026-08-09,2216
20.79773,85.26044,310.19,79,MODIS,2026-08-09,2216
20.86819,84.9929,305.82,66,MODIS,2026-08-09,2216
20.97838,85.17325,306.62,24,MODIS,2026-08-09,2216
20.96732,85.18217,307.62,72,MODIS,2026-08-09,2216
9.71922,77.60041,317.27,95,MODIS,2026-08-09,2220
9.7178,77.61026,307.04,70,MODIS,2026-08-09,2220
9.72715,77.61228,319.43,99,MODIS,2026-08-09,2220
23.67943,86.39457,309.04,0,MODIS,2026-08-10,0315
23.78095,86.21029,307.3,48,MODIS,2026-08-10,0315
20.9624,86.01554,318.77,76,MODIS,2026-08-10,0317
21.17596,81.38583,312.35,0,MODIS,2026-08-10,0317
9.85237,78.15202,318.42,67,MODIS,2026-08-10,0319
9.71639,77.61003,315.73,54,MODIS,2026-08-10,0319
9.71811,77.59658,319.5,69,MODIS,2026-08-10,0319
24.98313,88.1963,315.95,34,MODIS,2026-08-10,0911
24.99324,88.19411,316.86,51,MODIS,2026-08-10,0911
18.55678,74.4977,302.96,52,MODIS,2026-08-10,1546
18.68412,73.0426,316.62,94,MODIS,2026-08-10,1546
29.45851,76.86754,302.22,48,MODIS,2026-08-10,2254
18.68211,73.04715,305.34,64,MODIS,2026-08-10,2257
17.95852,74.41457,313.98,67,MODIS,2026-08-11,0357
17.18415,78.51022,310.27,34,MODIS,2026-08-11,0357
17.68162,78.43327,309.31,47,MODIS,2026-08-11,0357
17.58746,78.50776,314.41,53,MODIS,2026-08-11,0357
17.57694,78.50587,311.75,41,MODIS,2026-08-11,0357
20.78662,85.25729,310.98,69,MODIS,2026-08-11,0947
21.75124,83.83923,315.53,65,MODIS,2026-08-11,0947
21.74252,83.8407,328.01,63,MODIS,2026-08-11,0947
16.57996,80.63852,323.8,74,MODIS,2026-08-11,0947
14.98004,79.39266,320.68,65,MODIS,2026-08-11,0947
14.98297,79.40968,319.32,59,MODIS,2026-08-11,0947
22.35292,82.29892,315.07,71,MODIS,2026-08-11,0949
25.77194,84.90147,318.88,39,MODIS,2026-08-11,0949
24.62771,79.08567,312.65,48,MODIS,2026-08-11,0949
21.91793,83.3487,317.95,72,MODIS,2026-08-11,0949
23.56334,87.23148,302.96,23,MODIS,2026-08-11,1448
20.76189,85.29624,301.86,28,MODIS,2026-08-11,1448
22.36693,87.29932,306.54,65,MODIS,2026-08-11,1448
23.66471,87.15631,306.24,39,MODIS,2026-08-11,1448
23.67728,86.39293,305.72,21,MODIS,2026-08-11,1448
23.68619,86.39152,305.41,15,MODIS,2026-08-11,1448
23.71334,86.45167,308.28,70,MODIS,2026-08-11,1448
23.6751,86.08691,306.68,45,MODIS,2026-08-11,1448
23.70034,86.07301,307.41,69,MODIS,2026-08-11,1448
23.76176,86.40361,308.31,45,MODIS,2026-08-11,1448
23.80784,86.32999,308.89,73,MODIS,2026-08-11,1448
23.79785,86.35374,306.42,29,MODIS,2026-08-11,2155
23.6694,87.16036,305.3,57,MODIS,2026-08-11,2155
23.77165,86.40636,308.17,11,MODIS,2026-08-11,2155
22.57858,85.89685,300.27,23,MODIS,2026-08-11,2155
21.19678,81.41888,305,60,MODIS,2026-08-11,2155
23.81025,86.33291,305.1,25,MODIS,2026-08-11,2155
23.6932,87.12224,307.1,66,MODIS,2026-08-11,2155
23.67997,86.39765,307.78,71,MODIS,2026-08-11,2155
23.76226,86.40489,309.98,45,MODIS,2026-08-11,2155
23.64706,85.4372,310.92,60,MODIS,2026-08-12,0256
23.6778,86.09553,315.33,45,MODIS,2026-08-12,0256
23.80658,86.33005,311.53,29,MODIS,2026-08-12,0256
8.17326,77.54286,313.69,59,MODIS,2026-08-12,1021
29.31806,74.34478,321.89,69,MODIS,2026-08-12,1028
9.65784,77.57097,306.64,30,MODIS,2026-08-12,1524
18.71037,74.45409,300.95,28,MODIS,2026-08-12,1526
10.49265,77.37737,307.26,71,MODIS,2026-08-12,2237
10.53207,77.49126,300.42,27,MODIS,2026-08-12,2237
9.48689,78.81081,322.56,71,MODIS,2026-08-14,1000
17.59928,80.63538,311.98,57,MODIS,2026-08-14,1002
15.64684,79.24468,321.02,65,MODIS,2026-08-14,1002
23.78196,86.21371,300.01,8,MODIS,2026-08-14,2210
23.77787,86.39138,315.41,66,MODIS,2026-08-15,0315
23.66339,87.15561,304.69,34,MODIS,2026-08-15,0315
28.15413,95.59835,316.37,70,MODIS,2026-08-15,0905
12.54404,76.30576,313.55,54,MODIS,2026-08-15,1038
18.57385,74.33808,305.18,63,MODIS,2026-08-15,1544
10.53775,77.21249,304.71,61,MODIS,2026-08-15,2252
11.48517,77.27206,315.72,70,MODIS,2026-08-16,0357
23.64414,85.43589,313.89,51,MODIS,2026-08-16,0941
23.82533,84.56892,304.3,59,MODIS,2026-08-16,1446
23.65186,85.43539,306.1,67,MODIS,2026-08-16,1446
23.80859,86.33223,300.89,17,MODIS,2026-08-16,2148
32.41187,75.7207,310.73,64,MODIS,2026-08-17,0429
8.68807,78.08659,316.71,73,MODIS,2026-08-17,1017
8.68674,78.0777,326.51,83,MODIS,2026-08-17,1017
9.88544,77.8684,328.88,80,MODIS,2026-08-17,1017
14.25446,79.73466,316.54,50,MODIS,2026-08-17,1017
13.83338,79.28583,307.83,29,MODIS,2026-08-17,1017
10.8723,78.80228,321.03,63,MODIS,2026-08-17,1017
10.41823,77.10679,314.83,66,MODIS,2026-08-17,1017
9.31276,77.37868,313.25,43,MODIS,2026-08-17,1017
12.69752,77.96246,304.24,59,MODIS,2026-08-17,1524
11.62409,77.01492,300.85,15,MODIS,2026-08-17,1524
15.17453,76.66125,301.91,30,MODIS,2026-08-17,1524
13.82752,79.28107,310.45,42,MODIS,2026-08-18,0334
9.79235,77.42022,314.26,50,MODIS,2026-08-18,0336
9.86454,77.70525,319.65,69,MODIS,2026-08-18,0336
8.64668,77.894,318.34,32,MODIS,2026-08-18,0336
8.73371,77.6069,372.48,100,MODIS,2026-08-19,0954
8.73011,77.58573,364.59,100,MODIS,2026-08-19,0954
20.96238,85.18019,318.32,71,MODIS,2026-08-19,0956
8.74178,77.60125,344.38,100,MODIS,2026-08-19,1501
8.73874,77.58217,313.39,85,MODIS,2026-08-19,1501
8.73739,77.58868,329.86,100,MODIS,2026-08-19,1501
8.74028,77.60776,335.78,100,MODIS,2026-08-19,1501
22.7938,86.20891,305.66,65,MODIS,2026-08-19,2203
22.36842,87.30238,306.33,59,MODIS,2026-08-19,2203
20.9731,86.00863,304.29,59,MODIS,2026-08-19,2203
20.95744,86.05356,306.56,68,MODIS,2026-08-19,2203
20.89182,84.98264,304.21,59,MODIS,2026-08-19,2203
20.762,85.29755,304.51,60,MODIS,2026-08-19,2203
22.38011,87.285,305.2,51,MODIS,2026-08-19,2203
23.76121,86.40679,304.56,61,MODIS,2026-08-19,2203
23.78065,86.21444,302.98,49,MODIS,2026-08-19,2203
23.73952,86.43232,301.57,23,MODIS,2026-08-19,2203
23.68121,86.4028,302.25,33,MODIS,2026-08-19,2203
8.75209,77.59518,306.91,68,MODIS,2026-08-19,2210
8.74962,77.61304,308.57,75,MODIS,2026-08-19,2210
8.73991,77.59354,307.15,49,MODIS,2026-08-19,2210
8.73745,77.61146,310.36,80,MODIS,2026-08-19,2210
23.68589,86.39312,307.59,0,MODIS,2026-08-20,0313
23.76769,86.40354,309.53,32,MODIS,2026-08-20,0313
23.7589,86.40206,310.28,43,MODIS,2026-08-20,0313
23.77794,86.20943,311.62,63,MODIS,2026-08-20,0313
23.71529,86.45361,311.13,59,MODIS,2026-08-20,0313
23.67621,86.08837,316.55,71,MODIS,2026-08-20,0313
22.5621,88.18186,313.61,63,MODIS,2026-08-20,0315
22.37899,87.28224,315.76,48,MODIS,2026-08-20,0315
22.36686,87.3009,313.65,37,MODIS,2026-08-20,0315
20.99708,86.01276,310.39,55,MODIS,2026-08-20,0315
20.97058,86.00843,313.13,63,MODIS,2026-08-20,0315
20.94733,86.04345,313.18,61,MODIS,2026-08-20,0315
20.94592,86.05294,312.7,62,MODIS,2026-08-20,0315
8.74104,77.59418,323.06,74,MODIS,2026-08-20,0317
8.73907,77.60947,324.51,76,MODIS,2026-08-20,0317
11.64482,79.12388,331.2,83,MODIS,2026-08-20,1032
8.73907,77.60104,308.76,74,MODIS,2026-08-20,1541
15.18186,76.6703,306.78,69,MODIS,2026-08-20,1544
26.83461,84.37882,311.95,59,MODIS,2026-08-21,0349
13.22234,77.77236,309.27,37,MODIS,2026-08-21,0353
18.68743,73.04137,310.21,0,MODIS,2026-08-21,0353
17.29645,78.43307,313.19,28,MODIS,2026-08-21,0353
12.66397,77.79389,310.24,53,MODIS,2026-08-21,0355
23.66924,86.08492,317.57,46,MODIS,2026-08-21,0934
23.64456,85.44167,312.17,43,MODIS,2026-08-21,0934
23.79782,86.32898,321.4,71,MODIS,2026-08-21,0934
23.75385,85.85823,312.4,58,MODIS,2026-08-21,0934
22.37679,87.27921,306.4,40,MODIS,2026-08-22,0253
9.28012,77.34354,323.16,38,MODIS,2026-08-22,1009
9.27859,77.33371,321.4,25,MODIS,2026-08-22,1009
10.49534,79.24933,319.01,60,MODIS,2026-08-22,1009
11.66759,78.67307,323.52,69,MODIS,2026-08-22,1009
11.66617,78.66376,335.69,86,MODIS,2026-08-22,1009
11.71475,78.68454,328.09,75,MODIS,2026-08-22,1009
11.7236,78.68299,321.27,63,MODIS,2026-08-22,1009
11.88612,79.33543,327.53,79,MODIS,2026-08-22,1009
12.25268,78.99024,321.58,44,MODIS,2026-08-22,1009
29.45206,76.86165,321.58,65,MODIS,2026-08-22,1015
30.46959,73.86306,319.25,46,MODIS,2026-08-22,1015
9.27866,77.32851,304.5,41,MODIS,2026-08-22,1522
9.65672,77.39232,320.45,100,MODIS,2026-08-22,1522
9.70019,77.43598,313.12,86,MODIS,2026-08-22,1522
15.17747,76.67934,314.5,89,MODIS,2026-08-22,1524
15.22705,76.75935,303.82,57,MODIS,2026-08-22,1524
21.10824,72.64632,301.91,13,MODIS,2026-08-22,1524
29.45829,76.86964,319.27,98,MODIS,2026-08-22,1526
29.45693,76.85818,311.35,78,MODIS,2026-08-22,1526
21.74885,83.85003,300.1,6,MODIS,2026-08-22,2220
21.75038,83.84035,302.77,45,MODIS,2026-08-22,2220
9.12686,77.60653,321.12,65,MODIS,2026-08-23,0334
10.95298,77.01509,308.89,53,MODIS,2026-08-23,0334
23.69333,87.12032,304.06,13,MODIS,2026-08-23,1427
32.39951,75.70441,311.52,17,MODIS,2026-08-24,0954
25.94186,72.1828,309.57,71,MODIS,2026-08-25,1544
25.94316,72.19324,325.59,100,MODIS,2026-08-25,1544
11.40139,77.46828,300.3,17,MODIS,2026-08-25,2240
12.75397,76.88705,309.63,63,MODIS,2026-08-26,0353
21.75373,83.84193,313.6,56,MODIS,2026-08-26,0928
20.8637,84.9892,307.93,66,MODIS,2026-08-26,1444
20.96287,86.01005,307.72,57,MODIS,2026-08-26,1444
20.95059,86.05023,307.47,59,MODIS,2026-08-26,1444
20.96317,85.17108,313.74,87,MODIS,2026-08-26,1444
20.96456,85.18073,310.58,79,MODIS,2026-08-26,1444
20.96594,85.19036,309.52,76,MODIS,2026-08-26,1444
20.97398,85.17289,313.08,86,MODIS,2026-08-26,1444
20.97351,85.18336,301.97,26,MODIS,2026-08-26,2138
29.65053,76.97887,303.85,57,MODIS,2026-08-26,2312
33.6073,77.7849,304.46,20,MODIS,2026-08-27,0427
9.38066,77.55781,319.37,34,MODIS,2026-08-27,1004
11.17951,78.23668,318.15,30,MODIS,2026-08-27,1004
21.74315,83.8423,314.86,50,MODIS,2026-08-27,1006
18.53371,74.40224,305.2,63,MODIS,2026-08-27,1522
18.58396,74.44306,309.16,77,MODIS,2026-08-27,1522
29.92134,74.95511,303.46,55,MODIS,2026-08-27,2212
16.065,79.70681,317.81,58,MODIS,2026-08-28,0332
15.33159,79.23282,316.58,59,MODIS,2026-08-28,0332
15.91515,79.33801,318.43,62,MODIS,2026-08-28,0332
16.02722,79.71971,321.31,65,MODIS,2026-08-28,0332
9.3496,77.55766,321,70,MODIS,2026-08-28,0334
8.94464,78.01625,321.99,72,MODIS,2026-08-28,0334
8.70993,77.97327,331.28,84,MODIS,2026-08-28,0334
10.14434,77.74384,330.28,79,MODIS,2026-08-28,0334
8.70113,77.97204,319.8,72,MODIS,2026-08-28,0334
11.24578,78.18089,316.5,63,MODIS,2026-08-28,0334
12.10217,76.99417,309.2,51,MODIS,2026-08-28,0334
13.82107,79.2636,321.69,59,MODIS,2026-08-28,0334
22.0128,85.49667,309.31,48,MODIS,2026-08-28,0907
22.02734,85.49293,309.65,52,MODIS,2026-08-28,0907
8.89478,77.84936,323.55,73,MODIS,2026-08-28,1043
15.17688,76.67044,301.97,43,MODIS,2026-08-28,2254
15.17881,76.65878,302.66,51,MODIS,2026-08-28,2254
22.36086,87.30412,310.17,55,MODIS,2026-08-30,0310
23.6914,87.11943,309.47,46,MODIS,2026-08-30,0310
23.75946,86.40434,308.56,0,MODIS,2026-08-30,0310
34.21593,75.06476,301.57,35,MODIS,2026-08-30,0444
13.83607,79.33176,316.14,63,MODIS,2026-08-30,1019
13.80798,79.26424,318.04,68,MODIS,2026-08-30,1019
13.81712,79.26302,316.18,41,MODIS,2026-08-30,1019
14.89212,79.23489,324.37,75,MODIS,2026-08-30,1019
21.10721,72.64541,315.5,50,MODIS,2026-08-30,1021
21.09762,72.64725,315.13,0,MODIS,2026-08-30,1021
30.44973,73.827,334.71,85,MODIS,2026-08-30,1024
18.66535,74.04346,308.12,74,MODIS,2026-08-30,1541
10.44773,77.48201,303.87,57,MODIS,2026-08-30,2231
9.26145,78.27647,325,79,MODIS,2026-08-31,0353
15.82576,79.85383,327.58,73,MODIS,2026-09-01,0958
14.59311,79.73858,320.28,67,MODIS,2026-09-01,0958
15.8293,79.84788,327.66,66,MODIS,2026-09-01,0958
15.82406,79.84303,322.78,50,MODIS,2026-09-01,0958
24.52235,75.94724,311.67,64,MODIS,2026-09-01,1002
9.58932,77.54208,306.04,63,MODIS,2026-09-01,1518
9.58157,77.5496,314.22,88,MODIS,2026-09-01,1518
9.57112,77.54124,310.81,67,MODIS,2026-09-01,1518
9.58024,77.54022,319.03,98,MODIS,2026-09-01,1518
18.56091,74.30686,300.84,34,MODIS,2026-09-01,1522
18.50253,74.20557,303.39,46,MODIS,2026-09-01,1522
18.49282,74.2073,306.6,69,MODIS,2026-09-01,1522
18.45231,74.41891,305.32,64,MODIS,2026-09-01,1522
18.454,74.43011,327.17,100,MODIS,2026-09-01,1522
17.95656,80.79465,313.96,70,MODIS,2026-09-02,0330
10.05997,77.48689,316.13,62,MODIS,2026-09-02,0332
10.77215,78.89324,326.07,74,MODIS,2026-09-02,0332
11.59171,77.2715,314.09,58,MODIS,2026-09-02,0332
12.25058,77.16926,311.24,53,MODIS,2026-09-02,0332
12.06543,79.60217,318.69,64,MODIS,2026-09-02,0332
14.75673,79.6914,319.24,70,MODIS,2026-09-02,0332
9.29323,77.48998,321.49,72,MODIS,2026-09-02,0334
8.39961,77.68332,325.75,77,MODIS,2026-09-02,0334
8.26962,77.61638,323.86,76,MODIS,2026-09-02,0334
12.09725,77.06553,316.63,54,MODIS,2026-09-02,1034
15.18183,76.66988,305.82,65,MODIS,2026-09-02,2246
15.18033,76.67941,304.8,27,MODIS,2026-09-02,2246
15.18333,76.66036,304.19,26,MODIS,2026-09-02,2246
27.3769,95.34052,309.74,46,MODIS,2026-09-03,0228
29.90999,74.94506,321.82,68,MODIS,2026-09-03,0406
29.9098,74.95193,314.59,60,MODIS,2026-09-03,0939
23.67901,86.394,318.19,0,MODIS,2026-09-03,0939
23.70473,86.44762,315.73,72,MODIS,2026-09-03,0939
23.73263,86.43703,313.69,54,MODIS,2026-09-03,0939
23.77018,86.20729,310.01,59,MODIS,2026-09-03,0939
23.76878,86.19783,310.67,62,MODIS,2026-09-03,0939
23.8012,86.33105,316.91,62,MODIS,2026-09-03,0939
20.79402,85.25333,309.46,77,MODIS,2026-09-03,1501
20.965,86.0109,315.98,92,MODIS,2026-09-03,1501
23.76543,86.40535,306.51,42,MODIS,2026-09-03,1501
23.76469,86.39982,309,53,MODIS,2026-09-03,1501
23.80301,86.32922,302.27,18,MODIS,2026-09-03,1501
23.76729,86.40344,305.8,51,MODIS,2026-09-03,2144
20.9705,85.17382,301.86,20,MODIS,2026-09-03,2144
23.77426,86.20771,313.6,66,MODIS,2026-09-04,0308
23.80202,86.32944,315.4,69,MODIS,2026-09-04,0308
23.76486,86.40143,321.42,77,MODIS,2026-09-04,0308
23.78305,86.20914,312.36,47,MODIS,2026-09-04,0308
23.75806,85.85587,312.45,49,MODIS,2026-09-04,0308
23.64901,85.4397,313.41,66,MODIS,2026-09-04,0308
20.9687,86.0076,317.58,72,MODIS,2026-09-04,0308
20.96736,86.01695,313.32,39,MODIS,2026-09-04,0308
20.9532,86.05294,314.46,61,MODIS,2026-09-04,0308
27.72401,94.38616,307.63,49,MODIS,2026-09-04,0839
9.13545,77.60182,325.89,72,MODIS,2026-09-04,1011
9.96503,77.89649,325.22,78,MODIS,2026-09-04,1011
15.17327,76.85405,316.02,35,MODIS,2026-09-04,1013
22.35558,82.3031,309.34,56,MODIS,2026-09-04,1017
25.93598,72.1917,324.63,66,MODIS,2026-09-04,1017
22.35515,82.29759,310.67,61,MODIS,2026-09-04,1017
29.90577,74.94418,318.27,35,MODIS,2026-09-04,1019
29.90727,74.95418,319.63,55,MODIS,2026-09-04,1019
27.38005,95.33138,305.95,65,MODIS,2026-09-04,1403
18.58028,74.33064,306.26,67,MODIS,2026-09-04,1539
18.579,74.32064,314.91,90,MODIS,2026-09-04,1539
23.16555,82.34685,300.22,22,MODIS,2026-09-04,2222
20.96161,85.18471,304.59,13,MODIS,2026-09-04,2225
20.7979,85.25365,308.23,59,MODIS,2026-09-04,2225
20.79331,85.25916,309.63,77,MODIS,2026-09-04,2225
15.18394,76.66965,303.16,54,MODIS,2026-09-04,2225
20.96352,85.17329,306.97,44,MODIS,2026-09-04,2225
21.74618,83.85062,309.2,33,MODIS,2026-09-04,2225
21.74775,83.8408,315.68,47,MODIS,2026-09-04,2225
21.76573,84.02293,304.68,61,MODIS,2026-09-04,2225
21.92732,83.35169,304.84,62,MODIS,2026-09-04,2225
20.9731,85.17515,311.21,66,MODIS,2026-09-04,2225
11.02083,77.72265,305.16,63,MODIS,2026-09-04,2227
21.75474,83.83316,310.14,48,MODIS,2026-09-05,0349
20.96987,85.16982,312.77,47,MODIS,2026-09-05,0349
19.02069,72.88979,307.93,27,MODIS,2026-09-05,0349
17.48004,78.90983,316.59,67,MODIS,2026-09-05,0349
17.4799,78.91657,314.32,54,MODIS,2026-09-05,0349
17.26519,78.77831,313.3,57,MODIS,2026-09-05,0349
14.92661,77.8449,316.67,56,MODIS,2026-09-05,0349
14.92483,77.85633,314.81,44,MODIS,2026-09-05,0349
12.66423,77.79878,314.29,59,MODIS,2026-09-05,0349
12.66614,77.79315,313.21,44,MODIS,2026-09-05,0349
12.58552,77.84337,312.88,57,MODIS,2026-09-05,0351
10.67079,77.68202,322.25,74,MODIS,2026-09-05,0351
21.10401,72.64534,321.77,0,MODIS,2026-09-05,1053
23.75722,86.4012,311.33,58,MODIS,2026-09-05,1442
23.78217,86.38734,309.78,36,MODIS,2026-09-05,1442
23.64939,85.4342,308.1,71,MODIS,2026-09-05,1442
23.77491,86.20368,308.21,71,MODIS,2026-09-05,1442
23.75558,85.85075,307.52,71,MODIS,2026-09-05,1442
23.8038,86.32922,313.77,88,MODIS,2026-09-05,1442
19.09957,82.16705,305.99,66,MODIS,2026-09-05,1442
19.09952,82.16135,303.18,47,MODIS,2026-09-05,1442
20.7972,85.2582,308.96,61,MODIS,2026-09-05,1442
20.96106,86.01121,308.39,26,MODIS,2026-09-05,1442
20.96986,86.00974,308.63,29,MODIS,2026-09-05,1442
20.86891,84.99461,312.43,80,MODIS,2026-09-05,1442
20.86742,84.98457,306.78,53,MODIS,2026-09-05,1442
20.88556,84.98139,309.56,69,MODIS,2026-09-05,1442
20.96239,85.18746,312.6,80,MODIS,2026-09-05,1442
20.96991,85.17601,314.66,86,MODIS,2026-09-05,1442
20.96843,85.16607,310.74,60,MODIS,2026-09-05,1442
21.07898,85.03888,308.45,65,MODIS,2026-09-05,1442
21.92078,83.35056,306.95,70,MODIS,2026-09-05,1442
23.66457,87.15462,309.22,73,MODIS,2026-09-05,1442
23.6827,86.40029,307.11,64,MODIS,2026-09-05,1442
23.67788,86.08374,307.01,33,MODIS,2026-09-05,1442
23.73484,86.43409,313.2,86,MODIS,2026-09-05,1442
23.70279,86.06985,312.32,83,MODIS,2026-09-05,1442
23.76597,86.39976,316.34,93,MODIS,2026-09-05,1442
18.6398,74.49281,301.97,46,MODIS,2026-09-05,2301
12.16273,79.51328,335.62,60,VIIRS,2026-08-01,0729
9.25059,78.28757,331.5,60,VIIRS,2026-08-01,0729
11.29512,79.7821,337.98,60,VIIRS,2026-08-01,0729
10.53246,79.23427,335.62,60,VIIRS,2026-08-01,0729
11.05063,79.35343,339.95,60,VIIRS,2026-08-01,0729
11.05169,79.3529,342.3,60,VIIRS,2026-08-01,0729
11.30795,78.57752,333.94,60,VIIRS,2026-08-01,0729
12.16129,79.51262,332.86,60,VIIRS,2026-08-01,0731
12.28848,79.43398,336.2,60,VIIRS,2026-08-01,0731
24.11647,86.8599,332.08,60,VIIRS,2026-08-01,0733
21.74885,83.84124,337.51,60,VIIRS,2026-08-01,0733
22.37792,87.2805,333.8,60,VIIRS,2026-08-01,0733
22.7971,86.2003,331.13,30,VIIRS,2026-08-01,0733
23.64927,85.44041,340,60,VIIRS,2026-08-01,0733
25.982,93.68969,342.01,60,VIIRS,2026-08-01,0733
23.75833,85.85569,332.89,30,VIIRS,2026-08-01,0733
23.78781,85.55238,330.66,30,VIIRS,2026-08-01,0733
21.67993,84.03944,333.65,30,VIIRS,2026-08-01,0733
21.7496,83.8456,335.9,60,VIIRS,2026-08-01,0733
21.74527,83.84196,341.54,30,VIIRS,2026-08-01,0733
31.01247,76.57536,295.38,60,VIIRS,2026-08-01,2000
22.32667,82.54604,296.31,60,VIIRS,2026-08-01,2002
24.11583,86.86163,314.57,60,VIIRS,2026-08-01,2002
23.80345,86.33042,297.73,60,VIIRS,2026-08-01,2002
23.79724,86.34898,299.93,60,VIIRS,2026-08-01,2002
23.79666,86.35281,297.36,60,VIIRS,2026-08-01,2002
23.75601,86.40481,297.49,60,VIIRS,2026-08-01,2002
23.78228,86.20873,301.5,60,VIIRS,2026-08-01,2002
23.77894,86.20814,299.39,60,VIIRS,2026-08-01,2002
23.77836,86.21198,301.64,60,VIIRS,2026-08-01,2002
23.66364,86.91719,306.08,60,VIIRS,2026-08-01,2002
23.83612,85.4694,308.06,60,VIIRS,2026-08-01,2002
23.63226,86.83409,302.57,60,VIIRS,2026-08-01,2002
21.18629,81.39201,303.54,60,VIIRS,2026-08-01,2002
21.18271,81.38761,302.58,60,VIIRS,2026-08-01,2002
21.33393,78.9678,307.82,60,VIIRS,2026-08-01,2002
20.70397,78.62037,303.12,60,VIIRS,2026-08-01,2002
20.69733,78.63657,303.71,60,VIIRS,2026-08-01,2002
23.82184,85.4957,311.16,60,VIIRS,2026-08-01,2002
23.68604,86.39225,309.34,60,VIIRS,2026-08-01,2002
23.68213,86.39546,303.37,60,VIIRS,2026-08-01,2002
23.75925,85.8541,298.83,60,VIIRS,2026-08-01,2002
23.6788,86.39487,297.19,60,VIIRS,2026-08-01,2002
23.67822,86.39868,298.17,60,VIIRS,2026-08-01,2002
23.75588,85.85352,306.39,60,VIIRS,2026-08-01,2002
23.5629,87.08395,309.67,60,VIIRS,2026-08-01,2002
23.68041,86.09647,306.91,60,VIIRS,2026-08-01,2002
23.67879,86.0843,307.51,60,VIIRS,2026-08-01,2002
23.67486,86.08758,303.38,60,VIIRS,2026-08-01,2002
23.7438,85.50382,304.15,60,VIIRS,2026-08-01,2002
23.73648,85.48212,305.54,60,VIIRS,2026-08-01,2002
23.69555,85.28658,307.46,60,VIIRS,2026-08-01,2002
23.65649,85.50642,309.43,60,VIIRS,2026-08-01,2002
23.67597,85.32473,303.55,60,VIIRS,2026-08-01,2002
23.64879,85.43953,324.61,60,VIIRS,2026-08-01,2002
23.64938,85.43553,314.88,60,VIIRS,2026-08-01,2002
23.64538,85.43893,323.94,60,VIIRS,2026-08-01,2002
23.1645,82.33836,304.63,60,VIIRS,2026-08-01,2002
22.3799,87.27829,303.78,60,VIIRS,2026-08-01,2002
22.3766,87.27768,325.56,60,VIIRS,2026-08-01,2002
22.37601,87.28139,314.12,60,VIIRS,2026-08-01,2002
22.36645,87.29871,303.72,60,VIIRS,2026-08-01,2002
22.36585,87.30242,312.71,60,VIIRS,2026-08-01,2002
22.36255,87.30181,310.9,60,VIIRS,2026-08-01,2002
22.35773,87.28947,308.72,60,VIIRS,2026-08-01,2002
22.36079,87.01614,308.55,60,VIIRS,2026-08-01,2002
22.24395,87.38752,304.81,60,VIIRS,2026-08-01,2002
22.33086,82.60378,300.67,60,VIIRS,2026-08-01,2002
22.35836,82.30158,308.46,60,VIIRS,2026-08-01,2002
22.32017,82.56593,302.71,60,VIIRS,2026-08-01,2002
22.3195,82.57103,297.42,60,VIIRS,2026-08-01,2002
22.31699,82.56023,305.32,60,VIIRS,2026-08-01,2002
20.97377,86.00666,309.01,60,VIIRS,2026-08-01,2002
20.96381,86.00493,307.5,60,VIIRS,2026-08-01,2002
20.95089,86.04455,297.51,60,VIIRS,2026-08-01,2002
21.38916,81.64533,307.65,60,VIIRS,2026-08-01,2002
21.37675,81.67848,305.17,60,VIIRS,2026-08-01,2002
21.37762,81.63985,304.99,60,VIIRS,2026-08-01,2002
20.76011,85.29779,296.28,60,VIIRS,2026-08-01,2002
21.19393,81.39698,309.9,60,VIIRS,2026-08-01,2002
21.18678,81.38819,307.31,60,VIIRS,2026-08-01,2002
11.28438,79.75117,315.05,60,VIIRS,2026-08-01,2004
11.65214,78.03033,304.86,60,VIIRS,2026-08-01,2004
17.13722,77.17518,302.76,60,VIIRS,2026-08-01,2004
11.80772,77.92508,305.82,60,VIIRS,2026-08-01,2004
11.81063,77.9237,307.7,60,VIIRS,2026-08-01,2004
11.17522,79.08694,307.05,60,VIIRS,2026-08-01,2006
8.82639,78.08728,349.32,60,VIIRS,2026-08-01,2006
8.75715,78.183,326.49,60,VIIRS,2026-08-01,2006
8.75772,78.17909,306.04,60,VIIRS,2026-08-01,2006
11.18186,79.0993,306.32,60,VIIRS,2026-08-01,2006
20.90794,71.4593,300.98,60,VIIRS,2026-08-01,2144
17.6107,83.20548,332.53,60,VIIRS,2026-08-02,0714
20.96841,85.17646,336.43,60,VIIRS,2026-08-02,0714
25.85723,93.33242,340.14,60,VIIRS,2026-08-02,0716
25.87871,93.3072,334.7,60,VIIRS,2026-08-02,0716
26.0261,93.54562,334.11,60,VIIRS,2026-08-02,0716
26.01458,93.35497,333.87,60,VIIRS,2026-08-02,0716
9.02032,77.84805,333.75,60,VIIRS,2026-08-02,0852
12.33321,79.90759,338.17,60,VIIRS,2026-08-02,0852
13.93082,77.46706,332.72,60,VIIRS,2026-08-02,0852
23.80479,86.32948,324.81,60,VIIRS,2026-08-02,1942
23.79827,86.34924,325.36,60,VIIRS,2026-08-02,1942
23.80063,86.3289,307.74,60,VIIRS,2026-08-02,1942
23.79779,86.35337,305.54,60,VIIRS,2026-08-02,1942
23.79365,86.35276,308.29,60,VIIRS,2026-08-02,1942
23.69447,87.12154,300.48,60,VIIRS,2026-08-02,1942
23.80343,86.33026,327.85,60,VIIRS,2026-08-02,1942
23.79679,86.34998,321.22,60,VIIRS,2026-08-02,1942
23.79628,86.3541,312.33,60,VIIRS,2026-08-02,1942
23.69368,87.10851,301.55,60,VIIRS,2026-08-02,1942
23.69229,87.11947,299.81,60,VIIRS,2026-08-02,1942
23.77936,86.38896,329.28,60,VIIRS,2026-08-02,1942
23.78135,86.37264,306.03,60,VIIRS,2026-08-02,1942
23.77886,86.39299,307.33,60,VIIRS,2026-08-02,1942
23.68833,87.11887,299.4,60,VIIRS,2026-08-02,1942
23.77571,86.38428,304.85,60,VIIRS,2026-08-02,1942
23.77522,86.38833,305.6,60,VIIRS,2026-08-02,1942
23.77406,86.36327,319.81,60,VIIRS,2026-08-02,1942
23.77356,86.36737,304.42,60,VIIRS,2026-08-02,1942
23.76912,86.40388,315.91,60,VIIRS,2026-08-02,1942
23.76498,86.40328,321.81,60,VIIRS,2026-08-02,1942
23.76448,86.40738,308.19,60,VIIRS,2026-08-02,1942
23.76085,86.40268,303.96,60,VIIRS,2026-08-02,1942
23.7799,86.20953,314.74,60,VIIRS,2026-08-02,1942
23.75622,86.40613,307.32,60,VIIRS,2026-08-02,1942
23.75063,86.41763,312.47,60,VIIRS,2026-08-02,1942
23.77303,86.19574,304.68,60,VIIRS,2026-08-02,1942
23.73631,86.43188,318.3,60,VIIRS,2026-08-02,1942
23.73582,86.43589,307.08,60,VIIRS,2026-08-02,1942
23.72297,86.4381,302.79,60,VIIRS,2026-08-02,1942
23.72077,86.42135,298.98,60,VIIRS,2026-08-02,1942
23.71837,86.44152,305.79,60,VIIRS,2026-08-02,1942
23.66153,86.91164,296.16,60,VIIRS,2026-08-02,1942
23.71329,86.44895,305.82,60,VIIRS,2026-08-02,1942
23.71281,86.45299,312.23,60,VIIRS,2026-08-02,1942
23.70696,86.43157,300.02,60,VIIRS,2026-08-02,1942
23.61413,86.78986,302.09,60,VIIRS,2026-08-02,1942
23.82626,84.92207,296.97,60,VIIRS,2026-08-02,1942
23.68204,86.09521,305.92,60,VIIRS,2026-08-02,1942
23.67882,86.08623,312.7,60,VIIRS,2026-08-02,1942
23.6746,86.08565,303.86,60,VIIRS,2026-08-02,1942
22.87305,88.21144,304.86,60,VIIRS,2026-08-02,1942
21.00018,86.02511,306.52,60,VIIRS,2026-08-02,1945
20.97161,86.02093,304.6,60,VIIRS,2026-08-02,1945
20.96753,86.02036,304.92,60,VIIRS,2026-08-02,1945
20.95197,86.04553,314.46,60,VIIRS,2026-08-02,1945
20.95151,86.04935,317,60,VIIRS,2026-08-02,1945
20.97597,85.16943,303.66,60,VIIRS,2026-08-02,1945
20.97545,85.1738,302.12,60,VIIRS,2026-08-02,1945
20.97579,85.13397,300.2,60,VIIRS,2026-08-02,1945
20.97114,85.17324,304.52,60,VIIRS,2026-08-02,1945
20.97062,85.17761,318.44,60,VIIRS,2026-08-02,1945
20.96889,85.15518,300.54,60,VIIRS,2026-08-02,1945
20.96734,85.16828,310.75,60,VIIRS,2026-08-02,1945
20.96683,85.17267,307.88,60,VIIRS,2026-08-02,1945
20.96631,85.17702,300.99,60,VIIRS,2026-08-02,1945
20.96579,85.18137,302.44,60,VIIRS,2026-08-02,1945
20.96528,85.1857,301.31,60,VIIRS,2026-08-02,1945
20.96477,85.18999,307.17,60,VIIRS,2026-08-02,1945
20.96354,85.16335,307.99,60,VIIRS,2026-08-02,1945
20.96303,85.16774,308.17,60,VIIRS,2026-08-02,1945
20.96251,85.17209,310.06,60,VIIRS,2026-08-02,1945
20.96097,85.18511,303.9,60,VIIRS,2026-08-02,1945
20.96047,85.18936,303.66,60,VIIRS,2026-08-02,1945
20.80839,85.255,307.23,60,VIIRS,2026-08-02,1945
20.79554,85.25333,323.82,60,VIIRS,2026-08-02,1945
20.78596,85.26057,314.14,60,VIIRS,2026-08-02,1945
20.76046,85.29165,306.03,60,VIIRS,2026-08-02,1945
20.75994,85.29595,305.51,60,VIIRS,2026-08-02,1945
19.09899,82.16546,306.23,60,VIIRS,2026-08-02,1945
19.09864,82.16866,302.78,60,VIIRS,2026-08-02,1945
17.61015,83.20491,306.46,60,VIIRS,2026-08-02,1945
17.60139,83.19848,306.19,60,VIIRS,2026-08-02,1945
17.46558,80.65414,306.05,60,VIIRS,2026-08-02,1945
15.17672,77.09852,300.82,60,VIIRS,2026-08-02,1947
29.47635,76.85744,313.34,60,VIIRS,2026-08-02,2123
29.45936,76.88863,301.32,60,VIIRS,2026-08-02,2123
24.93391,74.63229,300.31,60,VIIRS,2026-08-02,2125
29.12459,75.77742,305.13,60,VIIRS,2026-08-04,2044
20.91014,71.45751,296.94,60,VIIRS,2026-08-04,2046
24.9348,74.63297,303.67,60,VIIRS,2026-08-04,2046
24.76383,74.6097,310.94,60,VIIRS,2026-08-04,2046
17.95609,80.79395,298.78,60,VIIRS,2026-08-04,2049
9.47616,78.53864,335,60,VIIRS,2026-08-05,0756
9.11885,77.59209,351.96,60,VIIRS,2026-08-05,0756
9.62131,78.80132,347.9,60,VIIRS,2026-08-05,0756
9.7414,78.95979,331.18,60,VIIRS,2026-08-05,0756
9.56233,77.6048,340.82,60,VIIRS,2026-08-05,0756
9.76804,78.0972,337.65,60,VIIRS,2026-08-05,0756
9.87739,78.25546,330.53,60,VIIRS,2026-08-05,0756
9.88149,78.25475,333.28,60,VIIRS,2026-08-05,0756
9.96715,78.24461,347.06,60,VIIRS,2026-08-05,0756
10.0521,77.96274,331,60,VIIRS,2026-08-05,0756
10.10864,78.09402,341.61,60,VIIRS,2026-08-05,0756
10.21352,77.844,333.73,60,VIIRS,2026-08-05,0756
9.49282,78.58743,338.87,60,VIIRS,2026-08-05,0756
9.62481,78.86961,338.14,60,VIIRS,2026-08-05,0756
21.10476,72.64249,332.91,60,VIIRS,2026-08-05,0758
15.49071,76.92935,334.81,60,VIIRS,2026-08-05,0758
21.10591,72.6481,343.53,60,VIIRS,2026-08-05,0758
21.1036,72.63686,343.75,60,VIIRS,2026-08-05,0758
26.78024,72.00262,334.45,60,VIIRS,2026-08-05,0801
27.46189,95.4748,312.22,60,VIIRS,2026-08-05,1843
27.45947,95.47298,303.51,60,VIIRS,2026-08-05,1843
27.22297,95.34383,307.44,60,VIIRS,2026-08-05,1843
23.16576,82.3386,295.04,60,VIIRS,2026-08-05,2025
25.94643,72.18946,316.77,60,VIIRS,2026-08-05,2025
25.94612,72.1929,305.82,60,VIIRS,2026-08-05,2025
25.94124,72.18885,367,90,VIIRS,2026-08-05,2025
25.94093,72.19228,320.34,60,VIIRS,2026-08-05,2025
25.94155,72.18542,314.83,60,VIIRS,2026-08-05,2025
25.77749,73.70023,304.82,60,VIIRS,2026-08-05,2025
24.7634,74.60711,303.9,60,VIIRS,2026-08-05,2025
27.37853,95.08959,304.54,60,VIIRS,2026-08-05,2025
27.32435,95.27443,303.53,60,VIIRS,2026-08-05,2025
25.54031,91.23436,296.04,60,VIIRS,2026-08-05,2025
25.94674,72.18602,304.69,60,VIIRS,2026-08-05,2025
21.18328,81.38815,341.74,60,VIIRS,2026-08-05,2027
22.31735,82.56773,297.2,60,VIIRS,2026-08-05,2027
22.31869,82.55992,309.2,60,VIIRS,2026-08-05,2027
17.0624,76.98035,303.77,60,VIIRS,2026-08-05,2027
17.14041,77.1832,297.32,60,VIIRS,2026-08-05,2027
21.17995,81.38754,314.91,60,VIIRS,2026-08-05,2027
22.3214,82.56449,300.88,60,VIIRS,2026-08-05,2027
12.60402,77.88007,300.19,60,VIIRS,2026-08-05,2029
11.77638,78.05933,315.9,60,VIIRS,2026-08-05,2029
11.18289,79.10062,301.17,60,VIIRS,2026-08-05,2029
9.89198,78.10873,310.02,60,VIIRS,2026-08-05,2029
15.33476,76.28623,306.4,60,VIIRS,2026-08-05,2029
15.02261,78.01593,298.12,60,VIIRS,2026-08-05,2029
15.18135,76.66604,335.98,60,VIIRS,2026-08-05,2029
15.18018,76.67391,303.23,60,VIIRS,2026-08-05,2029
15.17612,76.67731,304.33,60,VIIRS,2026-08-05,2029
15.17377,76.69308,311.01,60,VIIRS,2026-08-05,2029
15.17558,76.6571,330.04,60,VIIRS,2026-08-05,2029
15.17617,76.65316,304.09,60,VIIRS,2026-08-05,2029
15.16628,76.67182,301.27,60,VIIRS,2026-08-05,2029
14.29199,77.75083,302.26,60,VIIRS,2026-08-05,2029
14.29144,77.75444,308,60,VIIRS,2026-08-05,2029
14.24024,76.98493,300.74,60,VIIRS,2026-08-05,2029
8.86704,78.12225,306.96,60,VIIRS,2026-08-05,2032
9.46912,78.57309,305.76,60,VIIRS,2026-08-05,2032
9.47245,78.57364,305.05,60,VIIRS,2026-08-05,2032
27.69931,96.24134,335.86,60,VIIRS,2026-08-06,0559
22.92897,70.10838,342.39,60,VIIRS,2026-08-06,0922
25.03371,87.36905,316.86,60,VIIRS,2026-08-06,2008
23.78112,86.37527,305.55,60,VIIRS,2026-08-06,2008
23.77868,86.3903,303.41,60,VIIRS,2026-08-06,2008
23.79362,86.2345,308.3,60,VIIRS,2026-08-06,2008
22.21637,84.86812,295.01,60,VIIRS,2026-08-06,2008
23.77788,86.20856,303.27,60,VIIRS,2026-08-06,2008
23.77308,86.19608,314.75,60,VIIRS,2026-08-06,2008
23.61129,87.14533,306.73,60,VIIRS,2026-08-06,2008
23.61562,86.78735,304.7,60,VIIRS,2026-08-06,2008
23.61498,86.79118,310.4,60,VIIRS,2026-08-06,2008
22.36742,87.01875,308.89,60,VIIRS,2026-08-06,2008
22.36406,87.0181,305.66,60,VIIRS,2026-08-06,2008
23.78118,86.20918,306.17,60,VIIRS,2026-08-06,2008
21.24483,79.22414,299.94,60,VIIRS,2026-08-06,2008
22.0551,85.4648,302.09,60,VIIRS,2026-08-06,2008
25.4376,86.06772,310.53,60,VIIRS,2026-08-06,2008
25.03714,87.38972,307.8,60,VIIRS,2026-08-06,2008
25.94364,72.19364,327.35,60,VIIRS,2026-08-06,2148
8.76202,78.18221,335.65,60,VIIRS,2026-08-07,0858
8.75627,78.18294,351.99,60,VIIRS,2026-08-07,0858
22.92664,70.10907,333.56,60,VIIRS,2026-08-07,0902
26.64386,79.47507,295.42,60,VIIRS,2026-08-07,1947
25.03565,87.36957,306.65,60,VIIRS,2026-08-07,1947
24.11618,86.85732,305.24,60,VIIRS,2026-08-07,1947
24.11555,86.86207,303.43,60,VIIRS,2026-08-07,1947
25.43726,86.06737,310.9,60,VIIRS,2026-08-07,1947
23.6634,84.99857,303.84,60,VIIRS,2026-08-07,1949
27.46227,95.47478,297.33,60,VIIRS,2026-08-07,1949
23.76804,86.40265,326.74,60,VIIRS,2026-08-07,1949
23.76739,86.40766,303.61,60,VIIRS,2026-08-07,1949
23.76556,86.39212,306.89,60,VIIRS,2026-08-07,1949
23.76427,86.40208,313.91,60,VIIRS,2026-08-07,1949
23.76362,86.40708,304.9,60,VIIRS,2026-08-07,1949
23.76051,86.40147,320.14,60,VIIRS,2026-08-07,1949
23.75105,86.41519,307.74,60,VIIRS,2026-08-07,1949
23.74098,86.43374,302.97,60,VIIRS,2026-08-07,1949
23.73722,86.43314,329.09,60,VIIRS,2026-08-07,1949
23.73785,86.4282,306.48,60,VIIRS,2026-08-07,1949
23.66795,86.93554,298.17,60,VIIRS,2026-08-07,1949
23.72468,86.44123,304.22,60,VIIRS,2026-08-07,1949
23.68906,86.38818,303.34,60,VIIRS,2026-08-07,1949
23.6884,86.39319,301.71,60,VIIRS,2026-08-07,1949
23.68464,86.39258,321.46,60,VIIRS,2026-08-07,1949
23.68398,86.39757,306.33,60,VIIRS,2026-08-07,1949
23.68087,86.39198,302.45,60,VIIRS,2026-08-07,1949
23.68022,86.39696,309.59,60,VIIRS,2026-08-07,1949
23.67646,86.39635,306.18,60,VIIRS,2026-08-07,1949
23.69792,85.28923,300.5,60,VIIRS,2026-08-07,1949
23.67205,84.99582,300.43,60,VIIRS,2026-08-07,1949
23.66748,84.99914,300.96,60,VIIRS,2026-08-07,1949
23.76534,86.40513,331.15,60,VIIRS,2026-08-08,0701
9.77946,77.68204,333.54,60,VIIRS,2026-08-08,0839
9.75537,77.6293,367,90,VIIRS,2026-08-08,0839
24.32291,72.46162,332.77,60,VIIRS,2026-08-08,0843
22.60662,70.24954,331.84,60,VIIRS,2026-08-08,0843
23.79314,86.35291,303.24,60,VIIRS,2026-08-08,1930
23.77949,86.38737,321.08,60,VIIRS,2026-08-08,1930
23.78107,86.37106,303.3,60,VIIRS,2026-08-08,1930
23.77917,86.39056,311.63,60,VIIRS,2026-08-08,1930
23.77692,86.36066,303.77,60,VIIRS,2026-08-08,1930
23.77661,86.36392,319.54,60,VIIRS,2026-08-08,1930
23.77151,86.3633,304.89,60,VIIRS,2026-08-08,1930
23.7681,86.39877,303.31,60,VIIRS,2026-08-08,1930
23.76778,86.40202,301.64,60,VIIRS,2026-08-08,1930
23.76302,86.39813,306.55,60,VIIRS,2026-08-08,1930
23.75794,86.39742,301.47,60,VIIRS,2026-08-08,1930
23.76022,86.39659,304.41,60,VIIRS,2026-08-08,1930
23.75988,86.39985,304.81,60,VIIRS,2026-08-08,1930
23.56486,87.08422,305.78,60,VIIRS,2026-08-08,1930
23.5617,87.08315,310.49,60,VIIRS,2026-08-08,1930
22.05452,88.1247,312.18,60,VIIRS,2026-08-08,1930
23.80587,86.32827,309,60,VIIRS,2026-08-08,1930
23.79856,86.35028,327.19,60,VIIRS,2026-08-08,1930
23.79887,86.34701,303.72,60,VIIRS,2026-08-08,1930
23.79824,86.35355,306.5,60,VIIRS,2026-08-08,1930
20.95013,86.04408,306.58,60,VIIRS,2026-08-08,1932
21.07961,85.03843,302.21,60,VIIRS,2026-08-08,1932
20.9495,86.05014,302.74,60,VIIRS,2026-08-08,1932
20.98516,85.13718,301.48,60,VIIRS,2026-08-08,1932
20.97623,85.17174,302.12,60,VIIRS,2026-08-08,1932
20.97055,85.1747,306.8,60,VIIRS,2026-08-08,1932
20.97019,85.17823,302.29,60,VIIRS,2026-08-08,1932
20.96631,85.1635,301.58,60,VIIRS,2026-08-08,1932
20.96523,85.17413,306.67,60,VIIRS,2026-08-08,1932
20.96451,85.18114,301.1,60,VIIRS,2026-08-08,1932
20.96416,85.18463,302.01,60,VIIRS,2026-08-08,1932
20.9638,85.18809,307.75,60,VIIRS,2026-08-08,1932
20.80865,85.25416,305.48,60,VIIRS,2026-08-08,1932
20.78687,85.25846,308.31,60,VIIRS,2026-08-08,1932
20.78619,85.2653,300.75,60,VIIRS,2026-08-08,1932
20.78739,85.2589,310.55,60,VIIRS,2026-08-08,1932
20.78667,85.26571,302.89,60,VIIRS,2026-08-08,1932
27.2877,73.83897,306.61,60,VIIRS,2026-08-08,2110
27.08046,73.81846,306.16,60,VIIRS,2026-08-08,2110
27.66929,76.13332,305.1,60,VIIRS,2026-08-08,2110
26.6441,79.47943,302.9,60,VIIRS,2026-08-08,2110
26.64085,79.47772,304.21,60,VIIRS,2026-08-08,2110
22.93194,69.69582,309.33,60,VIIRS,2026-08-08,2112
17.60958,83.20309,306.71,60,VIIRS,2026-08-08,2112
18.9562,73.94472,306.32,60,VIIRS,2026-08-08,2112
17.61204,83.20204,299.99,60,VIIRS,2026-08-08,2112
20.90929,71.46087,308.1,60,VIIRS,2026-08-08,2112
23.26628,70.25836,317.52,60,VIIRS,2026-08-08,2112
23.49982,68.57675,307.53,60,VIIRS,2026-08-08,2112
22.93524,69.69643,319.89,60,VIIRS,2026-08-08,2112
22.93406,69.70388,308.32,60,VIIRS,2026-08-08,2112
15.1377,76.70893,295.3,60,VIIRS,2026-08-08,2114
16.6483,74.31618,296.42,60,VIIRS,2026-08-08,2114
15.33485,76.28472,298.31,60,VIIRS,2026-08-08,2114
14.93187,78.341,300.72,60,VIIRS,2026-08-08,2114
15.18526,76.66817,296.14,60,VIIRS,2026-08-08,2114
15.18023,76.66703,301.02,60,VIIRS,2026-08-08,2114
15.17838,76.67624,301.88,60,VIIRS,2026-08-08,2114
15.17765,76.65363,315.04,60,VIIRS,2026-08-08,2114
15.17704,76.6567,307.58,60,VIIRS,2026-08-08,2114
15.17642,76.65977,295.23,60,VIIRS,2026-08-08,2114
9.75953,77.62386,309.37,60,VIIRS,2026-08-08,2114
27.95665,95.6004,329.31,30,VIIRS,2026-08-09,0644
9.88578,78.29712,347.52,60,VIIRS,2026-08-09,0820
8.89835,78.04342,335.75,60,VIIRS,2026-08-09,0820
8.90778,77.70798,331.91,60,VIIRS,2026-08-09,0820
9.27793,79.12687,335.7,60,VIIRS,2026-08-09,0820
9.23388,78.68824,333,60,VIIRS,2026-08-09,0820
9.23726,78.68773,340.37,60,VIIRS,2026-08-09,0820
9.25581,78.76631,338.32,60,VIIRS,2026-08-09,0820
9.25919,78.76579,331.52,60,VIIRS,2026-08-09,0820
9.30707,78.76228,334.15,60,VIIRS,2026-08-09,0820
9.40249,77.86951,344.04,60,VIIRS,2026-08-09,0820
9.50695,78.22846,338.61,60,VIIRS,2026-08-09,0820
9.55556,77.81236,341.93,60,VIIRS,2026-08-09,0820
9.65162,78.06435,337.75,60,VIIRS,2026-08-09,0820
9.83043,78.55554,330.15,60,VIIRS,2026-08-09,0820
9.80894,78.38943,336.39,60,VIIRS,2026-08-09,0820
9.88524,78.29355,335.89,60,VIIRS,2026-08-09,0820
10.70734,79.56654,347.98,60,VIIRS,2026-08-09,0820
10.8716,79.0443,352.09,60,VIIRS,2026-08-09,0820
10.96547,78.87568,336.29,60,VIIRS,2026-08-09,0820
10.9494,78.43846,338.87,60,VIIRS,2026-08-09,0820
15.86068,76.55389,333.95,60,VIIRS,2026-08-09,0822
13.35856,76.12586,335.1,60,VIIRS,2026-08-09,0822
14.49981,79.59328,337.67,60,VIIRS,2026-08-09,0822
15.26647,79.7698,336.78,60,VIIRS,2026-08-09,0822
15.05902,77.04708,337.61,60,VIIRS,2026-08-09,0822
15.57389,79.7675,335.75,60,VIIRS,2026-08-09,0822
15.11534,76.20264,343.73,60,VIIRS,2026-08-09,0822
15.58949,79.25832,343.05,60,VIIRS,2026-08-09,0822
15.6994,76.64658,338,60,VIIRS,2026-08-09,0822
15.94282,77.87696,333.12,60,VIIRS,2026-08-09,0822
13.35524,76.1264,334.62,60,VIIRS,2026-08-09,0822
15.86455,76.55697,336.54,60,VIIRS,2026-08-09,0822
15.86401,76.55335,341.33,60,VIIRS,2026-08-09,0822
16.28229,77.94062,332.97,60,VIIRS,2026-08-09,0822
11.19703,78.23231,336.41,60,VIIRS,2026-08-09,0822
16.93182,80.82512,334.89,60,VIIRS,2026-08-09,0822
16.87387,76.99135,331.58,60,VIIRS,2026-08-09,0822
16.87724,76.99081,333.41,60,VIIRS,2026-08-09,0822
12.07076,79.81661,338.9,60,VIIRS,2026-08-09,0822
12.71801,77.46906,339.87,60,VIIRS,2026-08-09,0822
21.74523,83.8415,357.33,30,VIIRS,2026-08-09,0824
21.74558,83.84499,348.88,60,VIIRS,2026-08-09,0824
23.72545,86.43877,303.96,60,VIIRS,2026-08-09,1913
23.7766,86.36593,303.26,60,VIIRS,2026-08-09,1913
23.77515,86.38584,302.55,60,VIIRS,2026-08-09,1913
23.73755,86.43457,301.63,60,VIIRS,2026-08-09,1913
23.72358,86.43977,304.84,60,VIIRS,2026-08-09,1913
23.67917,86.08173,308.47,60,VIIRS,2026-08-09,1913
23.67829,86.09538,303.21,60,VIIRS,2026-08-09,1913
23.679,86.08202,310.64,60,VIIRS,2026-08-09,1913
23.6142,86.78581,300.2,60,VIIRS,2026-08-09,1913
23.61382,86.79093,301.45,60,VIIRS,2026-08-09,1913
23.56024,87.23846,307.75,60,VIIRS,2026-08-09,1913
23.77668,86.38493,303.03,60,VIIRS,2026-08-09,1913
23.64419,85.44029,303.65,60,VIIRS,2026-08-09,1913
23.60814,85.67458,301.04,60,VIIRS,2026-08-09,1913
22.78946,86.20515,299.41,60,VIIRS,2026-08-09,1913
22.36279,87.01665,310.07,60,VIIRS,2026-08-09,1913
22.36856,87.01659,301.8,60,VIIRS,2026-08-09,1913
22.36211,87.01589,305.84,60,VIIRS,2026-08-09,1913
23.65178,85.43373,303.24,60,VIIRS,2026-08-09,1913
23.69268,87.12355,302.44,60,VIIRS,2026-08-09,1913
29.47577,76.85696,307.79,60,VIIRS,2026-08-09,2051
28.74297,76.93353,308.59,60,VIIRS,2026-08-09,2051
34.15973,77.6091,303.4,60,VIIRS,2026-08-09,2051
28.37205,77.22668,305.23,60,VIIRS,2026-08-09,2051
21.76204,83.84266,302.22,60,VIIRS,2026-08-09,2053
21.75613,83.84473,331.1,60,VIIRS,2026-08-09,2053
21.75689,83.84132,306.24,60,VIIRS,2026-08-09,2053
21.75098,83.84337,321.57,60,VIIRS,2026-08-09,2053
21.75174,83.83995,301.66,60,VIIRS,2026-08-09,2053
21.74584,83.84196,367,90,VIIRS,2026-08-09,2053
21.7466,83.83854,303.08,60,VIIRS,2026-08-09,2053
21.74508,83.84539,304.62,60,VIIRS,2026-08-09,2053
21.7407,83.84058,308.79,60,VIIRS,2026-08-09,2053
21.73995,83.84397,303.18,60,VIIRS,2026-08-09,2053
21.69786,84.03272,300.38,60,VIIRS,2026-08-09,2053
21.7454,83.84225,367,90,VIIRS,2026-08-09,2053
21.74613,83.83881,302.67,60,VIIRS,2026-08-09,2053
21.74466,83.84566,304.79,60,VIIRS,2026-08-09,2053
21.74026,83.84083,303.89,60,VIIRS,2026-08-09,2053
21.73952,83.84424,301.74,60,VIIRS,2026-08-09,2053
21.80161,82.04208,298.97,60,VIIRS,2026-08-09,2053
20.98613,85.13412,307.17,60,VIIRS,2026-08-09,2053
20.97851,85.16796,303.53,60,VIIRS,2026-08-09,2053
20.97757,85.17213,306.64,60,VIIRS,2026-08-09,2053
20.98047,85.13264,309.35,60,VIIRS,2026-08-09,2053
20.97952,85.13689,304.81,60,VIIRS,2026-08-09,2053
20.97097,85.17477,306.12,60,VIIRS,2026-08-09,2053
20.9672,85.16487,305.74,60,VIIRS,2026-08-09,2053
20.96626,85.16904,306.44,60,VIIRS,2026-08-09,2053
20.96531,85.17321,303.02,60,VIIRS,2026-08-09,2053
21.57739,82.02422,303.84,60,VIIRS,2026-08-09,2053
21.57567,82.02277,305.27,60,VIIRS,2026-08-09,2053
20.79585,85.25479,322.38,60,VIIRS,2026-08-09,2053
23.31598,70.48666,304.72,60,VIIRS,2026-08-09,2053
21.36524,81.67861,305.57,60,VIIRS,2026-08-09,2053
23.26503,70.2586,300.98,60,VIIRS,2026-08-09,2053
21.29874,81.60884,301.03,60,VIIRS,2026-08-09,2053
21.18384,81.38453,308.14,60,VIIRS,2026-08-09,2053
22.93463,69.69802,308.32,60,VIIRS,2026-08-09,2053
22.33633,69.86706,296.59,60,VIIRS,2026-08-09,2053
21.10748,72.64737,337.04,60,VIIRS,2026-08-09,2053
21.10862,72.63972,304.99,60,VIIRS,2026-08-09,2053
21.10805,72.64354,305.64,60,VIIRS,2026-08-09,2053
21.10411,72.6468,327.81,60,VIIRS,2026-08-09,2053
21.10583,72.63531,301.51,60,VIIRS,2026-08-09,2053
21.10468,72.64297,304.37,60,VIIRS,2026-08-09,2053
21.10246,72.63474,334.79,60,VIIRS,2026-08-09,2053
21.10189,72.63857,299.87,60,VIIRS,2026-08-09,2053
21.05607,72.85309,308.76,60,VIIRS,2026-08-09,2053
21.05272,72.85251,305.92,60,VIIRS,2026-08-09,2053
22.41452,69.03976,305.86,60,VIIRS,2026-08-09,2053
23.5636,87.24025,311.73,60,VIIRS,2026-08-09,2053
23.55756,87.23849,331.11,60,VIIRS,2026-08-09,2053
23.5581,87.23757,320.15,60,VIIRS,2026-08-09,2053
23.55688,87.24264,319.62,60,VIIRS,2026-08-09,2053
23.70715,86.07474,309.27,60,VIIRS,2026-08-09,2053
23.78739,85.55407,304.64,60,VIIRS,2026-08-09,2053
23.78459,85.56609,303.32,60,VIIRS,2026-08-09,2053
23.69682,85.37211,312.73,60,VIIRS,2026-08-09,2053
23.69139,85.37067,301.7,60,VIIRS,2026-08-09,2053
23.6982,85.36979,304.83,60,VIIRS,2026-08-09,2053
23.69277,85.36834,301.77,60,VIIRS,2026-08-09,2053
23.69188,85.37228,300.95,60,VIIRS,2026-08-09,2053
23.68279,85.36151,303.63,60,VIIRS,2026-08-09,2053
23.82163,84.57192,296.02,60,VIIRS,2026-08-09,2053
24.18504,82.65644,305.11,60,VIIRS,2026-08-09,2053
24.17704,82.64884,304.12,60,VIIRS,2026-08-09,2053
24.17747,82.65152,309.63,60,VIIRS,2026-08-09,2053
25.94221,72.19034,297.05,60,VIIRS,2026-08-09,2053
22.57261,85.8962,315.67,60,VIIRS,2026-08-09,2053
22.57268,85.89642,315.22,60,VIIRS,2026-08-09,2053
22.06459,83.70384,299.4,60,VIIRS,2026-08-09,2053
22.01604,83.75397,302.39,60,VIIRS,2026-08-09,2053
21.96346,83.77216,306.88,60,VIIRS,2026-08-09,2053
21.96713,83.77322,306.19,60,VIIRS,2026-08-09,2053
22.04151,83.35121,306,60,VIIRS,2026-08-09,2053
22.04084,83.35434,305.59,60,VIIRS,2026-08-09,2053
22.03652,83.35001,309.81,60,VIIRS,2026-08-09,2053
22.03585,83.35313,302.69,60,VIIRS,2026-08-09,2053
22.03518,83.35629,303.07,60,VIIRS,2026-08-09,2053
22.03383,83.36263,302.33,60,VIIRS,2026-08-09,2053
22.03315,83.36578,309.35,60,VIIRS,2026-08-09,2053
21.85959,83.96744,305.11,60,VIIRS,2026-08-09,2053
21.98326,83.23328,308.46,60,VIIRS,2026-08-09,2053
21.98404,83.23331,313.26,60,VIIRS,2026-08-09,2053
21.9223,83.35155,327.47,60,VIIRS,2026-08-09,2053
21.92497,83.3391,319.32,60,VIIRS,2026-08-09,2053
21.92297,83.34842,305.39,60,VIIRS,2026-08-09,2053
21.76745,84.01727,308.2,60,VIIRS,2026-08-09,2053
21.7667,84.02068,311.13,60,VIIRS,2026-08-09,2053
21.76148,84.01937,309.95,60,VIIRS,2026-08-09,2053
21.76073,84.02281,305.64,60,VIIRS,2026-08-09,2053
21.7555,84.02152,304.3,60,VIIRS,2026-08-09,2053
21.75475,84.02496,311.48,60,VIIRS,2026-08-09,2053
21.77686,83.8248,317.02,60,VIIRS,2026-08-09,2053
21.76645,83.84737,304.54,60,VIIRS,2026-08-09,2053
15.3384,76.28057,319.07,60,VIIRS,2026-08-09,2053
15.33398,76.28428,301.8,60,VIIRS,2026-08-09,2053
15.02215,78.01655,309.3,60,VIIRS,2026-08-09,2053
15.33284,76.24754,304.58,60,VIIRS,2026-08-09,2053
15.17859,77.10164,303.55,60,VIIRS,2026-08-09,2053
15.17477,77.1009,304.35,60,VIIRS,2026-08-09,2053
15.22696,76.76333,317.11,60,VIIRS,2026-08-09,2053
15.18752,76.65742,305.57,60,VIIRS,2026-08-09,2053
15.18005,76.65598,305.06,60,VIIRS,2026-08-09,2053
15.176,76.67924,303.56,60,VIIRS,2026-08-09,2053
15.17357,76.69316,307.58,60,VIIRS,2026-08-09,2053
15.17632,76.65526,316.1,60,VIIRS,2026-08-09,2053
15.17551,76.65991,309.43,60,VIIRS,2026-08-09,2053
15.17016,76.66847,305.37,60,VIIRS,2026-08-09,2053
9.71592,77.59735,333.99,60,VIIRS,2026-08-09,2055
9.7151,77.60211,318.67,60,VIIRS,2026-08-09,2055
9.71142,77.59763,326.39,60,VIIRS,2026-08-09,2055
9.71063,77.60217,307.3,60,VIIRS,2026-08-09,2055
20.86897,70.56341,304.13,60,VIIRS,2026-08-09,2055
18.95695,73.94106,304.84,60,VIIRS,2026-08-09,2055
18.68744,73.03105,310.64,60,VIIRS,2026-08-09,2055
18.68412,73.03049,310.97,60,VIIRS,2026-08-09,2055
10.41551,77.10945,320.29,60,VIIRS,2026-08-09,2055
9.725,77.60458,302.41,60,VIIRS,2026-08-09,2055
9.72415,77.60929,319.58,60,VIIRS,2026-08-09,2055
9.72057,77.60439,325.17,60,VIIRS,2026-08-09,2055
9.71971,77.60912,316.36,60,VIIRS,2026-08-09,2055
9.71691,77.59991,322.27,60,VIIRS,2026-08-09,2055
9.71238,77.60028,342.1,60,VIIRS,2026-08-09,2055
9.72325,77.60651,334.47,60,VIIRS,2026-08-09,2055
9.72244,77.61123,314.72,60,VIIRS,2026-08-09,2055
9.71963,77.60168,307.9,60,VIIRS,2026-08-09,2055
14.25999,80.11745,337.94,30,VIIRS,2026-08-10,0801
8.66499,77.87334,340.85,60,VIIRS,2026-08-10,0801
8.74038,77.72398,332.77,60,VIIRS,2026-08-10,0801
9.11507,77.54341,346.35,60,VIIRS,2026-08-10,0801
9.42565,78.80767,336.8,30,VIIRS,2026-08-10,0801
9.53488,78.5205,330.49,30,VIIRS,2026-08-10,0801
9.65848,78.09887,336.36,60,VIIRS,2026-08-10,0801
9.65751,78.09645,338.99,60,VIIRS,2026-08-10,0801
9.70958,77.59943,339.29,60,VIIRS,2026-08-10,0801
9.67706,77.40768,353.93,60,VIIRS,2026-08-10,0801
9.90223,78.1714,335.02,60,VIIRS,2026-08-10,0801
10.007,78.03323,355.73,60,VIIRS,2026-08-10,0801
10.40051,79.41708,346.89,60,VIIRS,2026-08-10,0801
11.73288,79.25768,339.42,60,VIIRS,2026-08-10,0801
12.09698,79.78356,346.95,60,VIIRS,2026-08-10,0801
12.56739,76.95238,341.37,60,VIIRS,2026-08-10,0801
13.99028,79.82359,345.75,60,VIIRS,2026-08-10,0801
14.61157,79.57929,331.31,30,VIIRS,2026-08-10,0803
14.41773,77.48374,336.38,30,VIIRS,2026-08-10,0803
14.78313,77.36995,333.51,30,VIIRS,2026-08-10,0803
15.17701,79.4042,335.91,30,VIIRS,2026-08-10,0803
15.29744,79.91622,336.62,30,VIIRS,2026-08-10,0803
15.31481,79.78688,339.73,30,VIIRS,2026-08-10,0803
15.66939,80.24091,340.92,60,VIIRS,2026-08-10,0803
15.73965,76.86564,333.53,60,VIIRS,2026-08-10,0803
16.6777,79.28349,334.32,30,VIIRS,2026-08-10,0803
17.95901,80.79624,331.58,60,VIIRS,2026-08-10,0803
19.81181,79.30586,333.62,60,VIIRS,2026-08-10,0803
27.46151,95.47781,305.79,60,VIIRS,2026-08-10,1851
27.31815,95.26571,306.66,60,VIIRS,2026-08-10,1851
27.22307,95.34376,308.54,60,VIIRS,2026-08-10,1851
27.22299,95.34394,307.29,60,VIIRS,2026-08-10,1851
26.77199,94.50657,307.07,60,VIIRS,2026-08-10,1851
23.76469,86.40427,304,60,VIIRS,2026-08-10,2032
23.74069,86.43222,303.33,60,VIIRS,2026-08-10,2032
23.73635,86.43119,309.38,60,VIIRS,2026-08-10,2032
23.74017,86.43353,305.53,60,VIIRS,2026-08-10,2032
23.73582,86.4325,307.8,60,VIIRS,2026-08-10,2032
23.71038,86.44572,303.13,60,VIIRS,2026-08-10,2032
23.6797,86.39513,304.13,60,VIIRS,2026-08-10,2032
23.67876,86.3997,302.17,60,VIIRS,2026-08-10,2032
23.75876,85.85487,306.85,60,VIIRS,2026-08-10,2032
23.75457,85.85389,308.66,60,VIIRS,2026-08-10,2032
23.82257,85.49671,308.19,60,VIIRS,2026-08-10,2032
23.82469,85.49886,307.93,60,VIIRS,2026-08-10,2032
23.75578,85.85191,315.07,60,VIIRS,2026-08-10,2032
23.78816,85.55405,308.19,60,VIIRS,2026-08-10,2032
23.78163,85.56542,310.99,60,VIIRS,2026-08-10,2032
23.78002,85.57363,308.17,60,VIIRS,2026-08-10,2032
23.74609,85.50594,304.91,60,VIIRS,2026-08-10,2032
23.69766,85.37018,304.92,60,VIIRS,2026-08-10,2034
23.69358,85.36925,320.89,60,VIIRS,2026-08-10,2034
23.69617,85.29114,313.71,60,VIIRS,2026-08-10,2034
23.73882,85.00931,304.21,60,VIIRS,2026-08-10,2034
23.73657,85.02082,306.38,60,VIIRS,2026-08-10,2034
23.73483,85.00838,303.67,60,VIIRS,2026-08-10,2034
23.72211,85.0095,304.33,60,VIIRS,2026-08-10,2034
23.71813,85.00859,304.69,60,VIIRS,2026-08-10,2034
22.87322,86.06417,311.97,60,VIIRS,2026-08-10,2034
22.79259,86.1953,306,60,VIIRS,2026-08-10,2034
22.79967,86.0918,312.26,60,VIIRS,2026-08-10,2034
20.86561,84.9946,308.58,60,VIIRS,2026-08-10,2034
20.86225,84.98945,303.1,60,VIIRS,2026-08-10,2034
20.86698,84.99238,305.69,60,VIIRS,2026-08-10,2034
20.86358,84.98724,310.48,60,VIIRS,2026-08-10,2034
19.96435,79.33541,308.94,60,VIIRS,2026-08-10,2034
18.71994,79.53657,309.87,60,VIIRS,2026-08-10,2034
18.71598,79.53969,307.68,60,VIIRS,2026-08-10,2034
9.90036,77.68868,330.49,60,VIIRS,2026-08-10,2038
9.89699,77.68813,321.31,60,VIIRS,2026-08-10,2038
9.72326,77.61427,303.75,60,VIIRS,2026-08-10,2038
9.71671,77.59083,305.73,60,VIIRS,2026-08-10,2038
9.70653,77.58966,309.63,60,VIIRS,2026-08-10,2038
9.70315,77.58917,344.88,60,VIIRS,2026-08-10,2038
9.53022,77.44653,342.64,60,VIIRS,2026-08-10,2038
9.52966,77.44995,337.96,60,VIIRS,2026-08-10,2038
9.52627,77.44958,320.1,60,VIIRS,2026-08-10,2038
9.52684,77.44609,315.95,60,VIIRS,2026-08-10,2038
9.28078,77.39169,329.87,60,VIIRS,2026-08-10,2038
9.20653,77.49845,310.68,60,VIIRS,2026-08-10,2038
8.69899,78.05886,316.48,60,VIIRS,2026-08-10,2038
28.06321,95.35553,327.28,60,VIIRS,2026-08-11,0608
9.16179,77.91492,341.92,60,VIIRS,2026-08-11,0741
10.83465,78.6193,340.31,60,VIIRS,2026-08-11,0744
10.93614,78.50137,334.18,60,VIIRS,2026-08-11,0744
10.93295,78.50113,335,60,VIIRS,2026-08-11,0744
11.65238,79.1266,341.69,60,VIIRS,2026-08-11,0744
12.29835,78.21772,331.88,60,VIIRS,2026-08-11,0744
13.35804,80.23712,330.27,60,VIIRS,2026-08-11,0744
13.36924,80.1537,333.26,60,VIIRS,2026-08-11,0744
13.46839,79.86543,330.21,60,VIIRS,2026-08-11,0744
14.28755,77.5889,332.14,60,VIIRS,2026-08-11,0744
14.65185,79.52352,335.67,60,VIIRS,2026-08-11,0744
14.20572,76.8857,333.73,60,VIIRS,2026-08-11,0744
14.72405,79.54469,336.35,60,VIIRS,2026-08-11,0744
14.79489,79.71674,341.48,60,VIIRS,2026-08-11,0744
14.8896,79.33846,330.6,60,VIIRS,2026-08-11,0744
14.8567,76.95497,347.51,60,VIIRS,2026-08-11,0744
14.85612,76.95194,333.96,60,VIIRS,2026-08-11,0744
14.92106,76.83829,333.55,60,VIIRS,2026-08-11,0744
15.56061,79.96441,331.98,60,VIIRS,2026-08-11,0744
15.50542,79.54381,333.42,60,VIIRS,2026-08-11,0744
15.28784,78.3216,333.38,60,VIIRS,2026-08-11,0744
15.61035,79.47829,333.92,60,VIIRS,2026-08-11,0744
15.74237,79.7478,367,90,VIIRS,2026-08-11,0744
15.82722,80.0759,337.76,60,VIIRS,2026-08-11,0744
15.76487,79.08978,335.82,60,VIIRS,2026-08-11,0744
16.18703,79.21886,341.68,60,VIIRS,2026-08-11,0744
16.19199,79.22189,337.02,60,VIIRS,2026-08-11,0744
16.1912,79.21764,333.73,60,VIIRS,2026-08-11,0744
16.58509,80.65373,351.25,60,VIIRS,2026-08-11,0744
17.03344,80.86896,330.45,60,VIIRS,2026-08-11,0744
17.14975,80.77999,336.15,60,VIIRS,2026-08-11,0744
17.07935,79.29828,343.28,60,VIIRS,2026-08-11,0744
23.67661,86.40046,339.43,60,VIIRS,2026-08-11,0746
23.67603,86.39613,332.7,60,VIIRS,2026-08-11,0746
23.68312,86.39497,337.76,60,VIIRS,2026-08-11,0746
23.68666,86.39442,331.94,60,VIIRS,2026-08-11,0746
23.70852,86.44854,331.98,60,VIIRS,2026-08-11,0746
23.71266,86.45232,345.01,60,VIIRS,2026-08-11,0746
23.73859,86.43661,336.81,60,VIIRS,2026-08-11,0746
23.73802,86.43224,335.93,60,VIIRS,2026-08-11,0746
23.75939,86.4022,334.36,60,VIIRS,2026-08-11,0746
23.76351,86.40594,335.54,60,VIIRS,2026-08-11,0746
23.7795,86.39009,336.13,60,VIIRS,2026-08-11,0746
23.79607,86.3521,334.26,60,VIIRS,2026-08-11,0746
23.82317,85.4987,331.16,30,VIIRS,2026-08-11,0746
23.8239,84.57516,338.45,60,VIIRS,2026-08-11,0746
23.82334,84.57131,337.01,60,VIIRS,2026-08-11,0746
26.85012,90.44472,330.6,60,VIIRS,2026-08-11,0748
27.24553,88.29237,340.22,60,VIIRS,2026-08-11,0748
21.92939,85.21943,299.69,60,VIIRS,2026-08-11,2014
21.80238,82.03889,309.42,60,VIIRS,2026-08-11,2014
21.80074,85.56535,300.14,60,VIIRS,2026-08-11,2014
21.9254,85.22261,321.36,60,VIIRS,2026-08-11,2014
28.65111,77.58927,306.15,60,VIIRS,2026-08-11,2014
28.6487,77.58789,307.21,60,VIIRS,2026-08-11,2014
28.34927,77.25589,306.44,60,VIIRS,2026-08-11,2014
25.54239,91.23597,308.27,60,VIIRS,2026-08-11,2014
26.75969,83.19914,312.73,60,VIIRS,2026-08-11,2014
24.3549,93.26946,304.35,60,VIIRS,2026-08-11,2014
25.03586,87.38855,313.95,60,VIIRS,2026-08-11,2014
25.03476,87.37252,307.52,60,VIIRS,2026-08-11,2014
24.1188,86.86226,307.85,60,VIIRS,2026-08-11,2014
24.11607,86.85741,307.05,60,VIIRS,2026-08-11,2014
24.11535,86.86154,313.02,60,VIIRS,2026-08-11,2014
23.8033,86.32986,309.99,60,VIIRS,2026-08-11,2014
23.79478,86.2345,306.62,60,VIIRS,2026-08-11,2014
23.78123,86.21118,326.79,60,VIIRS,2026-08-11,2014
23.77852,86.20654,308.56,60,VIIRS,2026-08-11,2014
23.77784,86.21052,307.26,60,VIIRS,2026-08-11,2014
23.77445,86.20985,308.54,60,VIIRS,2026-08-11,2014
23.7731,86.19726,315.9,60,VIIRS,2026-08-11,2014
23.68299,86.394,304.58,60,VIIRS,2026-08-11,2014
23.67889,86.39733,301.55,60,VIIRS,2026-08-11,2014
23.67658,86.39417,300.57,60,VIIRS,2026-08-11,2014
23.6759,86.3982,309.38,60,VIIRS,2026-08-11,2014
23.67521,86.40223,303.92,60,VIIRS,2026-08-11,2014
23.75737,85.85403,315.63,60,VIIRS,2026-08-11,2014
23.75401,85.85337,315.37,60,VIIRS,2026-08-11,2014
23.48925,87.36892,304.39,60,VIIRS,2026-08-11,2014
23.70697,86.07074,330.69,60,VIIRS,2026-08-11,2014
23.7063,86.07467,310.76,60,VIIRS,2026-08-11,2014
23.7036,86.07006,312.66,60,VIIRS,2026-08-11,2014
23.70293,86.07401,307.24,60,VIIRS,2026-08-11,2014
23.78698,85.55224,318.72,60,VIIRS,2026-08-11,2014
23.78109,85.56696,310.23,60,VIIRS,2026-08-11,2014
23.77981,85.57465,309.27,60,VIIRS,2026-08-11,2014
23.68405,86.08242,327.32,60,VIIRS,2026-08-11,2014
23.68203,86.09425,324.49,60,VIIRS,2026-08-11,2014
23.68136,86.0982,302.28,60,VIIRS,2026-08-11,2014
23.67662,86.08499,323.01,60,VIIRS,2026-08-11,2014
23.67595,86.08894,305.32,60,VIIRS,2026-08-11,2014
23.66853,86.09152,305.9,60,VIIRS,2026-08-11,2014
23.74338,85.50407,303.06,60,VIIRS,2026-08-11,2014
23.82754,84.57332,306.58,60,VIIRS,2026-08-11,2014
23.82424,84.57269,322.48,60,VIIRS,2026-08-11,2014
23.82094,84.57207,306.88,60,VIIRS,2026-08-11,2014
23.64886,85.43839,329.68,60,VIIRS,2026-08-11,2014
23.6495,85.43458,305,60,VIIRS,2026-08-11,2014
23.64823,85.44222,304.68,60,VIIRS,2026-08-11,2014
23.64553,85.43775,308.94,60,VIIRS,2026-08-11,2014
22.87343,86.06207,310.08,60,VIIRS,2026-08-11,2014
22.81718,86.085,303.35,60,VIIRS,2026-08-11,2014
22.79735,86.20081,302.57,60,VIIRS,2026-08-11,2014
22.79597,86.20885,300.74,60,VIIRS,2026-08-11,2014
22.79393,86.20012,299.38,60,VIIRS,2026-08-11,2014
22.79186,86.21217,300.15,60,VIIRS,2026-08-11,2014
22.79121,86.19544,334.83,60,VIIRS,2026-08-11,2014
22.81786,86.03994,299.89,60,VIIRS,2026-08-11,2014
22.8097,86.08765,306.51,60,VIIRS,2026-08-11,2014
22.78914,86.20744,300.76,60,VIIRS,2026-08-11,2014
22.80221,86.09029,314.38,60,VIIRS,2026-08-11,2014
22.79881,86.0896,305.07,60,VIIRS,2026-08-11,2014
22.36769,87.30388,313.1,60,VIIRS,2026-08-11,2014
22.36491,87.29871,313.98,60,VIIRS,2026-08-11,2014
22.36411,87.30314,311.38,60,VIIRS,2026-08-11,2014
22.24713,87.38735,319.68,60,VIIRS,2026-08-11,2014
22.38987,85.77188,300.14,60,VIIRS,2026-08-11,2014
22.21289,84.86283,304.32,60,VIIRS,2026-08-11,2014
22.20957,84.86221,304.71,60,VIIRS,2026-08-11,2014
21.96887,85.31376,299,60,VIIRS,2026-08-11,2014
15.17621,77.1011,309.63,60,VIIRS,2026-08-11,2017
10.93105,77.06483,305.29,60,VIIRS,2026-08-11,2017
10.61676,77.42188,305.01,60,VIIRS,2026-08-11,2017
9.53687,77.45146,318.31,60,VIIRS,2026-08-11,2017
9.52184,77.45166,305.29,60,VIIRS,2026-08-11,2017
21.30995,81.5898,296.74,60,VIIRS,2026-08-11,2017
21.24532,81.77042,304.8,60,VIIRS,2026-08-11,2017
17.95764,80.79329,312.94,60,VIIRS,2026-08-11,2017
17.95707,80.7972,311.76,60,VIIRS,2026-08-11,2017
17.46195,80.6544,308.67,60,VIIRS,2026-08-11,2017
17.02991,81.78046,305.16,60,VIIRS,2026-08-11,2017
15.02405,78.01597,311.37,60,VIIRS,2026-08-11,2017
13.39368,80.10179,304.89,60,VIIRS,2026-08-11,2019
12.74482,77.6194,297.44,60,VIIRS,2026-08-11,2019
13.8981,76.56383,304.39,60,VIIRS,2026-08-11,2019
21.74449,83.84071,331,60,VIIRS,2026-08-12,0729
26.32264,87.24606,332.6,60,VIIRS,2026-08-12,0729
21.74932,83.8451,334.46,60,VIIRS,2026-08-12,0729
23.66504,87.15353,337.81,30,VIIRS,2026-08-12,0729
23.16594,82.33984,329.58,60,VIIRS,2026-08-12,0729
8.9007,77.85759,353.63,60,VIIRS,2026-08-12,0905
9.03714,77.75275,343,60,VIIRS,2026-08-12,0905
9.07997,77.74262,336.58,60,VIIRS,2026-08-12,0905
8.72601,77.55209,336.48,60,VIIRS,2026-08-12,0905
9.08511,77.74313,336.57,60,VIIRS,2026-08-12,0905
9.39776,78.73965,354.56,60,VIIRS,2026-08-12,0905
9.39539,78.73707,344.08,60,VIIRS,2026-08-12,0905
9.40201,78.73626,338.73,60,VIIRS,2026-08-12,0905
8.72599,77.55264,335.39,60,VIIRS,2026-08-12,0905
8.89707,77.86404,335.18,60,VIIRS,2026-08-12,0905
8.90267,77.85844,353.95,60,VIIRS,2026-08-12,0905
26.64153,79.47498,306.13,60,VIIRS,2026-08-12,1953
27.60436,95.40337,306.69,60,VIIRS,2026-08-12,1953
24.20536,82.71243,303.22,60,VIIRS,2026-08-12,1955
24.16736,82.62198,297.19,60,VIIRS,2026-08-12,1955
25.03583,87.3895,312.2,60,VIIRS,2026-08-12,1955
22.35942,82.30392,302.34,60,VIIRS,2026-08-12,1955
22.0304,83.36609,295.62,60,VIIRS,2026-08-12,1955
22.00658,82.66907,298.55,60,VIIRS,2026-08-12,1955
21.92072,83.35049,306.51,60,VIIRS,2026-08-12,1955
21.37776,81.68217,305.45,60,VIIRS,2026-08-12,1955
21.33618,78.96775,312.5,60,VIIRS,2026-08-12,1955
21.24792,79.20891,303.12,60,VIIRS,2026-08-12,1955
21.24658,79.22227,299.72,60,VIIRS,2026-08-12,1955
21.24105,79.22495,300.81,60,VIIRS,2026-08-12,1955
21.2409,79.22372,299.56,60,VIIRS,2026-08-12,1955
10.94384,76.3857,301.34,60,VIIRS,2026-08-12,2000
10.92167,78.51196,310.24,60,VIIRS,2026-08-12,2000
10.94375,76.38715,297.97,60,VIIRS,2026-08-12,2000
31.25882,76.92647,304.8,60,VIIRS,2026-08-12,2133
26.64242,79.48309,313.16,60,VIIRS,2026-08-12,2133
26.64256,79.48462,310.31,60,VIIRS,2026-08-12,2133
23.73618,86.43395,332.8,60,VIIRS,2026-08-13,0707
23.73811,86.43422,333.43,60,VIIRS,2026-08-13,0707
23.77803,86.38847,329.59,60,VIIRS,2026-08-13,0707
23.80264,86.33192,330.43,60,VIIRS,2026-08-13,0707
27.75595,96.12046,342.54,60,VIIRS,2026-08-13,0709
27.95328,94.17912,333.1,60,VIIRS,2026-08-13,0709
28.2101,95.63686,331.73,60,VIIRS,2026-08-13,0709
8.76691,77.69192,337.11,60,VIIRS,2026-08-13,0845
9.47122,78.82121,336.94,60,VIIRS,2026-08-13,0845
9.67933,78.15241,343.29,60,VIIRS,2026-08-13,0845
10.16619,78.93098,335.29,60,VIIRS,2026-08-13,0845
10.77735,79.65633,351.27,60,VIIRS,2026-08-13,0845
11.04338,78.72183,330.37,60,VIIRS,2026-08-13,0845
11.54044,79.12389,339.14,60,VIIRS,2026-08-13,0845
23.75298,86.41855,298.67,60,VIIRS,2026-08-13,1936
23.75365,86.41747,297.17,60,VIIRS,2026-08-13,1936
23.74908,86.41685,296.97,60,VIIRS,2026-08-13,1936
23.73823,86.43073,298.21,60,VIIRS,2026-08-13,1936
22.06728,88.11946,323.97,60,VIIRS,2026-08-13,1938
22.06327,88.11887,332.34,60,VIIRS,2026-08-13,1938
22.06281,88.12262,305.38,60,VIIRS,2026-08-13,1938
22.06258,88.11909,325.03,60,VIIRS,2026-08-13,1938
25.94058,72.19393,304.94,60,VIIRS,2026-08-13,2116
24.66126,74.63389,296.63,60,VIIRS,2026-08-13,2118
12.98518,74.85353,303.49,60,VIIRS,2026-08-13,2121
8.69729,77.84816,337.29,60,VIIRS,2026-08-14,0826
8.76233,77.79604,339.05,60,VIIRS,2026-08-14,0826
9.49049,78.61933,342.11,60,VIIRS,2026-08-14,0826
9.41698,77.81709,344.56,60,VIIRS,2026-08-14,0826
9.57666,78.31569,336.05,60,VIIRS,2026-08-14,0826
9.57608,78.31172,335.35,60,VIIRS,2026-08-14,0826
13.85388,78.33376,336.45,60,VIIRS,2026-08-14,0828
9.94017,78.72459,338.41,60,VIIRS,2026-08-14,0828
9.94318,78.71989,337.56,60,VIIRS,2026-08-14,0828
9.94619,78.71519,344.65,60,VIIRS,2026-08-14,0828
10.16352,78.93459,335.38,60,VIIRS,2026-08-14,0828
10.15349,78.50438,335.53,60,VIIRS,2026-08-14,0828
10.6441,79.07843,342.53,60,VIIRS,2026-08-14,0828
10.79085,77.71056,334.83,60,VIIRS,2026-08-14,0828
11.10117,78.03844,330.35,60,VIIRS,2026-08-14,0828
12.34427,76.94675,332.13,60,VIIRS,2026-08-14,0828
12.92848,80.18225,340.81,60,VIIRS,2026-08-14,0828
13.13813,79.96019,341.06,60,VIIRS,2026-08-14,0828
14.31833,77.41064,335.06,60,VIIRS,2026-08-14,0828
14.32246,77.41421,338.61,60,VIIRS,2026-08-14,0828
14.32188,77.41011,340.84,60,VIIRS,2026-08-14,0828
14.3213,77.40604,340.06,60,VIIRS,2026-08-14,0828
14.326,77.41369,338.16,60,VIIRS,2026-08-14,0828
14.32542,77.40958,341,60,VIIRS,2026-08-14,0828
14.32896,77.40906,346.67,60,VIIRS,2026-08-14,0828
14.33251,77.40853,353.07,60,VIIRS,2026-08-14,0828
14.33192,77.40444,336.96,60,VIIRS,2026-08-14,0828
14.88612,77.45694,334.57,60,VIIRS,2026-08-14,0828
15.17322,76.69418,335.93,60,VIIRS,2026-08-14,0828
15.17222,76.66235,343.64,60,VIIRS,2026-08-14,0828
15.16369,76.38303,334.16,60,VIIRS,2026-08-14,0828
15.68431,80.11327,340.56,60,VIIRS,2026-08-14,0828
15.74877,80.01529,346.84,60,VIIRS,2026-08-14,0828
15.61406,78.3792,336.76,60,VIIRS,2026-08-14,0828
15.84728,80.08014,334.29,60,VIIRS,2026-08-14,0828
15.67526,78.37572,332.72,60,VIIRS,2026-08-14,0828
18.68664,73.04058,336.58,60,VIIRS,2026-08-14,0830
29.34646,73.11682,336.71,60,VIIRS,2026-08-14,0833
27.32576,95.27875,311.81,60,VIIRS,2026-08-14,1917
27.03289,94.89212,314.82,60,VIIRS,2026-08-14,1917
26.87868,73.51321,305.24,60,VIIRS,2026-08-14,2057
26.87478,73.51643,304.98,60,VIIRS,2026-08-14,2057
26.60479,73.68352,306.63,60,VIIRS,2026-08-14,2057
25.94279,72.19247,324.59,60,VIIRS,2026-08-14,2057
25.94164,72.19266,321.57,60,VIIRS,2026-08-14,2057
23.31558,70.4867,303.46,60,VIIRS,2026-08-14,2057
22.9329,69.70402,302.22,60,VIIRS,2026-08-14,2057
22.3395,69.85548,304.65,60,VIIRS,2026-08-14,2059
21.11126,72.64643,298.17,60,VIIRS,2026-08-14,2059
21.10971,72.63481,316.45,60,VIIRS,2026-08-14,2059
15.22752,76.76139,300.97,60,VIIRS,2026-08-14,2101
15.22681,76.76525,301.71,60,VIIRS,2026-08-14,2101
15.18296,76.66602,307.58,60,VIIRS,2026-08-14,2101
15.18089,76.67749,298.56,60,VIIRS,2026-08-14,2101
15.17404,76.69186,298.99,60,VIIRS,2026-08-14,2101
13.74471,76.84552,299.46,60,VIIRS,2026-08-14,2101
10.70914,79.85674,295.3,60,VIIRS,2026-08-14,2101
27.60563,95.40367,328.54,60,VIIRS,2026-08-15,0631
11.4172,79.66978,336.37,60,VIIRS,2026-08-15,0807
12.37895,76.98724,330.87,60,VIIRS,2026-08-15,0807
14.05112,79.77888,347.47,60,VIIRS,2026-08-15,0809
14.47548,79.97254,338.98,60,VIIRS,2026-08-15,0809
14.47881,79.97202,335.54,60,VIIRS,2026-08-15,0809
14.66645,79.53525,334.11,60,VIIRS,2026-08-15,0809
15.30614,78.18951,335.73,60,VIIRS,2026-08-15,0809
15.10484,76.8101,338.38,60,VIIRS,2026-08-15,0809
17.53543,79.50681,333.28,60,VIIRS,2026-08-15,0809
18.66053,79.14503,331.03,60,VIIRS,2026-08-15,0809
18.85886,72.92574,341.49,60,VIIRS,2026-08-15,0809
22.36821,87.30191,330.19,60,VIIRS,2026-08-15,0811
25.942,72.1899,307.92,60,VIIRS,2026-08-15,2040
23.16633,82.3391,297.19,60,VIIRS,2026-08-15,2040
21.10682,72.64341,316.57,60,VIIRS,2026-08-15,2040
21.10614,72.64859,300.38,60,VIIRS,2026-08-15,2040
18.69004,73.0424,308.29,60,VIIRS,2026-08-15,2042
18.68394,73.03215,310.27,60,VIIRS,2026-08-15,2042
18.68268,73.04128,305.74,60,VIIRS,2026-08-15,2042
15.33481,76.28645,305.36,60,VIIRS,2026-08-15,2042
15.17897,77.10359,302.38,60,VIIRS,2026-08-15,2042
15.17622,77.09935,300.72,60,VIIRS,2026-08-15,2042
15.02488,78.01537,305.29,60,VIIRS,2026-08-15,2042
15.02144,78.01479,310.19,60,VIIRS,2026-08-15,2042
14.37725,79.89831,304.74,60,VIIRS,2026-08-15,2042
13.16287,80.28493,313.34,60,VIIRS,2026-08-15,2042
13.15892,80.28419,338.12,60,VIIRS,2026-08-15,2042
13.60553,76.79213,301.13,60,VIIRS,2026-08-15,2042
12.28915,78.93369,299.95,60,VIIRS,2026-08-15,2042
12.29187,78.93195,300.29,60,VIIRS,2026-08-15,2042
12.23028,79.20409,303.61,60,VIIRS,2026-08-15,2042
12.09803,78.35358,295.31,60,VIIRS,2026-08-15,2044
11.8396,78.97262,306.04,60,VIIRS,2026-08-15,2044
11.80888,77.9234,309.59,60,VIIRS,2026-08-15,2044
11.81028,77.92094,296.33,60,VIIRS,2026-08-15,2044
11.8096,77.92503,308.4,60,VIIRS,2026-08-15,2044
11.21336,77.89606,304.47,60,VIIRS,2026-08-15,2044
10.62393,79.12068,300.22,60,VIIRS,2026-08-15,2044
10.62608,79.11906,310.41,60,VIIRS,2026-08-15,2044
10.92917,77.06458,302.5,60,VIIRS,2026-08-15,2044
10.61674,77.42191,296.05,60,VIIRS,2026-08-15,2044
9.33741,78.60825,304.15,60,VIIRS,2026-08-15,2044
14.06632,77.34638,337.35,60,VIIRS,2026-08-16,0750
8.76996,78.10783,335.8,60,VIIRS,2026-08-16,0750
9.319,79.30539,337.47,60,VIIRS,2026-08-16,0750
9.45867,77.61446,342.14,60,VIIRS,2026-08-16,0750
9.45774,77.60921,339.95,60,VIIRS,2026-08-16,0750
9.85307,77.88065,335.86,60,VIIRS,2026-08-16,0750
9.85071,77.88331,332.78,60,VIIRS,2026-08-16,0750
10.20671,78.83601,333.99,60,VIIRS,2026-08-16,0750
10.53129,79.73779,332.24,60,VIIRS,2026-08-16,0750
10.8337,79.31152,342.14,60,VIIRS,2026-08-16,0750
10.85651,79.07156,335.25,60,VIIRS,2026-08-16,0750
10.95975,78.94122,336.56,60,VIIRS,2026-08-16,0750
11.08317,79.47999,338.97,60,VIIRS,2026-08-16,0750
10.92125,78.4465,333.11,60,VIIRS,2026-08-16,0750
11.40386,79.70392,332.63,60,VIIRS,2026-08-16,0750
11.46932,79.35802,332.09,60,VIIRS,2026-08-16,0750
11.92912,79.67993,340.8,60,VIIRS,2026-08-16,0750
11.94788,79.04879,336.96,60,VIIRS,2026-08-16,0750
12.03929,79.50043,339.7,60,VIIRS,2026-08-16,0750
12.21654,79.85169,337.97,60,VIIRS,2026-08-16,0750
12.43197,79.43339,339.44,60,VIIRS,2026-08-16,0750
12.3682,78.99841,335.85,60,VIIRS,2026-08-16,0750
12.32878,78.75077,349.65,60,VIIRS,2026-08-16,0750
12.61864,80.07019,331.42,30,VIIRS,2026-08-16,0750
14.64689,79.2653,333.62,60,VIIRS,2026-08-16,0750
14.56621,77.56371,345.18,60,VIIRS,2026-08-16,0750
14.56593,77.56482,341.41,60,VIIRS,2026-08-16,0750
16.85509,79.1368,330.97,60,VIIRS,2026-08-16,0752
22.37709,87.27881,332.37,60,VIIRS,2026-08-16,0752
23.71242,86.45026,332.31,60,VIIRS,2026-08-16,0752
23.80482,86.32938,336.19,60,VIIRS,2026-08-16,0752
22.36782,87.30247,330.84,60,VIIRS,2026-08-16,0752
27.4415,70.79316,337.65,60,VIIRS,2026-08-16,0754
27.32376,71.15984,339.18,60,VIIRS,2026-08-16,0754
30.65555,74.16005,336.41,60,VIIRS,2026-08-16,0756
27.30517,95.31655,299.58,60,VIIRS,2026-08-16,1838
25.03796,87.39037,295.34,60,VIIRS,2026-08-16,2019
27.32653,95.27569,303.59,60,VIIRS,2026-08-16,2019
23.68976,87.09792,297.24,60,VIIRS,2026-08-16,2019
23.79461,86.35178,296.15,60,VIIRS,2026-08-16,2019
23.79429,86.3544,296.66,60,VIIRS,2026-08-16,2019
23.78065,86.34676,295.08,60,VIIRS,2026-08-16,2019
23.78283,86.21016,296.19,60,VIIRS,2026-08-16,2019
23.77923,86.20941,309.51,60,VIIRS,2026-08-16,2019
23.82256,85.49575,302.8,60,VIIRS,2026-08-16,2019
23.75901,85.8569,305.05,60,VIIRS,2026-08-16,2019
23.75624,85.8518,310.63,60,VIIRS,2026-08-16,2019
23.48163,87.36025,311.77,60,VIIRS,2026-08-16,2019
23.78699,85.55426,304.07,60,VIIRS,2026-08-16,2019
23.68358,86.09312,304.62,60,VIIRS,2026-08-16,2019
23.68162,86.0834,299.64,60,VIIRS,2026-08-16,2019
23.68001,86.09234,303.11,60,VIIRS,2026-08-16,2019
23.67724,86.0871,300.84,60,VIIRS,2026-08-16,2019
23.63231,86.29353,300.99,60,VIIRS,2026-08-16,2019
23.74492,85.50591,299.47,60,VIIRS,2026-08-16,2019
23.71088,85.28767,300.01,60,VIIRS,2026-08-16,2019
23.69622,85.37119,303.45,60,VIIRS,2026-08-16,2019
23.82388,84.57319,307.11,60,VIIRS,2026-08-16,2019
23.69631,85.28904,300.29,60,VIIRS,2026-08-16,2019
23.73841,85.00768,303.12,60,VIIRS,2026-08-16,2019
23.64884,85.43541,304.07,60,VIIRS,2026-08-16,2019
23.64809,85.43964,318.07,60,VIIRS,2026-08-16,2019
23.72058,85.00829,302.03,60,VIIRS,2026-08-16,2019
16.80935,79.91482,306.66,60,VIIRS,2026-08-16,2021
16.13906,78.94816,306.38,60,VIIRS,2026-08-16,2021
16.48338,79.32732,301.16,60,VIIRS,2026-08-16,2021
17.06268,76.97933,304.44,60,VIIRS,2026-08-16,2021
15.16656,76.67412,295.92,60,VIIRS,2026-08-16,2023
15.22664,76.76346,300.09,60,VIIRS,2026-08-16,2023
11.17648,79.08794,299.38,60,VIIRS,2026-08-16,2023
11.81462,77.91779,306.86,60,VIIRS,2026-08-16,2023
15.17787,77.10235,298.51,60,VIIRS,2026-08-16,2023
15.17421,77.10181,298.95,60,VIIRS,2026-08-16,2023
15.1829,76.66685,316.76,60,VIIRS,2026-08-16,2023
15.17785,76.67564,304.74,60,VIIRS,2026-08-16,2023
15.17668,76.65643,313.84,60,VIIRS,2026-08-16,2023
15.65948,73.98701,305.13,60,VIIRS,2026-08-16,2023
11.00697,78.65388,301.05,60,VIIRS,2026-08-16,2023
10.36054,77.14954,307.66,60,VIIRS,2026-08-16,2023
10.36002,77.15292,305.9,60,VIIRS,2026-08-16,2023
10.35705,77.14909,300.2,60,VIIRS,2026-08-16,2023
10.35654,77.1524,312.75,60,VIIRS,2026-08-16,2023
10.35551,77.15921,298.6,60,VIIRS,2026-08-16,2023
9.42494,77.81399,332.66,60,VIIRS,2026-08-17,0729
9.75952,78.60124,343.8,60,VIIRS,2026-08-17,0729
9.75891,78.5976,337.94,60,VIIRS,2026-08-17,0729
29.80713,73.34641,332.94,60,VIIRS,2026-08-17,0735
9.88916,77.87049,337.09,60,VIIRS,2026-08-17,0909
9.88751,77.86655,338.98,60,VIIRS,2026-08-17,0909
23.50567,69.26427,330.78,60,VIIRS,2026-08-17,0915
23.50516,69.26018,330.24,60,VIIRS,2026-08-17,0915
21.1071,72.64555,308.27,60,VIIRS,2026-08-17,2002
21.10202,72.64528,306.41,60,VIIRS,2026-08-17,2002
17.60875,83.20546,305.86,60,VIIRS,2026-08-17,2004
17.60581,83.20076,298.13,60,VIIRS,2026-08-17,2004
10.91686,78.14649,306.58,60,VIIRS,2026-08-17,2006
10.92123,78.14713,310.07,60,VIIRS,2026-08-17,2006
10.36333,77.14931,310.09,60,VIIRS,2026-08-17,2006
10.35866,77.14888,302.98,60,VIIRS,2026-08-17,2006
10.36136,77.14999,309.71,60,VIIRS,2026-08-17,2006
8.67061,77.99346,308.12,60,VIIRS,2026-08-17,2006
10.36181,77.14661,304.57,60,VIIRS,2026-08-17,2006
10.02321,79.23365,330.52,60,VIIRS,2026-08-18,0852
8.61775,77.96022,334.7,60,VIIRS,2026-08-18,0852
8.88123,77.79373,331.3,60,VIIRS,2026-08-18,0852
8.91391,77.99789,341.03,60,VIIRS,2026-08-18,0852
8.9135,77.99487,340.4,60,VIIRS,2026-08-18,0852
8.96803,78.03201,342.35,60,VIIRS,2026-08-18,0852
8.92939,77.50723,341.8,60,VIIRS,2026-08-18,0852
8.92865,77.50169,342.66,60,VIIRS,2026-08-18,0852
8.99168,77.85832,335.44,60,VIIRS,2026-08-18,0852
9.02396,78.0217,339.33,60,VIIRS,2026-08-18,0852
9.08152,78.16898,337.52,60,VIIRS,2026-08-18,0852
9.31616,78.82542,347.61,60,VIIRS,2026-08-18,0852
9.32526,77.54498,331.97,60,VIIRS,2026-08-18,0852
9.31592,77.47726,344.24,60,VIIRS,2026-08-18,0852
9.32631,77.54832,337.57,60,VIIRS,2026-08-18,0852
9.31747,77.48039,343.13,60,VIIRS,2026-08-18,0852
9.3803,77.76629,347.32,60,VIIRS,2026-08-18,0852
9.57292,78.26406,340.68,60,VIIRS,2026-08-18,0852
9.98813,77.85934,333.85,60,VIIRS,2026-08-18,0852
9.97747,77.62643,333.17,60,VIIRS,2026-08-18,0852
9.97656,77.62728,344.36,60,VIIRS,2026-08-18,0852
10.01453,77.60332,335.04,60,VIIRS,2026-08-18,0852
10.08427,77.70177,367,90,VIIRS,2026-08-18,0852
10.08387,77.69878,342.31,60,VIIRS,2026-08-18,0852
10.08721,77.70203,347.07,60,VIIRS,2026-08-18,0852
10.08683,77.69904,354.14,60,VIIRS,2026-08-18,0852
10.58747,78.2113,332.8,60,VIIRS,2026-08-18,0852
10.90674,78.5377,342.06,60,VIIRS,2026-08-18,0852
11.14147,78.58251,367,90,VIIRS,2026-08-18,0852
11.14694,78.58183,334.73,60,VIIRS,2026-08-18,0852
11.14221,78.58167,367,90,VIIRS,2026-08-18,0852
11.66242,78.67835,367,90,VIIRS,2026-08-18,0852
11.66187,78.67394,353.32,60,VIIRS,2026-08-18,0852
11.66789,78.67705,356.8,30,VIIRS,2026-08-18,0852
11.70775,78.76962,340.29,60,VIIRS,2026-08-18,0852
11.70585,78.76863,334.85,60,VIIRS,2026-08-18,0852
11.72489,78.6914,350.81,60,VIIRS,2026-08-18,0852
13.98488,77.39144,332.67,60,VIIRS,2026-08-18,0854
14.46839,78.25809,336.52,60,VIIRS,2026-08-18,0854
14.07884,77.73779,334.27,60,VIIRS,2026-08-18,0854
14.474,78.25748,335.97,60,VIIRS,2026-08-18,0854
14.46883,78.26192,338.86,60,VIIRS,2026-08-18,0854
22.03904,69.47427,337.49,60,VIIRS,2026-08-18,0856
30.4691,73.88613,341.11,60,VIIRS,2026-08-18,0858
30.47113,73.88796,330.45,60,VIIRS,2026-08-18,0858
30.47086,73.88448,334.87,60,VIIRS,2026-08-18,0858
27.00237,82.48734,295.81,60,VIIRS,2026-08-18,1942
27.5312,77.66014,312.08,60,VIIRS,2026-08-18,1942
27.53036,77.65813,311.81,60,VIIRS,2026-08-18,1942
27.46869,95.42249,306.92,60,VIIRS,2026-08-18,1942
27.37571,95.08824,308.04,60,VIIRS,2026-08-18,1942
27.32538,95.27692,311.7,60,VIIRS,2026-08-18,1942
27.31664,95.26646,308.57,60,VIIRS,2026-08-18,1942
27.22178,95.34567,308.29,60,VIIRS,2026-08-18,1942
27.46271,95.47729,305.07,60,VIIRS,2026-08-18,1942
10.48713,79.31767,311.88,60,VIIRS,2026-08-18,1947
10.48666,79.32134,317.51,60,VIIRS,2026-08-18,1947
9.31313,77.44205,313.02,60,VIIRS,2026-08-18,1949
26.25886,74.09746,302.57,60,VIIRS,2026-08-18,2125
20.95116,86.04971,330.14,60,VIIRS,2026-08-19,0657
8.97893,77.73409,343.11,60,VIIRS,2026-08-19,0835
9.03169,77.76192,344,60,VIIRS,2026-08-19,0835
9.03106,77.75757,345.88,60,VIIRS,2026-08-19,0835
9.03537,77.76139,345.75,60,VIIRS,2026-08-19,0835
9.03474,77.75704,350.59,60,VIIRS,2026-08-19,0835
9.13059,77.62038,339.34,60,VIIRS,2026-08-19,0835
9.36352,78.6637,341.86,60,VIIRS,2026-08-19,0835
9.38257,78.68613,338.68,60,VIIRS,2026-08-19,0835
9.45543,78.69313,337.51,60,VIIRS,2026-08-19,0835
9.52219,78.23375,336.27,60,VIIRS,2026-08-19,0835
9.52153,78.22908,341.77,60,VIIRS,2026-08-19,0835
9.52467,78.22387,342.78,60,VIIRS,2026-08-19,0835
9.57684,78.31702,340.72,60,VIIRS,2026-08-19,0835
10.03752,78.66753,330.97,60,VIIRS,2026-08-19,0835
10.75007,78.63698,339.53,60,VIIRS,2026-08-19,0835
10.93714,78.49078,341.28,60,VIIRS,2026-08-19,0835
10.95679,78.40086,335.84,60,VIIRS,2026-08-19,0835
11.14616,76.89647,336.2,60,VIIRS,2026-08-19,0835
11.14976,76.89596,331.53,60,VIIRS,2026-08-19,0835
15.17723,76.65598,337.58,60,VIIRS,2026-08-19,0835
18.67997,73.0383,335.52,60,VIIRS,2026-08-19,0835
21.1031,72.63488,331.79,60,VIIRS,2026-08-19,0835
9.51772,78.22963,337.42,60,VIIRS,2026-08-19,0835
8.60867,77.97512,338.07,60,VIIRS,2026-08-19,0835
8.63544,78.02991,333.63,60,VIIRS,2026-08-19,0835
8.64359,77.90287,342.47,60,VIIRS,2026-08-19,0835
8.64296,77.89849,349.3,60,VIIRS,2026-08-19,0835
8.71631,77.94712,343.37,60,VIIRS,2026-08-19,0835
8.71568,77.94273,351.14,60,VIIRS,2026-08-19,0835
8.71938,77.94218,345.04,60,VIIRS,2026-08-19,0835
8.74087,77.59978,336.15,60,VIIRS,2026-08-19,0835
8.83535,77.7394,337.15,60,VIIRS,2026-08-19,0835
8.91504,78.00077,342.35,60,VIIRS,2026-08-19,0835
8.89924,77.86769,340.38,60,VIIRS,2026-08-19,0835
8.89859,77.86332,350.18,60,VIIRS,2026-08-19,0835
8.90104,77.86399,348.91,60,VIIRS,2026-08-19,0835
8.90042,77.8596,351.01,60,VIIRS,2026-08-19,0835
8.8998,77.85522,341.75,60,VIIRS,2026-08-19,0835
8.90474,77.86346,341.44,60,VIIRS,2026-08-19,0835
8.9035,77.85469,348.35,60,VIIRS,2026-08-19,0835
8.90412,77.85908,356.97,30,VIIRS,2026-08-19,0835
8.90038,77.80621,349.37,60,VIIRS,2026-08-19,0835
8.90469,77.81,354.05,60,VIIRS,2026-08-19,0835
8.90407,77.80566,349.6,60,VIIRS,2026-08-19,0835
8.90883,77.7077,336.15,60,VIIRS,2026-08-19,0835
26.3985,71.93286,338.78,60,VIIRS,2026-08-19,0837
29.90848,74.94983,333.01,60,VIIRS,2026-08-19,0839
30.43392,73.87374,338.98,60,VIIRS,2026-08-19,0839
27.32527,95.27496,309.52,60,VIIRS,2026-08-19,1921
27.22185,95.34703,307.97,60,VIIRS,2026-08-19,1921
22.79074,86.20767,307.3,60,VIIRS,2026-08-19,1923
23.69443,87.0937,307.52,60,VIIRS,2026-08-19,1923
23.69341,87.10468,302.52,60,VIIRS,2026-08-19,1923
23.69172,87.12292,310.51,60,VIIRS,2026-08-19,1923
23.68871,87.09673,302.28,60,VIIRS,2026-08-19,1923
23.68837,87.1004,302.69,60,VIIRS,2026-08-19,1923
23.56234,87.08282,301.66,60,VIIRS,2026-08-19,1923
23.56008,87.08398,298.21,60,VIIRS,2026-08-19,1923
22.58936,85.90438,305.62,60,VIIRS,2026-08-19,1923
22.61078,85.91381,303.74,60,VIIRS,2026-08-19,1923
22.57185,85.89693,310.32,60,VIIRS,2026-08-19,1923
22.36426,87.01864,317.31,60,VIIRS,2026-08-19,1923
20.99923,86.01053,307.18,60,VIIRS,2026-08-19,1923
20.99886,86.01447,307,60,VIIRS,2026-08-19,1923
21.00053,86.01202,309.94,60,VIIRS,2026-08-19,1923
21.07718,85.03671,307.33,60,VIIRS,2026-08-19,1923
21.07631,85.046,304.51,60,VIIRS,2026-08-19,1923
20.95201,86.04612,322.73,60,VIIRS,2026-08-19,1923
20.95163,86.04997,306.94,60,VIIRS,2026-08-19,1923
20.94607,86.04922,305.35,60,VIIRS,2026-08-19,1923
20.97523,85.17226,303.35,60,VIIRS,2026-08-19,1923
20.96893,85.17625,315.76,60,VIIRS,2026-08-19,1923
25.54247,91.23459,305.72,60,VIIRS,2026-08-19,1923
25.61233,89.81267,307.28,60,VIIRS,2026-08-19,1923
25.60961,89.81148,313.78,60,VIIRS,2026-08-19,1923
20.97128,85.17556,307.44,60,VIIRS,2026-08-19,1925
20.96412,85.1883,308.22,60,VIIRS,2026-08-19,1925
20.97085,85.18008,306.86,60,VIIRS,2026-08-19,1925
20.80461,85.25742,307.64,60,VIIRS,2026-08-19,1925
20.96539,85.175,308.01,60,VIIRS,2026-08-19,1925
20.96581,85.17046,312.59,60,VIIRS,2026-08-19,1925
31.25838,76.92349,296.85,60,VIIRS,2026-08-19,2101
31.24975,76.93059,298.28,60,VIIRS,2026-08-19,2101
29.12563,75.77744,307.57,60,VIIRS,2026-08-19,2104
26.87778,73.51348,301.9,60,VIIRS,2026-08-19,2104
26.87381,73.5167,308.59,60,VIIRS,2026-08-19,2104
23.69837,87.09444,296.23,60,VIIRS,2026-08-19,2104
23.69582,87.09637,297.9,60,VIIRS,2026-08-19,2104
23.76052,86.40015,302.24,60,VIIRS,2026-08-19,2104
23.68212,86.39163,300.13,60,VIIRS,2026-08-19,2104
23.68032,86.39847,297.79,60,VIIRS,2026-08-19,2104
26.25635,74.09737,308.4,60,VIIRS,2026-08-19,2104
25.94172,72.19282,315.34,60,VIIRS,2026-08-19,2104
24.14009,82.70357,300.69,60,VIIRS,2026-08-19,2104
22.87391,86.06372,304.33,60,VIIRS,2026-08-19,2104
22.87589,86.06185,306.21,60,VIIRS,2026-08-19,2104
20.96749,86.01265,320.45,60,VIIRS,2026-08-19,2104
21.00072,86.03053,302.51,60,VIIRS,2026-08-19,2104
20.99709,86.02748,304.22,60,VIIRS,2026-08-19,2104
22.80233,86.09171,302.09,60,VIIRS,2026-08-19,2104
22.78883,86.20107,300.7,60,VIIRS,2026-08-19,2104
20.97829,85.13718,300.87,60,VIIRS,2026-08-19,2106
17.98492,80.8302,303.98,60,VIIRS,2026-08-19,2106
18.68423,73.03175,301.89,60,VIIRS,2026-08-19,2106
20.95084,86.04825,304.82,60,VIIRS,2026-08-19,2106
21.081,85.04028,296.85,60,VIIRS,2026-08-19,2106
21.07434,85.03826,296.86,60,VIIRS,2026-08-19,2106
20.9768,85.17226,305.85,60,VIIRS,2026-08-19,2106
20.97995,85.13054,305.17,60,VIIRS,2026-08-19,2106
20.9701,85.17019,319.84,60,VIIRS,2026-08-19,2106
20.96847,85.17673,310.25,60,VIIRS,2026-08-19,2106
20.96682,85.18336,311.96,60,VIIRS,2026-08-19,2106
20.96512,85.19021,306.9,60,VIIRS,2026-08-19,2106
20.96339,85.16812,305.31,60,VIIRS,2026-08-19,2106
20.86326,84.99146,298.26,60,VIIRS,2026-08-19,2106
20.79788,85.25243,305.54,60,VIIRS,2026-08-19,2106
20.78761,85.26431,302.5,60,VIIRS,2026-08-19,2106
20.75867,85.29228,302.97,60,VIIRS,2026-08-19,2106
20.75702,85.29877,301.57,60,VIIRS,2026-08-19,2106
20.79777,85.25298,306.61,60,VIIRS,2026-08-19,2106
20.75887,85.29279,305.28,60,VIIRS,2026-08-19,2106
20.75727,85.29929,303.61,60,VIIRS,2026-08-19,2106
8.73686,77.60081,337.37,60,VIIRS,2026-08-19,2108
8.73753,77.59727,329.03,60,VIIRS,2026-08-19,2108
8.74296,77.59831,367,90,VIIRS,2026-08-19,2108
8.7423,77.60185,355.88,60,VIIRS,2026-08-19,2108
8.74163,77.60539,307.47,60,VIIRS,2026-08-19,2108
15.65996,73.98722,298.88,60,VIIRS,2026-08-19,2108
15.65748,73.98986,303.04,60,VIIRS,2026-08-19,2108
8.92556,77.96257,348.38,60,VIIRS,2026-08-20,0813
10.20464,78.83772,339.24,60,VIIRS,2026-08-20,0813
10.57315,79.49966,330.82,60,VIIRS,2026-08-20,0813
15.26779,78.92377,336.08,60,VIIRS,2026-08-20,0816
15.1724,76.69444,335.7,60,VIIRS,2026-08-20,0816
15.16424,76.3814,338.7,60,VIIRS,2026-08-20,0816
15.1676,76.38084,330.62,30,VIIRS,2026-08-20,0816
16.07655,79.14837,330.86,60,VIIRS,2026-08-20,0816
16.07496,79.11341,341.12,60,VIIRS,2026-08-20,0816
15.58879,75.15228,332.36,30,VIIRS,2026-08-20,0816
17.29004,82.58302,331.27,60,VIIRS,2026-08-20,0816
17.50736,82.95307,335.65,60,VIIRS,2026-08-20,0816
17.50684,82.94902,342.7,60,VIIRS,2026-08-20,0816
17.51158,82.95251,348.49,60,VIIRS,2026-08-20,0816
17.54337,83.00231,335.63,60,VIIRS,2026-08-20,0816
17.79435,83.16505,341.11,60,VIIRS,2026-08-20,0816
17.95594,80.79374,337.11,60,VIIRS,2026-08-20,0816
17.77165,79.02434,336.41,60,VIIRS,2026-08-20,0816
13.04383,79.59259,335.61,60,VIIRS,2026-08-20,0816
12.54274,79.87836,347.01,60,VIIRS,2026-08-20,0816
12.66698,79.70408,331.27,60,VIIRS,2026-08-20,0816
12.89302,78.87909,331.01,60,VIIRS,2026-08-20,0816
13.07203,79.95014,330.69,60,VIIRS,2026-08-20,0816
13.40582,80.21592,334.97,60,VIIRS,2026-08-20,0816
13.34752,79.09665,337.78,60,VIIRS,2026-08-20,0816
13.66444,79.61813,341.5,60,VIIRS,2026-08-20,0816
14.28543,79.97816,338.42,60,VIIRS,2026-08-20,0816
14.34493,79.72159,345.53,60,VIIRS,2026-08-20,0816
20.96745,86.01298,349.96,60,VIIRS,2026-08-20,0818
21.10092,72.63459,334.49,60,VIIRS,2026-08-20,0818
21.10694,72.64742,340.92,60,VIIRS,2026-08-20,0818
20.95271,86.0482,329.15,60,VIIRS,2026-08-20,0818
21.10331,72.64813,335.83,30,VIIRS,2026-08-20,0818
30.43244,73.96255,334.16,60,VIIRS,2026-08-20,0820
30.40259,73.87827,340.93,60,VIIRS,2026-08-20,0820
24.80284,71.78471,338.32,60,VIIRS,2026-08-20,0820
22.36236,87.01414,296.48,60,VIIRS,2026-08-20,1906
22.36499,87.0154,298.17,60,VIIRS,2026-08-20,1906
23.69583,87.12293,298.65,60,VIIRS,2026-08-20,1906
23.69451,87.0962,296.66,60,VIIRS,2026-08-20,1906
23.69403,87.10361,297.31,60,VIIRS,2026-08-20,1906
23.69355,87.111,298.67,60,VIIRS,2026-08-20,1906
23.69308,87.11836,299.47,60,VIIRS,2026-08-20,1906
23.69259,87.12586,295.1,60,VIIRS,2026-08-20,1906
23.69758,87.09327,298.4,60,VIIRS,2026-08-20,1906
23.69671,87.10807,296.93,60,VIIRS,2026-08-20,1906
23.69627,87.11548,295.82,60,VIIRS,2026-08-20,1906
29.45876,76.86543,316.16,60,VIIRS,2026-08-20,2044
29.91072,74.94928,307.57,60,VIIRS,2026-08-20,2044
31.2492,76.92705,304.76,60,VIIRS,2026-08-20,2044
28.77214,76.70122,310.21,60,VIIRS,2026-08-20,2044
31.25985,76.92484,302.16,60,VIIRS,2026-08-20,2044
28.27534,77.18294,302.62,60,VIIRS,2026-08-20,2044
23.68841,86.39032,305.25,60,VIIRS,2026-08-20,2046
27.79252,75.33192,306.87,60,VIIRS,2026-08-20,2046
25.03646,87.38701,304.58,60,VIIRS,2026-08-20,2046
25.03673,87.38658,303.78,60,VIIRS,2026-08-20,2046
23.69376,87.12176,305.75,60,VIIRS,2026-08-20,2046
23.69202,87.10435,298.55,60,VIIRS,2026-08-20,2046
23.68785,87.10063,301.76,60,VIIRS,2026-08-20,2046
23.66421,87.1534,298.63,60,VIIRS,2026-08-20,2046
23.66331,87.15736,296.41,60,VIIRS,2026-08-20,2046
23.66743,86.9369,307.82,60,VIIRS,2026-08-20,2046
23.78109,86.38872,306.48,60,VIIRS,2026-08-20,2046
23.76735,86.40035,306.55,60,VIIRS,2026-08-20,2046
23.76655,86.40386,307.05,60,VIIRS,2026-08-20,2046
23.76131,86.40248,322.91,60,VIIRS,2026-08-20,2046
23.75525,86.40467,306.53,60,VIIRS,2026-08-20,2046
23.56212,87.24074,303.44,60,VIIRS,2026-08-20,2046
23.5566,87.23922,303.93,60,VIIRS,2026-08-20,2046
23.7374,86.4341,324.26,60,VIIRS,2026-08-20,2046
23.72326,86.4229,305.68,60,VIIRS,2026-08-20,2046
23.71226,86.44649,316.2,60,VIIRS,2026-08-20,2046
23.71143,86.45005,318.51,60,VIIRS,2026-08-20,2046
23.56388,87.08366,310.88,60,VIIRS,2026-08-20,2046
23.71398,86.45003,316.78,60,VIIRS,2026-08-20,2046
23.71431,86.42361,304.75,60,VIIRS,2026-08-20,2046
23.70951,86.44509,307.26,60,VIIRS,2026-08-20,2046
23.70871,86.44867,309.25,60,VIIRS,2026-08-20,2046
23.5599,87.08255,308.76,60,VIIRS,2026-08-20,2046
23.51662,87.27167,303.04,60,VIIRS,2026-08-20,2046
23.61549,86.78763,303.7,60,VIIRS,2026-08-20,2046
23.61454,86.79183,304.84,60,VIIRS,2026-08-20,2046
23.68763,86.39378,308.4,60,VIIRS,2026-08-20,2046
23.68236,86.39249,312.1,60,VIIRS,2026-08-20,2046
23.68157,86.39599,308.75,60,VIIRS,2026-08-20,2046
23.68076,86.39959,303.5,60,VIIRS,2026-08-20,2046
23.6763,86.39473,308.25,60,VIIRS,2026-08-20,2046
23.67549,86.39829,307.45,60,VIIRS,2026-08-20,2046
23.67467,86.40192,306.13,60,VIIRS,2026-08-20,2046
23.82381,85.49748,301.5,60,VIIRS,2026-08-20,2046
23.68078,86.08385,307.33,60,VIIRS,2026-08-20,2046
23.82423,85.49743,302.7,60,VIIRS,2026-08-20,2046
23.68017,86.08412,305.76,60,VIIRS,2026-08-20,2046
23.67731,86.07244,302.65,60,VIIRS,2026-08-20,2046
16.20556,75.20766,303.43,60,VIIRS,2026-08-20,2046
15.3343,76.28691,312.86,60,VIIRS,2026-08-20,2046
15.02354,78.01447,308.12,60,VIIRS,2026-08-20,2046
15.22626,76.76389,304.55,60,VIIRS,2026-08-20,2046
15.18207,76.66643,323.44,60,VIIRS,2026-08-20,2046
15.17391,76.69331,323.79,60,VIIRS,2026-08-20,2046
15.17659,76.6776,305.91,60,VIIRS,2026-08-20,2046
15.17717,76.65337,323.16,60,VIIRS,2026-08-20,2046
15.17649,76.6573,333.4,60,VIIRS,2026-08-20,2046
15.17371,76.65274,304.58,60,VIIRS,2026-08-20,2046
15.17304,76.65667,307.97,60,VIIRS,2026-08-20,2046
15.16689,76.67173,305.06,60,VIIRS,2026-08-20,2046
15.16889,76.67329,306.37,60,VIIRS,2026-08-20,2046
15.14843,76.71026,304.65,60,VIIRS,2026-08-20,2046
15.13803,76.70839,304.91,60,VIIRS,2026-08-20,2046
14.60754,79.6615,308.19,60,VIIRS,2026-08-20,2046
15.16817,76.38058,304.25,60,VIIRS,2026-08-20,2046
23.67428,86.08614,306.76,60,VIIRS,2026-08-20,2046
23.7864,85.55096,308.04,60,VIIRS,2026-08-20,2046
23.78225,85.57,302.54,60,VIIRS,2026-08-20,2046
23.66762,86.09156,306.33,60,VIIRS,2026-08-20,2046
23.66165,85.55202,303.54,60,VIIRS,2026-08-20,2046
23.69603,85.37061,309.89,60,VIIRS,2026-08-20,2046
23.65573,85.50697,308.42,60,VIIRS,2026-08-20,2046
23.65035,85.43598,305.16,60,VIIRS,2026-08-20,2046
23.64966,85.43914,314.37,60,VIIRS,2026-08-20,2046
23.61622,85.42603,302.01,60,VIIRS,2026-08-20,2046
22.7945,86.20801,299.78,60,VIIRS,2026-08-20,2046
22.81689,86.08504,301.13,60,VIIRS,2026-08-20,2046
22.79169,86.19576,299.44,60,VIIRS,2026-08-20,2046
22.79088,86.19932,298.49,60,VIIRS,2026-08-20,2046
22.78925,86.20647,305.09,60,VIIRS,2026-08-20,2046
22.78398,86.20503,301.39,60,VIIRS,2026-08-20,2046
24.71524,75.95329,304.87,60,VIIRS,2026-08-20,2046
22.7973,86.20584,304.34,60,VIIRS,2026-08-20,2046
22.81808,86.08607,302.52,60,VIIRS,2026-08-20,2046
22.79364,86.19712,297.16,60,VIIRS,2026-08-20,2046
22.78835,86.19575,298.96,60,VIIRS,2026-08-20,2046
22.78678,86.20286,301.24,60,VIIRS,2026-08-20,2046
22.78599,86.20644,305.61,60,VIIRS,2026-08-20,2046
22.80075,86.08921,313.38,60,VIIRS,2026-08-20,2046
22.05638,88.12125,302.14,60,VIIRS,2026-08-20,2046
22.0552,88.12618,308.08,60,VIIRS,2026-08-20,2046
22.08609,83.11594,316.03,60,VIIRS,2026-08-20,2046
20.96791,86.00322,300.73,60,VIIRS,2026-08-20,2046
20.96618,86.01083,309.48,60,VIIRS,2026-08-20,2046
20.96533,86.01462,308,60,VIIRS,2026-08-20,2046
20.96671,86.01003,302.63,60,VIIRS,2026-08-20,2046
20.96588,86.01382,318.18,60,VIIRS,2026-08-20,2046
12.66991,76.85605,302.15,60,VIIRS,2026-08-20,2049
18.71585,79.53936,301.57,60,VIIRS,2026-08-20,2049
8.73957,77.60084,314.99,60,VIIRS,2026-08-20,2049
12.98436,74.85372,300.05,60,VIIRS,2026-08-20,2049
12.68449,76.45203,306.01,60,VIIRS,2026-08-20,2049
9.31269,78.05367,338.9,60,VIIRS,2026-08-21,0756
9.46089,77.93649,343.41,60,VIIRS,2026-08-21,0756
9.74707,77.88758,336.81,60,VIIRS,2026-08-21,0756
9.74367,77.84486,336.43,60,VIIRS,2026-08-21,0756
10.04823,77.95352,349.94,60,VIIRS,2026-08-21,0756
10.05242,77.9528,337.08,60,VIIRS,2026-08-21,0756
10.05175,77.94893,344.09,60,VIIRS,2026-08-21,0756
10.06246,77.61354,338.53,60,VIIRS,2026-08-21,0756
10.40818,77.98702,344.36,60,VIIRS,2026-08-21,0756
10.46239,77.96943,332.02,30,VIIRS,2026-08-21,0756
10.86179,78.60693,332.53,30,VIIRS,2026-08-21,0756
10.86351,78.60498,334.68,60,VIIRS,2026-08-21,0756
10.90762,78.79076,339.02,60,VIIRS,2026-08-21,0756
10.89906,78.69358,335.4,60,VIIRS,2026-08-21,0756
10.8355,78.05512,348.83,60,VIIRS,2026-08-21,0756
10.94861,77.29926,332.62,60,VIIRS,2026-08-21,0756
11.25114,77.55007,335,60,VIIRS,2026-08-21,0756
11.17986,76.86322,352.61,60,VIIRS,2026-08-21,0756
11.3864,77.68139,337.39,60,VIIRS,2026-08-21,0756
11.71266,79.13078,335.7,30,VIIRS,2026-08-21,0756
11.71186,79.12611,335.37,30,VIIRS,2026-08-21,0756
11.52693,77.66856,331.72,60,VIIRS,2026-08-21,0756
12.05267,79.61187,334.23,30,VIIRS,2026-08-21,0756
12.0637,76.96976,336.06,60,VIIRS,2026-08-21,0756
12.30416,76.82388,339.02,60,VIIRS,2026-08-21,0756
12.35125,77.01255,340.97,60,VIIRS,2026-08-21,0756
8.58488,77.95021,335.12,60,VIIRS,2026-08-21,0756
9.34518,78.81236,335.72,60,VIIRS,2026-08-21,0756
9.3194,78.58262,336.47,60,VIIRS,2026-08-21,0756
9.36559,78.66248,367,90,VIIRS,2026-08-21,0756
16.29151,80.82072,334.45,60,VIIRS,2026-08-21,0758
14.60819,79.65999,344.84,30,VIIRS,2026-08-21,0758
14.60742,79.66074,347.79,60,VIIRS,2026-08-21,0758
14.52306,77.43476,336.84,60,VIIRS,2026-08-21,0758
15.1363,79.88412,332.13,60,VIIRS,2026-08-21,0758
15.34653,77.09008,330.63,60,VIIRS,2026-08-21,0758
17.60843,83.20383,335.84,60,VIIRS,2026-08-21,0758
19.48988,85.20114,328.82,60,VIIRS,2026-08-21,0758
23.66432,87.15331,330.29,60,VIIRS,2026-08-21,0801
23.67844,86.39668,331.72,60,VIIRS,2026-08-21,0801
23.68265,86.39607,334.93,60,VIIRS,2026-08-21,0801
23.68639,86.39134,330.74,60,VIIRS,2026-08-21,0801
23.70997,86.44798,334.64,60,VIIRS,2026-08-21,0801
23.71468,86.45161,338.05,60,VIIRS,2026-08-21,0801
23.67682,86.08707,330.7,60,VIIRS,2026-08-21,0801
23.68191,86.0946,349.84,60,VIIRS,2026-08-21,0801
23.78134,86.2098,345.58,60,VIIRS,2026-08-21,0801
23.75674,85.85435,334.01,60,VIIRS,2026-08-21,0801
27.43876,70.85847,344.68,60,VIIRS,2026-08-21,0803
28.77367,77.56798,309.15,60,VIIRS,2026-08-21,2025
24.92936,84.14852,310.02,60,VIIRS,2026-08-21,2025
24.92917,84.14589,308.3,60,VIIRS,2026-08-21,2025
23.66372,87.15993,302.49,60,VIIRS,2026-08-21,2025
23.56004,87.24049,307.65,60,VIIRS,2026-08-21,2025
23.6783,86.10711,305.64,60,VIIRS,2026-08-21,2025
23.67846,86.08486,307.47,60,VIIRS,2026-08-21,2025
24.18137,82.64606,307.55,60,VIIRS,2026-08-21,2025
23.71933,85.00983,300.63,60,VIIRS,2026-08-21,2025
24.76452,74.60926,304.28,60,VIIRS,2026-08-21,2027
22.78901,86.19763,300.01,60,VIIRS,2026-08-21,2027
22.37751,87.2774,313.32,60,VIIRS,2026-08-21,2027
22.37663,87.28174,311.32,60,VIIRS,2026-08-21,2027
22.37945,87.28,312.84,60,VIIRS,2026-08-21,2027
22.37519,87.27901,306.49,60,VIIRS,2026-08-21,2027
22.36667,87.29975,307.2,60,VIIRS,2026-08-21,2027
22.36491,87.01798,303.61,60,VIIRS,2026-08-21,2027
22.36072,87.01704,303.37,60,VIIRS,2026-08-21,2027
22.05519,88.12621,303.92,60,VIIRS,2026-08-21,2027
22.05068,88.12516,298.93,60,VIIRS,2026-08-21,2027
18.8016,74.25277,301.85,60,VIIRS,2026-08-21,2027
17.29336,78.40997,316.83,60,VIIRS,2026-08-21,2027
17.29117,78.40939,314.49,60,VIIRS,2026-08-21,2027
17.37035,77.44494,304.8,60,VIIRS,2026-08-21,2027
17.08458,79.32294,309.57,60,VIIRS,2026-08-21,2027
16.87195,80.02106,308.57,60,VIIRS,2026-08-21,2027
15.17346,76.65458,313.46,60,VIIRS,2026-08-21,2029
15.33696,76.27781,307.42,60,VIIRS,2026-08-21,2029
15.33752,76.27949,307.45,60,VIIRS,2026-08-21,2029
15.33276,76.28716,306.84,60,VIIRS,2026-08-21,2029
15.17908,77.10468,303.34,60,VIIRS,2026-08-21,2029
15.17623,77.10031,305.69,60,VIIRS,2026-08-21,2029
14.82645,79.31465,303.62,60,VIIRS,2026-08-21,2029
15.02356,78.01485,311.86,60,VIIRS,2026-08-21,2029
15.18658,76.6724,305.96,60,VIIRS,2026-08-21,2029
15.18368,76.66792,326.21,60,VIIRS,2026-08-21,2029
15.18423,76.63964,308.44,60,VIIRS,2026-08-21,2029
15.1802,76.66738,311.52,60,VIIRS,2026-08-21,2029
15.17962,76.67133,304.09,60,VIIRS,2026-08-21,2029
15.17905,76.67529,309.64,60,VIIRS,2026-08-21,2029
15.17844,76.65497,327.64,60,VIIRS,2026-08-21,2029
15.17327,76.69061,321.24,60,VIIRS,2026-08-21,2029
15.17787,76.65893,306.97,60,VIIRS,2026-08-21,2029
15.17497,76.65443,328.13,60,VIIRS,2026-08-21,2029
15.17439,76.65839,305.16,60,VIIRS,2026-08-21,2029
15.17382,76.66235,306.23,60,VIIRS,2026-08-21,2029
15.17694,76.65511,335.65,60,VIIRS,2026-08-21,2029
15.17635,76.65906,308.83,60,VIIRS,2026-08-21,2029
15.1716,76.69071,305.37,60,VIIRS,2026-08-21,2029
15.16701,76.67386,317.3,60,VIIRS,2026-08-21,2029
15.13683,76.70946,303.89,60,VIIRS,2026-08-21,2029
15.16771,76.37908,300.81,60,VIIRS,2026-08-21,2029
15.07157,76.86326,302.8,60,VIIRS,2026-08-21,2029
14.60582,78.52377,302.1,60,VIIRS,2026-08-21,2029
13.8039,78.06523,305.05,60,VIIRS,2026-08-21,2029
13.39369,80.10202,305.09,60,VIIRS,2026-08-21,2029
13.89879,76.56554,296.53,60,VIIRS,2026-08-21,2029
11.42601,77.51267,301.37,60,VIIRS,2026-08-21,2029
11.11709,77.75499,302.08,60,VIIRS,2026-08-21,2029
10.93034,77.06337,300.84,60,VIIRS,2026-08-21,2029
10.61491,77.41926,300.63,60,VIIRS,2026-08-21,2032
10.2504,77.21418,318.29,60,VIIRS,2026-08-21,2032
10.24929,77.22139,301.71,60,VIIRS,2026-08-21,2032
10.24707,77.21375,340.55,60,VIIRS,2026-08-21,2032
10.24651,77.21736,330.64,60,VIIRS,2026-08-21,2032
10.24596,77.22096,296.36,60,VIIRS,2026-08-21,2032
10.24541,77.22453,299.32,60,VIIRS,2026-08-21,2032
10.24319,77.2169,308.07,60,VIIRS,2026-08-21,2032
10.04985,77.95205,302.63,60,VIIRS,2026-08-21,2032
10.09488,77.23631,300.78,60,VIIRS,2026-08-21,2032
10.09154,77.23588,332.12,60,VIIRS,2026-08-21,2032
10.08821,77.23543,341.68,60,VIIRS,2026-08-21,2032
10.08768,77.23882,306.06,60,VIIRS,2026-08-21,2032
9.24785,77.32679,304.23,60,VIIRS,2026-08-21,2032
8.74099,77.59838,309.44,60,VIIRS,2026-08-21,2032
8.74044,77.60186,310.06,60,VIIRS,2026-08-21,2032
8.59524,77.89958,300.64,60,VIIRS,2026-08-21,2032
8.38548,77.54631,332.37,60,VIIRS,2026-08-22,0735
9.29744,77.75079,330.78,60,VIIRS,2026-08-22,0735
15.16347,77.15242,330.11,60,VIIRS,2026-08-22,0737
9.29573,77.75149,333.98,60,VIIRS,2026-08-22,0737
9.29351,77.3167,334.7,60,VIIRS,2026-08-22,0737
10.75991,79.65319,336.62,60,VIIRS,2026-08-22,0737
11.41039,78.7151,339.14,60,VIIRS,2026-08-22,0737
11.40803,78.71432,336.41,60,VIIRS,2026-08-22,0737
11.72925,78.6898,331.96,60,VIIRS,2026-08-22,0737
11.72656,78.68904,333.4,60,VIIRS,2026-08-22,0737
12.23923,79.42413,332.77,60,VIIRS,2026-08-22,0737
15.16272,77.14871,331.26,60,VIIRS,2026-08-22,0737
15.20629,77.16636,337.41,60,VIIRS,2026-08-22,0737
15.20609,77.16582,330.78,60,VIIRS,2026-08-22,0737
16.19788,78.35836,333.26,60,VIIRS,2026-08-22,0737
16.66123,77.32803,335.42,60,VIIRS,2026-08-22,0737
23.66324,87.15393,339.39,60,VIIRS,2026-08-22,0739
23.76498,86.40456,340.68,60,VIIRS,2026-08-22,0739
25.38784,86.15111,332.18,60,VIIRS,2026-08-22,0739
25.98661,90.07365,330.23,60,VIIRS,2026-08-22,0739
23.56066,87.24033,338.44,60,VIIRS,2026-08-22,0739
23.55952,87.23223,339.73,60,VIIRS,2026-08-22,0739
23.66381,87.15797,334.21,60,VIIRS,2026-08-22,0739
23.68436,86.39455,340.32,60,VIIRS,2026-08-22,0739
21.92436,85.22442,328,60,VIIRS,2026-08-22,0739
22.36426,87.3003,333.91,60,VIIRS,2026-08-22,0739
22.36824,87.3037,339.4,60,VIIRS,2026-08-22,0739
22.3785,87.27773,331.88,60,VIIRS,2026-08-22,0739
23.55723,87.24088,336.79,60,VIIRS,2026-08-22,0739
29.46118,76.86392,339.97,60,VIIRS,2026-08-22,0741
29.46026,76.85947,330.53,60,VIIRS,2026-08-22,0741
29.45699,76.86504,346.56,60,VIIRS,2026-08-22,0741
29.45792,76.8695,330.42,60,VIIRS,2026-08-22,0741
23.75772,86.40613,307.26,60,VIIRS,2026-08-22,2008
28.66381,77.57708,314.6,60,VIIRS,2026-08-22,2008
28.34062,77.22081,299.75,60,VIIRS,2026-08-22,2008
25.5415,91.23676,301.27,60,VIIRS,2026-08-22,2008
24.11502,86.85769,307.86,60,VIIRS,2026-08-22,2008
24.1144,86.86147,308.81,60,VIIRS,2026-08-22,2008
23.6964,87.09367,297.41,60,VIIRS,2026-08-22,2008
23.69195,87.12051,297.67,60,VIIRS,2026-08-22,2008
23.69131,87.12435,295.39,60,VIIRS,2026-08-22,2008
23.68862,87.11987,296.46,60,VIIRS,2026-08-22,2008
23.80406,86.32982,334.6,60,VIIRS,2026-08-22,2008
23.80466,86.32607,305.78,60,VIIRS,2026-08-22,2008
23.80196,86.32169,327.12,60,VIIRS,2026-08-22,2008
23.80076,86.32919,313.28,60,VIIRS,2026-08-22,2008
23.79713,86.35172,318.21,60,VIIRS,2026-08-22,2008
23.66556,87.15495,297.9,60,VIIRS,2026-08-22,2008
23.66493,87.15879,298.22,60,VIIRS,2026-08-22,2008
23.79383,86.35108,309.25,60,VIIRS,2026-08-22,2008
23.66223,87.1543,310.48,60,VIIRS,2026-08-22,2008
23.78057,86.39111,317.42,60,VIIRS,2026-08-22,2008
23.78514,86.3417,309.47,60,VIIRS,2026-08-22,2008
23.7803,86.37172,308.3,60,VIIRS,2026-08-22,2008
23.77787,86.38673,312.67,60,VIIRS,2026-08-22,2008
23.77727,86.39049,314.36,60,VIIRS,2026-08-22,2008
23.78062,86.34858,315.53,60,VIIRS,2026-08-22,2008
23.77457,86.38611,308.73,60,VIIRS,2026-08-22,2008
23.7749,86.36295,322.61,60,VIIRS,2026-08-22,2008
23.76823,86.40426,313.83,60,VIIRS,2026-08-22,2008
23.76493,86.40363,327.37,60,VIIRS,2026-08-22,2008
23.76554,86.39987,309.21,60,VIIRS,2026-08-22,2008
23.76163,86.403,325.95,60,VIIRS,2026-08-22,2008
23.76345,86.39174,307.6,60,VIIRS,2026-08-22,2008
23.76224,86.39925,308.2,60,VIIRS,2026-08-22,2008
23.75833,86.40237,321.39,60,VIIRS,2026-08-22,2008
23.75259,86.41676,310.5,60,VIIRS,2026-08-22,2008
23.78252,86.20982,306.98,60,VIIRS,2026-08-22,2008
23.75233,86.39735,305.3,60,VIIRS,2026-08-22,2008
23.77922,86.20919,321.79,60,VIIRS,2026-08-22,2008
23.77592,86.20858,303.47,60,VIIRS,2026-08-22,2008
23.73633,86.43303,330.14,60,VIIRS,2026-08-22,2008
23.73694,86.42928,308.1,60,VIIRS,2026-08-22,2008
23.77112,86.19609,308.73,60,VIIRS,2026-08-22,2008
23.77052,86.19984,302.18,60,VIIRS,2026-08-22,2008
23.72453,86.4237,303.85,60,VIIRS,2026-08-22,2008
23.7182,86.44186,306.47,60,VIIRS,2026-08-22,2008
23.71368,86.44874,305.31,60,VIIRS,2026-08-22,2008
23.71307,86.4525,314.36,60,VIIRS,2026-08-22,2008
23.71462,86.42181,307.49,60,VIIRS,2026-08-22,2008
23.71037,86.44811,316.07,60,VIIRS,2026-08-22,2008
23.70707,86.44749,302.79,60,VIIRS,2026-08-22,2008
23.68522,86.39298,318.66,60,VIIRS,2026-08-22,2008
23.68131,86.39611,312.42,60,VIIRS,2026-08-22,2008
23.67801,86.39548,313.67,60,VIIRS,2026-08-22,2008
23.6774,86.39924,318.96,60,VIIRS,2026-08-22,2008
23.6741,86.39861,304.95,60,VIIRS,2026-08-22,2008
23.67349,86.40237,303.05,60,VIIRS,2026-08-22,2008
23.75756,85.85487,312.65,60,VIIRS,2026-08-22,2008
23.75485,85.8505,304.65,60,VIIRS,2026-08-22,2008
23.75426,85.85425,314.65,60,VIIRS,2026-08-22,2008
23.78804,85.55214,314.76,60,VIIRS,2026-08-22,2008
23.78473,85.55153,303.07,60,VIIRS,2026-08-22,2008
23.78123,85.57403,305.43,60,VIIRS,2026-08-22,2008
23.68207,86.09506,304.46,60,VIIRS,2026-08-22,2008
23.68147,86.0988,300.33,60,VIIRS,2026-08-22,2008
23.67667,86.08633,308.2,60,VIIRS,2026-08-22,2008
23.74471,85.50642,307.52,60,VIIRS,2026-08-22,2008
23.82765,84.92325,302.42,60,VIIRS,2026-08-22,2008
23.82564,84.57165,302.04,60,VIIRS,2026-08-22,2008
23.82228,84.57104,302.53,60,VIIRS,2026-08-22,2008
23.71059,85.28751,308.75,60,VIIRS,2026-08-22,2008
23.69452,85.36971,308.97,60,VIIRS,2026-08-22,2008
23.73948,85.00904,310.65,60,VIIRS,2026-08-22,2008
23.65651,85.50643,302.38,60,VIIRS,2026-08-22,2008
23.67462,85.32437,304.67,60,VIIRS,2026-08-22,2008
23.71957,85.01024,308.24,60,VIIRS,2026-08-22,2008
23.65051,85.43587,306.44,60,VIIRS,2026-08-22,2008
23.64993,85.43962,303.86,60,VIIRS,2026-08-22,2008
23.6472,85.43526,304.38,60,VIIRS,2026-08-22,2008
23.64662,85.43901,314.18,60,VIIRS,2026-08-22,2008
23.60973,85.67503,308.45,60,VIIRS,2026-08-22,2008
23.66699,84.99687,305.87,60,VIIRS,2026-08-22,2008
23.6631,85.00007,307.72,60,VIIRS,2026-08-22,2008
24.71618,75.953,302.53,60,VIIRS,2026-08-22,2008
24.66097,74.6322,303.48,60,VIIRS,2026-08-22,2008
22.87344,86.06319,316.43,60,VIIRS,2026-08-22,2008
22.79591,86.2062,303.11,60,VIIRS,2026-08-22,2008
22.792,86.20931,306.36,60,VIIRS,2026-08-22,2008
22.808,86.08934,301.5,60,VIIRS,2026-08-22,2008
22.79791,86.09208,316.12,60,VIIRS,2026-08-22,2008
22.78465,86.0052,304.08,60,VIIRS,2026-08-22,2008
23.16562,82.3415,305.08,60,VIIRS,2026-08-22,2008
22.6097,85.91267,309.26,60,VIIRS,2026-08-22,2008
22.59049,85.90527,309.42,60,VIIRS,2026-08-22,2008
22.57577,85.89106,308.49,60,VIIRS,2026-08-22,2008
22.57247,85.89046,309.05,60,VIIRS,2026-08-22,2008
22.57128,85.89787,311.38,60,VIIRS,2026-08-22,2008
22.22124,84.75909,302.73,60,VIIRS,2026-08-22,2008
22.21849,84.75478,306.41,60,VIIRS,2026-08-22,2008
22.05333,85.46575,299.31,60,VIIRS,2026-08-22,2008
22.06613,83.70398,312.11,60,VIIRS,2026-08-22,2008
22.01341,83.75511,304.08,60,VIIRS,2026-08-22,2008
22.03156,83.36552,308.14,60,VIIRS,2026-08-22,2008
22.03203,83.36678,303.47,60,VIIRS,2026-08-22,2008
22.00386,82.66874,310.8,60,VIIRS,2026-08-22,2008
21.00038,86.02657,299.94,60,VIIRS,2026-08-22,2008
20.9735,86.00627,304.37,60,VIIRS,2026-08-22,2008
20.96958,86.00936,330.3,60,VIIRS,2026-08-22,2008
20.96898,86.01307,319.71,60,VIIRS,2026-08-22,2008
20.95027,86.04403,300.51,60,VIIRS,2026-08-22,2008
20.94061,86.0614,305,60,VIIRS,2026-08-22,2008
20.88578,84.98428,304.65,60,VIIRS,2026-08-22,2008
20.87026,84.99661,305.12,60,VIIRS,2026-08-22,2008
20.86481,84.9881,309.45,60,VIIRS,2026-08-22,2008
20.86423,84.99176,305.53,60,VIIRS,2026-08-22,2008
21.10145,72.63374,312.46,60,VIIRS,2026-08-22,2010
17.14179,77.18325,300.35,60,VIIRS,2026-08-22,2010
15.18365,76.66782,299.67,60,VIIRS,2026-08-22,2010
15.17784,76.67703,302.6,60,VIIRS,2026-08-22,2010
15.18495,76.66499,295.13,60,VIIRS,2026-08-22,2010
15.18033,76.66441,296.01,60,VIIRS,2026-08-22,2010
15.17907,76.67417,298.84,60,VIIRS,2026-08-22,2010
21.109,72.63563,296.9,60,VIIRS,2026-08-22,2010
21.10811,72.64683,299.65,60,VIIRS,2026-08-22,2010
21.10257,72.63496,314.08,60,VIIRS,2026-08-22,2010
21.10789,72.63438,297.41,60,VIIRS,2026-08-22,2010
21.10692,72.64557,306.14,60,VIIRS,2026-08-22,2010
10.61528,77.4217,309.99,60,VIIRS,2026-08-22,2012
10.2395,77.21495,306.04,60,VIIRS,2026-08-22,2012
10.68565,77.50634,316.98,60,VIIRS,2026-08-22,2012
10.93126,77.0644,306.28,60,VIIRS,2026-08-22,2012
11.81559,77.91829,302.45,60,VIIRS,2026-08-22,2012
9.63003,77.42585,299.48,60,VIIRS,2026-08-22,2012
10.0821,77.23841,305.95,60,VIIRS,2026-08-22,2012
10.08541,77.24478,316.57,60,VIIRS,2026-08-22,2012
10.92703,77.06378,300.75,60,VIIRS,2026-08-22,2012
24.66165,74.63514,301.51,60,VIIRS,2026-08-22,2148
26.25974,74.09682,301.85,60,VIIRS,2026-08-22,2148
21.10465,72.63463,303.18,60,VIIRS,2026-08-22,2150
21.1083,72.64712,305.07,60,VIIRS,2026-08-22,2150
23.68413,86.3939,334.02,30,VIIRS,2026-08-23,0722
23.67774,86.39987,333.05,30,VIIRS,2026-08-23,0722
25.70774,93.52971,330.99,60,VIIRS,2026-08-23,0722
23.76439,86.40546,337.61,30,VIIRS,2026-08-23,0722
23.71326,86.45322,334.56,30,VIIRS,2026-08-23,0722
29.45837,76.8635,335.25,60,VIIRS,2026-08-23,0724
9.75798,77.86183,333.4,60,VIIRS,2026-08-23,0858
9.30156,77.52041,337.02,60,VIIRS,2026-08-23,0858
9.33903,77.85733,333.04,60,VIIRS,2026-08-23,0858
9.40167,78.73985,338.39,60,VIIRS,2026-08-23,0858
9.11287,77.61896,331.28,60,VIIRS,2026-08-23,0858
8.60119,77.89647,336.19,60,VIIRS,2026-08-23,0858
29.45934,76.86684,311.09,60,VIIRS,2026-08-23,1947
29.45968,76.85906,307.01,60,VIIRS,2026-08-23,1947
29.45605,76.86481,326.44,60,VIIRS,2026-08-23,1947
22.37884,87.29135,304.28,60,VIIRS,2026-08-23,1949
22.37705,87.27776,331.69,60,VIIRS,2026-08-23,1949
22.37646,87.2821,311.21,60,VIIRS,2026-08-23,1949
22.38041,87.28827,307.22,60,VIIRS,2026-08-23,1949
22.37808,87.27902,335.54,60,VIIRS,2026-08-23,1949
22.36435,87.29896,320.25,60,VIIRS,2026-08-23,1949
22.35846,87.28915,315.8,60,VIIRS,2026-08-23,1949
22.36707,87.01698,305.19,60,VIIRS,2026-08-23,1949
22.36347,87.01639,307.08,60,VIIRS,2026-08-23,1949
22.24415,87.38719,316.48,60,VIIRS,2026-08-23,1949
22.05338,88.12582,312.77,60,VIIRS,2026-08-23,1949
22.04995,88.12524,300.72,60,VIIRS,2026-08-23,1949
23.72301,86.42394,302.85,60,VIIRS,2026-08-23,1949
25.03607,87.38985,300.94,60,VIIRS,2026-08-23,1949
24.11867,86.86238,304.73,60,VIIRS,2026-08-23,1949
24.11497,86.86179,315.04,60,VIIRS,2026-08-23,1949
23.79316,86.35529,302.79,60,VIIRS,2026-08-23,1949
23.6977,87.09478,303.2,60,VIIRS,2026-08-23,1949
23.69225,87.10797,302.31,60,VIIRS,2026-08-23,1949
23.79394,86.35359,310.56,60,VIIRS,2026-08-23,1949
23.69247,87.10574,304.11,60,VIIRS,2026-08-23,1949
23.69184,87.11031,304.34,60,VIIRS,2026-08-23,1949
23.68946,87.10056,303.81,60,VIIRS,2026-08-23,1949
23.77992,86.37187,307.54,60,VIIRS,2026-08-23,1949
23.77368,86.36065,305.88,60,VIIRS,2026-08-23,1949
23.77302,86.36568,319.44,60,VIIRS,2026-08-23,1949
23.76398,86.40508,320.1,60,VIIRS,2026-08-23,1949
23.76086,86.39946,312.32,60,VIIRS,2026-08-23,1949
23.7507,86.41822,311.61,60,VIIRS,2026-08-23,1949
23.73744,86.43132,315.58,60,VIIRS,2026-08-23,1949
23.73679,86.43628,301.72,60,VIIRS,2026-08-23,1949
23.72484,86.43946,305.83,60,VIIRS,2026-08-23,1949
23.72365,86.41901,304.57,60,VIIRS,2026-08-23,1949
23.71924,86.42335,302.48,60,VIIRS,2026-08-23,1949
23.71666,86.44323,307.55,60,VIIRS,2026-08-23,1949
23.71547,86.42276,309.67,60,VIIRS,2026-08-23,1949
23.71483,86.4277,303.14,60,VIIRS,2026-08-23,1949
23.71226,86.44759,304.5,60,VIIRS,2026-08-23,1949
23.71161,86.45256,316.85,60,VIIRS,2026-08-23,1949
23.70849,86.44699,306.06,60,VIIRS,2026-08-23,1949
23.68469,86.39252,319.99,60,VIIRS,2026-08-23,1949
23.68028,86.39692,310.89,60,VIIRS,2026-08-23,1949
23.67651,86.3963,313.29,60,VIIRS,2026-08-23,1949
23.67588,86.40126,314.16,60,VIIRS,2026-08-23,1949
23.68546,86.39105,315.22,60,VIIRS,2026-08-23,1949
23.68479,86.39607,308.93,60,VIIRS,2026-08-23,1949
23.68102,86.39546,308.42,60,VIIRS,2026-08-23,1949
23.67725,86.39486,309.09,60,VIIRS,2026-08-23,1949
23.67659,86.3998,319.75,60,VIIRS,2026-08-23,1949
23.675,86.08497,311.06,60,VIIRS,2026-08-23,1949
23.67103,86.11588,308.29,60,VIIRS,2026-08-23,1949
22.37943,87.28702,304.16,60,VIIRS,2026-08-23,1949
17.60466,83.20252,308.79,60,VIIRS,2026-08-23,1951
17.6089,83.2031,312.06,60,VIIRS,2026-08-23,1951
11.1382,77.34947,295.69,60,VIIRS,2026-08-23,1951
10.0711,77.255,318.01,60,VIIRS,2026-08-23,1953
10.07071,77.25803,298.24,60,VIIRS,2026-08-23,1953
10.07274,77.25336,313.23,60,VIIRS,2026-08-23,1953
10.07236,77.25639,313.63,60,VIIRS,2026-08-23,1953
10.07149,77.25207,301.66,60,VIIRS,2026-08-23,1953
29.35946,76.95735,305.21,60,VIIRS,2026-08-23,2127
27.66743,76.13509,303.8,60,VIIRS,2026-08-23,2127
31.25972,76.92417,303.56,60,VIIRS,2026-08-23,2127
31.26044,76.92447,303.03,60,VIIRS,2026-08-23,2127
29.45798,76.88937,307.07,60,VIIRS,2026-08-23,2127
29.45706,76.87043,345.96,60,VIIRS,2026-08-23,2127
29.45788,76.86697,309.22,60,VIIRS,2026-08-23,2127
24.68984,73.00451,307.66,60,VIIRS,2026-08-23,2129
16.7534,74.28566,301.79,60,VIIRS,2026-08-23,2131
31.99853,78.5369,333.62,60,VIIRS,2026-08-24,0705
8.86875,78.15804,341.5,60,VIIRS,2026-08-24,0839
8.86698,78.08605,332.97,60,VIIRS,2026-08-24,0839
30.4505,74.18115,332.79,60,VIIRS,2026-08-24,0845
23.55243,87.23839,302.43,60,VIIRS,2026-08-24,1930
22.86855,86.05769,301.01,60,VIIRS,2026-08-24,1930
22.58832,85.90031,303.06,60,VIIRS,2026-08-24,1930
22.58314,85.89967,302.78,60,VIIRS,2026-08-24,1930
22.58779,85.89744,301.86,60,VIIRS,2026-08-24,1930
22.56736,85.89178,306.82,60,VIIRS,2026-08-24,1930
22.37227,87.27415,325.21,60,VIIRS,2026-08-24,1930
22.3605,87.29447,314.52,60,VIIRS,2026-08-24,1930
22.36139,87.01068,308.79,60,VIIRS,2026-08-24,1930
22.36172,87.01392,310.09,60,VIIRS,2026-08-24,1930
27.37654,95.08727,307.83,60,VIIRS,2026-08-24,1930
25.94131,72.19123,311.79,60,VIIRS,2026-08-24,2110
26.25756,74.09525,308.52,60,VIIRS,2026-08-24,2110
31.25866,76.92591,304.88,60,VIIRS,2026-08-24,2110
29.45879,76.8923,303.48,60,VIIRS,2026-08-24,2110
26.87662,73.51538,307.36,60,VIIRS,2026-08-24,2110
21.1091,72.64789,309.92,60,VIIRS,2026-08-24,2112
23.10639,70.1897,306.28,60,VIIRS,2026-08-24,2112
23.05546,69.99567,308.71,60,VIIRS,2026-08-24,2112
22.92933,70.10716,313.68,60,VIIRS,2026-08-24,2112
22.93641,69.69853,325.35,60,VIIRS,2026-08-24,2112
22.93583,69.70226,321.57,60,VIIRS,2026-08-24,2112
22.93312,69.69794,324.97,60,VIIRS,2026-08-24,2112
22.34504,69.87063,323.05,60,VIIRS,2026-08-24,2112
22.34174,69.87002,322.14,60,VIIRS,2026-08-24,2112
22.3408,69.85459,305.94,60,VIIRS,2026-08-24,2112
21.11144,72.63482,311.12,60,VIIRS,2026-08-24,2112
21.10552,72.64716,337.64,60,VIIRS,2026-08-24,2112
21.10352,72.63773,330.98,60,VIIRS,2026-08-24,2112
20.91151,71.45895,310.03,60,VIIRS,2026-08-24,2112
20.35698,72.95097,301.25,60,VIIRS,2026-08-24,2112
24.8168,73.0893,306.65,60,VIIRS,2026-08-24,2112
24.68826,72.99875,309.39,60,VIIRS,2026-08-24,2112
23.3162,70.48951,309.1,60,VIIRS,2026-08-24,2112
23.25788,70.26331,307.92,60,VIIRS,2026-08-24,2112
23.2488,69.87011,307.12,60,VIIRS,2026-08-24,2112
18.68722,73.03297,305.75,60,VIIRS,2026-08-24,2114
18.68346,73.03221,304.3,60,VIIRS,2026-08-24,2114
10.21385,79.24151,330.12,60,VIIRS,2026-08-25,0822
14.20531,77.38112,337.11,60,VIIRS,2026-08-25,0822
14.86806,79.7366,350.15,60,VIIRS,2026-08-25,0822
17.08652,79.68517,330.79,60,VIIRS,2026-08-25,0822
10.2144,79.2453,332.07,60,VIIRS,2026-08-25,0822
15.65774,78.98273,344.31,60,VIIRS,2026-08-25,0822
16.00588,79.10636,330.37,60,VIIRS,2026-08-25,0822
30.41115,73.77779,332.39,60,VIIRS,2026-08-25,0826
30.38699,73.90166,331.03,30,VIIRS,2026-08-25,0826
22.37654,87.27341,299.76,60,VIIRS,2026-08-25,1910
27.32489,95.27836,310.53,60,VIIRS,2026-08-25,1910
27.31814,95.26488,317.39,60,VIIRS,2026-08-25,1910
22.37854,87.27468,305.68,60,VIIRS,2026-08-25,1910
22.37812,87.2802,307.89,60,VIIRS,2026-08-25,1910
22.37608,87.27892,311.74,60,VIIRS,2026-08-25,1910
22.36787,87.30032,305.12,60,VIIRS,2026-08-25,1910
22.35603,87.28809,299.91,60,VIIRS,2026-08-25,1910
22.36498,87.01769,302.1,60,VIIRS,2026-08-25,1910
22.24567,87.3872,301.79,60,VIIRS,2026-08-25,1910
21.80047,83.89091,298.89,60,VIIRS,2026-08-25,2053
21.82554,83.90067,298.76,60,VIIRS,2026-08-25,2053
22.03749,83.35403,297.68,60,VIIRS,2026-08-25,2053
17.95771,80.79256,318.24,60,VIIRS,2026-08-25,2053
18.80515,74.26173,306.85,60,VIIRS,2026-08-25,2053
15.17962,76.67442,300.33,60,VIIRS,2026-08-25,2053
15.1759,76.67371,305.07,60,VIIRS,2026-08-25,2053
25.9415,72.19053,306.2,60,VIIRS,2026-08-25,2053
15.17508,76.67832,297.22,60,VIIRS,2026-08-25,2053
17.95664,80.79015,304.6,60,VIIRS,2026-08-25,2053
17.95564,80.7951,310.43,60,VIIRS,2026-08-25,2053
22.93312,69.69748,314.65,60,VIIRS,2026-08-25,2053
22.93243,69.69887,311.42,60,VIIRS,2026-08-25,2053
21.46661,80.1269,300.63,60,VIIRS,2026-08-25,2053
21.37644,81.67916,295.33,60,VIIRS,2026-08-25,2053
21.80072,82.0384,300.33,60,VIIRS,2026-08-25,2053
21.74012,83.84026,308.08,60,VIIRS,2026-08-25,2053
21.7445,83.84505,298.77,60,VIIRS,2026-08-25,2053
21.74524,83.84165,344.62,60,VIIRS,2026-08-25,2053
21.75037,83.84305,301.57,60,VIIRS,2026-08-25,2053
19.82175,79.2376,301.47,60,VIIRS,2026-08-25,2055
14.87239,78.05413,309.87,60,VIIRS,2026-08-25,2055
9.70498,77.43482,295.89,60,VIIRS,2026-08-25,2055
22.4152,69.03896,305.3,60,VIIRS,2026-08-25,2055
21.1113,72.63686,301.26,60,VIIRS,2026-08-25,2055
21.10678,72.64395,316.16,60,VIIRS,2026-08-25,2055
21.1062,72.64778,310.96,60,VIIRS,2026-08-25,2055
21.10456,72.63571,316.63,60,VIIRS,2026-08-25,2055
21.10119,72.63515,333.85,60,VIIRS,2026-08-25,2055
9.38904,78.88414,334.56,30,VIIRS,2026-08-26,0801
9.38948,78.88505,336.31,30,VIIRS,2026-08-26,0801
9.80408,78.17467,337.02,60,VIIRS,2026-08-26,0801
9.90871,78.08326,333.9,60,VIIRS,2026-08-26,0801
9.90823,78.08034,333.85,60,VIIRS,2026-08-26,0801
10.05334,77.95324,348.01,60,VIIRS,2026-08-26,0801
12.13064,79.65323,333.44,30,VIIRS,2026-08-26,0801
13.84194,79.25305,330.21,30,VIIRS,2026-08-26,0803
14.25997,80.11976,330.87,30,VIIRS,2026-08-26,0803
14.2594,80.11615,332.94,30,VIIRS,2026-08-26,0803
15.17995,76.68201,334.96,60,VIIRS,2026-08-26,0803
15.90841,79.10486,332.68,30,VIIRS,2026-08-26,0803
16.40065,79.36692,335.87,60,VIIRS,2026-08-26,0803
17.95717,80.79728,333.75,60,VIIRS,2026-08-26,0803
18.54734,74.17914,332.83,60,VIIRS,2026-08-26,0803
21.74366,83.84032,332.06,60,VIIRS,2026-08-26,0805
21.74819,83.84499,338.5,60,VIIRS,2026-08-26,0805
21.75594,83.84392,339.67,60,VIIRS,2026-08-26,0805
22.35679,82.30565,330.32,60,VIIRS,2026-08-26,0805
21.10306,72.64542,336.67,60,VIIRS,2026-08-26,0805
21.10126,72.63638,355.87,60,VIIRS,2026-08-26,0805
30.37266,73.89281,332.4,30,VIIRS,2026-08-26,0807
30.37163,73.89048,336.49,60,VIIRS,2026-08-26,0807
33.57693,74.22216,330.71,60,VIIRS,2026-08-26,0807
24.92307,92.52792,297.19,60,VIIRS,2026-08-26,1851
29.92137,74.95252,298.99,60,VIIRS,2026-08-26,2032
23.61321,86.7896,311.97,60,VIIRS,2026-08-26,2034
23.61457,86.79169,311.36,60,VIIRS,2026-08-26,2034
23.55976,87.23328,304.51,60,VIIRS,2026-08-26,2034
23.56083,87.22818,300.7,60,VIIRS,2026-08-26,2034
23.79305,86.23392,297.85,60,VIIRS,2026-08-26,2034
23.79604,86.28603,299.33,60,VIIRS,2026-08-26,2034
23.69875,87.09306,301.23,60,VIIRS,2026-08-26,2034
23.12196,70.08334,311,60,VIIRS,2026-08-26,2034
20.78876,85.25801,301.02,60,VIIRS,2026-08-26,2034
22.9245,69.82229,301.64,60,VIIRS,2026-08-26,2034
22.92565,69.82343,303.65,60,VIIRS,2026-08-26,2034
20.86715,84.99306,303.85,60,VIIRS,2026-08-26,2034
20.86633,84.99726,302.62,60,VIIRS,2026-08-26,2034
20.86377,84.98796,331.05,60,VIIRS,2026-08-26,2034
20.86296,84.99215,308.93,60,VIIRS,2026-08-26,2034
20.79388,85.25462,303.84,60,VIIRS,2026-08-26,2034
20.79303,85.25893,302.21,60,VIIRS,2026-08-26,2034
15.0046,77.00061,310.42,60,VIIRS,2026-08-26,2036
15.68362,78.45876,306.97,60,VIIRS,2026-08-26,2036
15.01486,79.80273,316.21,60,VIIRS,2026-08-26,2036
15.33239,76.28411,306.46,60,VIIRS,2026-08-26,2036
15.17826,77.10178,302.31,60,VIIRS,2026-08-26,2036
15.17495,77.10123,306.08,60,VIIRS,2026-08-26,2036
15.02314,78.01447,308.69,60,VIIRS,2026-08-26,2036
15.30111,76.21888,304.95,60,VIIRS,2026-08-26,2036
15.1731,76.78556,304.39,60,VIIRS,2026-08-26,2036
15.18476,76.66579,311.2,60,VIIRS,2026-08-26,2036
15.18143,76.66524,326.3,60,VIIRS,2026-08-26,2036
15.18476,76.64362,304.82,60,VIIRS,2026-08-26,2036
15.18088,76.66885,306.97,60,VIIRS,2026-08-26,2036
15.17922,76.67965,309.1,60,VIIRS,2026-08-26,2036
15.17733,76.67619,328.74,60,VIIRS,2026-08-26,2036
15.17453,76.69421,316.22,60,VIIRS,2026-08-26,2036
15.17736,76.65406,327.76,60,VIIRS,2026-08-26,2036
15.1768,76.65766,332.51,60,VIIRS,2026-08-26,2036
15.17624,76.66125,304.34,60,VIIRS,2026-08-26,2036
15.1712,76.69366,302.91,60,VIIRS,2026-08-26,2036
15.17403,76.65352,310.22,60,VIIRS,2026-08-26,2036
15.17348,76.65711,311.66,60,VIIRS,2026-08-26,2036
15.16791,76.67098,309.55,60,VIIRS,2026-08-26,2036
15.16735,76.6746,304.85,60,VIIRS,2026-08-26,2036
15.17149,76.38216,301.43,60,VIIRS,2026-08-26,2036
15.16815,76.38161,308.5,60,VIIRS,2026-08-26,2036
13.8324,79.25771,300.63,60,VIIRS,2026-08-26,2036
13.70935,79.61942,304.18,60,VIIRS,2026-08-26,2036
13.62073,78.48496,299.89,60,VIIRS,2026-08-26,2036
18.95733,73.94366,324.36,60,VIIRS,2026-08-26,2036
18.68391,73.0312,312.29,60,VIIRS,2026-08-26,2036
18.68293,73.03869,308.16,60,VIIRS,2026-08-26,2036
16.63467,74.34213,301.82,60,VIIRS,2026-08-26,2036
11.18108,79.10128,303.57,60,VIIRS,2026-08-26,2038
11.81618,77.91673,315.08,60,VIIRS,2026-08-26,2038
11.80979,77.00835,302.99,60,VIIRS,2026-08-26,2038
8.53767,77.95551,330.37,60,VIIRS,2026-08-27,0744
8.53706,77.95217,335.66,60,VIIRS,2026-08-27,0744
8.93558,77.80733,336.01,60,VIIRS,2026-08-27,0744
9.30486,78.81577,336.81,60,VIIRS,2026-08-27,0744
9.13252,77.84334,338.51,60,VIIRS,2026-08-27,0744
9.30457,78.81348,334.81,60,VIIRS,2026-08-27,0744
9.1307,77.84574,335.59,60,VIIRS,2026-08-27,0744
9.13009,77.84245,341.07,60,VIIRS,2026-08-27,0744
9.20093,77.46384,331.96,60,VIIRS,2026-08-27,0744
9.9931,79.18903,333.06,60,VIIRS,2026-08-27,0744
9.91843,77.93557,335.55,60,VIIRS,2026-08-27,0744
10.02469,78.36389,334.84,60,VIIRS,2026-08-27,0744
10.28012,78.98431,339.64,60,VIIRS,2026-08-27,0744
10.99141,78.89906,338.6,60,VIIRS,2026-08-27,0744
10.87787,77.24078,330.18,60,VIIRS,2026-08-27,0744
11.69187,79.39234,332.69,60,VIIRS,2026-08-27,0744
12.19828,79.71751,331.74,60,VIIRS,2026-08-27,0744
17.64342,74.69589,335.54,60,VIIRS,2026-08-27,0746
20.78782,85.26209,335.01,60,VIIRS,2026-08-27,0746
20.86458,84.98833,338.21,60,VIIRS,2026-08-27,0746
20.884,84.98126,330.65,60,VIIRS,2026-08-27,0746
27.26775,88.31142,332.2,60,VIIRS,2026-08-27,0748
26.63397,70.38496,340.33,60,VIIRS,2026-08-27,0748
26.63018,70.38756,336.05,60,VIIRS,2026-08-27,0748
30.60386,74.03584,337.14,60,VIIRS,2026-08-27,0750
30.69802,74.17593,330.82,30,VIIRS,2026-08-27,0750
29.9094,74.95135,321.57,60,VIIRS,2026-08-27,2014
22.24742,87.38844,309.29,60,VIIRS,2026-08-27,2014
22.3576,87.29176,305.77,60,VIIRS,2026-08-27,2014
22.36518,87.3004,323.59,60,VIIRS,2026-08-27,2014
22.3771,87.27546,307.83,60,VIIRS,2026-08-27,2014
22.3763,87.27986,324.45,60,VIIRS,2026-08-27,2014
22.78921,86.19717,327.01,60,VIIRS,2026-08-27,2014
22.79055,86.20983,306.4,60,VIIRS,2026-08-27,2014
23.69652,85.29062,304.11,60,VIIRS,2026-08-27,2014
23.84105,85.30284,296.4,60,VIIRS,2026-08-27,2014
23.54881,87.24468,296.44,60,VIIRS,2026-08-27,2014
23.55232,87.24541,308.68,60,VIIRS,2026-08-27,2014
23.55659,87.24186,305.1,60,VIIRS,2026-08-27,2014
23.56009,87.24259,308.29,60,VIIRS,2026-08-27,2014
23.56085,87.2383,327.01,60,VIIRS,2026-08-27,2014
23.66214,87.15569,314.34,60,VIIRS,2026-08-27,2014
23.66489,87.16066,304.31,60,VIIRS,2026-08-27,2014
23.68629,87.12115,295.74,60,VIIRS,2026-08-27,2014
29.457,76.86609,334.4,60,VIIRS,2026-08-27,2014
29.90971,74.94712,350.51,60,VIIRS,2026-08-27,2014
29.91002,74.94289,346.19,60,VIIRS,2026-08-27,2014
29.91529,74.9477,308.09,60,VIIRS,2026-08-27,2014
29.90909,74.95557,306.55,60,VIIRS,2026-08-27,2014
29.91033,74.93867,305.44,60,VIIRS,2026-08-27,2014
29.91498,74.95193,306.17,60,VIIRS,2026-08-27,2014
15.99257,78.3996,304.82,60,VIIRS,2026-08-27,2017
11.81603,77.91864,320.62,60,VIIRS,2026-08-27,2017
11.81781,77.91653,311.73,60,VIIRS,2026-08-27,2017
11.18222,79.10208,304.71,60,VIIRS,2026-08-27,2017
11.17704,79.08945,307.88,60,VIIRS,2026-08-27,2017
11.10949,77.76649,309.44,60,VIIRS,2026-08-27,2017
10.14528,78.35623,306.72,60,VIIRS,2026-08-27,2017
9.49338,77.62221,302,60,VIIRS,2026-08-27,2017
9.49335,77.62408,304.15,60,VIIRS,2026-08-27,2017
22.38937,73.11508,295.06,60,VIIRS,2026-08-27,2017
21.10433,72.64272,305.89,60,VIIRS,2026-08-27,2017
17.95681,80.78843,308.3,60,VIIRS,2026-08-27,2017
17.95565,80.79626,317.3,60,VIIRS,2026-08-27,2017
17.46458,80.65409,319.97,60,VIIRS,2026-08-27,2017
16.54488,79.75774,307.31,60,VIIRS,2026-08-27,2017
15.84457,79.77414,312.68,60,VIIRS,2026-08-27,2017
8.30766,77.63818,310.18,60,VIIRS,2026-08-27,2019
13.39244,80.10186,316.57,60,VIIRS,2026-08-27,2019
13.70962,79.61949,310.51,60,VIIRS,2026-08-27,2019
13.82483,79.2569,309.05,60,VIIRS,2026-08-27,2019
15.07126,76.86606,302.03,60,VIIRS,2026-08-27,2019
15.17371,76.65434,309.23,60,VIIRS,2026-08-27,2019
15.17269,76.6937,297.01,60,VIIRS,2026-08-27,2019
15.02335,78.01398,308.39,60,VIIRS,2026-08-27,2019
15.17564,77.10123,299.95,60,VIIRS,2026-08-27,2019
15.33447,76.2467,304.65,60,VIIRS,2026-08-27,2019
15.33388,76.28443,306.14,60,VIIRS,2026-08-27,2019
8.30407,77.63763,313.44,60,VIIRS,2026-08-27,2019
29.91607,74.94938,305.84,60,VIIRS,2026-08-27,2155
29.90671,74.9599,317.64,60,VIIRS,2026-08-27,2155
29.91005,74.94773,319.45,60,VIIRS,2026-08-27,2155
29.90838,74.95381,367,90,VIIRS,2026-08-27,2155
29.91466,74.95614,306.96,60,VIIRS,2026-08-27,2155
29.90638,74.95924,319.9,60,VIIRS,2026-08-27,2155
29.90978,74.9471,319.17,60,VIIRS,2026-08-27,2155
29.90808,74.95317,367,90,VIIRS,2026-08-27,2155
29.47338,76.864,304,60,VIIRS,2026-08-27,2155
29.91436,74.95547,310.32,60,VIIRS,2026-08-27,2155
8.73258,78.10741,334.15,60,VIIRS,2026-08-28,0724
8.71467,77.97586,332.45,60,VIIRS,2026-08-28,0724
9.277,78.39668,334.35,60,VIIRS,2026-08-28,0724
8.72874,78.1054,335.79,60,VIIRS,2026-08-28,0724
9.27714,78.39496,335.92,60,VIIRS,2026-08-28,0724
14.49166,79.70969,339.76,60,VIIRS,2026-08-28,0726
15.02867,79.75406,334.11,60,VIIRS,2026-08-28,0726
15.63637,79.58625,330.26,60,VIIRS,2026-08-28,0726
15.76769,79.49413,331.28,60,VIIRS,2026-08-28,0726
14.49187,79.7094,335.09,60,VIIRS,2026-08-28,0726
14.75162,79.71841,330.88,60,VIIRS,2026-08-28,0726
26.60799,90.33498,336.49,60,VIIRS,2026-08-28,0729
21.74797,83.84405,332.09,60,VIIRS,2026-08-28,0729
28.31779,95.1801,329.86,60,VIIRS,2026-08-28,0729
22.36216,87.01751,332.41,60,VIIRS,2026-08-28,0729
22.377,87.2805,341.05,60,VIIRS,2026-08-28,0729
9.27846,78.39858,336.74,60,VIIRS,2026-08-28,0905
9.33131,77.52667,334.29,60,VIIRS,2026-08-28,0905
9.33079,77.52433,334.37,60,VIIRS,2026-08-28,0905
9.4159,77.509,332.41,60,VIIRS,2026-08-28,0905
9.41621,77.50993,334.29,60,VIIRS,2026-08-28,0905
22.92944,70.106,336.34,60,VIIRS,2026-08-28,0907
25.9428,72.19143,351.1,60,VIIRS,2026-08-28,0909
25.94344,72.1987,330.75,60,VIIRS,2026-08-28,0909
25.94312,72.19508,367,90,VIIRS,2026-08-28,0909
27.37928,95.33176,306.89,60,VIIRS,2026-08-28,1953
27.326,95.27651,309.19,60,VIIRS,2026-08-28,1953
27.32473,95.27738,308.91,60,VIIRS,2026-08-28,1953
27.37818,95.33735,310.91,60,VIIRS,2026-08-28,1953
24.11609,86.8623,299.6,60,VIIRS,2026-08-28,1955
24.11668,86.85818,299.08,60,VIIRS,2026-08-28,1955
15.18244,76.67507,315.47,60,VIIRS,2026-08-28,1957
15.18653,76.67741,301.38,60,VIIRS,2026-08-28,1957
15.18174,76.66875,301.69,60,VIIRS,2026-08-28,1957
15.18128,76.67277,310.62,60,VIIRS,2026-08-28,1957
15.18081,76.67679,307.26,60,VIIRS,2026-08-28,1957
15.17742,76.65607,302.89,60,VIIRS,2026-08-28,1957
15.17508,76.67622,297.14,60,VIIRS,2026-08-28,1957
13.71205,79.61907,307.18,60,VIIRS,2026-08-28,1957
15.17891,76.65431,302.81,60,VIIRS,2026-08-28,1957
15.18288,76.67104,302.34,60,VIIRS,2026-08-28,1957
15.18332,76.66703,307.26,60,VIIRS,2026-08-28,1957
15.17497,77.10068,306.28,60,VIIRS,2026-08-28,1957
15.65942,73.98846,301.95,60,VIIRS,2026-08-28,1957
15.66104,73.9874,299.07,60,VIIRS,2026-08-28,1957
17.46277,80.65205,305.23,60,VIIRS,2026-08-28,1957
17.46345,80.65358,305.28,60,VIIRS,2026-08-28,1957
17.95635,80.79659,310.34,60,VIIRS,2026-08-28,1957
10.61728,77.41994,301.09,60,VIIRS,2026-08-28,2000
30.47519,76.58662,304.01,60,VIIRS,2026-08-28,2133
25.94091,72.19165,311.26,60,VIIRS,2026-08-28,2136
24.66053,74.63365,302.81,60,VIIRS,2026-08-28,2136
21.10043,72.63733,305.36,60,VIIRS,2026-08-28,2138
21.1034,72.64882,301.14,60,VIIRS,2026-08-28,2138
20.9107,71.46196,305.7,60,VIIRS,2026-08-28,2138
22.37586,87.27822,331.92,60,VIIRS,2026-08-29,0707
22.37665,87.28234,332.05,60,VIIRS,2026-08-29,0707
28.10045,95.53236,330.43,60,VIIRS,2026-08-29,0709
23.55899,87.24026,330.62,60,VIIRS,2026-08-29,0709
31.65704,78.40268,329.09,30,VIIRS,2026-08-29,0712
8.65245,77.83784,330.16,60,VIIRS,2026-08-29,0845
8.60485,77.9724,339.73,60,VIIRS,2026-08-29,0845
8.60874,77.96722,336.02,60,VIIRS,2026-08-29,0845
8.57969,77.66151,339.99,60,VIIRS,2026-08-29,0845
8.64795,77.83846,336.15,60,VIIRS,2026-08-29,0845
8.74677,78.08665,332.55,60,VIIRS,2026-08-29,0845
9.50563,77.60714,335.3,60,VIIRS,2026-08-29,0845
10.93459,78.47301,337.47,60,VIIRS,2026-08-29,0845
11.74922,79.71774,333.73,60,VIIRS,2026-08-29,0845
11.83292,79.64937,332.56,60,VIIRS,2026-08-29,0845
12.17967,79.73842,344.66,60,VIIRS,2026-08-29,0845
16.34823,78.444,337.73,60,VIIRS,2026-08-29,0848
16.22416,80.35689,334.08,60,VIIRS,2026-08-29,0848
14.14709,77.40031,330.17,60,VIIRS,2026-08-29,0848
14.78831,79.94443,332.64,60,VIIRS,2026-08-29,0848
15.46434,80.16425,349.37,60,VIIRS,2026-08-29,0848
15.47011,80.16361,333.26,60,VIIRS,2026-08-29,0848
13.51015,78.18242,335.03,60,VIIRS,2026-08-29,0848
14.20221,79.16484,336.34,60,VIIRS,2026-08-29,0848
27.31574,72.3643,338.67,60,VIIRS,2026-08-29,0852
29.90926,74.9532,331.09,60,VIIRS,2026-08-29,0852
27.37603,95.33333,305.91,60,VIIRS,2026-08-29,1936
27.22117,95.34689,312.89,60,VIIRS,2026-08-29,1936
27.47018,95.42361,307.94,60,VIIRS,2026-08-29,1936
27.37933,95.33401,331.37,60,VIIRS,2026-08-29,1936
27.37836,95.08643,306.1,60,VIIRS,2026-08-29,1936
22.37698,87.28178,298.14,60,VIIRS,2026-08-29,1938
22.36034,87.01775,301.87,60,VIIRS,2026-08-29,1938
22.36468,87.01837,303.34,60,VIIRS,2026-08-29,1938
22.37749,87.27749,301.79,60,VIIRS,2026-08-29,1938
22.36584,87.30197,304.37,60,VIIRS,2026-08-29,1938
10.93793,78.46664,321.14,60,VIIRS,2026-08-29,1940
9.75605,77.51919,313.12,60,VIIRS,2026-08-29,1940
9.75551,77.517,308.74,60,VIIRS,2026-08-29,1940
10.94446,78.46751,302.27,60,VIIRS,2026-08-29,1940
28.37428,77.22549,303.85,60,VIIRS,2026-08-29,2116
26.87508,73.5155,307.67,60,VIIRS,2026-08-29,2116
29.45932,76.89091,330.32,60,VIIRS,2026-08-29,2116
26.8731,73.51817,306.91,60,VIIRS,2026-08-29,2116
29.12339,75.77961,313.16,60,VIIRS,2026-08-29,2116
24.69089,73.00126,300.42,60,VIIRS,2026-08-29,2118
25.94332,72.19199,305.54,60,VIIRS,2026-08-29,2118
24.66288,74.63297,297.52,60,VIIRS,2026-08-29,2118
24.66208,74.63699,297.67,60,VIIRS,2026-08-29,2118
24.82164,73.09422,296.48,60,VIIRS,2026-08-29,2118
20.86841,71.39706,303.07,60,VIIRS,2026-08-29,2118
18.77881,73.74908,300.74,60,VIIRS,2026-08-29,2121
18.68258,73.03453,301.67,60,VIIRS,2026-08-29,2121
18.68334,73.03059,312.61,60,VIIRS,2026-08-29,2121
18.68747,73.03146,301.4,60,VIIRS,2026-08-29,2121
12.07226,78.52171,302.25,60,VIIRS,2026-08-29,2121
18.68072,73.03546,301.74,60,VIIRS,2026-08-29,2121
13.03323,77.87466,295.27,60,VIIRS,2026-08-29,2121
12.49513,76.73359,298.77,60,VIIRS,2026-08-29,2121
9.75523,77.51794,313.52,60,VIIRS,2026-08-29,2123
10.94256,78.46865,309.17,60,VIIRS,2026-08-29,2123
27.98973,94.2222,336.75,60,VIIRS,2026-08-30,0652
8.60875,77.83811,330.12,60,VIIRS,2026-08-30,0826
9.49209,77.66238,342.98,60,VIIRS,2026-08-30,0828
9.86126,78.18573,338.34,60,VIIRS,2026-08-30,0828
9.87797,78.03197,336.6,60,VIIRS,2026-08-30,0828
9.82619,77.39869,331.44,30,VIIRS,2026-08-30,0828
10.00316,76.4542,333.81,60,VIIRS,2026-08-30,0828
11.80984,77.21425,335.6,60,VIIRS,2026-08-30,0828
12.07999,76.99017,338.02,60,VIIRS,2026-08-30,0828
12.81456,78.60983,333.07,60,VIIRS,2026-08-30,0828
12.48661,76.3177,336.89,60,VIIRS,2026-08-30,0828
13.99587,79.86121,330.58,60,VIIRS,2026-08-30,0828
13.9402,78.66064,331.18,60,VIIRS,2026-08-30,0828
14.4991,79.69765,330.15,60,VIIRS,2026-08-30,0828
14.50312,79.69711,336.85,60,VIIRS,2026-08-30,0828
14.18999,77.3446,342.86,60,VIIRS,2026-08-30,0828
14.29174,77.98407,337.34,60,VIIRS,2026-08-30,0828
14.3499,77.63499,335.71,60,VIIRS,2026-08-30,0828
14.71446,79.98879,342.4,60,VIIRS,2026-08-30,0828
14.69206,79.62556,331.61,60,VIIRS,2026-08-30,0828
14.84624,78.37249,332.45,60,VIIRS,2026-08-30,0828
14.67836,76.89172,333.67,60,VIIRS,2026-08-30,0828
15.43925,77.664,333.31,60,VIIRS,2026-08-30,0828
15.93384,79.5267,343.13,60,VIIRS,2026-08-30,0828
9.15121,78.32916,331.35,60,VIIRS,2026-08-30,0828
8.78732,78.01003,339.42,60,VIIRS,2026-08-30,0828
8.80542,78.10815,335.36,60,VIIRS,2026-08-30,0828
8.88687,77.78855,336.67,60,VIIRS,2026-08-30,0828
8.93294,77.9651,349.29,60,VIIRS,2026-08-30,0828
8.93239,77.96133,333.2,60,VIIRS,2026-08-30,0828
8.91,77.59529,335.65,60,VIIRS,2026-08-30,0828
9.11369,77.77237,334.29,60,VIIRS,2026-08-30,0828
9.32007,77.4914,333.17,60,VIIRS,2026-08-30,0828
9.44472,77.67329,339.12,60,VIIRS,2026-08-30,0828
9.44417,77.66956,357.05,60,VIIRS,2026-08-30,0828
9.51278,78.066,343.56,60,VIIRS,2026-08-30,0828
21.17639,74.58324,334.94,60,VIIRS,2026-08-30,0830
19.7772,73.79005,333.97,60,VIIRS,2026-08-30,0830
30.16407,74.51582,331.57,30,VIIRS,2026-08-30,0835
30.51386,73.90864,335.57,60,VIIRS,2026-08-30,0835
31.10913,74.49384,345.2,60,VIIRS,2026-08-30,0835
31.64126,74.42704,308.12,60,VIIRS,2026-08-30,2055
27.66938,76.12862,299.11,60,VIIRS,2026-08-30,2057
24.68952,73.00175,308.21,60,VIIRS,2026-08-30,2057
27.66868,76.13271,296.11,60,VIIRS,2026-08-30,2057
26.60605,73.68385,305.13,60,VIIRS,2026-08-30,2057
26.87274,73.51597,306.77,60,VIIRS,2026-08-30,2057
26.87605,73.51661,309.34,60,VIIRS,2026-08-30,2057
26.87664,73.51275,304.99,60,VIIRS,2026-08-30,2057
29.4759,76.85623,311.77,60,VIIRS,2026-08-30,2057
29.45914,76.89161,316.03,60,VIIRS,2026-08-30,2057
28.74306,76.92912,316.04,60,VIIRS,2026-08-30,2057
25.94431,72.19051,325.37,60,VIIRS,2026-08-30,2057
25.9433,72.19072,329.62,60,VIIRS,2026-08-30,2057
20.35619,72.94963,305.96,60,VIIRS,2026-08-30,2059
19.93695,73.71136,323.05,60,VIIRS,2026-08-30,2059
18.54634,74.25378,311.92,60,VIIRS,2026-08-30,2059
18.69302,73.0416,319.89,60,VIIRS,2026-08-30,2059
18.68969,73.04101,304.97,60,VIIRS,2026-08-30,2059
21.10102,72.63954,295.93,60,VIIRS,2026-08-30,2059
21.26307,72.94081,312.03,60,VIIRS,2026-08-30,2059
21.79665,72.08905,308.36,60,VIIRS,2026-08-30,2059
21.1016,72.63586,315.23,60,VIIRS,2026-08-30,2059
15.1757,76.65623,320.74,60,VIIRS,2026-08-30,2101
15.17345,76.78623,302.27,60,VIIRS,2026-08-30,2101
15.1825,76.66548,315.65,60,VIIRS,2026-08-30,2101
15.18182,76.66927,302.97,60,VIIRS,2026-08-30,2101
15.17842,76.66464,301.31,60,VIIRS,2026-08-30,2101
15.17636,76.67603,312.47,60,VIIRS,2026-08-30,2101
15.17362,76.69113,301.13,60,VIIRS,2026-08-30,2101
15.16888,76.67051,297.02,60,VIIRS,2026-08-30,2101
13.82868,79.33408,302.13,60,VIIRS,2026-08-30,2101
13.82812,79.33691,305.97,60,VIIRS,2026-08-30,2101
13.82755,79.33979,302.83,60,VIIRS,2026-08-30,2101
13.82871,79.33633,304.76,60,VIIRS,2026-08-30,2101
13.82816,79.33921,305.91,60,VIIRS,2026-08-30,2101
13.71089,79.62021,304.97,60,VIIRS,2026-08-30,2101
11.62482,79.08276,304.91,60,VIIRS,2026-08-30,2101
9.67002,77.45597,297.92,60,VIIRS,2026-08-30,2101
9.17741,78.13036,346.2,60,VIIRS,2026-08-31,0807
9.47052,78.63935,342.36,30,VIIRS,2026-08-31,0807
9.77185,78.36581,340.43,60,VIIRS,2026-08-31,0807
9.90981,78.52617,339.05,30,VIIRS,2026-08-31,0807
9.80675,77.88925,344.35,30,VIIRS,2026-08-31,0807
9.8061,77.88528,340.12,30,VIIRS,2026-08-31,0807
9.98556,77.43252,336.54,30,VIIRS,2026-08-31,0807
11.62862,78.61463,331.27,30,VIIRS,2026-08-31,0807
9.22821,77.66577,339.43,30,VIIRS,2026-08-31,0807
9.02789,77.86799,345.65,60,VIIRS,2026-08-31,0807
14.47656,78.25895,335.97,60,VIIRS,2026-08-31,0809
11.52934,77.24984,332.74,60,VIIRS,2026-08-31,0809
11.52704,77.24921,330.49,30,VIIRS,2026-08-31,0809
11.73493,77.98431,331.16,60,VIIRS,2026-08-31,0809
11.99381,79.54753,350.08,60,VIIRS,2026-08-31,0809
11.99713,79.547,346.13,60,VIIRS,2026-08-31,0809
11.80935,77.92519,331.34,30,VIIRS,2026-08-31,0809
12.05555,79.07794,330.89,30,VIIRS,2026-08-31,0809
12.58657,79.6415,349.15,60,VIIRS,2026-08-31,0809
13.40939,80.26858,339.14,60,VIIRS,2026-08-31,0809
13.81923,79.34404,351.56,60,VIIRS,2026-08-31,0809
28.12977,76.78864,335.41,60,VIIRS,2026-08-31,0813
31.1293,74.65489,341.05,60,VIIRS,2026-08-31,0813
29.4606,76.88784,308.38,60,VIIRS,2026-08-31,2038
28.34651,77.2308,309.35,60,VIIRS,2026-08-31,2038
28.37152,77.22688,323.5,60,VIIRS,2026-08-31,2038
29.47525,76.859,314.13,60,VIIRS,2026-08-31,2038
21.10902,72.64436,299.5,60,VIIRS,2026-08-31,2040
24.76271,74.60774,306.91,60,VIIRS,2026-08-31,2040
24.76335,74.60571,303.34,60,VIIRS,2026-08-31,2040
22.38964,73.11803,318.73,60,VIIRS,2026-08-31,2040
22.3858,73.11745,305.2,60,VIIRS,2026-08-31,2040
22.3882,73.11613,321.54,60,VIIRS,2026-08-31,2040
21.10513,72.64378,330.75,60,VIIRS,2026-08-31,2040
18.68213,73.03376,305.47,60,VIIRS,2026-08-31,2042
18.68149,73.03835,311.06,60,VIIRS,2026-08-31,2042
17.43479,74.96613,307.73,60,VIIRS,2026-08-31,2042
15.1696,76.37997,296.09,60,VIIRS,2026-08-31,2042
15.65919,73.98986,315.41,60,VIIRS,2026-08-31,2042
17.06269,76.97835,306.39,60,VIIRS,2026-08-31,2042
18.42431,74.38948,307.81,60,VIIRS,2026-08-31,2042
18.59601,74.25494,317.81,60,VIIRS,2026-08-31,2042
18.68646,73.02973,306.48,60,VIIRS,2026-08-31,2042
10.94284,78.06322,316.81,60,VIIRS,2026-08-31,2044
11.08366,78.75399,311.37,60,VIIRS,2026-08-31,2044
10.41461,77.11382,305.75,60,VIIRS,2026-08-31,2044
8.74017,78.09332,306.91,60,VIIRS,2026-08-31,2044
12.60132,77.88569,308.19,60,VIIRS,2026-08-31,2044
12.59783,77.8851,299.48,60,VIIRS,2026-08-31,2044
11.81802,77.91586,308.19,60,VIIRS,2026-08-31,2044
11.81027,77.91869,306.89,60,VIIRS,2026-08-31,2044
11.80957,77.92274,309.05,60,VIIRS,2026-08-31,2044
11.18313,79.09899,304.24,60,VIIRS,2026-08-31,2044
9.96654,77.89884,339.99,60,VIIRS,2026-09-01,0750
8.29291,77.57172,340.35,60,VIIRS,2026-09-01,0750
8.69359,78.05819,331.91,60,VIIRS,2026-09-01,0750
8.69272,78.05309,339.6,60,VIIRS,2026-09-01,0750
8.69322,78.05519,347.78,60,VIIRS,2026-09-01,0750
9.57735,78.58523,342.46,60,VIIRS,2026-09-01,0750
9.77143,78.21916,333.13,60,VIIRS,2026-09-01,0750
9.8107,78.22701,330.36,30,VIIRS,2026-09-01,0750
9.95757,77.88288,336.99,60,VIIRS,2026-09-01,0750
9.96955,77.89621,343.87,60,VIIRS,2026-09-01,0750
9.95914,77.88472,337.66,60,VIIRS,2026-09-01,0750
10.015,78.08784,345.21,60,VIIRS,2026-09-01,0750
9.99659,77.51824,343.88,60,VIIRS,2026-09-01,0750
9.99667,77.52258,334.74,60,VIIRS,2026-09-01,0750
10.38719,79.27933,343.55,60,VIIRS,2026-09-01,0750
10.44507,78.80642,332.13,30,VIIRS,2026-09-01,0750
10.44559,78.8073,332.18,60,VIIRS,2026-09-01,0750
10.67588,78.80834,334.64,30,VIIRS,2026-09-01,0750
10.86091,79.81236,332.03,60,VIIRS,2026-09-01,0750
10.74769,78.83463,344.12,60,VIIRS,2026-09-01,0750
10.77378,78.65028,335.4,30,VIIRS,2026-09-01,0750
11.01958,79.83994,336.41,60,VIIRS,2026-09-01,0750
11.01218,79.41254,334.72,60,VIIRS,2026-09-01,0750
11.00781,77.43622,332.41,60,VIIRS,2026-09-01,0750
11.14795,78.03258,336.34,60,VIIRS,2026-09-01,0750
11.69378,79.12559,336.91,60,VIIRS,2026-09-01,0750
11.69394,79.12669,334.62,30,VIIRS,2026-09-01,0750
11.69813,79.12595,355.18,60,VIIRS,2026-09-01,0750
11.83094,79.66526,331.46,30,VIIRS,2026-09-01,0750
12.05853,79.84698,331.63,60,VIIRS,2026-09-01,0750
12.09285,79.56569,341.02,60,VIIRS,2026-09-01,0750
12.09304,79.56533,342.44,60,VIIRS,2026-09-01,0750
12.13102,78.14007,332.63,60,VIIRS,2026-09-01,0750
12.38799,79.56133,332.27,60,VIIRS,2026-09-01,0750
12.55496,79.97733,343.27,60,VIIRS,2026-09-01,0750
12.63548,79.86098,334.7,60,VIIRS,2026-09-01,0750
12.6515,79.40098,337.49,60,VIIRS,2026-09-01,0750
12.65554,79.40025,336.68,60,VIIRS,2026-09-01,0750
12.8083,79.95654,331.11,30,VIIRS,2026-09-01,0750
12.82044,79.10441,338.59,60,VIIRS,2026-09-01,0750
12.82455,79.10368,332.39,30,VIIRS,2026-09-01,0750
12.88371,78.21547,333.65,60,VIIRS,2026-09-01,0750
13.20734,79.73056,330.12,30,VIIRS,2026-09-01,0750
13.85709,79.33201,344.02,60,VIIRS,2026-09-01,0750
13.85649,79.3286,340.87,60,VIIRS,2026-09-01,0750
13.86103,79.33105,334.63,60,VIIRS,2026-09-01,0750
14.54064,79.68484,344.26,60,VIIRS,2026-09-01,0750
14.43581,77.70943,343.02,60,VIIRS,2026-09-01,0750
14.43501,77.70506,330.81,60,VIIRS,2026-09-01,0750
14.49206,77.77126,343.95,60,VIIRS,2026-09-01,0750
15.18663,76.75148,337.67,60,VIIRS,2026-09-01,0752
14.95399,79.63455,333.95,60,VIIRS,2026-09-01,0752
15.88618,79.82315,338.82,30,VIIRS,2026-09-01,0752
15.88993,79.82246,339.55,60,VIIRS,2026-09-01,0752
17.95781,80.79736,336.54,60,VIIRS,2026-09-01,0752
14.95313,79.62963,338.9,60,VIIRS,2026-09-01,0752
14.86462,77.31979,335.31,60,VIIRS,2026-09-01,0752
34.42354,73.96882,306.24,60,VIIRS,2026-09-01,2017
18.73882,74.40549,299.3,60,VIIRS,2026-09-01,2021
21.10112,72.63706,308.66,60,VIIRS,2026-09-01,2021
21.10147,72.63356,308.84,60,VIIRS,2026-09-01,2021
21.10537,72.64811,310.93,60,VIIRS,2026-09-01,2021
21.10572,72.64465,331.23,60,VIIRS,2026-09-01,2021
11.58907,77.26917,316.85,60,VIIRS,2026-09-01,2023
11.58561,77.26827,302.6,60,VIIRS,2026-09-01,2023
11.58526,77.26942,302.45,60,VIIRS,2026-09-01,2023
11.10827,79.43034,306.12,60,VIIRS,2026-09-01,2023
11.43151,77.16531,308.64,60,VIIRS,2026-09-01,2023
10.99333,79.23576,307.67,60,VIIRS,2026-09-01,2023
10.99278,79.23927,318.53,60,VIIRS,2026-09-01,2023
10.92252,78.51923,325.57,60,VIIRS,2026-09-01,2023
10.94335,76.3877,303.97,60,VIIRS,2026-09-01,2023
11.81017,77.92106,307.2,60,VIIRS,2026-09-01,2023
14.51576,75.63882,301.84,60,VIIRS,2026-09-01,2023
14.5171,75.64188,300.76,60,VIIRS,2026-09-01,2023
13.89658,76.56571,300.57,60,VIIRS,2026-09-01,2023
12.74743,77.61809,300.42,60,VIIRS,2026-09-01,2023
12.29417,79.93931,325.11,60,VIIRS,2026-09-01,2023
12.29086,79.93877,311.05,60,VIIRS,2026-09-01,2023
13.00275,74.8494,305.21,60,VIIRS,2026-09-01,2023
12.07241,79.15073,306.96,60,VIIRS,2026-09-01,2023
11.80976,77.92097,306.97,60,VIIRS,2026-09-01,2023
11.592,77.27362,325.47,60,VIIRS,2026-09-01,2023
11.59257,77.26982,304.87,60,VIIRS,2026-09-01,2023
11.58795,77.27676,328.51,60,VIIRS,2026-09-01,2023
15.33235,76.28368,306.58,60,VIIRS,2026-09-01,2023
15.18782,76.65921,310.47,60,VIIRS,2026-09-01,2023
15.18272,76.66805,312.13,60,VIIRS,2026-09-01,2023
15.18291,76.63927,319.2,60,VIIRS,2026-09-01,2023
15.17715,76.65287,304.64,60,VIIRS,2026-09-01,2023
15.17649,76.65758,318.85,60,VIIRS,2026-09-01,2023
15.00385,77.61399,301.52,60,VIIRS,2026-09-01,2023
15.17009,76.38125,302.75,60,VIIRS,2026-09-01,2023
10.19173,77.64243,304.01,60,VIIRS,2026-09-01,2025
9.58141,77.54852,311.48,60,VIIRS,2026-09-01,2025
9.2637,77.50169,313.85,60,VIIRS,2026-09-01,2025
9.57284,77.53609,305.91,60,VIIRS,2026-09-01,2025
9.5723,77.5396,299.71,60,VIIRS,2026-09-01,2025
9.56999,77.5319,304.75,60,VIIRS,2026-09-01,2025
9.56943,77.53551,308.38,60,VIIRS,2026-09-01,2025
8.6686,77.99117,299.21,60,VIIRS,2026-09-01,2025
23.43164,68.71332,303.25,60,VIIRS,2026-09-01,2201
12.1557,79.81212,330.94,60,VIIRS,2026-09-02,0731
9.99482,79.18996,341.62,60,VIIRS,2026-09-02,0731
9.94405,78.17075,330.98,60,VIIRS,2026-09-02,0731
14.88849,79.31078,332.39,60,VIIRS,2026-09-02,0731
15.95654,79.91642,341.23,60,VIIRS,2026-09-02,0731
17.67918,75.30824,332.06,60,VIIRS,2026-09-02,0733
20.96492,85.17074,326.69,30,VIIRS,2026-09-02,0733
30.44718,73.801,331.74,60,VIIRS,2026-09-02,0735
31.09262,74.68887,340.43,60,VIIRS,2026-09-02,0737
11.34867,77.58162,343.48,60,VIIRS,2026-09-02,0911
9.92334,78.1786,333.46,60,VIIRS,2026-09-02,0911
27.85456,72.35793,335.36,60,VIIRS,2026-09-02,0915
27.37742,95.33333,296.12,60,VIIRS,2026-09-02,2000
23.77812,86.39218,303.48,60,VIIRS,2026-09-02,2002
23.80529,86.32597,299.68,60,VIIRS,2026-09-02,2002
23.80471,86.32983,311.61,60,VIIRS,2026-09-02,2002
23.80136,86.32924,302.76,60,VIIRS,2026-09-02,2002
23.78102,86.37297,301.83,60,VIIRS,2026-09-02,2002
23.7787,86.38834,311.58,60,VIIRS,2026-09-02,2002
23.77536,86.38774,305.74,60,VIIRS,2026-09-02,2002
23.76637,86.40189,301.52,60,VIIRS,2026-09-02,2002
23.7665,86.37826,303.1,60,VIIRS,2026-09-02,2002
23.76419,86.39362,305.69,60,VIIRS,2026-09-02,2002
23.76303,86.40129,306.39,60,VIIRS,2026-09-02,2002
23.76244,86.40514,302.54,60,VIIRS,2026-09-02,2002
23.75969,86.40069,312.71,60,VIIRS,2026-09-02,2002
23.75911,86.40453,307.12,60,VIIRS,2026-09-02,2002
23.75693,86.39625,306.5,60,VIIRS,2026-09-02,2002
23.75577,86.40394,306.39,60,VIIRS,2026-09-02,2002
23.75301,86.3995,306.1,60,VIIRS,2026-09-02,2002
23.77554,85.99434,303.22,60,VIIRS,2026-09-02,2002
23.77496,85.99825,304.92,60,VIIRS,2026-09-02,2002
23.76929,86.01326,303.69,60,VIIRS,2026-09-02,2002
23.66686,86.09244,303.59,60,VIIRS,2026-09-02,2002
23.69712,85.35915,298.21,60,VIIRS,2026-09-02,2002
22.24434,87.38933,307.58,60,VIIRS,2026-09-02,2002
20.97389,86.00428,303.42,60,VIIRS,2026-09-02,2002
20.97057,86.0037,307.75,60,VIIRS,2026-09-02,2002
20.96373,86.04834,300.88,60,VIIRS,2026-09-02,2002
20.95044,86.04603,320.77,60,VIIRS,2026-09-02,2002
20.94987,86.04974,317.46,60,VIIRS,2026-09-02,2002
20.94769,86.04173,329.92,60,VIIRS,2026-09-02,2002
20.94712,86.04544,299.71,60,VIIRS,2026-09-02,2002
21.1658,72.66228,301.64,60,VIIRS,2026-09-02,2004
21.16249,72.6673,304.69,60,VIIRS,2026-09-02,2004
17.60785,83.20464,298.93,60,VIIRS,2026-09-02,2004
17.60491,83.19991,295.25,60,VIIRS,2026-09-02,2004
18.6843,73.02866,303.48,60,VIIRS,2026-09-02,2004
18.68376,73.03494,307.43,60,VIIRS,2026-09-02,2004
18.68321,73.04121,301.76,60,VIIRS,2026-09-02,2004
15.78634,80.24809,304.51,60,VIIRS,2026-09-02,2004
15.18241,76.66785,303.1,60,VIIRS,2026-09-02,2004
15.17876,76.65467,303.64,60,VIIRS,2026-09-02,2004
15.17838,76.65782,304.14,60,VIIRS,2026-09-02,2004
15.17359,76.65408,300.96,60,VIIRS,2026-09-02,2004
15.17321,76.65722,298.31,60,VIIRS,2026-09-02,2004
15.16884,76.38137,303.55,60,VIIRS,2026-09-02,2004
17.61139,83.20518,299.79,60,VIIRS,2026-09-02,2004
11.17563,79.08776,304.65,60,VIIRS,2026-09-02,2006
11.80807,77.92142,313.58,60,VIIRS,2026-09-02,2006
11.59569,77.25757,301.79,60,VIIRS,2026-09-02,2006
11.59482,77.264,308.29,60,VIIRS,2026-09-02,2006
9.56071,77.53418,314.02,60,VIIRS,2026-09-02,2006
9.56267,77.52,312.46,60,VIIRS,2026-09-02,2006
9.55874,77.51527,299.36,60,VIIRS,2026-09-02,2006
9.55315,77.52262,321,60,VIIRS,2026-09-02,2006
9.55481,77.51051,305.7,60,VIIRS,2026-09-02,2006
9.55174,77.51925,300.72,60,VIIRS,2026-09-02,2006
9.55933,77.5109,299.08,60,VIIRS,2026-09-02,2006
13.09088,79.98233,304.44,60,VIIRS,2026-09-02,2006
12.85253,79.90434,343.13,60,VIIRS,2026-09-02,2006
12.84852,79.90374,334.6,60,VIIRS,2026-09-02,2006
31.3686,76.35826,302.36,60,VIIRS,2026-09-02,2140
24.82198,73.09294,304.11,60,VIIRS,2026-09-02,2142
27.28717,73.83898,303.91,60,VIIRS,2026-09-02,2142
21.10334,72.63613,318.44,60,VIIRS,2026-09-02,2144
21.1071,72.64617,347.86,60,VIIRS,2026-09-02,2144
21.10903,72.63763,307.73,60,VIIRS,2026-09-02,2144
21.10142,72.64466,307.16,60,VIIRS,2026-09-02,2144
26.80206,90.32026,331.09,60,VIIRS,2026-09-03,0716
27.98586,95.93726,334.3,60,VIIRS,2026-09-03,0716
27.99035,95.94063,340.52,60,VIIRS,2026-09-03,0716
28.181,95.66731,333.32,60,VIIRS,2026-09-03,0716
26.52341,90.53152,337.85,60,VIIRS,2026-09-03,0716
26.88079,92.32764,335.88,60,VIIRS,2026-09-03,0716
27.37946,95.33263,333.29,60,VIIRS,2026-09-03,0716
23.80334,86.3283,329.9,60,VIIRS,2026-09-03,0716
11.50817,79.52599,344.98,60,VIIRS,2026-09-03,0852
11.5078,79.52651,346.56,60,VIIRS,2026-09-03,0852
10.23653,79.19613,367,90,VIIRS,2026-09-03,0852
8.81097,78.0528,333.07,60,VIIRS,2026-09-03,0852
8.86688,78.08226,334.12,60,VIIRS,2026-09-03,0852
8.86421,78.08301,337.52,60,VIIRS,2026-09-03,0852
8.99612,78.11604,340.09,60,VIIRS,2026-09-03,0852
8.99572,78.11298,337.77,60,VIIRS,2026-09-03,0852
9.40996,78.80921,341.22,60,VIIRS,2026-09-03,0852
10.9525,78.43614,334.3,60,VIIRS,2026-09-03,0852
18.51911,74.35187,330.29,60,VIIRS,2026-09-03,0856
18.51854,74.3471,334.46,60,VIIRS,2026-09-03,0856
18.56307,74.36423,332.55,60,VIIRS,2026-09-03,0856
18.69169,73.04173,334.81,60,VIIRS,2026-09-03,0856
21.10661,72.64839,332.65,60,VIIRS,2026-09-03,0856
22.4173,69.04085,340.77,60,VIIRS,2026-09-03,0856
22.92752,70.11013,330.19,60,VIIRS,2026-09-03,0856
22.93244,69.69634,330.89,30,VIIRS,2026-09-03,0856
29.88983,73.90404,333.23,60,VIIRS,2026-09-03,0858
26.75918,83.19909,306.85,60,VIIRS,2026-09-03,1942
23.61394,86.78859,309.63,60,VIIRS,2026-09-03,1945
24.11965,86.86556,305.15,60,VIIRS,2026-09-03,1945
24.11606,86.86103,316.46,60,VIIRS,2026-09-03,1945
23.80754,86.32885,303.74,60,VIIRS,2026-09-03,1945
23.80646,86.33013,307.16,60,VIIRS,2026-09-03,1945
23.80228,86.32954,314.47,60,VIIRS,2026-09-03,1945
23.79976,86.35018,300.15,60,VIIRS,2026-09-03,1945
23.79559,86.34954,297.82,60,VIIRS,2026-09-03,1945
23.79508,86.35372,302.73,60,VIIRS,2026-09-03,1945
23.78223,86.3897,305.21,60,VIIRS,2026-09-03,1945
23.78174,86.39377,300.97,60,VIIRS,2026-09-03,1945
23.69338,87.10863,305.36,60,VIIRS,2026-09-03,1945
23.69199,87.11974,307.04,60,VIIRS,2026-09-03,1945
23.79659,86.2353,298,60,VIIRS,2026-09-03,1945
23.77807,86.38908,317.93,60,VIIRS,2026-09-03,1945
23.68801,87.11914,310.76,60,VIIRS,2026-09-03,1945
23.7769,86.36366,309.48,60,VIIRS,2026-09-03,1945
23.68263,87.12968,304.46,60,VIIRS,2026-09-03,1945
23.76777,86.40421,320.79,60,VIIRS,2026-09-03,1945
23.77272,86.36308,311,60,VIIRS,2026-09-03,1945
23.76827,86.40009,301.49,60,VIIRS,2026-09-03,1945
23.76411,86.39948,301.48,60,VIIRS,2026-09-03,1945
23.76361,86.40362,319.57,60,VIIRS,2026-09-03,1945
23.75995,86.39886,303.16,60,VIIRS,2026-09-03,1945
23.75945,86.403,311.53,60,VIIRS,2026-09-03,1945
23.77853,86.20712,305.87,60,VIIRS,2026-09-03,1945
23.75333,86.41881,306.57,60,VIIRS,2026-09-03,1945
23.66326,87.15506,315.58,60,VIIRS,2026-09-03,1945
23.73892,86.43327,332.15,60,VIIRS,2026-09-03,1945
23.66999,86.93584,305.31,60,VIIRS,2026-09-03,1945
23.7255,86.43961,312.66,60,VIIRS,2026-09-03,1945
23.72328,86.4226,307.96,60,VIIRS,2026-09-03,1945
23.71913,86.422,311.36,60,VIIRS,2026-09-03,1945
23.71672,86.44246,305.75,60,VIIRS,2026-09-03,1945
23.71576,86.45063,309.84,60,VIIRS,2026-09-03,1945
23.71498,86.42139,307.53,60,VIIRS,2026-09-03,1945
23.71161,86.45001,317.27,60,VIIRS,2026-09-03,1945
23.71034,86.42485,309.97,60,VIIRS,2026-09-03,1945
23.70747,86.44939,305.52,60,VIIRS,2026-09-03,1945
23.75867,85.85327,305.82,60,VIIRS,2026-09-03,1945
23.78732,85.55491,301.71,60,VIIRS,2026-09-03,1945
23.75436,85.85263,310.98,60,VIIRS,2026-09-03,1945
23.75731,85.85121,303.97,60,VIIRS,2026-09-03,1945
23.75678,85.85565,310.42,60,VIIRS,2026-09-03,1945
23.78801,85.55334,308.69,60,VIIRS,2026-09-03,1945
23.63301,86.83422,306.94,60,VIIRS,2026-09-03,1945
23.56118,87.08237,307.04,60,VIIRS,2026-09-03,1945
23.58044,86.72423,309.01,60,VIIRS,2026-09-03,1945
23.73955,85.01097,308.09,60,VIIRS,2026-09-03,1945
23.7117,85.28757,301.95,60,VIIRS,2026-09-03,1945
23.73894,85.0092,308.95,60,VIIRS,2026-09-03,1945
23.69792,85.36774,302.62,60,VIIRS,2026-09-03,1945
23.69777,85.2904,303.8,60,VIIRS,2026-09-03,1945
23.67558,85.32627,302.56,60,VIIRS,2026-09-03,1945
23.64945,85.43736,328.16,60,VIIRS,2026-09-03,1945
23.64893,85.44199,304.53,60,VIIRS,2026-09-03,1945
23.6091,85.67449,308.9,60,VIIRS,2026-09-03,1945
23.67128,84.99492,302,60,VIIRS,2026-09-03,1945
23.6662,84.99924,305.61,60,VIIRS,2026-09-03,1945
17.3574,76.87903,295.01,60,VIIRS,2026-09-03,1947
15.18083,76.6638,298.03,60,VIIRS,2026-09-03,1947
15.18172,76.66895,299.3,60,VIIRS,2026-09-03,1947
15.18106,76.67557,302.03,60,VIIRS,2026-09-03,1947
15.02242,78.01557,301.82,60,VIIRS,2026-09-03,1947
9.54534,77.51893,301.06,60,VIIRS,2026-09-03,1949
9.54608,77.51984,305.2,60,VIIRS,2026-09-03,1949
24.68892,73.00289,302.62,60,VIIRS,2026-09-03,2123
22.97782,72.56509,308.61,60,VIIRS,2026-09-03,2123
23.4967,68.57797,310.58,60,VIIRS,2026-09-03,2123
23.12061,70.08583,325.11,60,VIIRS,2026-09-03,2123
22.38261,73.12849,303.37,60,VIIRS,2026-09-03,2123
22.92733,69.82601,305.45,60,VIIRS,2026-09-03,2123
22.93564,69.69796,316.67,60,VIIRS,2026-09-03,2123
22.93487,69.70225,311.79,60,VIIRS,2026-09-03,2123
22.93212,69.69724,321.98,60,VIIRS,2026-09-03,2123
22.93135,69.70153,306.91,60,VIIRS,2026-09-03,2123
22.33898,69.85583,307.29,60,VIIRS,2026-09-03,2123
29.47329,76.85825,320.78,60,VIIRS,2026-09-03,2123
29.4779,76.85962,322.24,60,VIIRS,2026-09-03,2123
29.47618,76.85554,311.96,60,VIIRS,2026-09-03,2123
29.47491,76.86111,321.58,60,VIIRS,2026-09-03,2123
31.26022,76.92496,303.07,60,VIIRS,2026-09-03,2123
20.35351,72.95026,295.9,60,VIIRS,2026-09-03,2125
21.16711,72.67277,339.36,60,VIIRS,2026-09-03,2125
21.16286,72.67182,331.87,60,VIIRS,2026-09-03,2125
21.16523,72.66869,321.34,60,VIIRS,2026-09-03,2125
21.1644,72.67298,336.65,60,VIIRS,2026-09-03,2125
21.10739,72.64669,342.3,60,VIIRS,2026-09-03,2125
21.10483,72.63718,307.78,60,VIIRS,2026-09-03,2125
21.10314,72.64573,307.67,60,VIIRS,2026-09-03,2125
21.10058,72.63622,307.03,60,VIIRS,2026-09-03,2125
27.28717,73.83929,306.83,60,VIIRS,2026-09-03,2125
27.081,73.81882,306.77,60,VIIRS,2026-09-03,2125
26.87735,73.51431,305.85,60,VIIRS,2026-09-03,2125
25.94198,72.19152,328.97,60,VIIRS,2026-09-03,2125
25.94437,72.19054,317.01,60,VIIRS,2026-09-03,2125
25.94338,72.19575,311.07,60,VIIRS,2026-09-03,2125
20.91002,71.45757,304.58,60,VIIRS,2026-09-03,2125
20.90932,71.46124,307.63,60,VIIRS,2026-09-03,2125
20.86657,70.56716,305.32,60,VIIRS,2026-09-03,2125
20.35693,72.94828,312.62,60,VIIRS,2026-09-03,2125
18.68717,73.03136,303.75,60,VIIRS,2026-09-03,2125
18.68517,73.04121,303.66,60,VIIRS,2026-09-03,2125
18.69051,73.04059,303.23,60,VIIRS,2026-09-03,2125
18.68594,73.03958,303.16,60,VIIRS,2026-09-03,2125
18.68331,73.0287,301.11,60,VIIRS,2026-09-03,2125
18.68235,73.03365,304.96,60,VIIRS,2026-09-03,2125
18.68138,73.03857,306.06,60,VIIRS,2026-09-03,2125
16.18728,78.91104,307.9,60,VIIRS,2026-09-03,2125
16.18613,78.91606,303.5,60,VIIRS,2026-09-03,2125
15.17637,77.09987,300.85,60,VIIRS,2026-09-03,2125
15.01009,77.61835,303.55,60,VIIRS,2026-09-03,2125
15.18179,76.66799,306.52,60,VIIRS,2026-09-03,2125
15.17781,76.65665,313.84,60,VIIRS,2026-09-03,2125
15.19921,76.37984,298.37,60,VIIRS,2026-09-03,2125
15.19833,76.37807,297.68,60,VIIRS,2026-09-03,2125
15.07013,76.86538,303.5,60,VIIRS,2026-09-03,2125
12.75382,92.88086,332.85,60,VIIRS,2026-09-04,0654
10.16814,78.80172,335.48,60,VIIRS,2026-09-04,0835
10.16672,78.79148,331.56,60,VIIRS,2026-09-04,0835
10.31339,79.34061,330.68,60,VIIRS,2026-09-04,0835
10.28257,78.88253,334.67,60,VIIRS,2026-09-04,0835
8.92773,77.46704,336.21,60,VIIRS,2026-09-04,0835
12.0522,78.36801,333.87,60,VIIRS,2026-09-04,0835
8.88569,77.40527,339.72,60,VIIRS,2026-09-04,0835
8.61746,77.98914,342.96,60,VIIRS,2026-09-04,0835
8.73204,77.86298,347.6,60,VIIRS,2026-09-04,0835
8.66597,77.40293,332.62,30,VIIRS,2026-09-04,0835
8.81464,77.83777,342.22,60,VIIRS,2026-09-04,0835
8.84638,77.70205,345.51,60,VIIRS,2026-09-04,0835
9.95849,79.1076,342.39,60,VIIRS,2026-09-04,0835
12.80993,77.7602,332.58,60,VIIRS,2026-09-04,0835
13.93385,78.31989,344.3,60,VIIRS,2026-09-04,0835
13.90749,78.06878,335.38,60,VIIRS,2026-09-04,0835
13.93448,78.31924,342.27,60,VIIRS,2026-09-04,0835
14.5526,77.48568,330.23,60,VIIRS,2026-09-04,0835
9.17593,78.22559,337.95,60,VIIRS,2026-09-04,0835
9.1797,78.22505,341.55,60,VIIRS,2026-09-04,0835
9.20293,77.64448,345.47,60,VIIRS,2026-09-04,0835
9.33688,76.59934,331.72,60,VIIRS,2026-09-04,0835
9.62262,78.11741,340.95,60,VIIRS,2026-09-04,0835
9.95692,79.105,336.23,60,VIIRS,2026-09-04,0835
8.93915,77.83005,339.25,60,VIIRS,2026-09-04,0835
25.9841,73.41638,340.25,60,VIIRS,2026-09-04,0837
14.9584,75.91736,334.21,60,VIIRS,2026-09-04,0837
15.17642,76.65735,335.25,60,VIIRS,2026-09-04,0837
15.18196,76.64268,333.96,60,VIIRS,2026-09-04,0837
15.52757,73.99412,332.48,60,VIIRS,2026-09-04,0837
17.6268,82.57391,330.76,60,VIIRS,2026-09-04,0837
21.10191,72.63843,334.26,60,VIIRS,2026-09-04,0837
21.10135,72.63466,332.85,60,VIIRS,2026-09-04,0837
21.10636,72.64542,344.24,60,VIIRS,2026-09-04,0837
22.41645,69.03945,333.49,30,VIIRS,2026-09-04,0837
22.92779,70.1069,338.61,60,VIIRS,2026-09-04,0837
22.93431,69.69743,334.99,60,VIIRS,2026-09-04,0837
24.0682,72.24971,330.15,60,VIIRS,2026-09-04,0837
27.14095,72.44164,335.03,30,VIIRS,2026-09-04,0837
29.911,74.95192,341.22,60,VIIRS,2026-09-04,0839
27.31744,95.26737,327.06,60,VIIRS,2026-09-04,1921
23.66712,85.00002,299.7,60,VIIRS,2026-09-04,1923
22.22516,84.75098,301.08,60,VIIRS,2026-09-04,1923
22.05509,85.46492,302.15,60,VIIRS,2026-09-04,1923
22.32409,82.59403,303.05,60,VIIRS,2026-09-04,1923
22.31921,82.56583,303.93,60,VIIRS,2026-09-04,1923
22.05641,85.46532,301.04,60,VIIRS,2026-09-04,1923
23.77868,86.21198,304.15,60,VIIRS,2026-09-04,1923
24.31163,85.42353,303.75,60,VIIRS,2026-09-04,1923
23.80416,86.3309,312.49,60,VIIRS,2026-09-04,1923
23.79671,86.35096,319.39,60,VIIRS,2026-09-04,1923
23.77262,86.36506,321.88,60,VIIRS,2026-09-04,1923
23.78033,86.20491,303.18,60,VIIRS,2026-09-04,1923
23.77998,86.20918,310.75,60,VIIRS,2026-09-04,1923
23.76381,86.40175,305.79,60,VIIRS,2026-09-04,1923
23.76345,86.40598,299.36,60,VIIRS,2026-09-04,1923
23.75817,86.40104,303.52,60,VIIRS,2026-09-04,1923
23.7797,86.3896,302.64,60,VIIRS,2026-09-04,1923
23.77635,86.36388,318.15,60,VIIRS,2026-09-04,1923
23.77596,86.36807,306.29,60,VIIRS,2026-09-04,1923
23.76689,86.40472,305.75,60,VIIRS,2026-09-04,1923
23.77907,86.2077,310.15,60,VIIRS,2026-09-04,1923
23.76239,86.39155,304.11,60,VIIRS,2026-09-04,1923
23.76163,86.39988,311.81,60,VIIRS,2026-09-04,1923
23.76124,86.4041,303.71,60,VIIRS,2026-09-04,1923
23.83774,85.46945,301.33,60,VIIRS,2026-09-04,1923
23.82338,85.49656,302.05,60,VIIRS,2026-09-04,1923
23.73572,86.43427,307.61,60,VIIRS,2026-09-04,1923
23.71992,86.41992,304.33,60,VIIRS,2026-09-04,1923
23.71392,86.42335,307.48,60,VIIRS,2026-09-04,1923
23.71136,86.45217,311.04,60,VIIRS,2026-09-04,1923
23.75746,85.85387,309.71,60,VIIRS,2026-09-04,1923
23.68826,86.39115,303.86,60,VIIRS,2026-09-04,1923
23.68225,86.3947,307.39,60,VIIRS,2026-09-04,1923
23.67626,86.39803,315.53,60,VIIRS,2026-09-04,1923
23.67591,86.40213,303.59,60,VIIRS,2026-09-04,1923
23.68471,86.09391,302.91,60,VIIRS,2026-09-04,1923
23.67966,86.08476,304.85,60,VIIRS,2026-09-04,1923
23.6793,86.08908,305.54,60,VIIRS,2026-09-04,1923
23.67895,86.09338,303.36,60,VIIRS,2026-09-04,1923
23.67909,86.396,305.97,60,VIIRS,2026-09-04,1923
23.67871,86.40009,311.2,60,VIIRS,2026-09-04,1923
23.82546,84.57072,305.89,60,VIIRS,2026-09-04,1923
23.68351,86.09599,305.12,60,VIIRS,2026-09-04,1923
23.67852,86.08686,305.34,60,VIIRS,2026-09-04,1923
23.58107,86.72517,301.92,60,VIIRS,2026-09-04,1923
23.67289,84.9959,296.21,60,VIIRS,2026-09-04,1923
23.66674,84.99536,296.08,60,VIIRS,2026-09-04,1923
23.66637,85.00024,299.89,60,VIIRS,2026-09-04,1923
20.9649,86.00615,315.28,60,VIIRS,2026-09-04,1925
22.00621,82.67161,300.84,60,VIIRS,2026-09-04,1925
21.67952,84.03887,306.32,60,VIIRS,2026-09-04,1925
21.67781,84.03859,305.65,60,VIIRS,2026-09-04,1925
21.80354,82.03689,300.24,60,VIIRS,2026-09-04,1925
21.67499,82.07859,301.52,60,VIIRS,2026-09-04,1925
20.99857,86.01012,305.85,60,VIIRS,2026-09-04,1925
20.99819,86.01408,304.21,60,VIIRS,2026-09-04,1925
21.07717,85.03472,303.73,60,VIIRS,2026-09-04,1925
21.07676,85.03937,304.32,60,VIIRS,2026-09-04,1925
21.07634,85.04405,307.57,60,VIIRS,2026-09-04,1925
20.97089,86.00281,306.17,60,VIIRS,2026-09-04,1925
20.97015,86.01069,307.09,60,VIIRS,2026-09-04,1925
20.96528,86.00221,306.29,60,VIIRS,2026-09-04,1925
22.00575,82.67023,304.37,60,VIIRS,2026-09-04,1925
20.95558,86.04523,305.01,60,VIIRS,2026-09-04,1925
20.95,86.04442,323.28,60,VIIRS,2026-09-04,1925
20.94963,86.04832,323.89,60,VIIRS,2026-09-04,1925
20.96638,86.01173,310.73,60,VIIRS,2026-09-04,1925
20.96156,86.00327,307.14,60,VIIRS,2026-09-04,1925
20.95159,86.0461,327.1,60,VIIRS,2026-09-04,1925
20.95199,86.04217,313.92,60,VIIRS,2026-09-04,1925
20.9512,86.04997,310.23,60,VIIRS,2026-09-04,1925
20.97126,85.17391,305.19,60,VIIRS,2026-09-04,1925
20.97084,85.17846,307.71,60,VIIRS,2026-09-04,1925
20.96576,85.16875,309.08,60,VIIRS,2026-09-04,1925
20.96534,85.1733,306,60,VIIRS,2026-09-04,1925
20.96411,85.18684,307.86,60,VIIRS,2026-09-04,1925
20.89002,84.98002,311.47,60,VIIRS,2026-09-04,1925
20.86526,84.98695,321.87,60,VIIRS,2026-09-04,1925
20.80561,85.25348,304.62,60,VIIRS,2026-09-04,1925
20.86249,84.98462,316.08,60,VIIRS,2026-09-04,1925
20.86205,84.98914,309.94,60,VIIRS,2026-09-04,1925
20.80653,85.256,313.31,60,VIIRS,2026-09-04,1925
20.79477,85.25492,316.12,60,VIIRS,2026-09-04,1925
20.78849,85.25857,306.91,60,VIIRS,2026-09-04,1925
20.76171,85.29136,305.86,60,VIIRS,2026-09-04,1925
20.7613,85.29581,313.55,60,VIIRS,2026-09-04,1925
19.09592,82.16854,300.28,60,VIIRS,2026-09-04,1925
19.08846,82.17459,301.41,60,VIIRS,2026-09-04,1925
19.09711,82.16754,303.66,60,VIIRS,2026-09-04,1925
19.0896,82.17361,300.24,60,VIIRS,2026-09-04,1925
21.92587,85.22215,315.27,60,VIIRS,2026-09-04,1925
13.15911,80.28068,306.72,60,VIIRS,2026-09-04,1928
13.1608,80.27946,307.93,60,VIIRS,2026-09-04,1928
23.67768,86.3978,298.43,60,VIIRS,2026-09-04,2104
23.67941,86.08627,301.55,60,VIIRS,2026-09-04,2104
23.79008,85.55405,297.1,60,VIIRS,2026-09-04,2104
23.67849,86.08708,301.87,60,VIIRS,2026-09-04,2104
23.78611,85.55335,301.45,60,VIIRS,2026-09-04,2104
23.69545,85.36923,311.51,60,VIIRS,2026-09-04,2104
23.67414,85.32425,296.63,60,VIIRS,2026-09-04,2104
24.16024,82.56169,300.91,60,VIIRS,2026-09-04,2104
24.15935,82.56554,302.1,60,VIIRS,2026-09-04,2104
22.57313,85.89704,313.33,60,VIIRS,2026-09-04,2104
24.82128,73.0907,306.03,60,VIIRS,2026-09-04,2104
24.82064,73.09454,306.69,60,VIIRS,2026-09-04,2104
20.96696,86.00981,303.19,60,VIIRS,2026-09-04,2106
24.69059,73.00319,312.77,60,VIIRS,2026-09-04,2106
22.22193,84.75527,297,60,VIIRS,2026-09-04,2106
21.92594,85.22113,305.9,60,VIIRS,2026-09-04,2106
21.92364,85.2219,307.46,60,VIIRS,2026-09-04,2106
22.35826,82.30389,331.05,60,VIIRS,2026-09-04,2106
22.3592,82.29978,311.54,60,VIIRS,2026-09-04,2106
22.01755,83.75123,300.6,60,VIIRS,2026-09-04,2106
22.1076,83.12428,302.56,60,VIIRS,2026-09-04,2106
22.0352,83.35267,301.68,60,VIIRS,2026-09-04,2106
22.03287,83.36258,301.81,60,VIIRS,2026-09-04,2106
22.0317,83.36752,303.54,60,VIIRS,2026-09-04,2106
21.87868,83.55658,307.68,60,VIIRS,2026-09-04,2106
21.92071,83.35161,317.63,60,VIIRS,2026-09-04,2106
21.87359,83.4966,302.93,60,VIIRS,2026-09-04,2106
21.76307,83.84924,309.57,60,VIIRS,2026-09-04,2106
21.7582,83.84217,315,60,VIIRS,2026-09-04,2106
21.75692,83.84747,303.92,60,VIIRS,2026-09-04,2106
21.75206,83.84034,323.03,60,VIIRS,2026-09-04,2106
21.75076,83.8457,314.42,60,VIIRS,2026-09-04,2106
21.74463,83.84384,332.64,60,VIIRS,2026-09-04,2106
21.74593,83.83846,317.19,60,VIIRS,2026-09-04,2106
21.7385,83.84195,301.88,60,VIIRS,2026-09-04,2106
22.00665,82.66977,306.25,60,VIIRS,2026-09-04,2106
21.67763,84.03689,301.22,60,VIIRS,2026-09-04,2106
21.75471,83.84011,303.53,60,VIIRS,2026-09-04,2106
21.75344,83.84547,319.43,60,VIIRS,2026-09-04,2106
21.74731,83.8436,348.71,60,VIIRS,2026-09-04,2106
21.74858,83.83821,303.2,60,VIIRS,2026-09-04,2106
21.74119,83.84169,321.01,60,VIIRS,2026-09-04,2106
22.00664,82.6723,305.81,60,VIIRS,2026-09-04,2106
22.00088,82.67083,305.77,60,VIIRS,2026-09-04,2106
22.01587,82.17987,301.54,60,VIIRS,2026-09-04,2106
20.95286,86.04846,304.94,60,VIIRS,2026-09-04,2106
21.93913,81.98277,302.44,60,VIIRS,2026-09-04,2106
20.97437,85.1714,306,60,VIIRS,2026-09-04,2106
20.96767,85.16939,310.81,60,VIIRS,2026-09-04,2106
20.96604,85.17587,302.79,60,VIIRS,2026-09-04,2106
20.96438,85.18245,306.42,60,VIIRS,2026-09-04,2106
20.96267,85.18922,299.1,60,VIIRS,2026-09-04,2106
20.97304,85.17196,312.5,60,VIIRS,2026-09-04,2106
20.96635,85.16991,306.46,60,VIIRS,2026-09-04,2106
20.96312,85.18304,307.59,60,VIIRS,2026-09-04,2106
21.67574,82.08032,301.97,60,VIIRS,2026-09-04,2106
20.95502,85.0124,301.65,60,VIIRS,2026-09-04,2106
20.80867,85.25465,303.12,60,VIIRS,2026-09-04,2106
21.62011,81.79417,304.05,60,VIIRS,2026-09-04,2106
20.86771,84.98637,305.94,60,VIIRS,2026-09-04,2106
20.86599,84.99335,309.5,60,VIIRS,2026-09-04,2106
20.7952,85.2505,317.2,60,VIIRS,2026-09-04,2106
20.79352,85.25729,305.82,60,VIIRS,2026-09-04,2106
22.33891,69.85638,308.84,60,VIIRS,2026-09-04,2106
22.33719,69.86794,308.4,60,VIIRS,2026-09-04,2106
21.43225,72.97722,304.92,60,VIIRS,2026-09-04,2106
21.10881,72.64918,305.26,60,VIIRS,2026-09-04,2106
21.10608,72.6447,333.02,60,VIIRS,2026-09-04,2106
21.10738,72.637,305.46,60,VIIRS,2026-09-04,2106
21.10544,72.64854,317.25,60,VIIRS,2026-09-04,2106
21.10401,72.63636,332.65,60,VIIRS,2026-09-04,2106
21.10271,72.64404,302.63,60,VIIRS,2026-09-04,2106
19.10059,82.1667,304.42,60,VIIRS,2026-09-04,2106
19.09743,82.16936,307.92,60,VIIRS,2026-09-04,2106
20.91163,71.45867,308.37,60,VIIRS,2026-09-04,2106
18.71995,79.53621,303.8,60,VIIRS,2026-09-04,2106
17.60933,83.20343,316.08,60,VIIRS,2026-09-04,2106
17.95946,80.79095,298.26,60,VIIRS,2026-09-04,2106
17.95858,80.79491,300.72,60,VIIRS,2026-09-04,2106
17.95682,80.79215,300.9,60,VIIRS,2026-09-04,2106
18.69389,73.04198,319.91,60,VIIRS,2026-09-04,2106
18.6904,73.04131,317.38,60,VIIRS,2026-09-04,2106
18.68064,73.03526,304.1,60,VIIRS,2026-09-04,2106
18.2715,74.19861,304.38,60,VIIRS,2026-09-04,2106
20.76308,85.292,301.75,60,VIIRS,2026-09-04,2106
20.76145,85.29849,309.4,60,VIIRS,2026-09-04,2106
23.40848,72.41589,318.21,60,VIIRS,2026-09-04,2106
21.30924,81.59233,302.07,60,VIIRS,2026-09-04,2106
23.31575,70.48792,310.46,60,VIIRS,2026-09-04,2106
23.30355,70.4779,305.59,60,VIIRS,2026-09-04,2106
23.26578,70.25954,305.99,60,VIIRS,2026-09-04,2106
21.18848,81.38943,302.2,60,VIIRS,2026-09-04,2106
21.18765,81.39323,302.69,60,VIIRS,2026-09-04,2106
21.18306,81.38803,301.41,60,VIIRS,2026-09-04,2106
22.92655,69.82481,306.95,60,VIIRS,2026-09-04,2106
22.93417,69.69827,336.76,60,VIIRS,2026-09-04,2106
22.93359,69.7022,309.39,60,VIIRS,2026-09-04,2106
22.93078,69.69768,309.29,60,VIIRS,2026-09-04,2106
17.05184,75.64252,302.08,60,VIIRS,2026-09-04,2108
15.17019,76.38186,305.67,60,VIIRS,2026-09-04,2108
14.87154,78.05151,313.86,60,VIIRS,2026-09-04,2108
14.87653,78.05255,303.35,60,VIIRS,2026-09-04,2108
15.17759,76.65895,316.42,60,VIIRS,2026-09-04,2108
15.1785,76.65421,311.15,60,VIIRS,2026-09-04,2108
15.1803,76.66946,304.37,60,VIIRS,2026-09-04,2108
15.18121,76.66469,311.06,60,VIIRS,2026-09-04,2108
15.30146,76.22165,304.93,60,VIIRS,2026-09-04,2108
15.1777,77.10036,305.68,60,VIIRS,2026-09-04,2108
10.61797,77.50148,308.59,60,VIIRS,2026-09-04,2108
10.61668,77.42152,304.1,60,VIIRS,2026-09-04,2108
9.94628,77.48783,305.53,60,VIIRS,2026-09-04,2108
9.94102,77.48679,308.54,60,VIIRS,2026-09-04,2108
15.1687,76.37943,305.66,60,VIIRS,2026-09-04,2108
16.36108,81.2864,304.31,60,VIIRS,2026-09-04,2108
15.33428,76.28631,304.46,60,VIIRS,2026-09-04,2108
17.0538,75.64399,303.85,60,VIIRS,2026-09-04,2108
15.07176,76.86304,303.44,60,VIIRS,2026-09-04,2108
15.07287,76.86671,304,60,VIIRS,2026-09-04,2108
11.56157,77.70795,302.5,60,VIIRS,2026-09-04,2108
13.7111,79.6208,304.94,60,VIIRS,2026-09-04,2108
13.89855,76.56493,302.15,60,VIIRS,2026-09-04,2108
12.74499,77.61853,301.04,60,VIIRS,2026-09-04,2108
11.48045,77.62241,298.62,60,VIIRS,2026-09-04,2108
11.48001,77.62247,300.66,60,VIIRS,2026-09-04,2108
11.42084,77.48328,312.92,60,VIIRS,2026-09-04,2108
27.95755,96.95478,334.77,60,VIIRS,2026-09-05,0637
27.95821,96.95849,328.12,60,VIIRS,2026-09-05,0637
9.30931,78.79927,340.57,60,VIIRS,2026-09-05,0813
9.39375,78.88885,340.06,60,VIIRS,2026-09-05,0813
9.33446,77.69536,346.22,60,VIIRS,2026-09-05,0813
9.76186,79.01588,333.28,60,VIIRS,2026-09-05,0813
9.62122,77.4757,330.24,60,VIIRS,2026-09-05,0813
10.54381,79.22341,346.01,60,VIIRS,2026-09-05,0813
8.76241,78.10452,333.26,30,VIIRS,2026-09-05,0813
14.57245,79.93675,342.49,60,VIIRS,2026-09-05,0816
14.52509,79.062,341.72,60,VIIRS,2026-09-05,0816
14.66624,79.76509,337.69,60,VIIRS,2026-09-05,0816
14.68695,79.73852,349.33,60,VIIRS,2026-09-05,0816
14.69037,79.738,337.92,60,VIIRS,2026-09-05,0816
14.77525,79.79544,353.09,60,VIIRS,2026-09-05,0816
14.66658,78.99778,341.44,60,VIIRS,2026-09-05,0816
14.46633,77.33766,338.22,60,VIIRS,2026-09-05,0816
14.89181,79.23329,349.38,60,VIIRS,2026-09-05,0816
14.59007,76.56956,333.14,30,VIIRS,2026-09-05,0816
15.16295,78.87427,337.1,30,VIIRS,2026-09-05,0816
15.4074,80.12518,340.46,60,VIIRS,2026-09-05,0816
15.08564,77.31834,337.72,60,VIIRS,2026-09-05,0816
15.05285,77.10738,337.92,60,VIIRS,2026-09-05,0816
15.45176,79.12704,342.13,60,VIIRS,2026-09-05,0816
15.60291,79.61507,338.85,60,VIIRS,2026-09-05,0816
15.17266,76.66496,335.32,30,VIIRS,2026-09-05,0816
15.17484,76.65714,335.27,30,VIIRS,2026-09-05,0816
15.17818,76.65657,333.69,30,VIIRS,2026-09-05,0816
14.95491,75.19309,333.16,60,VIIRS,2026-09-05,0816
15.22651,76.76752,338.75,60,VIIRS,2026-09-05,0816
15.16875,76.38062,330.07,30,VIIRS,2026-09-05,0816
15.57417,78.94083,332.99,30,VIIRS,2026-09-05,0816
15.18627,76.31717,331.27,30,VIIRS,2026-09-05,0816
15.54765,78.12994,338.43,60,VIIRS,2026-09-05,0816
15.82935,79.52122,340.2,60,VIIRS,2026-09-05,0816
15.9781,78.4109,334.76,60,VIIRS,2026-09-05,0816
16.27654,80.32413,337.8,60,VIIRS,2026-09-05,0816
16.49307,79.94553,334.64,60,VIIRS,2026-09-05,0816
16.27423,78.39685,339.27,60,VIIRS,2026-09-05,0816
16.46479,79.59985,337.28,60,VIIRS,2026-09-05,0816
16.51543,78.36472,334.28,60,VIIRS,2026-09-05,0816
16.8774,79.9932,332.78,60,VIIRS,2026-09-05,0816
16.18071,75.15405,337.87,60,VIIRS,2026-09-05,0816
16.59789,77.40491,342.06,60,VIIRS,2026-09-05,0816
17.07409,78.59189,334.67,60,VIIRS,2026-09-05,0816
17.75859,75.82333,339.69,30,VIIRS,2026-09-05,0816
15.9341,78.1999,330.62,60,VIIRS,2026-09-05,0816
10.71104,79.432,341.49,60,VIIRS,2026-09-05,0816
10.79202,79.03259,340.12,60,VIIRS,2026-09-05,0816
10.82872,79.18511,346.57,60,VIIRS,2026-09-05,0816
10.83204,79.18459,332.25,60,VIIRS,2026-09-05,0816
10.87647,79.25341,338.54,60,VIIRS,2026-09-05,0816
10.85818,78.95408,341.88,60,VIIRS,2026-09-05,0816
10.98545,78.22152,341.16,60,VIIRS,2026-09-05,0816
10.92989,77.06577,339.03,30,VIIRS,2026-09-05,0816
11.00525,77.1251,345.45,30,VIIRS,2026-09-05,0816
11.57037,79.64236,335.47,60,VIIRS,2026-09-05,0816
11.48627,78.88146,338.67,60,VIIRS,2026-09-05,0816
11.81176,79.62698,335.58,60,VIIRS,2026-09-05,0816
11.85545,78.73141,330.2,60,VIIRS,2026-09-05,0816
11.89135,78.72217,333.36,60,VIIRS,2026-09-05,0816
11.96101,78.80475,336.43,60,VIIRS,2026-09-05,0816
11.96047,78.80122,331.4,60,VIIRS,2026-09-05,0816
12.09322,79.02973,338.07,60,VIIRS,2026-09-05,0816
12.80918,79.95596,332.32,30,VIIRS,2026-09-05,0816
12.83815,79.94009,334.31,30,VIIRS,2026-09-05,0816
12.87172,80.07278,330.58,60,VIIRS,2026-09-05,0816
12.85665,79.94463,332.34,30,VIIRS,2026-09-05,0816
12.86005,79.94411,330.17,30,VIIRS,2026-09-05,0816
13.14227,79.26152,336.42,60,VIIRS,2026-09-05,0816
13.29621,80.06625,330.97,30,VIIRS,2026-09-05,0816
13.29584,80.0663,331.23,30,VIIRS,2026-09-05,0816
12.93002,76.32658,335.18,60,VIIRS,2026-09-05,0816
13.66856,78.35713,333.98,30,VIIRS,2026-09-05,0816
13.98457,78.95074,345.01,60,VIIRS,2026-09-05,0816
14.07302,79.44398,339.09,60,VIIRS,2026-09-05,0816
13.9938,78.45014,339.2,30,VIIRS,2026-09-05,0816
13.88681,77.37984,347.76,60,VIIRS,2026-09-05,0816
14.21456,79.22671,348.93,60,VIIRS,2026-09-05,0816
14.2971,79.05283,351.03,60,VIIRS,2026-09-05,0816
14.57383,79.93979,334.23,60,VIIRS,2026-09-05,0816
14.57326,79.93592,332.81,60,VIIRS,2026-09-05,0816
19.10191,82.16685,333.53,60,VIIRS,2026-09-05,0818
19.09782,82.1674,334.75,60,VIIRS,2026-09-05,0818
19.02065,72.89297,332.56,30,VIIRS,2026-09-05,0818
20.86472,84.9909,330.54,60,VIIRS,2026-09-05,0818
20.96047,85.18738,333.23,60,VIIRS,2026-09-05,0818
20.9636,85.16774,331.63,60,VIIRS,2026-09-05,0818
20.9697,85.17672,330.55,60,VIIRS,2026-09-05,0818
20.96937,85.17357,345.88,60,VIIRS,2026-09-05,0818
20.96741,85.15464,333.4,60,VIIRS,2026-09-05,0818
20.97448,85.17305,333.03,60,VIIRS,2026-09-05,0818
21.7415,83.84051,331.26,60,VIIRS,2026-09-05,0818
21.74681,83.84541,343.02,60,VIIRS,2026-09-05,0818
21.74623,83.83998,341.98,60,VIIRS,2026-09-05,0818
21.75626,83.84433,336.65,60,VIIRS,2026-09-05,0818
21.92067,83.35186,334.17,60,VIIRS,2026-09-05,0818
22.3772,87.27846,333.8,60,VIIRS,2026-09-05,0818
21.10671,72.64536,336.44,60,VIIRS,2026-09-05,0818
23.68271,86.39385,331.16,60,VIIRS,2026-09-05,0818
23.71049,86.45036,328.02,60,VIIRS,2026-09-05,0818
23.73798,86.4348,333.13,60,VIIRS,2026-09-05,0818
23.75821,86.40292,331.56,60,VIIRS,2026-09-05,0818
23.75978,86.40414,328.16,60,VIIRS,2026-09-05,0818
23.78617,85.55293,333.73,60,VIIRS,2026-09-05,0818
22.831,69.52864,338.61,60,VIIRS,2026-09-05,0818
31.23082,75.08361,335.64,60,VIIRS,2026-09-05,0820
31.73204,74.48511,340.17,60,VIIRS,2026-09-05,0822
27.37908,95.33517,307.45,60,VIIRS,2026-09-05,1904
23.69161,87.117,309.44,60,VIIRS,2026-09-05,1906
23.69684,87.10555,302.82,60,VIIRS,2026-09-05,1906
23.69583,87.12045,308.23,60,VIIRS,2026-09-05,1906
23.6887,87.11978,306.73,60,VIIRS,2026-09-05,1906
23.6648,87.15537,306.2,60,VIIRS,2026-09-05,1906
23.55211,87.24216,311.64,60,VIIRS,2026-09-05,1906
23.61425,86.7878,303.11,60,VIIRS,2026-09-05,1906
23.55509,87.23924,305.77,60,VIIRS,2026-09-05,1906
22.38052,87.27566,312.79,60,VIIRS,2026-09-05,1906
22.37548,87.27741,315.33,60,VIIRS,2026-09-05,1906
22.3653,87.01733,311.4,60,VIIRS,2026-09-05,1906
31.25029,76.9273,306.11,60,VIIRS,2026-09-05,2044
29.47524,76.8587,312.67,60,VIIRS,2026-09-05,2044
20.96626,86.00883,319.76,60,VIIRS,2026-09-05,2046
20.96185,85.18448,315.38,60,VIIRS,2026-09-05,2046
20.96112,85.18789,314.48,60,VIIRS,2026-09-05,2046
21.57817,82.02279,298.05,60,VIIRS,2026-09-05,2046
20.95634,85.01005,303.16,60,VIIRS,2026-09-05,2046
20.95564,85.01325,305.69,60,VIIRS,2026-09-05,2046
20.88604,84.98206,325.41,60,VIIRS,2026-09-05,2046
20.88534,84.98534,305.67,60,VIIRS,2026-09-05,2046
20.86803,84.99112,305.14,60,VIIRS,2026-09-05,2046
20.8673,84.99452,308.75,60,VIIRS,2026-09-05,2046
20.86291,84.98999,332.66,60,VIIRS,2026-09-05,2046
20.86363,84.98669,316.71,60,VIIRS,2026-09-05,2046
20.80538,85.25605,310.73,60,VIIRS,2026-09-05,2046
20.79505,85.25336,334.7,60,VIIRS,2026-09-05,2046
20.79357,85.26019,308.35,60,VIIRS,2026-09-05,2046
26.75865,83.20107,303.4,60,VIIRS,2026-09-05,2046
23.66354,87.15416,309.16,60,VIIRS,2026-09-05,2046
23.66264,87.15807,305.04,60,VIIRS,2026-09-05,2046
23.75916,86.40092,297.2,60,VIIRS,2026-09-05,2046
23.74075,86.43363,304.09,60,VIIRS,2026-09-05,2046
23.73551,86.43227,309.67,60,VIIRS,2026-09-05,2046
24.44885,83.0391,300.77,60,VIIRS,2026-09-05,2046
23.71498,86.44942,307.91,60,VIIRS,2026-09-05,2046
23.70973,86.44808,315.23,60,VIIRS,2026-09-05,2046
23.69034,86.43555,303.17,60,VIIRS,2026-09-05,2046
23.68354,86.3924,317.36,60,VIIRS,2026-09-05,2046
23.67989,86.39262,310.41,60,VIIRS,2026-09-05,2046
23.67911,86.39612,308.56,60,VIIRS,2026-09-05,2046
23.67832,86.39969,311.12,60,VIIRS,2026-09-05,2046
23.75568,85.85284,304.07,60,VIIRS,2026-09-05,2046
23.70117,86.07451,298.32,60,VIIRS,2026-09-05,2046
23.69453,86.07994,302.22,60,VIIRS,2026-09-05,2046
23.68052,86.094,301.32,60,VIIRS,2026-09-05,2046
23.67692,86.08581,305.12,60,VIIRS,2026-09-05,2046
23.79019,85.55246,308.47,60,VIIRS,2026-09-05,2046
23.78521,85.55125,307.79,60,VIIRS,2026-09-05,2046
23.5474,86.53539,301.35,60,VIIRS,2026-09-05,2046
23.69439,85.372,308.29,60,VIIRS,2026-09-05,2046
23.65894,85.50828,303.09,60,VIIRS,2026-09-05,2046
23.6945,85.37199,309.93,60,VIIRS,2026-09-05,2046
23.65503,85.5074,307.41,60,VIIRS,2026-09-05,2046
23.64934,85.43687,299.05,60,VIIRS,2026-09-05,2046
23.64866,85.44,299.87,60,VIIRS,2026-09-05,2046
22.87299,86.06194,318,60,VIIRS,2026-09-05,2046
22.87465,86.06137,308.9,60,VIIRS,2026-09-05,2046
22.87387,86.06493,304.88,60,VIIRS,2026-09-05,2046
22.79832,86.20602,319.84,60,VIIRS,2026-09-05,2046
22.7975,86.20966,308.81,60,VIIRS,2026-09-05,2046
22.78704,86.20657,336.36,60,VIIRS,2026-09-05,2046
22.78942,86.19597,308.1,60,VIIRS,2026-09-05,2046
22.78863,86.19949,306,60,VIIRS,2026-09-05,2046
22.78784,86.20303,309.19,60,VIIRS,2026-09-05,2046
17.61234,83.206,310.53,60,VIIRS,2026-09-05,2046
17.60749,83.20487,311.25,60,VIIRS,2026-09-05,2046
17.95661,80.79498,302.11,60,VIIRS,2026-09-05,2046
18.04078,74.8643,310.8,60,VIIRS,2026-09-05,2046
17.14167,77.18513,308.39,60,VIIRS,2026-09-05,2046
17.13956,77.17656,306.26,60,VIIRS,2026-09-05,2046
15.3352,76.28614,312.29,60,VIIRS,2026-09-05,2046
15.33179,76.28551,303.39,60,VIIRS,2026-09-05,2046
15.02384,78.01737,309.76,60,VIIRS,2026-09-05,2046
15.17896,77.10342,307.02,60,VIIRS,2026-09-05,2046
15.17545,77.10278,306.89,60,VIIRS,2026-09-05,2046
15.22675,76.76101,305.38,60,VIIRS,2026-09-05,2046
15.22608,76.76495,308.86,60,VIIRS,2026-09-05,2046
15.309,76.2541,302.96,60,VIIRS,2026-09-05,2046
15.3005,76.22136,303.55,60,VIIRS,2026-09-05,2046
15.65914,73.98743,304.12,60,VIIRS,2026-09-05,2046
15.65858,73.99101,308.41,60,VIIRS,2026-09-05,2046
15.17463,76.78519,305.64,60,VIIRS,2026-09-05,2046
15.18671,76.64958,306.13,60,VIIRS,2026-09-05,2046
15.18408,76.66525,309.32,60,VIIRS,2026-09-05,2046
15.18342,76.66917,318.33,60,VIIRS,2026-09-05,2046
15.18062,76.66463,307.28,60,VIIRS,2026-09-05,2046
15.17865,76.67638,308.7,60,VIIRS,2026-09-05,2046
15.17849,76.65616,318.32,60,VIIRS,2026-09-05,2046
15.17783,76.66007,308.24,60,VIIRS,2026-09-05,2046
15.17519,76.67574,306.33,60,VIIRS,2026-09-05,2046
15.17453,76.67966,305.76,60,VIIRS,2026-09-05,2046
15.17255,76.69141,319.54,60,VIIRS,2026-09-05,2046
15.17504,76.65553,312.27,60,VIIRS,2026-09-05,2046
15.16894,76.67054,306.65,60,VIIRS,2026-09-05,2046
15.16829,76.67445,305.39,60,VIIRS,2026-09-05,2046
15.13741,76.7094,307.17,60,VIIRS,2026-09-05,2046
15.18638,76.31535,313.8,60,VIIRS,2026-09-05,2046
15.17135,76.38354,305.11,60,VIIRS,2026-09-05,2046
15.16858,76.3791,314.2,60,VIIRS,2026-09-05,2046
15.07068,76.86605,305.47,60,VIIRS,2026-09-05,2046
22.80193,86.09046,314.38,60,VIIRS,2026-09-05,2046
22.37973,87.27766,308.18,60,VIIRS,2026-09-05,2046
22.37874,87.28191,307.02,60,VIIRS,2026-09-05,2046
22.36908,87.2974,304.62,60,VIIRS,2026-09-05,2046
22.36808,87.30167,310.24,60,VIIRS,2026-09-05,2046
22.36242,87.30013,305.66,60,VIIRS,2026-09-05,2046
22.37881,87.27996,318.15,60,VIIRS,2026-09-05,2046
22.36829,87.29976,309.34,60,VIIRS,2026-09-05,2046
22.36731,87.30403,309.19,60,VIIRS,2026-09-05,2046
22.36706,87.01907,313.72,60,VIIRS,2026-09-05,2046
22.61234,85.91286,304.85,60,VIIRS,2026-09-05,2046
22.36147,87.01765,309.38,60,VIIRS,2026-09-05,2046
22.59233,85.90408,305.92,60,VIIRS,2026-09-05,2046
22.24478,87.38964,305.49,60,VIIRS,2026-09-05,2046
22.05721,88.12426,307.72,60,VIIRS,2026-09-05,2046
22.57314,85.89168,307.27,60,VIIRS,2026-09-05,2046
22.57237,85.89508,312.43,60,VIIRS,2026-09-05,2046
22.57162,85.89843,310.28,60,VIIRS,2026-09-05,2046
22.05124,88.12263,306.46,60,VIIRS,2026-09-05,2046
22.57335,85.89222,307.09,60,VIIRS,2026-09-05,2046
22.5726,85.89563,315.04,60,VIIRS,2026-09-05,2046
22.57186,85.89901,307.13,60,VIIRS,2026-09-05,2046
20.75956,85.29154,300.22,60,VIIRS,2026-09-05,2046
21.00243,86.02597,306.67,60,VIIRS,2026-09-05,2046
20.97081,86.01405,327.75,60,VIIRS,2026-09-05,2046
20.97332,86.00273,307.13,60,VIIRS,2026-09-05,2046
20.97165,86.01027,305.74,60,VIIRS,2026-09-05,2046
20.96543,86.01258,329.65,60,VIIRS,2026-09-05,2046
20.96087,86.00738,327.32,60,VIIRS,2026-09-05,2046
20.9525,86.045,320.13,60,VIIRS,2026-09-05,2046
20.95163,86.04891,315.49,60,VIIRS,2026-09-05,2046
20.98341,85.13425,304.37,60,VIIRS,2026-09-05,2046
20.97636,85.1673,307.05,60,VIIRS,2026-09-05,2046
20.97565,85.17059,311.04,60,VIIRS,2026-09-05,2046
20.97495,85.17385,310.9,60,VIIRS,2026-09-05,2046
20.96983,85.17253,335.81,60,VIIRS,2026-09-05,2046
20.97829,85.13296,306.72,60,VIIRS,2026-09-05,2046
21.33674,78.97054,306.77,60,VIIRS,2026-09-05,2046
20.97758,85.13626,310.46,60,VIIRS,2026-09-05,2046
20.96912,85.1758,318.77,60,VIIRS,2026-09-05,2046
20.96627,85.18915,309.58,60,VIIRS,2026-09-05,2046
20.96894,85.15144,339.81,60,VIIRS,2026-09-05,2046
20.96822,85.15479,307.93,60,VIIRS,2026-09-05,2046
20.96611,85.16463,307.29,60,VIIRS,2026-09-05,2046
20.9654,85.16793,305.85,60,VIIRS,2026-09-05,2046
20.9647,85.1712,303.06,60,VIIRS,2026-09-05,2046
22.05639,88.1225,304.22,60,VIIRS,2026-09-05,2046
22.05524,88.12738,308.96,60,VIIRS,2026-09-05,2046
22.20868,84.86357,304.19,60,VIIRS,2026-09-05,2046
21.96996,85.3136,301.33,60,VIIRS,2026-09-05,2046
19.10373,82.16882,307.37,60,VIIRS,2026-09-05,2049
20.90938,71.45822,311.03,60,VIIRS,2026-09-05,2049
21.10577,72.64375,331.2,60,VIIRS,2026-09-05,2049
21.11057,72.63561,313.66,60,VIIRS,2026-09-05,2049
20.65857,78.49527,304.78,60,VIIRS,2026-09-05,2049
12.62502,79.78784,308.38,60,VIIRS,2026-09-05,2049
13.41842,75.98045,306.9,60,VIIRS,2026-09-05,2049
13.16123,80.28672,323.74,60,VIIRS,2026-09-05,2049
13.16061,80.2888,315.1,60,VIIRS,2026-09-05,2049
13.16142,80.28448,309.21,60,VIIRS,2026-09-05,2049
13.89843,76.56497,313.55,60,VIIRS,2026-09-05,2049
19.09932,82.16781,317.65,60,VIIRS,2026-09-05,2049
21.1028,72.63883,305.88,60,VIIRS,2026-09-05,2049
13.71024,79.61983,308.48,60,VIIRS,2026-09-05,2049
14.15012,77.59451,305.37,60,VIIRS,2026-09-05,2049
14.15089,77.59003,320.11,60,VIIRS,2026-09-05,2049
18.72045,79.53607,307.44,60,VIIRS,2026-09-05,2049
18.71578,79.54022,308.94,60,VIIRS,2026-09-05,2049
17.6949,83.24507,309.35,60,VIIRS,2026-09-05,2049
17.60913,83.20568,317.89,60,VIIRS,2026-09-05,2049
11.6361,77.65678,327.2,60,VIIRS,2026-09-05,2049
21.10341,72.63448,327.06,60,VIIRS,2026-09-05,2049
21.10517,72.6481,316.64,60,VIIRS,2026-09-05,2049
